Feature,Type,Univariate_Score,Perm_DeltaR2,Perm_DeltaMAE,Perm_DeltaAcc,Combined_Score,Stability_Freq,Selected,Rank
MRT,numeric,0.19961525576076694,0.0435484681334725,0.03362389491241148,0.04972875584065891,1.0,1.0,True,1
RH,numeric,0.005344435399548221,0.014219285477086535,0.006901581044890766,0.018888096935138994,1.0,1.0,True,2
Top,numeric,0.22641087588146216,0.18943831244245363,0.08841114280165721,0.0765977666904253,1.0,1.0,True,3
RATemp,numeric,0.2118439991855703,0.0643500815134742,0.04561635590150203,0.05483289775877089,1.0,1.0,False,4
Air Velo,numeric,0.018771042586310023,0.017063847100480346,0.009565275273841885,0.008713471133285819,1.0,1.0,False,5
