Feature,Type,Univariate_Score,Perm_DeltaR2,Perm_DeltaMAE,Perm_DeltaAcc,Combined_Score,Stability_Freq,Selected,Rank
MRT,numeric,0.19961525576076694,0.006152686045502979,0.023867262946585654,0.04975053456878119,1.0,1.0,True,1
RH,numeric,0.005344435399548221,0.0008553105604203858,0.005253077174175892,0.028710303318286216,1.0,1.0,True,2
Top,numeric,0.22641087588146216,0.14842381958374448,0.08482372490133154,0.07843113962144611,1.0,1.0,True,3
RATemp,numeric,0.2118439991855703,0.026139193356250662,0.040877023901964474,0.0668448562603944,1.0,1.0,False,4
Air Velo,numeric,0.018771042586310023,0.0,0.0004941495224138744,0.008366991367704125,1.0,1.0,False,5
