Feature,Type,Univariate_Score,Perm_DeltaR2,Perm_DeltaMAE,Perm_DeltaAcc,Combined_Score,Stability_Freq,Selected,Rank
MRT,numeric,0.19961525576076694,0.03658277193705241,0.02927717367808024,0.03706739526411657,1.0,1.0,True,1
RH,numeric,0.005344435399548221,0.005568293730417887,0.00389327605565389,0.017064623425991913,1.0,1.0,True,2
Top,numeric,0.22641087588146216,0.31932203769683837,0.1326567014058431,0.08787716797339036,1.0,1.0,True,3
RATemp,numeric,0.2118439991855703,0.04279489517211914,0.03827804724375407,0.06319988912647502,1.0,1.0,False,4
Air Velo,numeric,0.018771042586310023,0.010102585951487223,0.006962378819783529,0.01235051872970618,1.0,1.0,False,5
