Feature,Type,Univariate_Score,Perm_DeltaR2,Perm_DeltaMAE,Perm_DeltaAcc,Combined_Score,Stability_Freq,Selected,Rank
MRT,numeric,0.19961525576076694,0.011600804575583004,0.006968748881099796,0.011982260236002216,1.0,1.0,True,1
RH,numeric,0.005344435399548221,0.0,0.0,0.0,1.0,1.0,True,2
Top,numeric,0.22641087588146216,0.06972306752967612,0.029758015543994293,0.02107982893799002,1.0,1.0,True,3
RATemp,numeric,0.2118439991855703,0.07107163387632019,0.02961250710229906,0.00797893403025263,1.0,1.0,False,4
Air Velo,numeric,0.018771042586310023,0.0,0.0,0.0,1.0,1.0,False,5
