Feature,Type,Univariate_Score,Perm_DeltaR2,Perm_DeltaMAE,Perm_DeltaAcc,Combined_Score,Stability_Freq,Selected,Rank
Clothing,categorical,0.36107642774840565,0.014848502127121122,0.008559534601052254,0.009523809523809523,1.0,1.0,True,1
Season,categorical,0.0,1.4802973661668754e-17,3.700743415417188e-17,0.0,1.0,1.0,True,2
Activity,categorical,0.0,0.0,2.960594732333751e-17,0.0,1.0,1.0,True,3
MRT,numeric,0.041044797892478044,0.02499182328643803,0.01559053562746111,0.01738648947951273,1.0,1.0,False,4
RH,numeric,0.0027651772560393123,0.016119149682037915,0.015822164913703446,0.02222222222222221,1.0,1.0,False,5
Top,numeric,0.06833100609793122,0.07142188550094981,0.04180958400260994,0.031561461794019925,1.0,1.0,False,6
RATemp,numeric,0.018579672702628686,0.018205350485823293,0.01338963538804685,0.028386858619416748,1.0,1.0,False,7
Air Velo,numeric,0.017172946142886843,0.020128527519025413,0.00720513657893398,0.014101144333702464,1.0,1.0,False,8
