Feature,Type,Univariate_Score,Perm_DeltaR2,Perm_DeltaMAE,Perm_DeltaAcc,Combined_Score,Stability_Freq,Selected,Rank
Clothing,categorical,0.13212140341337114,0.005778725941975911,0.004316846529642741,0.006584013664524335,1.0,1.0,True,1
Season,categorical,0.024364923877041998,0.00842201312383016,0.003643667697906494,0.0006578947368421054,1.0,1.0,True,2
Activity,categorical,0.003723005400763959,0.0011987646420796713,0.001041702429453532,0.0019773029934572416,1.0,1.0,True,3
MRT,numeric,0.14295464481428105,0.022101497650146483,0.015535382429758706,0.008571449250188167,1.0,1.0,False,4
RH,numeric,0.0034558369527280227,0.006735610961914063,0.004934779802958171,0.008567106710671065,1.0,1.0,False,5
Top,numeric,0.2583906156626027,0.13139065504074096,0.08540486892064413,0.04876237623762377,1.0,1.0,False,6
RATemp,numeric,0.25737310816365094,0.07220437129338583,0.051479224363962815,0.024828469689074168,1.0,1.0,False,7
Air Velo,numeric,0.021045774083030204,0.0047930637995402025,0.00419238011042277,0.003953882230328295,1.0,1.0,False,8
