Feature,Type,Univariate_Score,Perm_DeltaR2,Perm_DeltaMAE,Perm_DeltaAcc,Combined_Score,Stability_Freq,Selected,Rank
Clothing,categorical,0.13212140341337114,0.016706538307794637,0.013710239052497025,0.015145330322505934,1.0,1.0,True,1
Season,categorical,0.024364923877041998,0.022394775524623323,0.014746443814668364,0.0070276764518557135,1.0,1.0,True,2
Activity,categorical,0.003723005400763959,0.003107953269478303,0.0038847363875763896,0.007680504892594528,1.0,1.0,True,3
MRT,numeric,0.14295464481428105,0.004249658785396767,0.002886336827068877,0.005279804296219097,1.0,1.0,False,4
RH,numeric,0.0034558369527280227,0.004202230556696337,0.006058962284191072,0.006362544149151756,1.0,1.0,False,5
Top,numeric,0.2583906156626027,0.08519341388004374,0.05751376572378729,0.036692287649817606,1.0,1.0,False,6
RATemp,numeric,0.25737310816365094,0.08348259356556872,0.05313562994297194,0.03272972034045509,1.0,1.0,False,7
Air Velo,numeric,0.021045774083030204,0.003257447799486838,0.0042485826584251225,0.006591251230386193,1.0,1.0,False,8
