Model,RMSE,MAE,R2,Accuracy,Residual_STD,MBE,Train_Accuracy,Avg_Num_Features
catboost,0.9113259653662518,0.7449761417744268,0.0649864805557177,0.3965669988925803,0.9021462709847998,-0.0017382247121233512,0.4728367560041768,8.0
extratrees,0.9590017600647748,0.7739714238468546,-0.043303571914947867,0.36832779623477296,0.9510597607327427,0.002372005528152385,0.6379881656804733,8.0
elasticnet,0.9459337224019828,0.8020084222876516,-0.005691039039841339,0.3446290143964562,0.9368417474237164,0.00013181491456490808,0.34435781413156974,8.0
xgboost,0.9317863285668482,0.7720367074012756,0.025452291965484618,0.37320044296788485,0.9220178944430024,-0.0085764055896307,0.4656387051862165,8.0
