Feature,Type,Univariate_Score,Perm_DeltaR2,Perm_DeltaMAE,Perm_DeltaAcc,Combined_Score,Stability_Freq,Selected,Rank
Clothing,categorical,0.36107642774840565,0.0007506613236425208,0.00034295143680656746,0.001587301587301589,1.0,1.0,True,1
Season,categorical,0.0,0.0,0.0,0.0,1.0,1.0,True,2
Activity,categorical,0.0,0.0,0.0,0.0,1.0,1.0,True,3
MRT,numeric,0.041044797892478044,0.04182874968854209,0.025870081990619832,0.031413805832410484,1.0,1.0,False,4
RH,numeric,0.0027651772560393123,0.015189689982820737,0.00618046162648281,0.02521225544481358,1.0,1.0,False,5
Top,numeric,0.06833100609793122,0.027314227657007934,0.016694553170029578,0.022111480251015142,1.0,1.0,False,6
RATemp,numeric,0.018579672702628686,0.021643591376777398,0.01408438076698583,0.034699150978220746,1.0,1.0,False,7
Air Velo,numeric,0.017172946142886843,0.006645710526351411,0.005517472647057827,0.023735695828719088,1.0,1.0,False,8
