Feature,Type,Univariate_Score,Perm_DeltaR2,Perm_DeltaMAE,Perm_DeltaAcc,Combined_Score,Stability_Freq,Selected,Rank
Clothing,categorical,0.13212140341337114,0.0033797122051150152,0.0018060540821797162,0.003730965201783343,1.0,1.0,True,1
Season,categorical,0.024364923877041998,0.01593529385730056,0.012343853174627998,0.009661426668982691,1.0,1.0,True,2
Activity,categorical,0.003723005400763959,0.0023110062580735816,0.0027156065166834774,0.0057097157084129505,1.0,1.0,True,3
MRT,numeric,0.14295464481428105,0.02898369036621635,0.019982507042524623,0.023064674888541487,1.0,1.0,False,4
RH,numeric,0.0034558369527280227,0.014776163271032908,0.01010060307675306,0.010541514677783567,1.0,1.0,False,5
Top,numeric,0.2583906156626027,0.09897940581094891,0.06951944581701394,0.04961351398297725,1.0,1.0,False,6
RATemp,numeric,0.25737310816365094,0.10839872068272774,0.07174528154426256,0.05205619246135139,1.0,1.0,False,7
Air Velo,numeric,0.021045774083030204,0.010179135818567235,0.008311109700125711,0.01317381738173817,1.0,1.0,False,8
