Feature,Type,Univariate_Score,Perm_DeltaR2,Perm_DeltaMAE,Perm_DeltaAcc,Combined_Score,Stability_Freq,Selected,Rank
Clothing,categorical,0.36107642774840565,0.005512301127115886,0.002418339252471924,0.004761904761904763,1.0,1.0,True,1
Season,categorical,0.0,0.0,0.0,0.0,1.0,1.0,True,2
Activity,categorical,0.0,0.0,0.0,0.0,1.0,1.0,True,3
MRT,numeric,0.041044797892478044,0.043719859917958584,0.024567246437072754,0.02698412698412699,1.0,1.0,False,4
RH,numeric,0.0027651772560393123,0.024004050095876056,0.007700324058532715,0.030011074197120718,1.0,1.0,False,5
Top,numeric,0.06833100609793122,0.021475696563720705,0.01441266139348348,0.01727574750830565,1.0,1.0,False,6
RATemp,numeric,0.018579672702628686,0.021417740980784097,0.013628685474395752,0.02222222222222222,1.0,1.0,False,7
Air Velo,numeric,0.017172946142886843,0.01602613925933838,0.009821069240570069,0.014248800295311925,1.0,1.0,False,8
