Feature,Type,Univariate_Score,Perm_DeltaR2,Perm_DeltaMAE,Perm_DeltaAcc,Combined_Score,Stability_Freq,Selected,Rank
Clothing,categorical,0.39075433617284083,0.0005913390593431507,0.001840010445233986,0.006392694063926936,1.0,1.0,True,1
Season,categorical,0.3423220618313034,0.2925607200894883,0.17292844050762798,0.07853881278538813,1.0,1.0,True,2
Activity,categorical,0.16546141439178608,0.002322034766302594,0.0018971358178084077,0.0009132420091324236,1.0,1.0,True,3
MRT,numeric,0.33427764517134434,0.03072910738331343,0.02450490223849828,0.01278538812785388,1.0,1.0,False,4
RH,numeric,0.325604547468956,0.0258930249409998,0.02073042760904348,0.00844748858447489,1.0,1.0,False,5
Top,numeric,0.34820425437285063,0.009200152820862003,0.01013019941076029,0.012100456621004566,1.0,1.0,False,6
RATemp,numeric,0.35396998660550694,0.005686509868886384,0.005145392921438978,0.005936073059360732,1.0,1.0,False,7
Air Velo,numeric,0.12181591040826834,0.024465191634302937,0.014331696322769311,0.006849315068493152,1.0,1.0,False,8
