Feature,Type,Univariate_Score,Perm_DeltaR2,Perm_DeltaMAE,Perm_DeltaAcc,Combined_Score,Stability_Freq,Selected,Rank
Clothing,categorical,0.39075433617284083,0.005320072174072266,0.006588236490885417,0.012557077625570779,1.0,1.0,True,1
Season,categorical,0.3423220618313034,0.0363831361134847,0.02600008249282837,0.02054794520547945,1.0,1.0,True,2
Activity,categorical,0.16546141439178608,0.00025708675384521483,7.946093877156576e-05,0.0018264840182648438,1.0,1.0,True,3
MRT,numeric,0.33427764517134434,0.2583706140518188,0.15654900471369426,0.07465753424657533,1.0,1.0,False,4
RH,numeric,0.325604547468956,0.04613131284713745,0.03360794385274251,0.02831050228310502,1.0,1.0,False,5
Top,numeric,0.34820425437285063,0.04445253213246664,0.03604412873586019,0.025799086757990863,1.0,1.0,False,6
RATemp,numeric,0.35396998660550694,0.070431649684906,0.04626522858937581,0.023515981735159817,1.0,1.0,False,7
Air Velo,numeric,0.12181591040826834,0.026628891626993813,0.014638423919677734,0.007990867579908672,1.0,1.0,False,8
