Feature,Type,Univariate_Score,Perm_DeltaR2,Perm_DeltaMAE,Perm_DeltaAcc,Combined_Score,Stability_Freq,Selected,Rank
Clothing,categorical,0.39075433617284083,0.0,0.0,0.0,1.0,1.0,True,1
Season,categorical,0.3423220618313034,0.013061633825291213,0.008784774337038155,0.0036529680365296837,1.0,1.0,True,2
Activity,categorical,0.16546141439178608,0.0,0.0,0.0,1.0,1.0,True,3
MRT,numeric,0.33427764517134434,0.07858615393330233,0.05111556957584571,0.017123287671232872,1.0,1.0,False,4
RH,numeric,0.325604547468956,0.04038429642140472,0.028731857483003824,0.005479452054794531,1.0,1.0,False,5
Top,numeric,0.34820425437285063,0.035589802280874897,0.025403809184786817,0.0043378995433790025,1.0,1.0,False,6
RATemp,numeric,0.35396998660550694,0.02375762360262535,0.016924354696916243,0.004337899543378998,1.0,1.0,False,7
Air Velo,numeric,0.12181591040826834,0.05758712777487805,0.03160497432649798,0.006164383561643838,1.0,1.0,False,8
