Feature,Type,Univariate_Score,Perm_DeltaR2,Perm_DeltaMAE,Perm_DeltaAcc,Combined_Score,Stability_Freq,Selected,Rank
Clothing,categorical,0.39075433617284083,0.008689823393508322,0.005957841245041026,0.007077625570776247,1.0,1.0,True,1
Season,categorical,0.3423220618313034,0.0636965103927575,0.044080081927321976,0.02214611872146117,1.0,1.0,True,2
Activity,categorical,0.16546141439178608,0.014500021881443998,0.007888191495735076,0.0038812785388127784,1.0,1.0,True,3
MRT,numeric,0.33427764517134434,0.08990560128741264,0.06115735115007872,0.0324200913242009,1.0,1.0,False,4
RH,numeric,0.325604547468956,0.07222516519489555,0.051189350435793,0.03515981735159815,1.0,1.0,False,5
Top,numeric,0.34820425437285063,0.09498917075268415,0.06604495709341393,0.03470319634703195,1.0,1.0,False,6
RATemp,numeric,0.35396998660550694,0.047401619189062466,0.03141418977625589,0.019634703196347015,1.0,1.0,False,7
Air Velo,numeric,0.12181591040826834,0.05708455318990666,0.036085486962024724,0.01232876712328766,1.0,1.0,False,8
