Feature,Type,Univariate_Score,Perm_DeltaR2,Perm_DeltaMAE,Perm_DeltaAcc,Combined_Score,Stability_Freq,Selected,Rank
MRT,numeric,0.19961525576076694,0.04125767548878988,0.030818879604339593,0.03342044824582243,1.0,1.0,True,1
RH,numeric,0.005344435399548221,0.00998374621073405,0.005916074911753336,0.017417042844697864,1.0,1.0,True,2
Top,numeric,0.22641087588146216,0.3230020085970561,0.12966007788976036,0.07553258889680843,1.0,1.0,True,3
RATemp,numeric,0.2118439991855703,0.0409854531288147,0.03791712522506714,0.06610635938861172,1.0,1.0,False,4
Air Velo,numeric,0.018771042586310023,0.00915215810139974,0.004962309201558431,0.010170666033103664,1.0,1.0,False,5
