Feature,Type,Univariate_Score,Perm_DeltaR2,Perm_DeltaMAE,Perm_DeltaAcc,Combined_Score,Stability_Freq,Selected,Rank
MRT,numeric,0.19961525576076694,0.006877635357316461,0.02906309944737944,0.054458699611942676,1.0,1.0,True,1
RH,numeric,0.005344435399548221,0.0,0.003277956366904163,0.018888096935138987,1.0,1.0,True,2
Top,numeric,0.22641087588146216,0.1420094863880933,0.07798194874623673,0.06392056703888493,1.0,1.0,True,3
RATemp,numeric,0.2118439991855703,0.018965541694293188,0.038006100100509276,0.07879939811515008,1.0,1.0,False,4
Air Velo,numeric,0.018771042586310023,0.0005645967292099652,0.0009382791781169814,0.011990179773501235,1.0,1.0,False,5
