Feature,Type,Univariate_Score,Perm_DeltaR2,Perm_DeltaMAE,Perm_DeltaAcc,Combined_Score,Stability_Freq,Selected,Rank
MRT,numeric,0.19961525576076694,0.014162028045350081,0.008231859779302016,0.019610754731923655,1.0,1.0,True,1
RH,numeric,0.005344435399548221,0.0,0.0,0.0,1.0,1.0,True,2
Top,numeric,0.22641087588146216,0.06401442661087711,0.026718797469851292,0.013457274095192836,1.0,1.0,True,3
RATemp,numeric,0.2118439991855703,0.06950549834660624,0.03079358994815019,0.017801140413399853,1.0,1.0,False,4
Air Velo,numeric,0.018771042586310023,0.0,0.0,0.0,1.0,1.0,False,5
