Feature,Type,Univariate_Score,Perm_DeltaR2,Perm_DeltaMAE,Perm_DeltaAcc,Combined_Score,Stability_Freq,Selected,Rank
MRT,numeric,0.19961525576076694,0.04124155729398411,0.032163188941516915,0.047554842797180655,1.0,1.0,True,1
RH,numeric,0.005344435399548221,0.014692446770109918,0.007019191387402116,0.021422348934822207,1.0,1.0,True,2
Top,numeric,0.22641087588146216,0.2012948544432903,0.08766806776765598,0.07696800506850401,1.0,1.0,True,3
RATemp,numeric,0.2118439991855703,0.07234024184927522,0.04929622199585339,0.0573552704522056,1.0,1.0,False,4
Air Velo,numeric,0.018771042586310023,0.012057371124135971,0.007150096175492034,0.005805020986774375,1.0,1.0,False,5
