Feature,Type,Univariate_Score,Perm_DeltaR2,Perm_DeltaMAE,Perm_DeltaAcc,Combined_Score,Stability_Freq,Selected,Rank
Clothing,categorical,0.13212140341337114,0.004636629422505696,0.00427397092183431,0.004608158184239471,1.0,1.0,True,1
Season,categorical,0.024364923877041998,0.00839279095331828,0.003657046953837077,0.0008793642522147057,1.0,1.0,True,2
Activity,categorical,0.003723005400763959,0.0010208646456400553,0.0010861754417419434,0.0017572809912570226,1.0,1.0,True,3
MRT,numeric,0.14295464481428105,0.025684213638305663,0.018131550153096518,0.009893028776561867,1.0,1.0,False,4
RH,numeric,0.0034558369527280227,0.006010091304779053,0.004264481862386068,0.009224277690926985,1.0,1.0,False,5
Top,numeric,0.2583906156626027,0.1392842968304952,0.08760679960250854,0.047457443112732325,1.0,1.0,False,6
RATemp,numeric,0.25737310816365094,0.08099546829859415,0.05572484334309896,0.027680794395228997,1.0,1.0,False,7
Air Velo,numeric,0.021045774083030204,0.007098102569580078,0.00672522783279419,0.007692808754559655,1.0,1.0,False,8
