Feature,Type,Univariate_Score,Perm_DeltaR2,Perm_DeltaMAE,Perm_DeltaAcc,Combined_Score,Stability_Freq,Selected,Rank
Clothing,categorical,0.36107642774840565,0.023215817170165475,0.0078637071794484,0.009523809523809516,1.0,1.0,True,1
Season,categorical,0.0,1.0362081563168128e-16,7.401486830834377e-18,0.0,1.0,1.0,True,2
Activity,categorical,0.0,1.258252761241844e-16,1.4802973661668754e-17,0.0,1.0,1.0,True,3
MRT,numeric,0.041044797892478044,0.02516906693185139,0.013992071058396446,0.020524178663713536,1.0,1.0,False,4
RH,numeric,0.0027651772560393123,0.012743017510670996,0.013628282726677968,0.014248800295311915,1.0,1.0,False,5
Top,numeric,0.06833100609793122,0.04997300081504736,0.03387839208878094,0.03957179771133258,1.0,1.0,False,6
RATemp,numeric,0.018579672702628686,0.013887381983819091,0.013505204938800594,0.02687338501291988,1.0,1.0,False,7
Air Velo,numeric,0.017172946142886843,0.03438857403312471,0.012334575045957651,0.017312661498708002,1.0,1.0,False,8
