Feature,Type,Univariate_Score,Perm_DeltaR2,Perm_DeltaMAE,Perm_DeltaAcc,Combined_Score,Stability_Freq,Selected,Rank
Clothing,categorical,0.13212140341337114,0.00314458285484281,0.0021203132706990517,0.005266776677667765,1.0,1.0,True,1
Season,categorical,0.024364923877041998,0.01846296692001789,0.01477277903520246,0.01185296161195067,1.0,1.0,True,2
Activity,categorical,0.003723005400763959,0.0034365331829031122,0.0029573675989549523,0.005718400787447172,1.0,1.0,True,3
MRT,numeric,0.14295464481428105,0.02772305983823971,0.019983552700600166,0.021961669851195645,1.0,1.0,False,4
RH,numeric,0.0034558369527280227,0.008737673801091332,0.007735318421230016,0.011635110879509003,1.0,1.0,False,5
Top,numeric,0.2583906156626027,0.10152754834146407,0.06926429144286579,0.05092930345666147,1.0,1.0,False,6
RATemp,numeric,0.25737310816365094,0.11095540614321919,0.07429882522161171,0.05007816571130798,1.0,1.0,False,7
Air Velo,numeric,0.021045774083030204,0.0112051353982444,0.008880727729805646,0.01559188813618204,1.0,1.0,False,8
