Feature,Type,Univariate_Score,Perm_DeltaR2,Perm_DeltaMAE,Perm_DeltaAcc,Combined_Score,Stability_Freq,Selected,Rank
Clothing,categorical,0.36107642774840565,0.0009972547166865761,0.0004252139767559745,0.003174603174603178,1.0,1.0,True,1
Season,categorical,0.0,0.0,0.0,0.0,1.0,1.0,True,2
Activity,categorical,0.0,0.0,0.0,0.0,1.0,1.0,True,3
MRT,numeric,0.041044797892478044,0.038604587520685005,0.02768644654291847,0.03148763381321522,1.0,1.0,False,4
RH,numeric,0.0027651772560393123,0.017666351945162743,0.009272201554356707,0.02535991140642304,1.0,1.0,False,5
Top,numeric,0.06833100609793122,0.03372612489494144,0.021185852878240836,0.026614987080103358,1.0,1.0,False,6
RATemp,numeric,0.018579672702628686,0.025894247257655496,0.017281923418606408,0.03776301218161683,1.0,1.0,False,7
Air Velo,numeric,0.017172946142886843,0.011723326081527588,0.005696813199063863,0.03156146179401993,1.0,1.0,False,8
