Feature,Type,Univariate_Score,Perm_DeltaR2,Perm_DeltaMAE,Perm_DeltaAcc,Combined_Score,Stability_Freq,Selected,Rank
Clothing,categorical,0.13212140341337114,0.024092140971947017,0.018718319828808554,0.020859388570435983,1.0,1.0,True,1
Season,categorical,0.024364923877041998,0.022151882220985537,0.014039512437629829,0.004172456719356144,1.0,1.0,True,2
Activity,categorical,0.003723005400763959,0.0033767693174559777,0.003847329653425823,0.005703201899137289,1.0,1.0,True,3
MRT,numeric,0.14295464481428105,0.002221061032607463,0.0016041892796864333,0.00879798506166406,1.0,1.0,False,4
RH,numeric,0.0034558369527280227,0.0007251741470703399,0.0028303861596396494,0.004392478721556367,1.0,1.0,False,5
Top,numeric,0.2583906156626027,0.08593097226613676,0.05707790960691221,0.039117595970123334,1.0,1.0,False,6
RATemp,numeric,0.25737310816365094,0.07680245407679306,0.05297979284089708,0.038223756586184925,1.0,1.0,False,7
Air Velo,numeric,0.021045774083030204,0.003656700030006192,0.0022976204599651252,0.006597041283075677,1.0,1.0,False,8
