Feature,Type,Univariate_Score,Perm_DeltaR2,Perm_DeltaMAE,Perm_DeltaAcc,Combined_Score,Stability_Freq,Selected,Rank
Clothing,categorical,0.36107642774840565,0.004053779443105062,0.002163600921630859,0.004761904761904763,1.0,1.0,True,1
Season,categorical,0.0,0.0,0.0,0.0,1.0,1.0,True,2
Activity,categorical,0.0,0.0,0.0,0.0,1.0,1.0,True,3
MRT,numeric,0.041044797892478044,0.043329648176829015,0.02371557156244914,0.03333333333333334,1.0,1.0,False,4
RH,numeric,0.0027651772560393123,0.01751899321873983,0.0062770843505859375,0.026910299003322265,1.0,1.0,False,5
Top,numeric,0.06833100609793122,0.020994524161020912,0.016701924800872802,0.018789221114802513,1.0,1.0,False,6
RATemp,numeric,0.018579672702628686,0.023849670092264814,0.0137187918027242,0.019047619047619053,1.0,1.0,False,7
Air Velo,numeric,0.017172946142886843,0.014476784070332847,0.011739905675252278,0.020634920634920638,1.0,1.0,False,8
