Feature,Type,Univariate_Score,Perm_DeltaR2,Perm_DeltaMAE,Perm_DeltaAcc,Combined_Score,Stability_Freq,Selected,Rank
Clothing,categorical,0.39075433617284083,0.0,0.0,0.0,1.0,1.0,True,1
Season,categorical,0.3423220618313034,0.01174077953342177,0.008276601759109891,0.00296803652968037,1.0,1.0,True,2
Activity,categorical,0.16546141439178608,0.0,0.0,0.0,1.0,1.0,True,3
MRT,numeric,0.33427764517134434,0.07763665668689526,0.05134196000983138,0.011643835616438355,1.0,1.0,False,4
RH,numeric,0.325604547468956,0.04139085029039571,0.02872790872694981,0.0063926940639269444,1.0,1.0,False,5
Top,numeric,0.34820425437285063,0.036710707203654616,0.025942164610338953,0.0031963470319634722,1.0,1.0,False,6
RATemp,numeric,0.35396998660550694,0.024819172346948276,0.017697700940925244,0.001141552511415526,1.0,1.0,False,7
Air Velo,numeric,0.12181591040826834,0.05775608399880218,0.03391210078619954,0.005022831050228312,1.0,1.0,False,8
