Feature,Type,Univariate_Score,Perm_DeltaR2,Perm_DeltaMAE,Perm_DeltaAcc,Combined_Score,Stability_Freq,Selected,Rank
Clothing,categorical,0.39075433617284083,0.008164870860927912,0.009376770722220689,0.013013698630136983,1.0,1.0,True,1
Season,categorical,0.3423220618313034,0.31590792352527547,0.18683585396147925,0.08652968036529679,1.0,1.0,True,2
Activity,categorical,0.16546141439178608,0.0044476904047283956,0.0030783085711671987,0.0018264840182648436,1.0,1.0,True,3
MRT,numeric,0.33427764517134434,0.028774373094324575,0.024328820389931533,0.015525114155251147,1.0,1.0,False,4
RH,numeric,0.325604547468956,0.01776442809865107,0.014821866205945122,0.0070776255707762584,1.0,1.0,False,5
Top,numeric,0.34820425437285063,0.008826833398739027,0.00921984547190385,0.011187214611872148,1.0,1.0,False,6
RATemp,numeric,0.35396998660550694,0.007292079482683895,0.006734587873408697,0.006849315068493152,1.0,1.0,False,7
Air Velo,numeric,0.12181591040826834,0.023240781903652225,0.013702163687494648,0.006621004566210046,1.0,1.0,False,8
