Feature,Type,Univariate_Score,Perm_DeltaR2,Perm_DeltaMAE,Perm_DeltaAcc,Combined_Score,Stability_Freq,Selected,Rank
Clothing,categorical,0.39075433617284083,0.0077085159141492944,0.005582528621148949,0.008904109589041078,1.0,1.0,True,1
Season,categorical,0.3423220618313034,0.057098926019487115,0.03830549953465315,0.02397260273972601,1.0,1.0,True,2
Activity,categorical,0.16546141439178608,0.013472102583710548,0.007529024573432281,0.0027397260273972564,1.0,1.0,True,3
MRT,numeric,0.33427764517134434,0.09085632641749962,0.0633945119586965,0.028538812785388105,1.0,1.0,False,4
RH,numeric,0.325604547468956,0.06684315652679798,0.04555327844509911,0.027853881278538793,1.0,1.0,False,5
Top,numeric,0.34820425437285063,0.09708177438036449,0.07033802684705646,0.0415525114155251,1.0,1.0,False,6
RATemp,numeric,0.35396998660550694,0.05263545865083723,0.034407307107206256,0.023515981735159806,1.0,1.0,False,7
Air Velo,numeric,0.12181591040826834,0.053264977596842254,0.031076769695214133,0.011643835616438345,1.0,1.0,False,8
