Feature,Type,Univariate_Score,Perm_DeltaR2,Perm_DeltaMAE,Perm_DeltaAcc,Combined_Score,Stability_Freq,Selected,Rank
MRT,numeric,0.19961525576076694,0.012987198052470778,0.007704637553617411,0.010897283598637833,1.0,1.0,True,1
RH,numeric,0.005344435399548221,0.0,0.0,0.0,1.0,1.0,True,2
Top,numeric,0.22641087588146216,0.07108237281229916,0.03062248301079772,0.01379187455452601,1.0,1.0,True,3
RATemp,numeric,0.2118439991855703,0.07461508769528737,0.03260677939226698,0.02034331195058208,1.0,1.0,False,4
Air Velo,numeric,0.018771042586310023,0.0,0.0,0.0,1.0,1.0,False,5
