Feature,Type,Univariate_Score,Perm_DeltaR2,Perm_DeltaMAE,Perm_DeltaAcc,Combined_Score,Stability_Freq,Selected,Rank
MRT,numeric,0.19961525576076694,0.006982544109213618,0.026194061536769914,0.05590797497426151,1.0,1.0,True,1
RH,numeric,0.005344435399548221,0.0,0.006722364820431419,0.026886829809139156,1.0,1.0,True,2
Top,numeric,0.22641087588146216,0.1511261736899014,0.08479588078112833,0.0766136057654233,1.0,1.0,True,3
RATemp,numeric,0.2118439991855703,0.029199869404246098,0.04390986513286955,0.07046210501306725,1.0,1.0,False,4
Air Velo,numeric,0.018771042586310023,0.0,0.0014630368702707175,0.010538924526807634,1.0,1.0,False,5
