Feature,Type,Univariate_Score,Perm_DeltaR2,Perm_DeltaMAE,Perm_DeltaAcc,Combined_Score,Stability_Freq,Selected,Rank
MRT,numeric,0.19961525576076694,0.04017858902613322,0.02928325732549032,0.034873683376890785,1.0,1.0,True,1
RH,numeric,0.005344435399548221,0.005806275208791097,0.0052683432896931965,0.01342559594519679,1.0,1.0,True,2
Top,numeric,0.22641087588146216,0.3314476211865743,0.13678457339604694,0.09261503128217312,1.0,1.0,True,3
RATemp,numeric,0.2118439991855703,0.04089312553405762,0.03837860027949015,0.06103785538924526,1.0,1.0,False,4
Air Velo,numeric,0.018771042586310023,0.010568745930989583,0.0059928417205810545,0.013419656292072538,1.0,1.0,False,5
