Feature,Type,Univariate_Score,Perm_DeltaR2,Perm_DeltaMAE,Perm_DeltaAcc,Combined_Score,Stability_Freq,Selected,Rank
MRT,numeric,0.19961525576076694,0.04644971246667421,0.037629029796086934,0.051176051318603,1.0,1.0,True,1
RH,numeric,0.005344435399548221,0.012473708869590953,0.005826412019396954,0.01924447612259445,1.0,1.0,True,2
Top,numeric,0.22641087588146216,0.1930875723347186,0.09101647114804044,0.08387384176764077,1.0,1.0,True,3
RATemp,numeric,0.2118439991855703,0.0723984009951447,0.047391979845608265,0.051920487843509944,1.0,1.0,False,4
Air Velo,numeric,0.018771042586310023,0.01372843473151287,0.007977207881447845,0.010527045220559122,1.0,1.0,False,5
