Feature,Type,Univariate_Score,Perm_DeltaR2,Perm_DeltaMAE,Perm_DeltaAcc,Combined_Score,Stability_Freq,Selected,Rank
Clothing,categorical,0.36107642774840565,0.018936856528342063,0.008300817760606094,0.015873015873015865,1.0,1.0,True,1
Season,categorical,0.0,4.4408920985006264e-17,4.440892098500626e-17,0.0,1.0,1.0,True,2
Activity,categorical,0.0,1.4802973661668754e-17,4.440892098500626e-17,0.0,1.0,1.0,True,3
MRT,numeric,0.041044797892478044,0.021432664898428943,0.013463148840634504,0.01421188630490956,1.0,1.0,False,4
RH,numeric,0.0027651772560393123,0.0271285638979638,0.013119592233111882,0.007899593946105569,1.0,1.0,False,5
Top,numeric,0.06833100609793122,0.054420323113587535,0.029493465873820585,0.0252860834256183,1.0,1.0,False,6
RATemp,numeric,0.018579672702628686,0.01269190186215113,0.012016964049080354,0.0252860834256183,1.0,1.0,False,7
Air Velo,numeric,0.017172946142886843,0.02153146917089916,0.00912755199525627,0.011000369139904018,1.0,1.0,False,8
