Feature,Type,Univariate_Score,Perm_DeltaR2,Perm_DeltaMAE,Perm_DeltaAcc,Combined_Score,Stability_Freq,Selected,Rank
Clothing,categorical,0.13212140341337114,0.003211864496084697,0.0020384164331258337,0.0041695616930114065,1.0,1.0,True,1
Season,categorical,0.024364923877041998,0.016723422051439167,0.013876914340291044,0.0072397371316078925,1.0,1.0,True,2
Activity,categorical,0.003723005400763959,0.003442625240803661,0.002988676932216006,0.00571478200451625,1.0,1.0,True,3
MRT,numeric,0.14295464481428105,0.027943172380849497,0.019890666822408015,0.022841034103410342,1.0,1.0,False,4
RH,numeric,0.0034558369527280227,0.012170128107362324,0.009163659573813286,0.011861646690984887,1.0,1.0,False,5
Top,numeric,0.2583906156626027,0.09901247133993873,0.06487906719220579,0.038644259162758376,1.0,1.0,False,6
RATemp,numeric,0.25737310816365094,0.10864477801787051,0.07744489125007906,0.05863369231660008,1.0,1.0,False,7
Air Velo,numeric,0.021045774083030204,0.009090328946553549,0.008059012896887315,0.014706733831277857,1.0,1.0,False,8
