Feature,Type,Univariate_Score,Perm_DeltaR2,Perm_DeltaMAE,Perm_DeltaAcc,Combined_Score,Stability_Freq,Selected,Rank
Clothing,categorical,0.36107642774840565,0.0011205644024861274,0.0007571109419888626,0.004761904761904764,1.0,1.0,True,1
Season,categorical,0.0,0.0,0.0,0.0,1.0,1.0,True,2
Activity,categorical,0.0,0.0,0.0,0.0,1.0,1.0,True,3
MRT,numeric,0.041044797892478044,0.03513391824672281,0.0203649821173748,0.03466223698781838,1.0,1.0,False,4
RH,numeric,0.0027651772560393123,0.013757472802565198,0.005599942959201298,0.012661498708010335,1.0,1.0,False,5
Top,numeric,0.06833100609793122,0.02140604959933121,0.016801635247416846,0.009413067552602444,1.0,1.0,False,6
RATemp,numeric,0.018579672702628686,0.01828860698533897,0.01344102944143159,0.025249169435215952,1.0,1.0,False,7
Air Velo,numeric,0.017172946142886843,0.02284731433790573,0.010302586820697016,0.03163528977482465,1.0,1.0,False,8
