Feature,Type,Univariate_Score,Perm_DeltaR2,Perm_DeltaMAE,Perm_DeltaAcc,Combined_Score,Stability_Freq,Selected,Rank
Clothing,categorical,0.13212140341337114,0.008463672796885173,0.006463940938313801,0.0043924787215563555,1.0,1.0,True,1
Season,categorical,0.024364923877041998,0.007722024122873943,0.00321648915608724,0.0004393202478142566,1.0,1.0,True,2
Activity,categorical,0.003723005400763959,0.0012478987375895182,0.001076666514078776,0.0010979387412425473,1.0,1.0,True,3
MRT,numeric,0.14295464481428105,0.019399285316467285,0.013236260414123536,0.007693532511145842,1.0,1.0,False,4
RH,numeric,0.0034558369527280227,0.004768538475036621,0.0038545966148376466,0.007688466215042553,1.0,1.0,False,5
Top,numeric,0.2583906156626027,0.14130966663360595,0.08812699715296428,0.04108693764113254,1.0,1.0,False,6
RATemp,numeric,0.25737310816365094,0.0851576844851176,0.05521343151728312,0.02724581668693185,1.0,1.0,False,7
Air Velo,numeric,0.021045774083030204,0.004817167917887369,0.004160853226979573,0.008352151004574138,1.0,1.0,False,8
