Feature,Type,Univariate_Score,Perm_DeltaR2,Perm_DeltaMAE,Perm_DeltaAcc,Combined_Score,Stability_Freq,Selected,Rank
Clothing,categorical,0.13212140341337114,0.01517031310512241,0.013244264862337846,0.019979300561635112,1.0,1.0,True,1
Season,categorical,0.024364923877041998,0.024497571399599676,0.015134171586140485,0.006146140929882467,1.0,1.0,True,2
Activity,categorical,0.003723005400763959,0.003766028988688822,0.004321071242855931,0.00723901337502172,1.0,1.0,True,3
MRT,numeric,0.14295464481428105,0.0016914669877614956,0.001765689388148073,0.006156273522089048,1.0,1.0,False,4
RH,numeric,0.0034558369527280227,0.0020222846959012664,0.005094432084599195,0.006149759712813385,1.0,1.0,False,5
Top,numeric,0.2583906156626027,0.08062960662750097,0.0527483558063916,0.0402046783625731,1.0,1.0,False,6
RATemp,numeric,0.25737310816365094,0.08207559340825071,0.053811728616918644,0.035577702507092815,1.0,1.0,False,7
Air Velo,numeric,0.021045774083030204,0.001878129984453921,0.0026988345809598746,0.003295263736900004,1.0,1.0,False,8
