Feature,Type,Univariate_Score,Perm_DeltaR2,Perm_DeltaMAE,Perm_DeltaAcc,Combined_Score,Stability_Freq,Selected,Rank
Clothing,categorical,0.36107642774840565,0.004026714960734049,0.0015670855840047202,0.0015503875968992276,1.0,1.0,True,1
Season,categorical,0.0,0.0,0.0,0.0,1.0,1.0,True,2
Activity,categorical,0.0,0.0,0.0,0.0,1.0,1.0,True,3
MRT,numeric,0.041044797892478044,0.052152224381764735,0.024444182713826496,0.026910299003322265,1.0,1.0,False,4
RH,numeric,0.0027651772560393123,0.018894771734873455,0.004991749922434489,0.023772609819121455,1.0,1.0,False,5
Top,numeric,0.06833100609793122,0.031330573558807376,0.018149971961975098,0.015725359911406427,1.0,1.0,False,6
RATemp,numeric,0.018579672702628686,0.015286032358805341,0.010305686791737875,0.02694721299372463,1.0,1.0,False,7
Air Velo,numeric,0.017172946142886843,0.017423200607299804,0.009535547097524006,0.014248800295311916,1.0,1.0,False,8
