Feature,Type,Univariate_Score,Perm_DeltaR2,Perm_DeltaMAE,Perm_DeltaAcc,Combined_Score,Stability_Freq,Selected,Rank
Clothing,categorical,0.39075433617284083,0.0024170200030008953,0.004291236400604248,0.0073059360730593605,1.0,1.0,True,1
Season,categorical,0.3423220618313034,0.03334993124008179,0.023596934477488198,0.02009132420091324,1.0,1.0,True,2
Activity,categorical,0.16546141439178608,0.0003500501314798991,0.00018918514251708984,0.002283105022831052,1.0,1.0,True,3
MRT,numeric,0.33427764517134434,0.24883092641830448,0.15369818607966107,0.07922374429223743,1.0,1.0,False,4
RH,numeric,0.325604547468956,0.05088103612263998,0.03591181834538778,0.02625570776255708,1.0,1.0,False,5
Top,numeric,0.34820425437285063,0.038960436979929604,0.03053784767786662,0.024200913242009132,1.0,1.0,False,6
RATemp,numeric,0.35396998660550694,0.07357237736384073,0.0483968178431193,0.020319634703196348,1.0,1.0,False,7
Air Velo,numeric,0.12181591040826834,0.02255545854568481,0.013662660121917724,0.011187214611872142,1.0,1.0,False,8
