Feature,Type,Univariate_Score,Perm_DeltaR2,Perm_DeltaMAE,Perm_DeltaAcc,Combined_Score,Stability_Freq,Selected,Rank
Clothing,categorical,0.39075433617284083,0.00933797523129849,0.006203602141127858,0.007077625570776247,1.0,1.0,True,1
Season,categorical,0.3423220618313034,0.05593228539547799,0.03838993715183549,0.021232876712328753,1.0,1.0,True,2
Activity,categorical,0.16546141439178608,0.010835382970975074,0.0065334921896456205,0.004109589041095889,1.0,1.0,True,3
MRT,numeric,0.33427764517134434,0.10190958415141564,0.07241366712028195,0.04132420091324199,1.0,1.0,False,4
RH,numeric,0.325604547468956,0.06651525033464074,0.04430799820980355,0.02876712328767121,1.0,1.0,False,5
Top,numeric,0.34820425437285063,0.09320860165101306,0.06810579879948059,0.03949771689497715,1.0,1.0,False,6
RATemp,numeric,0.35396998660550694,0.05071953920783825,0.03389185028102641,0.017808219178082178,1.0,1.0,False,7
Air Velo,numeric,0.12181591040826834,0.0530198620015516,0.03220601502371615,0.009817351598173511,1.0,1.0,False,8
