Feature,Type,Univariate_Score,Perm_DeltaR2,Perm_DeltaMAE,Perm_DeltaAcc,Combined_Score,Stability_Freq,Selected,Rank
Clothing,categorical,0.39075433617284083,0.0,0.0,0.0,1.0,1.0,True,1
Season,categorical,0.3423220618313034,0.01245785961957302,0.008335376264170063,0.004109589041095893,1.0,1.0,True,2
Activity,categorical,0.16546141439178608,0.0,0.0,0.0,1.0,1.0,True,3
MRT,numeric,0.33427764517134434,0.08016819658238598,0.051398387372489675,0.010958904109589045,1.0,1.0,False,4
RH,numeric,0.325604547468956,0.04161194087212163,0.02940629604792213,0.007990867579908674,1.0,1.0,False,5
Top,numeric,0.34820425437285063,0.036314575617761934,0.024851010357357955,0.0025114155251141574,1.0,1.0,False,6
RATemp,numeric,0.35396998660550694,0.02570163226495371,0.01822283269601523,0.004566210045662107,1.0,1.0,False,7
Air Velo,numeric,0.12181591040826834,0.05422230439596641,0.030566698005949113,0.0057077625570776305,1.0,1.0,False,8
