Feature,Type,Univariate_Score,Perm_DeltaR2,Perm_DeltaMAE,Perm_DeltaAcc,Combined_Score,Stability_Freq,Selected,Rank
Clothing,categorical,0.39075433617284083,0.0023805060464901677,0.00387470183553927,0.009360730593607303,1.0,1.0,True,1
Season,categorical,0.3423220618313034,0.30927975919695105,0.17988987435983966,0.07922374429223744,1.0,1.0,True,2
Activity,categorical,0.16546141439178608,0.0020669303484040467,0.002189597103648707,0.0013698630136986284,1.0,1.0,True,3
MRT,numeric,0.33427764517134434,0.02673073984351455,0.02377831180183442,0.018493150684931507,1.0,1.0,False,4
RH,numeric,0.325604547468956,0.01829980514892038,0.014249458399984528,0.0070776255707762584,1.0,1.0,False,5
Top,numeric,0.34820425437285063,0.012483933159786147,0.012615935569557956,0.011872146118721458,1.0,1.0,False,6
RATemp,numeric,0.35396998660550694,0.006455250239692548,0.008538113022877459,0.007990867579908679,1.0,1.0,False,7
Air Velo,numeric,0.12181591040826834,0.027693410541209718,0.01562320029415556,0.010730593607305935,1.0,1.0,False,8
