Feature,Type,Univariate_Score,Perm_DeltaR2,Perm_DeltaMAE,Perm_DeltaAcc,Combined_Score,Stability_Freq,Selected,Rank
MRT,numeric,0.19961525576076694,0.03839292526245118,0.02903056939442953,0.033776827433277895,1.0,1.0,True,1
RH,numeric,0.005344435399548221,0.008917204538981118,0.006330422560373942,0.019606794963174145,1.0,1.0,True,2
Top,numeric,0.22641087588146216,0.32097478707631427,0.13545012871424356,0.08532311712995962,1.0,1.0,True,3
RATemp,numeric,0.2118439991855703,0.04793859720230102,0.039740125338236496,0.06535400332620575,1.0,1.0,False,4
Air Velo,numeric,0.018771042586310023,0.009067837397257486,0.005986622969309489,0.007610675536548666,1.0,1.0,False,5
