Feature,Type,Univariate_Score,Perm_DeltaR2,Perm_DeltaMAE,Perm_DeltaAcc,Combined_Score,Stability_Freq,Selected,Rank
MRT,numeric,0.19961525576076694,0.012468819722207116,0.007663324939065882,0.015249069454343863,1.0,1.0,True,1
RH,numeric,0.005344435399548221,0.0,0.0,0.0,1.0,1.0,True,2
Top,numeric,0.22641087588146216,0.0684434177846843,0.0311158988204722,0.02580977270927377,1.0,1.0,True,3
RATemp,numeric,0.2118439991855703,0.07570627048351584,0.032909487637436646,0.017086402154114194,1.0,1.0,False,4
Air Velo,numeric,0.018771042586310023,0.0,0.0,0.0,1.0,1.0,False,5
