Feature,Type,Univariate_Score,Perm_DeltaR2,Perm_DeltaMAE,Perm_DeltaAcc,Combined_Score,Stability_Freq,Selected,Rank
MRT,numeric,0.19961525576076694,0.004073326938835145,0.026927095803838806,0.05267284390591589,1.0,1.0,True,1
RH,numeric,0.005344435399548221,0.0,0.004797719181565559,0.02252118476280985,1.0,1.0,True,2
Top,numeric,0.22641087588146216,0.14710756336666272,0.08466620667827451,0.07116298408172964,1.0,1.0,True,3
RATemp,numeric,0.2118439991855703,0.03005425839631276,0.04591056310193694,0.07192127979725985,1.0,1.0,False,4
Air Velo,numeric,0.018771042586310023,0.0,0.0004445026495103181,0.009446028351944247,1.0,1.0,False,5
