Feature,Type,Univariate_Score,Perm_DeltaR2,Perm_DeltaMAE,Perm_DeltaAcc,Combined_Score,Stability_Freq,Selected,Rank
MRT,numeric,0.19961525576076694,0.043299934007333715,0.03451956384539874,0.04791518175338561,1.0,1.0,True,1
RH,numeric,0.005344435399548221,0.01339851686656433,0.0059327014935062206,0.018886117050764234,1.0,1.0,True,2
Top,numeric,0.22641087588146216,0.19576351049693158,0.08557772200514809,0.07118080304110241,1.0,1.0,True,3
RATemp,numeric,0.2118439991855703,0.06039468020774752,0.04321344526292487,0.05011681317811041,1.0,1.0,False,4
Air Velo,numeric,0.018771042586310023,0.01809988170473726,0.009835353707790134,0.010885404292389322,1.0,1.0,False,5
