Feature,Type,Univariate_Score,Perm_DeltaR2,Perm_DeltaMAE,Perm_DeltaAcc,Combined_Score,Stability_Freq,Selected,Rank
Clothing,categorical,0.36107642774840565,0.0008372091293280834,0.0006531238416957278,0.003100775193798448,1.0,1.0,True,1
Season,categorical,0.0,0.0,0.0,0.0,1.0,1.0,True,2
Activity,categorical,0.0,0.0,0.0,0.0,1.0,1.0,True,3
MRT,numeric,0.041044797892478044,0.03904947866577939,0.02647981031115242,0.029974160206718354,1.0,1.0,False,4
RH,numeric,0.0027651772560393123,0.025468614635869254,0.014310770755279334,0.01904761904761905,1.0,1.0,False,5
Top,numeric,0.06833100609793122,0.0258433166238883,0.01619567535404904,0.015799187892211162,1.0,1.0,False,6
RATemp,numeric,0.018579672702628686,0.022004763336692497,0.015328237610065003,0.033148763381321514,1.0,1.0,False,7
Air Velo,numeric,0.017172946142886843,0.01500370175267817,0.00859836055468038,0.03639719453672942,1.0,1.0,False,8
