Feature,Type,Univariate_Score,Perm_DeltaR2,Perm_DeltaMAE,Perm_DeltaAcc,Combined_Score,Stability_Freq,Selected,Rank
Clothing,categorical,0.36107642774840565,0.007468341113326074,0.004909300071611263,0.009523809523809518,1.0,1.0,True,1
Season,categorical,0.0,8.141635513917815e-17,1.4802973661668754e-17,0.0,1.0,1.0,True,2
Activity,categorical,0.0,7.401486830834377e-17,0.0,0.0,1.0,1.0,True,3
MRT,numeric,0.041044797892478044,0.022913787018220576,0.011972669268555159,0.017423403469915083,1.0,1.0,False,4
RH,numeric,0.0027651772560393123,0.021015108346319193,0.010912888286268152,0.009486895533407154,1.0,1.0,False,5
Top,numeric,0.06833100609793122,0.0639422517438164,0.031170793106960398,0.02052417866371354,1.0,1.0,False,6
RATemp,numeric,0.018579672702628686,0.018400357697719433,0.010351705012819191,0.01269841269841269,1.0,1.0,False,7
Air Velo,numeric,0.017172946142886843,0.03607010295329507,0.01583593915168647,0.029900332225913605,1.0,1.0,False,8
