Feature,Type,Univariate_Score,Perm_DeltaR2,Perm_DeltaMAE,Perm_DeltaAcc,Combined_Score,Stability_Freq,Selected,Rank
Clothing,categorical,0.13212140341337114,0.004857027530670166,0.004649980862935384,0.00570609692548201,1.0,1.0,True,1
Season,categorical,0.024364923877041998,0.008388408025105794,0.003526397546132405,0.0010979387412425473,1.0,1.0,True,2
Activity,categorical,0.003723005400763959,0.0011374274889628091,0.001046439011891683,0.0006578947368421054,1.0,1.0,True,3
MRT,numeric,0.14295464481428105,0.021900971730550133,0.015738733609517414,0.009667216721672168,1.0,1.0,False,4
RH,numeric,0.0034558369527280227,0.004903737703959148,0.004008217652638753,0.008127062706270624,1.0,1.0,False,5
Top,numeric,0.2583906156626027,0.13841864267985024,0.08631807963053387,0.04613079729025535,1.0,1.0,False,6
RATemp,numeric,0.25737310816365094,0.08345210949579875,0.05617895523707071,0.03098257194140467,1.0,1.0,False,7
Air Velo,numeric,0.021045774083030204,0.00527413288752238,0.0037930051485697428,0.0070327427479589975,1.0,1.0,False,8
