Feature,Type,Univariate_Score,Perm_DeltaR2,Perm_DeltaMAE,Perm_DeltaAcc,Combined_Score,Stability_Freq,Selected,Rank
Clothing,categorical,0.36107642774840565,0.004850141207377116,0.0026654243469238286,0.004761904761904761,1.0,1.0,True,1
Season,categorical,0.0,0.0,0.0,0.0,1.0,1.0,True,2
Activity,categorical,0.0,0.0,0.0,0.0,1.0,1.0,True,3
MRT,numeric,0.041044797892478044,0.04451819658279419,0.028971171379089354,0.0380952380952381,1.0,1.0,False,4
RH,numeric,0.0027651772560393123,0.021748904387156168,0.008417757352193198,0.020634920634920638,1.0,1.0,False,5
Top,numeric,0.06833100609793122,0.02233117421468099,0.016181747118631996,0.026651901070505725,1.0,1.0,False,6
RATemp,numeric,0.018579672702628686,0.02801740964253744,0.016373586654663087,0.025396825396825397,1.0,1.0,False,7
Air Velo,numeric,0.017172946142886843,0.017400193214416503,0.009459412097930909,0.009523809523809523,1.0,1.0,False,8
