Feature,Type,Univariate_Score,Perm_DeltaR2,Perm_DeltaMAE,Perm_DeltaAcc,Combined_Score,Stability_Freq,Selected,Rank
Clothing,categorical,0.13212140341337114,0.013771527393188241,0.010045893053549386,0.013172369868565806,1.0,1.0,True,1
Season,categorical,0.024364923877041998,0.024359663585037834,0.013791421855551763,0.005048202188639923,1.0,1.0,True,2
Activity,categorical,0.003723005400763959,0.0015277892768761497,0.0025071944364777115,0.006366886688668876,1.0,1.0,True,3
MRT,numeric,0.14295464481428105,0.004040670898136504,0.002188901961838674,0.007254936019917779,1.0,1.0,False,4
RH,numeric,0.0034558369527280227,0.0015494989942772468,0.00330713649919141,0.0030701754385964973,1.0,1.0,False,5
Top,numeric,0.2583906156626027,0.08037544306087492,0.053447178201460874,0.03779456893057727,1.0,1.0,False,6
RATemp,numeric,0.25737310816365094,0.07621567039634188,0.05289028206746933,0.03492994036245729,1.0,1.0,False,7
Air Velo,numeric,0.021045774083030204,0.004985300491551562,0.004246182273147392,0.003735307741300446,1.0,1.0,False,8
