Feature,Type,Univariate_Score,Perm_DeltaR2,Perm_DeltaMAE,Perm_DeltaAcc,Combined_Score,Stability_Freq,Selected,Rank
Clothing,categorical,0.13212140341337114,0.0036384023265655665,0.0023445319800995327,0.003953158473742113,1.0,1.0,True,1
Season,categorical,0.024364923877041998,0.01605368681044496,0.012390775843003247,0.008997018122864915,1.0,1.0,True,2
Activity,categorical,0.003723005400763959,0.0028438654890337034,0.0022041293559411424,0.005494036245729835,1.0,1.0,True,3
MRT,numeric,0.14295464481428105,0.027844284188888836,0.019153317955672024,0.024154652307335996,1.0,1.0,False,4
RH,numeric,0.0034558369527280227,0.011214027953714,0.008464950856463498,0.016023970818134444,1.0,1.0,False,5
Top,numeric,0.2583906156626027,0.10992441750276238,0.07447036612053093,0.04940796711250073,1.0,1.0,False,6
RATemp,numeric,0.25737310816365094,0.10741587717994414,0.07192670903262813,0.05140698280354352,1.0,1.0,False,7
Air Velo,numeric,0.021045774083030204,0.009147494317202817,0.009337233547184683,0.014931098372995194,1.0,1.0,False,8
