Feature,Type,Univariate_Score,Perm_DeltaR2,Perm_DeltaMAE,Perm_DeltaAcc,Combined_Score,Stability_Freq,Selected,Rank
Clothing,categorical,0.39075433617284083,0.0031407529245495247,0.005688251793252446,0.011643835616438357,1.0,1.0,True,1
Season,categorical,0.3423220618313034,0.2910102679836275,0.17263066783199219,0.08333333333333333,1.0,1.0,True,2
Activity,categorical,0.16546141439178608,0.002420779093585305,0.001991327893577063,0.0013698630136986282,1.0,1.0,True,3
MRT,numeric,0.33427764517134434,0.02768101086134648,0.023566051541227394,0.011872146118721469,1.0,1.0,False,4
RH,numeric,0.325604547468956,0.01613864798080223,0.014631281687393272,0.008904109589041097,1.0,1.0,False,5
Top,numeric,0.34820425437285063,0.008102993741838952,0.007287183707202693,0.008904109589041096,1.0,1.0,False,6
RATemp,numeric,0.35396998660550694,0.004919324700293163,0.004432588120424656,0.0031963470319634688,1.0,1.0,False,7
Air Velo,numeric,0.12181591040826834,0.02588373209836049,0.01468405101103703,0.009132420091324204,1.0,1.0,False,8
