Feature,Type,Univariate_Score,Perm_DeltaR2,Perm_DeltaMAE,Perm_DeltaAcc,Combined_Score,Stability_Freq,Selected,Rank
Clothing,categorical,0.39075433617284083,0.0032019774119059242,0.0040579040845235195,0.010730593607305935,1.0,1.0,True,1
Season,categorical,0.3423220618313034,0.038086187839508054,0.02645076910654704,0.0184931506849315,1.0,1.0,True,2
Activity,categorical,0.16546141439178608,0.0005173166592915854,0.00026760498682657874,0.00296803652968037,1.0,1.0,True,3
MRT,numeric,0.33427764517134434,0.24704309701919555,0.15088160037994386,0.06894977168949773,1.0,1.0,False,4
RH,numeric,0.325604547468956,0.049001844724019375,0.035003109773000085,0.026940639269406392,1.0,1.0,False,5
Top,numeric,0.34820425437285063,0.04073290427525837,0.03220206101735433,0.021917808219178082,1.0,1.0,False,6
RATemp,numeric,0.35396998660550694,0.07342776457468668,0.046704868475596115,0.02579908675799087,1.0,1.0,False,7
Air Velo,numeric,0.12181591040826834,0.026399155457814533,0.01390390396118164,0.0091324200913242,1.0,1.0,False,8
