Feature,Type,Univariate_Score,Perm_DeltaR2,Perm_DeltaMAE,Perm_DeltaAcc,Combined_Score,Stability_Freq,Selected,Rank
Clothing,categorical,0.39075433617284083,0.00966794169756391,0.008137241493308375,0.009589041095890401,1.0,1.0,True,1
Season,categorical,0.3423220618313034,0.06123537053903676,0.03885284039291142,0.016666666666666656,1.0,1.0,True,2
Activity,categorical,0.16546141439178608,0.01117707588505316,0.006864448631919781,0.004794520547945202,1.0,1.0,True,3
MRT,numeric,0.33427764517134434,0.09072995412411727,0.06357211197987202,0.0321917808219178,1.0,1.0,False,4
RH,numeric,0.325604547468956,0.07131645362376034,0.04900475203696221,0.03150684931506847,1.0,1.0,False,5
Top,numeric,0.34820425437285063,0.0882077232588236,0.06516719503309398,0.030365296803652957,1.0,1.0,False,6
RATemp,numeric,0.35396998660550694,0.05323883026545356,0.03706526160591821,0.027397260273972584,1.0,1.0,False,7
Air Velo,numeric,0.12181591040826834,0.058766963344937494,0.034812363953876824,0.012785388127853875,1.0,1.0,False,8
