Feature,Type,Univariate_Score,Perm_DeltaR2,Perm_DeltaMAE,Perm_DeltaAcc,Combined_Score,Stability_Freq,Selected,Rank
Clothing,categorical,0.39075433617284083,0.0,0.0,0.0,1.0,1.0,True,1
Season,categorical,0.3423220618313034,0.013099569137595343,0.008611417265063618,0.0036529680365296876,1.0,1.0,True,2
Activity,categorical,0.16546141439178608,0.0,0.0,0.0,1.0,1.0,True,3
MRT,numeric,0.33427764517134434,0.08049579103803181,0.05288329984143718,0.01621004566210045,1.0,1.0,False,4
RH,numeric,0.325604547468956,0.040740462792821695,0.028702909163068863,0.0066210045662100465,1.0,1.0,False,5
Top,numeric,0.34820425437285063,0.035384236972922714,0.024514735965624056,0.004109589041095896,1.0,1.0,False,6
RATemp,numeric,0.35396998660550694,0.025597716447162806,0.01836129382061296,0.0038812785388127866,1.0,1.0,False,7
Air Velo,numeric,0.12181591040826834,0.05729563800115438,0.0314396834565022,0.004337899543378995,1.0,1.0,False,8
