Feature,Type,Univariate_Score,Perm_DeltaR2,Perm_DeltaMAE,Perm_DeltaAcc,Combined_Score,Stability_Freq,Selected,Rank
MRT,numeric,0.19961525576076694,0.04923429787917307,0.03746420464371768,0.04862794012829651,1.0,1.0,True,1
RH,numeric,0.005344435399548221,0.012744226889012947,0.007144270462883758,0.020699691138037542,1.0,1.0,True,2
Top,numeric,0.22641087588146216,0.18376580027211614,0.08631820696368595,0.08496277817375465,1.0,1.0,True,3
RATemp,numeric,0.2118439991855703,0.06716262731852703,0.04525723223454221,0.05699493149600064,1.0,1.0,False,4
Air Velo,numeric,0.018771042586310023,0.01434685902567277,0.008605200353426394,0.0072523164647184555,1.0,1.0,False,5
