Feature,Type,Univariate_Score,Perm_DeltaR2,Perm_DeltaMAE,Perm_DeltaAcc,Combined_Score,Stability_Freq,Selected,Rank
MRT,numeric,0.19961525576076694,0.006344386940019894,0.02555874765102064,0.05195414587788074,1.0,1.0,True,1
RH,numeric,0.005344435399548221,0.0,0.005162328011450985,0.02360616140017423,1.0,1.0,True,2
Top,numeric,0.22641087588146216,0.15063677290648184,0.08546699454989044,0.07368139700641482,1.0,1.0,True,3
RATemp,numeric,0.2118439991855703,0.019596692015305242,0.03901826788313909,0.0693632691850796,1.0,1.0,False,4
Air Velo,numeric,0.018771042586310023,0.0,0.0024967335303503224,0.0058149204086481426,1.0,1.0,False,5
