Feature,Type,Univariate_Score,Perm_DeltaR2,Perm_DeltaMAE,Perm_DeltaAcc,Combined_Score,Stability_Freq,Selected,Rank
MRT,numeric,0.19961525576076694,0.04714085261027018,0.03243293364842732,0.03307198859586599,1.0,1.0,True,1
RH,numeric,0.005344435399548221,0.005845876534779866,0.004143015543619792,0.013805733745149273,1.0,1.0,True,2
Top,numeric,0.22641087588146216,0.31540559927622475,0.1313090165456136,0.08896610437950424,1.0,1.0,True,3
RATemp,numeric,0.2118439991855703,0.0399879813194275,0.038656898339589435,0.06718935614160132,1.0,1.0,False,4
Air Velo,numeric,0.018771042586310023,0.012227725982666016,0.007100315888722737,0.013057337451492831,1.0,1.0,False,5
