Feature,Type,Univariate_Score,Perm_DeltaR2,Perm_DeltaMAE,Perm_DeltaAcc,Combined_Score,Stability_Freq,Selected,Rank
MRT,numeric,0.19961525576076694,0.015321049750040266,0.008509330250801805,0.013439455135820061,1.0,1.0,True,1
RH,numeric,0.005344435399548221,0.0,0.0,0.0,1.0,1.0,True,2
Top,numeric,0.22641087588146216,0.07140660745124647,0.0314815851179815,0.01596974736675378,1.0,1.0,True,3
RATemp,numeric,0.2118439991855703,0.07348558824562484,0.03305619827161441,0.023237902906470258,1.0,1.0,False,4
Air Velo,numeric,0.018771042586310023,0.0,0.0,0.0,1.0,1.0,False,5
