RMSE,MAE,R2,Accuracy,Residual_STD,MBE
0.9146319619438364,0.7450842903650822,0.07721440530212798,0.39622641509433965,0.9146310730935551,-0.0012751239011573202
