Feature,Type,Univariate_Score,Perm_DeltaR2,Perm_DeltaMAE,Perm_DeltaAcc,Combined_Score,Stability_Freq,Selected,Rank
Clothing,categorical,0.13212140341337114,0.003391454096765718,0.0021320669173931976,0.0037302414451971543,1.0,1.0,True,1
Season,categorical,0.024364923877041998,0.015680757824619005,0.011865781367758,0.006363267905737935,1.0,1.0,True,2
Activity,categorical,0.003723005400763959,0.0031162013907882163,0.002619588888055898,0.004173180475942333,1.0,1.0,True,3
MRT,numeric,0.14295464481428105,0.028592125087101683,0.018136540692898554,0.01801357767355683,1.0,1.0,False,4
RH,numeric,0.0034558369527280227,0.012664417646074382,0.010121659721098974,0.01185368536853686,1.0,1.0,False,5
Top,numeric,0.2583906156626027,0.09804457150671127,0.06739394489520115,0.045228272827282735,1.0,1.0,False,6
RATemp,numeric,0.25737310816365094,0.11496467302702831,0.0771164843181853,0.05205329743500666,1.0,1.0,False,7
Air Velo,numeric,0.021045774083030204,0.008049118299544784,0.006311449530157891,0.015154015401540159,1.0,1.0,False,8
