Feature,Type,Univariate_Score,Perm_DeltaR2,Perm_DeltaMAE,Perm_DeltaAcc,Combined_Score,Stability_Freq,Selected,Rank
Clothing,categorical,0.13212140341337114,0.013383789534710585,0.013415484271043759,0.016685484337907473,1.0,1.0,True,1
Season,categorical,0.024364923877041998,0.020911336296283018,0.012950729538975341,0.006149759712813385,1.0,1.0,True,2
Activity,categorical,0.003723005400763959,0.002055206583534056,0.002800557001796104,0.009439233397023917,1.0,1.0,True,3
MRT,numeric,0.14295464481428105,0.006030832512511604,0.0037557280146950887,0.007038532800648478,1.0,1.0,False,4
RH,numeric,0.0034558369527280227,0.0016266485993792657,0.003244634658819293,0.005051820971570845,1.0,1.0,False,5
Top,numeric,0.2583906156626027,0.08987176971330815,0.06006148957435999,0.0437163453187424,1.0,1.0,False,6
RATemp,numeric,0.25737310816365094,0.07796194365763785,0.05404976097692828,0.041297550807712344,1.0,1.0,False,7
Air Velo,numeric,0.021045774083030204,0.0006392914796825208,0.0014246544669184696,0.006150483469399567,1.0,1.0,False,8
