Feature,Type,Univariate_Score,Perm_DeltaR2,Perm_DeltaMAE,Perm_DeltaAcc,Combined_Score,Stability_Freq,Selected,Rank
Clothing,categorical,0.36107642774840565,0.00579078992207845,0.001982426643371582,0.0031746031746031746,1.0,1.0,True,1
Season,categorical,0.0,0.0,0.0,0.0,1.0,1.0,True,2
Activity,categorical,0.0,0.0,0.0,0.0,1.0,1.0,True,3
MRT,numeric,0.041044797892478044,0.03975022236506145,0.027019230524698894,0.028534514581026217,1.0,1.0,False,4
RH,numeric,0.0027651772560393123,0.019030984242757162,0.006833104292551675,0.009486895533407166,1.0,1.0,False,5
Top,numeric,0.06833100609793122,0.02338999112447103,0.016337676843007402,0.025212255444813585,1.0,1.0,False,6
RATemp,numeric,0.018579672702628686,0.013940568765004477,0.010741754372914632,0.023809523809523815,1.0,1.0,False,7
Air Velo,numeric,0.017172946142886843,0.014157597223917642,0.008426594734191894,0.020598006644518278,1.0,1.0,False,8
