Feature,Type,Univariate_Score,Perm_DeltaR2,Perm_DeltaMAE,Perm_DeltaAcc,Combined_Score,Stability_Freq,Selected,Rank
Clothing,categorical,0.13212140341337114,0.005724537372589112,0.004272719224294026,0.004392478721556362,1.0,1.0,True,1
Season,categorical,0.024364923877041998,0.0073224147160847975,0.0034158388773600267,0.00044004400440044166,1.0,1.0,True,2
Activity,categorical,0.003723005400763959,0.0013159275054931642,0.0010836561520894366,0.0006586184934282904,1.0,1.0,True,3
MRT,numeric,0.14295464481428105,0.022913809617360434,0.01569633881251017,0.010763707949742332,1.0,1.0,False,4
RH,numeric,0.0034558369527280227,0.004673027992248535,0.0039557417233785,0.005490417462798916,1.0,1.0,False,5
Top,numeric,0.2583906156626027,0.1264764626820882,0.08078136046727499,0.042179810086271786,1.0,1.0,False,6
RATemp,numeric,0.25737310816365094,0.08977992534637451,0.05861914952596029,0.029669677494065193,1.0,1.0,False,7
Air Velo,numeric,0.021045774083030204,0.007336183389027913,0.005978834629058839,0.009882896184355276,1.0,1.0,False,8
