Feature,Type,Univariate_Score,Perm_DeltaR2,Perm_DeltaMAE,Perm_DeltaAcc,Combined_Score,Stability_Freq,Selected,Rank
Clothing,categorical,0.36107642774840565,0.0011659555141423877,0.0005684065479414653,0.0015503875968992276,1.0,1.0,True,1
Season,categorical,0.0,0.0,0.0,0.0,1.0,1.0,True,2
Activity,categorical,0.0,0.0,0.0,0.0,1.0,1.0,True,3
MRT,numeric,0.041044797892478044,0.03335987554026087,0.02692853136155284,0.04090070136581765,1.0,1.0,False,4
RH,numeric,0.0027651772560393123,0.0253631128524489,0.011486988998122009,0.022111480251015135,1.0,1.0,False,5
Top,numeric,0.06833100609793122,0.02471362458457303,0.017660816159932664,0.020339608711701738,1.0,1.0,False,6
RATemp,numeric,0.018579672702628686,0.018751623688135814,0.013727285352702272,0.03307493540051679,1.0,1.0,False,7
Air Velo,numeric,0.017172946142886843,0.011700663343948245,0.0068442514254030366,0.02672572905131045,1.0,1.0,False,8
