Feature,Type,Univariate_Score,Perm_DeltaR2,Perm_DeltaMAE,Perm_DeltaAcc,Combined_Score,Stability_Freq,Selected,Rank
Clothing,categorical,0.36107642774840565,0.011109059732291652,0.0036382557703678333,0.006349206349206346,1.0,1.0,True,1
Season,categorical,0.0,0.0,1.4802973661668754e-17,0.0,1.0,1.0,True,2
Activity,categorical,0.0,0.0,1.4802973661668754e-17,0.0,1.0,1.0,True,3
MRT,numeric,0.041044797892478044,0.029124564724548246,0.013966846058135186,0.023698781838316713,1.0,1.0,False,4
RH,numeric,0.0027651772560393123,0.020435589218497426,0.014660439657841612,0.014248800295311915,1.0,1.0,False,5
Top,numeric,0.06833100609793122,0.050439901670450135,0.03226740946052377,0.03156146179401993,1.0,1.0,False,6
RATemp,numeric,0.018579672702628686,0.02150340653899941,0.01779321092830859,0.030047988187523057,1.0,1.0,False,7
Air Velo,numeric,0.017172946142886843,0.03350491115934363,0.019501880116412473,0.026836471022517527,1.0,1.0,False,8
