Feature,Type,Univariate_Score,Perm_DeltaR2,Perm_DeltaMAE,Perm_DeltaAcc,Combined_Score,Stability_Freq,Selected,Rank
Clothing,categorical,0.39075433617284083,0.0,0.0,0.0,1.0,1.0,True,1
Season,categorical,0.3423220618313034,0.01169102064290485,0.008063546430933308,0.0034246575342465743,1.0,1.0,True,2
Activity,categorical,0.16546141439178608,0.0,0.0,0.0,1.0,1.0,True,3
MRT,numeric,0.33427764517134434,0.08323475275884726,0.05411031625515448,0.012557077625570772,1.0,1.0,False,4
RH,numeric,0.325604547468956,0.038378099304065015,0.026319041874888382,0.0068493150684931555,1.0,1.0,False,5
Top,numeric,0.34820425437285063,0.03467286230927717,0.02555509696556941,0.0045662100456621,1.0,1.0,False,6
RATemp,numeric,0.35396998660550694,0.025722208217137433,0.017627987747115433,0.0045662100456621045,1.0,1.0,False,7
Air Velo,numeric,0.12181591040826834,0.05485217092836173,0.03125755886992091,0.008219178082191782,1.0,1.0,False,8
