Feature,Type,Univariate_Score,Perm_DeltaR2,Perm_DeltaMAE,Perm_DeltaAcc,Combined_Score,Stability_Freq,Selected,Rank
Clothing,categorical,0.39075433617284083,0.005639386184874635,0.00853000281555482,0.014840182648401822,1.0,1.0,True,1
Season,categorical,0.3423220618313034,0.3244927317721619,0.19216095801672856,0.08493150684931505,1.0,1.0,True,2
Activity,categorical,0.16546141439178608,0.004233531035150976,0.0028860472904733334,0.0004566210045662118,1.0,1.0,True,3
MRT,numeric,0.33427764517134434,0.023870188219754406,0.020392095206408833,0.011643835616438359,1.0,1.0,False,4
RH,numeric,0.325604547468956,0.02489360660772899,0.019646325917061468,0.013470319634703198,1.0,1.0,False,5
Top,numeric,0.34820425437285063,0.010153242904123814,0.01081516138145587,0.011187214611872148,1.0,1.0,False,6
RATemp,numeric,0.35396998660550694,0.005992648706816246,0.006130802136634564,0.006392694063926943,1.0,1.0,False,7
Air Velo,numeric,0.12181591040826834,0.01861937569601465,0.011906536069008457,0.008447488584474886,1.0,1.0,False,8
