Feature,Type,Univariate_Score,Perm_DeltaR2,Perm_DeltaMAE,Perm_DeltaAcc,Combined_Score,Stability_Freq,Selected,Rank
Clothing,categorical,0.39075433617284083,0.009431142112712336,0.007018873300235383,0.005251141552511404,1.0,1.0,True,1
Season,categorical,0.3423220618313034,0.062417753511661546,0.03915892264171829,0.019863013698630125,1.0,1.0,True,2
Activity,categorical,0.16546141439178608,0.008655620470167835,0.00499094243642512,0.004109589041095888,1.0,1.0,True,3
MRT,numeric,0.33427764517134434,0.08768686071727802,0.06389616886372874,0.0374429223744292,1.0,1.0,False,4
RH,numeric,0.325604547468956,0.07357272294223088,0.05050600647851372,0.031735159817351574,1.0,1.0,False,5
Top,numeric,0.34820425437285063,0.08590452597238873,0.062148488809405024,0.03812785388127852,1.0,1.0,False,6
RATemp,numeric,0.35396998660550694,0.05666226991254225,0.03820660027679118,0.02922374429223743,1.0,1.0,False,7
Air Velo,numeric,0.12181591040826834,0.05702161962713244,0.03391095467878338,0.0141552511415525,1.0,1.0,False,8
