Feature,Type,Univariate_Score,Perm_DeltaR2,Perm_DeltaMAE,Perm_DeltaAcc,Combined_Score,Stability_Freq,Selected,Rank
Clothing,categorical,0.39075433617284083,0.0014635999997456867,0.0016845027605692543,0.007534246575342468,1.0,1.0,True,1
Season,categorical,0.3423220618313034,0.037487868467966715,0.025966231028238935,0.01872146118721461,1.0,1.0,True,2
Activity,categorical,0.16546141439178608,0.0005430181821187337,0.00027722915013631184,0.0025114155251141617,1.0,1.0,True,3
MRT,numeric,0.33427764517134434,0.26235749721527096,0.16038355827331544,0.07853881278538813,1.0,1.0,False,4
RH,numeric,0.325604547468956,0.05020000537236532,0.037996919949849446,0.028767123287671236,1.0,1.0,False,5
Top,numeric,0.34820425437285063,0.04178354342778524,0.032112554709116614,0.024657534246575345,1.0,1.0,False,6
RATemp,numeric,0.35396998660550694,0.06431148052215577,0.043401205539703364,0.02146118721461187,1.0,1.0,False,7
Air Velo,numeric,0.12181591040826834,0.022093303998311362,0.013490788141886392,0.008219178082191777,1.0,1.0,False,8
