Feature,Type,Univariate_Score,Perm_DeltaR2,Perm_DeltaMAE,Perm_DeltaAcc,Combined_Score,Stability_Freq,Selected,Rank
MRT,numeric,0.19961525576076694,0.040968640645345056,0.029501001040140785,0.035604260711174465,1.0,1.0,True,1
RH,numeric,0.005344435399548221,0.007751627763112385,0.0061797579129536945,0.014888730498138904,1.0,1.0,True,2
Top,numeric,0.22641087588146216,0.32449984550476074,0.12810707489649456,0.06976122594440484,1.0,1.0,True,3
RATemp,numeric,0.2118439991855703,0.04609033266703288,0.038090181350708005,0.05231052506533618,1.0,1.0,False,4
Air Velo,numeric,0.018771042586310023,0.012883679072062176,0.007143417994181315,0.009063910667617006,1.0,1.0,False,5
