Feature,Type,Univariate_Score,Perm_DeltaR2,Perm_DeltaMAE,Perm_DeltaAcc,Combined_Score,Stability_Freq,Selected,Rank
MRT,numeric,0.19961525576076694,0.048270332375190905,0.036719032902499955,0.04425437554446822,1.0,1.0,True,1
RH,numeric,0.005344435399548221,0.01397370623998322,0.00689292130880137,0.015603468757424568,1.0,1.0,True,2
Top,numeric,0.22641087588146216,0.18090251396236526,0.08637040064296082,0.07084422269739447,1.0,1.0,True,3
RATemp,numeric,0.2118439991855703,0.07043985885296991,0.04977979793872598,0.057763126633404605,1.0,1.0,False,4
Air Velo,numeric,0.018771042586310023,0.013024644230706987,0.00805959573844876,0.009436128930070484,1.0,1.0,False,5
