Feature,Type,Univariate_Score,Perm_DeltaR2,Perm_DeltaMAE,Perm_DeltaAcc,Combined_Score,Stability_Freq,Selected,Rank
MRT,numeric,0.19961525576076694,0.01233352209223763,0.007499889805265503,0.009434149045695736,1.0,1.0,True,1
RH,numeric,0.005344435399548221,0.0,0.0,0.0,1.0,1.0,True,2
Top,numeric,0.22641087588146216,0.07103698896203661,0.03009948463015289,0.01635582481983051,1.0,1.0,True,3
RATemp,numeric,0.2118439991855703,0.07120485435859154,0.031089088447587083,0.017791240991526094,1.0,1.0,False,4
Air Velo,numeric,0.018771042586310023,0.0,0.0,0.0,1.0,1.0,False,5
