Feature,Type,Univariate_Score,Perm_DeltaR2,Perm_DeltaMAE,Perm_DeltaAcc,Combined_Score,Stability_Freq,Selected,Rank
MRT,numeric,0.19961525576076694,0.008287401474993857,0.029383811210107157,0.046123386394234585,1.0,1.0,True,1
RH,numeric,0.005344435399548221,0.0,0.005559689987926774,0.030868377286766457,1.0,1.0,True,2
Top,numeric,0.22641087588146216,0.15868718165549964,0.0898412833031904,0.08711491248911063,1.0,1.0,True,3
RATemp,numeric,0.2118439991855703,0.03617368720267761,0.04895139136826777,0.08426189910509227,1.0,1.0,False,4
Air Velo,numeric,0.018771042586310023,0.0011417235818253454,0.0013749297421008278,0.012362398035954706,1.0,1.0,False,5
