Feature,Type,Univariate_Score,Perm_DeltaR2,Perm_DeltaMAE,Perm_DeltaAcc,Combined_Score,Stability_Freq,Selected,Rank
Clothing,categorical,0.36107642774840565,0.009412429572513582,0.0059912614533190155,0.01428571428571428,1.0,1.0,True,1
Season,categorical,0.0,9.621932880084689e-17,0.0,0.0,1.0,1.0,True,2
Activity,categorical,0.0,1.0362081563168127e-16,2.960594732333751e-17,0.0,1.0,1.0,True,3
MRT,numeric,0.041044797892478044,0.012057498251059676,0.010308292249934608,0.03156146179401992,1.0,1.0,False,4
RH,numeric,0.0027651772560393123,0.0077626658078026045,0.01012101511127006,0.009523809523809521,1.0,1.0,False,5
Top,numeric,0.06833100609793122,0.04786175282457271,0.035018366294748846,0.03791066814322627,1.0,1.0,False,6
RATemp,numeric,0.018579672702628686,0.019619604028461843,0.011980206221539665,0.019047619047619035,1.0,1.0,False,7
Air Velo,numeric,0.017172946142886843,0.030063439508365052,0.01108981911946608,0.012698412698412691,1.0,1.0,False,8
