Feature,Type,Univariate_Score,Perm_DeltaR2,Perm_DeltaMAE,Perm_DeltaAcc,Combined_Score,Stability_Freq,Selected,Rank
Clothing,categorical,0.13212140341337114,0.0031830133190524634,0.0018610315227086227,0.00329164495396909,1.0,1.0,True,1
Season,categorical,0.024364923877041998,0.017717641304508328,0.01409390407838548,0.009442852179954834,1.0,1.0,True,2
Activity,categorical,0.003723005400763959,0.003501180375244406,0.0029243979545269696,0.003736031497886634,1.0,1.0,True,3
MRT,numeric,0.14295464481428105,0.028262679596173103,0.019190172789804887,0.0197686873950553,1.0,1.0,False,4
RH,numeric,0.0034558369527280227,0.012616970380989004,0.009326803715195061,0.008563487927740143,1.0,1.0,False,5
Top,numeric,0.2583906156626027,0.10076453890211608,0.06445303456102389,0.037543425395171096,1.0,1.0,False,6
RATemp,numeric,0.25737310816365094,0.11555910459280327,0.0794035303021013,0.054888975739679234,1.0,1.0,False,7
Air Velo,numeric,0.021045774083030204,0.008148836734553955,0.006514242593205597,0.013180331191013844,1.0,1.0,False,8
