Feature,Type,Univariate_Score,Perm_DeltaR2,Perm_DeltaMAE,Perm_DeltaAcc,Combined_Score,Stability_Freq,Selected,Rank
Clothing,categorical,0.36107642774840565,0.0012325898798464983,0.00042071695768008217,0.0,1.0,1.0,True,1
Season,categorical,0.0,0.0,0.0,0.0,1.0,1.0,True,2
Activity,categorical,0.0,0.0,0.0,0.0,1.0,1.0,True,3
MRT,numeric,0.041044797892478044,0.02622275004258336,0.01891291562044576,0.023514211886304908,1.0,1.0,False,4
RH,numeric,0.0027651772560393123,0.02512981230232474,0.014045282259842857,0.036360280546327055,1.0,1.0,False,5
Top,numeric,0.06833100609793122,0.03187099681584072,0.019514873292921342,0.03156146179401994,1.0,1.0,False,6
RATemp,numeric,0.018579672702628686,0.017187459869147558,0.013535621823900024,0.029863418235511252,1.0,1.0,False,7
Air Velo,numeric,0.017172946142886843,0.011738091989083288,0.007191618947976072,0.04115909929863419,1.0,1.0,False,8
