Feature,Type,Univariate_Score,Perm_DeltaR2,Perm_DeltaMAE,Perm_DeltaAcc,Combined_Score,Stability_Freq,Selected,Rank
Clothing,categorical,0.13212140341337114,0.0068677624066670745,0.00558617909749349,0.005492588732557461,1.0,1.0,True,1
Season,categorical,0.024364923877041998,0.007001618544260661,0.0026557246843973794,0.0010964912280701732,1.0,1.0,True,2
Activity,categorical,0.003723005400763959,0.00099946657816569,0.00077208677927653,0.0008779167390423282,1.0,1.0,True,3
MRT,numeric,0.14295464481428105,0.024211148420969643,0.0168285608291626,0.009883619940941453,1.0,1.0,False,4
RH,numeric,0.0034558369527280227,0.0051698366800944015,0.003097236156463623,0.006371229228185971,1.0,1.0,False,5
Top,numeric,0.2583906156626027,0.13869425853093464,0.08609077135721843,0.03976535811475884,1.0,1.0,False,6
RATemp,numeric,0.25737310816365094,0.07387223243713378,0.05178360939025879,0.024386978171501355,1.0,1.0,False,7
Air Velo,numeric,0.021045774083030204,0.005852456887563069,0.005224970976511638,0.0079121070001737,1.0,1.0,False,8
