Feature,Type,Univariate_Score,Perm_DeltaR2,Perm_DeltaMAE,Perm_DeltaAcc,Combined_Score,Stability_Freq,Selected,Rank
Clothing,categorical,0.13212140341337114,0.01898870206215327,0.017185560668583906,0.019319958311620637,1.0,1.0,True,1
Season,categorical,0.024364923877041998,0.029048307172478454,0.016513553707332432,0.00351094319958312,1.0,1.0,True,2
Activity,categorical,0.003723005400763959,0.0027815896861810223,0.004083586794716239,0.007680504892594524,1.0,1.0,True,3
MRT,numeric,0.14295464481428105,0.00893023514507453,0.004257390574450293,0.006160616061606153,1.0,1.0,False,4
RH,numeric,0.0034558369527280227,0.002776858218447449,0.004520883500119795,0.002195153725898902,1.0,1.0,False,5
Top,numeric,0.2583906156626027,0.0762399128749759,0.050399271612495,0.03448338254878119,1.0,1.0,False,6
RATemp,numeric,0.25737310816365094,0.08374125119724747,0.05509207704415906,0.04130044583405709,1.0,1.0,False,7
Air Velo,numeric,0.021045774083030204,0.00433339212385832,0.0037790199528630053,0.00351818076544496,1.0,1.0,False,8
