Feature,Type,Univariate_Score,Perm_DeltaR2,Perm_DeltaMAE,Perm_DeltaAcc,Combined_Score,Stability_Freq,Selected,Rank
Clothing,categorical,0.36107642774840565,0.004840350151062012,0.002011326948801676,0.007936507936507938,1.0,1.0,True,1
Season,categorical,0.0,0.0,0.0,0.0,1.0,1.0,True,2
Activity,categorical,0.0,0.0,0.0,0.0,1.0,1.0,True,3
MRT,numeric,0.041044797892478044,0.0608347495396932,0.035043664773305255,0.0301218161683278,1.0,1.0,False,4
RH,numeric,0.0027651772560393123,0.013444360097249346,0.007533550262451172,0.028313030638612034,1.0,1.0,False,5
Top,numeric,0.06833100609793122,0.03066171805063883,0.02115838130315145,0.028128460686600232,1.0,1.0,False,6
RATemp,numeric,0.018579672702628686,0.0144709308942159,0.009490410486857098,0.011111111111111113,1.0,1.0,False,7
Air Velo,numeric,0.017172946142886843,0.01835031906763713,0.012706871827443438,0.020598006644518274,1.0,1.0,False,8
