Feature,Type,Univariate_Score,Perm_DeltaR2,Perm_DeltaMAE,Perm_DeltaAcc,Combined_Score,Stability_Freq,Selected,Rank
Clothing,categorical,0.39075433617284083,0.0016384545398949735,0.004448060681332958,0.010502283105022832,1.0,1.0,True,1
Season,categorical,0.3423220618313034,0.3024056208913219,0.18124652381282697,0.08698630136986302,1.0,1.0,True,2
Activity,categorical,0.16546141439178608,0.0034442752156724323,0.0019006050011714554,0.0011415525114155296,1.0,1.0,True,3
MRT,numeric,0.33427764517134434,0.030600054549975615,0.02351701413857586,0.013698630136986297,1.0,1.0,False,4
RH,numeric,0.325604547468956,0.016293459017132816,0.01630393903018299,0.010502283105022837,1.0,1.0,False,5
Top,numeric,0.34820425437285063,0.01086580599338324,0.011497502324417899,0.013013698630136994,1.0,1.0,False,6
RATemp,numeric,0.35396998660550694,0.0059876712019431904,0.005642036644264836,0.005251141552511414,1.0,1.0,False,7
Air Velo,numeric,0.12181591040826834,0.020421672239153345,0.012492725126454541,0.011187214611872148,1.0,1.0,False,8
