Feature,Type,Univariate_Score,Perm_DeltaR2,Perm_DeltaMAE,Perm_DeltaAcc,Combined_Score,Stability_Freq,Selected,Rank
Clothing,categorical,0.39075433617284083,0.010827636003478549,0.009013047572748078,0.006392694063926929,1.0,1.0,True,1
Season,categorical,0.3423220618313034,0.06356354790628685,0.04381841293254081,0.02374429223744291,1.0,1.0,True,2
Activity,categorical,0.16546141439178608,0.009215212468602975,0.004418952613652172,0.004109589041095885,1.0,1.0,True,3
MRT,numeric,0.33427764517134434,0.08537502376666162,0.05971185423701377,0.030593607305936067,1.0,1.0,False,4
RH,numeric,0.325604547468956,0.06945917486641259,0.050004846189063215,0.03675799086757989,1.0,1.0,False,5
Top,numeric,0.34820425437285063,0.0952714449843771,0.06899268102379799,0.033789954337899525,1.0,1.0,False,6
RATemp,numeric,0.35396998660550694,0.049712937056734643,0.03538420369240408,0.029680365296803644,1.0,1.0,False,7
Air Velo,numeric,0.12181591040826834,0.05634655266992568,0.03518244418209257,0.011643835616438345,1.0,1.0,False,8
