Feature,Type,Univariate_Score,Perm_DeltaR2,Perm_DeltaMAE,Perm_DeltaAcc,Combined_Score,Stability_Freq,Selected,Rank
Clothing,categorical,0.39075433617284083,0.0,0.0,0.0,1.0,1.0,True,1
Season,categorical,0.3423220618313034,0.01156548042006269,0.007728747220256361,0.0020547945205479498,1.0,1.0,True,2
Activity,categorical,0.16546141439178608,0.0,0.0,0.0,1.0,1.0,True,3
MRT,numeric,0.33427764517134434,0.08198850533105582,0.05198268853096266,0.012557077625570776,1.0,1.0,False,4
RH,numeric,0.325604547468956,0.04418445282853294,0.030660360198355684,0.011187214611872146,1.0,1.0,False,5
Top,numeric,0.34820425437285063,0.033882487164041616,0.02290469925751756,0.0034246575342465778,1.0,1.0,False,6
RATemp,numeric,0.35396998660550694,0.024952307304527306,0.017125767569504444,0.0029680365296803697,1.0,1.0,False,7
Air Velo,numeric,0.12181591040826834,0.05645708899036783,0.031451758212785084,0.0077625570776255716,1.0,1.0,False,8
