Feature,Type,Univariate_Score,Perm_DeltaR2,Perm_DeltaMAE,Perm_DeltaAcc,Combined_Score,Stability_Freq,Selected,Rank
Clothing,categorical,0.39075433617284083,0.002392152945200602,0.0030314882596333822,0.009817351598173514,1.0,1.0,True,1
Season,categorical,0.3423220618313034,0.03445364634195963,0.025393474102020263,0.022146118721461192,1.0,1.0,True,2
Activity,categorical,0.16546141439178608,0.000729513168334961,0.00032227039337158204,0.003652968036529684,1.0,1.0,True,3
MRT,numeric,0.33427764517134434,0.2440526286760966,0.14978836377461752,0.0735159817351598,1.0,1.0,False,4
RH,numeric,0.325604547468956,0.053598745663960765,0.039221278826395665,0.033333333333333326,1.0,1.0,False,5
Top,numeric,0.34820425437285063,0.04213647047678629,0.034798693656921384,0.029680365296803644,1.0,1.0,False,6
RATemp,numeric,0.35396998660550694,0.06710408926010134,0.04336363474527995,0.028082191780821907,1.0,1.0,False,7
Air Velo,numeric,0.12181591040826834,0.02342164913813273,0.013287369410196943,0.010273972602739722,1.0,1.0,False,8
