Feature,Type,Univariate_Score,Perm_DeltaR2,Perm_DeltaMAE,Perm_DeltaAcc,Combined_Score,Stability_Freq,Selected,Rank
MRT,numeric,0.19961525576076694,0.013684063178989753,0.008014084544929304,0.011245743248594276,1.0,1.0,True,1
RH,numeric,0.005344435399548221,0.0,0.0,0.0,1.0,1.0,True,2
Top,numeric,0.22641087588146216,0.07283515835560123,0.03247096897766805,0.021442147778569724,1.0,1.0,True,3
RATemp,numeric,0.2118439991855703,0.07175666491756576,0.030732983605422648,0.021426308703571706,1.0,1.0,False,4
Air Velo,numeric,0.018771042586310023,0.0,0.0,0.0,1.0,1.0,False,5
