Feature,Type,Univariate_Score,Perm_DeltaR2,Perm_DeltaMAE,Perm_DeltaAcc,Combined_Score,Stability_Freq,Selected,Rank
MRT,numeric,0.19961525576076694,0.010497346042704993,0.02637415906829437,0.054500277183812465,1.0,1.0,True,1
RH,numeric,0.005344435399548221,0.0005142905214095661,0.0038583438276572693,0.02796982656212877,1.0,1.0,True,2
Top,numeric,0.22641087588146216,0.12229304149607907,0.07845027959635993,0.07989427417438823,1.0,1.0,True,3
RATemp,numeric,0.2118439991855703,0.0364449542028937,0.04747449940454376,0.07628692484358914,1.0,1.0,False,4
Air Velo,numeric,0.018771042586310023,0.0,0.002195939509501077,0.009806367308149207,1.0,1.0,False,5
