Feature,Type,Univariate_Score,Perm_DeltaR2,Perm_DeltaMAE,Perm_DeltaAcc,Combined_Score,Stability_Freq,Selected,Rank
MRT,numeric,0.19961525576076694,0.040715392590842045,0.03222782850067312,0.04354557693830681,1.0,1.0,True,1
RH,numeric,0.005344435399548221,0.016713306068199346,0.008713966796806485,0.020687811831789027,1.0,1.0,True,2
Top,numeric,0.22641087588146216,0.18642028293166513,0.08677425225033317,0.07733428367783322,1.0,1.0,True,3
RATemp,numeric,0.2118439991855703,0.06263831562401692,0.04726825485873982,0.06498178506375228,1.0,1.0,False,4
Air Velo,numeric,0.018771042586310023,0.009931926849846414,0.006494309015483919,0.01124970301734379,1.0,1.0,False,5
