Feature,Type,Univariate_Score,Perm_DeltaR2,Perm_DeltaMAE,Perm_DeltaAcc,Combined_Score,Stability_Freq,Selected,Rank
MRT,numeric,0.19961525576076694,0.03659068743387858,0.028448569774627685,0.03451928407381008,1.0,1.0,True,1
RH,numeric,0.005344435399548221,0.008282971382141114,0.005777585506439209,0.01634592539795675,1.0,1.0,True,2
Top,numeric,0.22641087588146216,0.3010959426561991,0.12439045906066895,0.08318286212085214,1.0,1.0,True,3
RATemp,numeric,0.2118439991855703,0.048857732613881426,0.042796961466471356,0.0654054803199493,1.0,1.0,False,4
Air Velo,numeric,0.018771042586310023,0.014724556605021158,0.008215034008026123,0.01306921675774134,1.0,1.0,False,5
