Feature,Type,Univariate_Score,Perm_DeltaR2,Perm_DeltaMAE,Perm_DeltaAcc,Combined_Score,Stability_Freq,Selected,Rank
Clothing,categorical,0.13212140341337114,0.016688680942401696,0.01154491577936847,0.011637282149267559,1.0,1.0,True,1
Season,categorical,0.024364923877041998,0.023846955341574393,0.015832487651727924,0.008349979734815579,1.0,1.0,True,2
Activity,categorical,0.003723005400763959,0.001219647165005296,0.0028589696708869535,0.010095680620693655,1.0,1.0,True,3
MRT,numeric,0.14295464481428105,0.0008493727461530654,0.0008594595072232887,0.007037809044062297,1.0,1.0,False,4
RH,numeric,0.0034558369527280227,0.001985271433164663,0.0030077068384335953,0.0030781367610445256,1.0,1.0,False,5
Top,numeric,0.2583906156626027,0.10160451862310242,0.06922106625803356,0.05228272827282728,1.0,1.0,False,6
RATemp,numeric,0.25737310816365094,0.09651527593186132,0.06512044788097812,0.039307220195703776,1.0,1.0,False,7
Air Velo,numeric,0.021045774083030204,0.0007834945803210092,0.0011085251853744094,0.002200220022002197,1.0,1.0,False,8
