Feature,Type,Univariate_Score,Perm_DeltaR2,Perm_DeltaMAE,Perm_DeltaAcc,Combined_Score,Stability_Freq,Selected,Rank
Clothing,categorical,0.36107642774840565,0.0009222467740376789,0.0002633531888326009,0.0015873015873015856,1.0,1.0,True,1
Season,categorical,0.0,0.0,0.0,0.0,1.0,1.0,True,2
Activity,categorical,0.0,0.0,0.0,0.0,1.0,1.0,True,3
MRT,numeric,0.041044797892478044,0.032186647256215416,0.021706664562225343,0.025359911406423036,1.0,1.0,False,4
RH,numeric,0.0027651772560393123,0.011508127053578695,0.004151280721028645,0.031672203765227024,1.0,1.0,False,5
Top,numeric,0.06833100609793122,0.021631455421447753,0.012694068749745688,0.014101144333702478,1.0,1.0,False,6
RATemp,numeric,0.018579672702628686,0.014744977156321207,0.014505958557128907,0.023809523809523808,1.0,1.0,False,7
Air Velo,numeric,0.017172946142886843,0.02000516653060913,0.012001538276672363,0.023772609819121444,1.0,1.0,False,8
