Feature,Type,Univariate_Score,Perm_DeltaR2,Perm_DeltaMAE,Perm_DeltaAcc,Combined_Score,Stability_Freq,Selected,Rank
Clothing,categorical,0.36107642774840565,0.001160593289401494,0.0003184580104893679,0.001587301587301589,1.0,1.0,True,1
Season,categorical,0.0,0.0,0.0,0.0,1.0,1.0,True,2
Activity,categorical,0.0,0.0,0.0,0.0,1.0,1.0,True,3
MRT,numeric,0.041044797892478044,0.03126598138302087,0.023506290544834912,0.0330749354005168,1.0,1.0,False,4
RH,numeric,0.0027651772560393123,0.014687791054140384,0.00934088080743755,0.023735695828719088,1.0,1.0,False,5
Top,numeric,0.06833100609793122,0.03140787775840058,0.020702790217800228,0.020524178663713553,1.0,1.0,False,6
RATemp,numeric,0.018579672702628686,0.015641507493978347,0.013477677992099358,0.033001107419712065,1.0,1.0,False,7
Air Velo,numeric,0.017172946142886843,0.020120492168347305,0.00920898939732145,0.03167220376522704,1.0,1.0,False,8
