Feature,Type,Univariate_Score,Perm_DeltaR2,Perm_DeltaMAE,Perm_DeltaAcc,Combined_Score,Stability_Freq,Selected,Rank
Clothing,categorical,0.13212140341337114,0.00393451374910289,0.002279106386899225,0.003950987203983561,1.0,1.0,True,1
Season,categorical,0.024364923877041998,0.016001084398977065,0.012775166011835402,0.007461206646980481,1.0,1.0,True,2
Activity,categorical,0.003723005400763959,0.003226504072929082,0.002589135439897938,0.004835417752301547,1.0,1.0,True,3
MRT,numeric,0.14295464481428105,0.029977474507137114,0.018863198538063543,0.02130088008800881,1.0,1.0,False,4
RH,numeric,0.0034558369527280227,0.011115988264851547,0.008988450848913237,0.015365352324706158,1.0,1.0,False,5
Top,numeric,0.2583906156626027,0.10654102328491306,0.06959489556915345,0.04083579410572637,1.0,1.0,False,6
RATemp,numeric,0.25737310816365094,0.1061179730951298,0.07108294621478346,0.050951016154247006,1.0,1.0,False,7
Air Velo,numeric,0.021045774083030204,0.009254060329517425,0.007135521467865447,0.014710352614208787,1.0,1.0,False,8
