Feature,Type,Univariate_Score,Perm_DeltaR2,Perm_DeltaMAE,Perm_DeltaAcc,Combined_Score,Stability_Freq,Selected,Rank
Clothing,categorical,0.13212140341337114,0.007178028424580892,0.006244969367980957,0.005929013954026971,1.0,1.0,True,1
Season,categorical,0.024364923877041998,0.006981861591339111,0.0025542418162027994,0.0002200220022002227,1.0,1.0,True,2
Activity,categorical,0.003723005400763959,0.0014771779378255207,0.0011262416839599608,0.0008786404956285133,1.0,1.0,True,3
MRT,numeric,0.14295464481428105,0.02632993857065837,0.016023409366607667,0.011205923223901335,1.0,1.0,False,4
RH,numeric,0.0034558369527280227,0.004602464040120442,0.0038248340288798014,0.008346360951884672,1.0,1.0,False,5
Top,numeric,0.2583906156626027,0.13705556392669677,0.08820306062698366,0.04723669735394592,1.0,1.0,False,6
RATemp,numeric,0.25737310816365094,0.08306384086608887,0.058458117643992114,0.03185252735799896,1.0,1.0,False,7
Air Velo,numeric,0.021045774083030204,0.011526429653167724,0.007282125949859619,0.007032742747959,1.0,1.0,False,8
