Feature,Type,Univariate_Score,Perm_DeltaR2,Perm_DeltaMAE,Perm_DeltaAcc,Combined_Score,Stability_Freq,Selected,Rank
Clothing,categorical,0.36107642774840565,0.017895403084328947,0.010293735629139045,0.014285714285714285,1.0,1.0,True,1
Season,categorical,0.0,6.661338147750939e-17,4.4408920985006264e-17,0.0,1.0,1.0,True,2
Activity,categorical,0.0,5.181040781584064e-17,2.2204460492503132e-17,0.0,1.0,1.0,True,3
MRT,numeric,0.041044797892478044,0.01064377029371084,0.00995939530839533,0.014101144333702461,1.0,1.0,False,4
RH,numeric,0.0027651772560393123,0.0207339307355338,0.01427127760450339,0.017460317460317454,1.0,1.0,False,5
Top,numeric,0.06833100609793122,0.042740821488175214,0.020376410489679662,0.006312292358803984,1.0,1.0,False,6
RATemp,numeric,0.018579672702628686,0.01725798031502273,0.012924503793955173,0.012698412698412695,1.0,1.0,False,7
Air Velo,numeric,0.017172946142886843,0.03899538116354336,0.014792521264965183,0.015762273901808777,1.0,1.0,False,8
