Feature,Type,Univariate_Score,Perm_DeltaR2,Perm_DeltaMAE,Perm_DeltaAcc,Combined_Score,Stability_Freq,Selected,Rank
Clothing,categorical,0.39075433617284083,0.0,0.0,0.0,1.0,1.0,True,1
Season,categorical,0.3423220618313034,0.01341969589510493,0.008686382419486525,0.0029680365296803736,1.0,1.0,True,2
Activity,categorical,0.16546141439178608,0.0,0.0,0.0,1.0,1.0,True,3
MRT,numeric,0.33427764517134434,0.08102618109619246,0.053369612223785244,0.012557077625570779,1.0,1.0,False,4
RH,numeric,0.325604547468956,0.043675385135706186,0.02902121645001115,0.008675799086757998,1.0,1.0,False,5
Top,numeric,0.34820425437285063,0.03543297128881853,0.024307947968435762,0.00547945205479452,1.0,1.0,False,6
RATemp,numeric,0.35396998660550694,0.026334687865242366,0.018199940944374982,0.002968036529680377,1.0,1.0,False,7
Air Velo,numeric,0.12181591040826834,0.05543456281102908,0.030216240213853145,0.007305936073059365,1.0,1.0,False,8
