Feature,Type,Univariate_Score,Perm_DeltaR2,Perm_DeltaMAE,Perm_DeltaAcc,Combined_Score,Stability_Freq,Selected,Rank
Clothing,categorical,0.39075433617284083,0.002973814805348714,0.0029103954633076983,0.011872146118721465,1.0,1.0,True,1
Season,categorical,0.3423220618313034,0.03438984950383504,0.023663218816121413,0.017808219178082195,1.0,1.0,True,2
Activity,categorical,0.16546141439178608,0.0005750656127929688,0.0004793802897135417,0.0025114155251141617,1.0,1.0,True,3
MRT,numeric,0.33427764517134434,0.2382656733194987,0.1468283216158549,0.07442922374429224,1.0,1.0,False,4
RH,numeric,0.325604547468956,0.04799231290817261,0.0354059100151062,0.026940639269406395,1.0,1.0,False,5
Top,numeric,0.34820425437285063,0.04095666805903117,0.032337745030721024,0.020776255707762554,1.0,1.0,False,6
RATemp,numeric,0.35396998660550694,0.0707162062327067,0.04808279275894165,0.02785388127853881,1.0,1.0,False,7
Air Velo,numeric,0.12181591040826834,0.028894444306691486,0.015679585933685302,0.007762557077625569,1.0,1.0,False,8
