Feature,Type,Univariate_Score,Perm_DeltaR2,Perm_DeltaMAE,Perm_DeltaAcc,Combined_Score,Stability_Freq,Selected,Rank
Clothing,categorical,0.39075433617284083,0.0033601028732403782,0.007675028879133745,0.013470319634703192,1.0,1.0,True,1
Season,categorical,0.3423220618313034,0.298516858541655,0.17272667625251403,0.07237442922374429,1.0,1.0,True,2
Activity,categorical,0.16546141439178608,0.0014023643959744313,0.0015886465940327867,0.0018264840182648403,1.0,1.0,True,3
MRT,numeric,0.33427764517134434,0.0254775568882736,0.022048917985265263,0.012785388127853885,1.0,1.0,False,4
RH,numeric,0.325604547468956,0.020643793971968864,0.01653186152858431,0.010730593607305942,1.0,1.0,False,5
Top,numeric,0.34820425437285063,0.014013287191798288,0.014104380830179558,0.013013698630136988,1.0,1.0,False,6
RATemp,numeric,0.35396998660550694,0.008228281862137851,0.007119754444614894,0.005936073059360736,1.0,1.0,False,7
Air Velo,numeric,0.12181591040826834,0.0223326496799428,0.011920440775201121,0.0070776255707762584,1.0,1.0,False,8
