Feature,Type,Univariate_Score,Perm_DeltaR2,Perm_DeltaMAE,Perm_DeltaAcc,Combined_Score,Stability_Freq,Selected,Rank
Clothing,categorical,0.39075433617284083,0.008976796782772634,0.007796802579753083,0.006392694063926933,1.0,1.0,True,1
Season,categorical,0.3423220618313034,0.05786175519298482,0.03913061572332603,0.019863013698630125,1.0,1.0,True,2
Activity,categorical,0.16546141439178608,0.013114921415091732,0.006716440056615485,0.0036529680365296802,1.0,1.0,True,3
MRT,numeric,0.33427764517134434,0.08853120332057443,0.06328322134499356,0.032648401826484014,1.0,1.0,False,4
RH,numeric,0.325604547468956,0.06549613626115851,0.0455324921761386,0.03333333333333331,1.0,1.0,False,5
Top,numeric,0.34820425437285063,0.08839176739998228,0.06649596955436593,0.042694063926940626,1.0,1.0,False,6
RATemp,numeric,0.35396998660550694,0.0515494210660503,0.03372666348934524,0.015981735159817333,1.0,1.0,False,7
Air Velo,numeric,0.12181591040826834,0.05686327411371407,0.03593943988450753,0.01027397260273972,1.0,1.0,False,8
