Feature,Type,Univariate_Score,Perm_DeltaR2,Perm_DeltaMAE,Perm_DeltaAcc,Combined_Score,Stability_Freq,Selected,Rank
MRT,numeric,0.19961525576076694,0.04240401317110756,0.03302020883269664,0.04391383543201077,1.0,1.0,True,1
RH,numeric,0.005344435399548221,0.012235980423678223,0.006080488845377026,0.026144373168606953,1.0,1.0,True,2
Top,numeric,0.22641087588146216,0.18845135663686022,0.08566187070335671,0.07261225944404849,1.0,1.0,True,3
RATemp,numeric,0.2118439991855703,0.06825428966431993,0.04894212916613392,0.06099825770175023,1.0,1.0,False,4
Air Velo,numeric,0.018771042586310023,0.011424307475864728,0.00901159084588031,0.011612021857923493,1.0,1.0,False,5
