Feature,Type,Univariate_Score,Perm_DeltaR2,Perm_DeltaMAE,Perm_DeltaAcc,Combined_Score,Stability_Freq,Selected,Rank
MRT,numeric,0.19961525576076694,0.012667274034242676,0.007724639757321848,0.01306921675774134,1.0,1.0,True,1
RH,numeric,0.005344435399548221,0.0,0.0,0.0,1.0,1.0,True,2
Top,numeric,0.22641087588146216,0.07201610502945083,0.03135116603922274,0.019244476122594438,1.0,1.0,True,3
RATemp,numeric,0.2118439991855703,0.07226115118536118,0.03125567749050452,0.021075869169240515,1.0,1.0,False,4
Air Velo,numeric,0.018771042586310023,0.0,0.0,0.0,1.0,1.0,False,5
