Feature,Type,Univariate_Score,Perm_DeltaR2,Perm_DeltaMAE,Perm_DeltaAcc,Combined_Score,Stability_Freq,Selected,Rank
MRT,numeric,0.19961525576076694,0.03634331623713176,0.027038431167602538,0.041062801932367145,1.0,1.0,True,1
RH,numeric,0.005344435399548221,0.00765758752822876,0.005105948448181153,0.01307515641086559,1.0,1.0,True,2
Top,numeric,0.22641087588146216,0.32384582360585534,0.12989096641540526,0.08098519046487684,1.0,1.0,True,3
RATemp,numeric,0.2118439991855703,0.05208378632863362,0.04214506546656291,0.06646273857606715,1.0,1.0,False,4
Air Velo,numeric,0.018771042586310023,0.007833977540334066,0.004885963598887126,0.009434149045695728,1.0,1.0,False,5
