Feature,Type,Univariate_Score,Perm_DeltaR2,Perm_DeltaMAE,Perm_DeltaAcc,Combined_Score,Stability_Freq,Selected,Rank
MRT,numeric,0.19961525576076694,0.006581781055257618,0.024809421988391443,0.04977231329690347,1.0,1.0,True,1
RH,numeric,0.005344435399548221,0.0,0.0037998333685370866,0.02689078957788866,1.0,1.0,True,2
Top,numeric,0.22641087588146216,0.13623324821616595,0.07691748240953353,0.0679080541696365,1.0,1.0,True,3
RATemp,numeric,0.2118439991855703,0.030403618262050895,0.04798722300043018,0.0755543676249307,1.0,1.0,False,4
Air Velo,numeric,0.018771042586310023,0.0005689997109810922,0.0016764412516262783,0.009448008236319003,1.0,1.0,False,5
