Feature,Type,Univariate_Score,Perm_DeltaR2,Perm_DeltaMAE,Perm_DeltaAcc,Combined_Score,Stability_Freq,Selected,Rank
Clothing,categorical,0.36107642774840565,0.026924540518928064,0.016446672279467035,0.022222222222222216,1.0,1.0,True,1
Season,categorical,0.0,2.2204460492503132e-17,7.401486830834377e-18,0.0,1.0,1.0,True,2
Activity,categorical,0.0,3.700743415417188e-17,3.700743415417188e-17,0.0,1.0,1.0,True,3
MRT,numeric,0.041044797892478044,0.030586354602002003,0.01762155332395956,0.02668881506090808,1.0,1.0,False,4
RH,numeric,0.0027651772560393123,0.032800437486256315,0.021761810369069552,0.0158361018826135,1.0,1.0,False,5
Top,numeric,0.06833100609793122,0.05675194383615747,0.03478038470206988,0.03318567737172388,1.0,1.0,False,6
RATemp,numeric,0.018579672702628686,0.011914295139970318,0.012676132093364743,0.01897379106681431,1.0,1.0,False,7
Air Velo,numeric,0.017172946142886843,0.029819609456915402,0.015532009713676362,0.021889996308600952,1.0,1.0,False,8
