Feature,Type,Univariate_Score,Perm_DeltaR2,Perm_DeltaMAE,Perm_DeltaAcc,Combined_Score,Stability_Freq,Selected,Rank
Clothing,categorical,0.13212140341337114,0.018396129457175378,0.016259203550925506,0.020418620809449357,1.0,1.0,True,1
Season,categorical,0.024364923877041998,0.034554422919791175,0.020380339966795367,0.007247698454055929,1.0,1.0,True,2
Activity,categorical,0.003723005400763959,0.0019013851842229813,0.002988140659264745,0.003948092177638828,1.0,1.0,True,3
MRT,numeric,0.14295464481428105,0.002376263869765771,0.001398695419404213,0.004838312778646285,1.0,1.0,False,4
RH,numeric,0.0034558369527280227,0.0005591231742927861,0.0033677032478793235,0.008129957732615375,1.0,1.0,False,5
Top,numeric,0.2583906156626027,0.09277302362421555,0.06009473495820243,0.03777719877250882,1.0,1.0,False,6
RATemp,numeric,0.25737310816365094,0.07827221476947928,0.050049088008730105,0.032510422094841056,1.0,1.0,False,7
Air Velo,numeric,0.021045774083030204,0.002606209539481141,0.00179636177618121,0.004612500723756585,1.0,1.0,False,8
