Feature,Type,Univariate_Score,Perm_DeltaR2,Perm_DeltaMAE,Perm_DeltaAcc,Combined_Score,Stability_Freq,Selected,Rank
Clothing,categorical,0.36107642774840565,0.002168460687001546,0.001352361838022868,0.003174603174603171,1.0,1.0,True,1
Season,categorical,0.0,0.0,0.0,0.0,1.0,1.0,True,2
Activity,categorical,0.0,0.0,0.0,0.0,1.0,1.0,True,3
MRT,numeric,0.041044797892478044,0.04600512981414795,0.02908658583958944,0.038058324104835735,1.0,1.0,False,4
RH,numeric,0.0027651772560393123,0.021826593081156413,0.004489413897196452,0.025249169435215952,1.0,1.0,False,5
Top,numeric,0.06833100609793122,0.01683046817779541,0.011864797274271647,0.011037283130306389,1.0,1.0,False,6
RATemp,numeric,0.018579672702628686,0.02071240743001302,0.013845423857371014,0.02222222222222222,1.0,1.0,False,7
Air Velo,numeric,0.017172946142886843,0.020668359597524007,0.01261744499206543,0.01904761904761905,1.0,1.0,False,8
