Feature,Type,Univariate_Score,Perm_DeltaR2,Perm_DeltaMAE,Perm_DeltaAcc,Combined_Score,Stability_Freq,Selected,Rank
Clothing,categorical,0.13212140341337114,0.0037926336482830758,0.00218373430372986,0.004608881940825668,1.0,1.0,True,1
Season,categorical,0.024364923877041998,0.01619745901327683,0.012331205426574843,0.008776272364078512,1.0,1.0,True,2
Activity,categorical,0.003723005400763959,0.002277937725667578,0.0017054664011041016,0.0059384227896473905,1.0,1.0,True,3
MRT,numeric,0.14295464481428105,0.02582295506423125,0.018090165866142587,0.026576341844710784,1.0,1.0,False,4
RH,numeric,0.0034558369527280227,0.014442556066018223,0.009688578950261354,0.01230096693879914,1.0,1.0,False,5
Top,numeric,0.2583906156626027,0.09457971135960908,0.06290103155324997,0.042582942504776795,1.0,1.0,False,6
RATemp,numeric,0.25737310816365094,0.11978657543120601,0.08086236188722148,0.05291963406867002,1.0,1.0,False,7
Air Velo,numeric,0.021045774083030204,0.011258060839378945,0.009184008059152005,0.01712335707254936,1.0,1.0,False,8
