Feature,Type,Univariate_Score,Perm_DeltaR2,Perm_DeltaMAE,Perm_DeltaAcc,Combined_Score,Stability_Freq,Selected,Rank
Clothing,categorical,0.36107642774840565,0.0012354486390132296,0.000708719218090718,0.003137689184200816,1.0,1.0,True,1
Season,categorical,0.0,0.0,0.0,0.0,1.0,1.0,True,2
Activity,categorical,0.0,0.0,0.0,0.0,1.0,1.0,True,3
MRT,numeric,0.041044797892478044,0.03753363473521971,0.027622333282876298,0.033038021410114436,1.0,1.0,False,4
RH,numeric,0.0027651772560393123,0.008076190366050857,0.0069644511965647245,0.028460686600221486,1.0,1.0,False,5
Top,numeric,0.06833100609793122,0.03853391528181669,0.026013474022641852,0.0377999261720192,1.0,1.0,False,6
RATemp,numeric,0.018579672702628686,0.020394070230826813,0.015107015167560042,0.03469915097822075,1.0,1.0,False,7
Air Velo,numeric,0.017172946142886843,0.010730354972939563,0.005240988951956809,0.029937246216315983,1.0,1.0,False,8
