Feature,Type,Univariate_Score,Perm_DeltaR2,Perm_DeltaMAE,Perm_DeltaAcc,Combined_Score,Stability_Freq,Selected,Rank
Clothing,categorical,0.13212140341337114,0.005452020963033041,0.00527499516805013,0.005927566440854603,1.0,1.0,True,1
Season,categorical,0.024364923877041998,0.006132547060648601,0.00297773281733195,0.000659342250014483,1.0,1.0,True,2
Activity,categorical,0.003723005400763959,0.0012571255366007486,0.0009779850641886394,0.0006593422500144755,1.0,1.0,True,3
MRT,numeric,0.14295464481428105,0.020946530501047767,0.016095900535583497,0.00922644896068554,1.0,1.0,False,4
RH,numeric,0.0034558369527280227,0.006104600429534912,0.0037455956141153974,0.003954605986914483,1.0,1.0,False,5
Top,numeric,0.2583906156626027,0.12511639595031737,0.07776103019714355,0.04043917549649702,1.0,1.0,False,6
RATemp,numeric,0.25737310816365094,0.07775039672851561,0.05262246131896973,0.029005268947947423,1.0,1.0,False,7
Air Velo,numeric,0.021045774083030204,0.00880281130472819,0.005510894457499187,0.007030571478200446,1.0,1.0,False,8
