Feature,Type,Univariate_Score,Perm_DeltaR2,Perm_DeltaMAE,Perm_DeltaAcc,Combined_Score,Stability_Freq,Selected,Rank
Clothing,categorical,0.39075433617284083,0.0,0.0,0.0,1.0,1.0,True,1
Season,categorical,0.3423220618313034,0.012037583302156343,0.008274092407665115,0.002968036529680377,1.0,1.0,True,2
Activity,categorical,0.16546141439178608,0.0,0.0,0.0,1.0,1.0,True,3
MRT,numeric,0.33427764517134434,0.08096205407961844,0.04850154139890467,0.009589041095890418,1.0,1.0,False,4
RH,numeric,0.325604547468956,0.04186393655165231,0.028107536881084916,0.007990867579908672,1.0,1.0,False,5
Top,numeric,0.34820425437285063,0.03770983883533583,0.02539467717156183,0.005022831050228319,1.0,1.0,False,6
RATemp,numeric,0.35396998660550694,0.025519878450297396,0.018115507625789586,0.0013698630136986319,1.0,1.0,False,7
Air Velo,numeric,0.12181591040826834,0.05502736921739178,0.030283246457785663,0.00684931506849316,1.0,1.0,False,8
