Feature,Type,Univariate_Score,Perm_DeltaR2,Perm_DeltaMAE,Perm_DeltaAcc,Combined_Score,Stability_Freq,Selected,Rank
Clothing,categorical,0.39075433617284083,0.006105890003969757,0.00787940259861907,0.010502283105022828,1.0,1.0,True,1
Season,categorical,0.3423220618313034,0.313339921381542,0.18258966949607125,0.08493150684931505,1.0,1.0,True,2
Activity,categorical,0.16546141439178608,0.004328583303440414,0.002540448204326669,0.0009132420091324236,1.0,1.0,True,3
MRT,numeric,0.33427764517134434,0.027175799836405494,0.024784160832119484,0.01894977168949772,1.0,1.0,False,4
RH,numeric,0.325604547468956,0.016796260173253072,0.013819229193600383,0.010502283105022835,1.0,1.0,False,5
Top,numeric,0.34820425437285063,0.006369664318614616,0.007589662370281853,0.01187214611872146,1.0,1.0,False,6
RATemp,numeric,0.35396998660550694,0.006209278361039594,0.008786293505617947,0.008904109589041096,1.0,1.0,False,7
Air Velo,numeric,0.12181591040826834,0.01607926289777474,0.009797349801113539,0.0075342465753424626,1.0,1.0,False,8
