Feature,Type,Univariate_Score,Perm_DeltaR2,Perm_DeltaMAE,Perm_DeltaAcc,Combined_Score,Stability_Freq,Selected,Rank
Clothing,categorical,0.39075433617284083,0.008323240194699929,0.006341621843258809,0.005479452054794513,1.0,1.0,True,1
Season,categorical,0.3423220618313034,0.055565086859023574,0.040512326544343336,0.025342465753424644,1.0,1.0,True,2
Activity,categorical,0.16546141439178608,0.011416732471484493,0.006828399026151533,0.0034246575342465743,1.0,1.0,True,3
MRT,numeric,0.33427764517134434,0.09836013598165502,0.06714770259113623,0.03949771689497714,1.0,1.0,False,4
RH,numeric,0.325604547468956,0.06485298678559312,0.0471977867359823,0.02648401826484017,1.0,1.0,False,5
Top,numeric,0.34820425437285063,0.08918650102406342,0.06335838866010156,0.038356164383561625,1.0,1.0,False,6
RATemp,numeric,0.35396998660550694,0.05375771679501697,0.03542297201337207,0.025799086757990863,1.0,1.0,False,7
Air Velo,numeric,0.12181591040826834,0.058069406574408566,0.03486012335154996,0.00821917808219177,1.0,1.0,False,8
