Feature,Type,Univariate_Score,Perm_DeltaR2,Perm_DeltaMAE,Perm_DeltaAcc,Combined_Score,Stability_Freq,Selected,Rank
Clothing,categorical,0.39075433617284083,0.003920018672943114,0.00388110081354777,0.008904109589041094,1.0,1.0,True,1
Season,categorical,0.3423220618313034,0.03712322314580281,0.02739408016204834,0.020319634703196345,1.0,1.0,True,2
Activity,categorical,0.16546141439178608,0.00040890375773111983,0.00019498268763224285,0.0031963470319634757,1.0,1.0,True,3
MRT,numeric,0.33427764517134434,0.2610319932301839,0.1642003099123637,0.0867579908675799,1.0,1.0,False,4
RH,numeric,0.325604547468956,0.050513605276743576,0.036380338668823245,0.03127853881278539,1.0,1.0,False,5
Top,numeric,0.34820425437285063,0.0394472082455953,0.0317506472269694,0.030136986301369857,1.0,1.0,False,6
RATemp,numeric,0.35396998660550694,0.06600672801335652,0.04871962070465088,0.029680365296803658,1.0,1.0,False,7
Air Velo,numeric,0.12181591040826834,0.024111616611480712,0.012894845008850098,0.00821917808219178,1.0,1.0,False,8
