Feature,Type,Univariate_Score,Perm_DeltaR2,Perm_DeltaMAE,Perm_DeltaAcc,Combined_Score,Stability_Freq,Selected,Rank
MRT,numeric,0.19961525576076694,0.037561686833699544,0.028601463635762537,0.03450740476756157,1.0,1.0,True,1
RH,numeric,0.005344435399548221,0.0055245081583658855,0.005373100439707438,0.017074522847865675,1.0,1.0,True,2
Top,numeric,0.22641087588146216,0.33104111353556315,0.13684742450714113,0.08861764472954779,1.0,1.0,True,3
RATemp,numeric,0.2118439991855703,0.04103051026662191,0.03656345208485921,0.05411023996198622,1.0,1.0,False,4
Air Velo,numeric,0.018771042586310023,0.01585638920466105,0.007977692286173503,0.015617327948047826,1.0,1.0,False,5
