Feature,Type,Univariate_Score,Perm_DeltaR2,Perm_DeltaMAE,Perm_DeltaAcc,Combined_Score,Stability_Freq,Selected,Rank
MRT,numeric,0.19961525576076694,0.044607322127417304,0.03355656209896519,0.03992832818563396,1.0,1.0,True,1
RH,numeric,0.005344435399548221,0.012018458233494116,0.006675794565715691,0.01634988516670626,1.0,1.0,True,2
Top,numeric,0.22641087588146216,0.2018384860952313,0.08898433678914344,0.07006216836936724,1.0,1.0,True,3
RATemp,numeric,0.2118439991855703,0.06411472158162532,0.04762411633148374,0.0649976241387503,1.0,1.0,False,4
Air Velo,numeric,0.018771042586310023,0.019654427410027295,0.012368288286470179,0.009073810089490767,1.0,1.0,False,5
