Feature,Type,Univariate_Score,Perm_DeltaR2,Perm_DeltaMAE,Perm_DeltaAcc,Combined_Score,Stability_Freq,Selected,Rank
MRT,numeric,0.19961525576076694,0.0133468192866615,0.007846668065643181,0.010542884295557142,1.0,1.0,True,1
RH,numeric,0.005344435399548221,0.0,0.0,0.0,1.0,1.0,True,2
Top,numeric,0.22641087588146216,0.07078174710883758,0.030693150823326843,0.017807080066524112,1.0,1.0,True,3
RATemp,numeric,0.2118439991855703,0.07811763132660167,0.033872750972159776,0.020351231488081094,1.0,1.0,False,4
Air Velo,numeric,0.018771042586310023,0.0,0.0,0.0,1.0,1.0,False,5
