Feature,Type,Univariate_Score,Perm_DeltaR2,Perm_DeltaMAE,Perm_DeltaAcc,Combined_Score,Stability_Freq,Selected,Rank
MRT,numeric,0.19961525576076694,0.005622723630553169,0.029314209184364403,0.06391066761701117,1.0,1.0,True,1
RH,numeric,0.005344435399548221,0.0,0.005609603686135404,0.02651263166231092,1.0,1.0,True,2
Top,numeric,0.22641087588146216,0.13433766425764573,0.07771433350496623,0.07334679654708165,1.0,1.0,True,3
RATemp,numeric,0.2118439991855703,0.02467473708789312,0.042435140695375205,0.07192721945038409,1.0,1.0,False,4
Air Velo,numeric,0.018771042586310023,0.0,0.001836229338028043,0.0123584382672052,1.0,1.0,False,5
