Feature,Type,Univariate_Score,Perm_DeltaR2,Perm_DeltaMAE,Perm_DeltaAcc,Combined_Score,Stability_Freq,Selected,Rank
Clothing,categorical,0.36107642774840565,0.0005084069622987538,0.00011805456347239543,0.006312292358803995,1.0,1.0,True,1
Season,categorical,0.0,0.0,0.0,0.0,1.0,1.0,True,2
Activity,categorical,0.0,0.0,0.0,0.0,1.0,1.0,True,3
MRT,numeric,0.041044797892478044,0.029130905528416972,0.022964234635741737,0.02369878183831673,1.0,1.0,False,4
RH,numeric,0.0027651772560393123,0.01939547422166499,0.010611023032224684,0.02377260981912145,1.0,1.0,False,5
Top,numeric,0.06833100609793122,0.03365713164825917,0.020313681931404107,0.026836471022517544,1.0,1.0,False,6
RATemp,numeric,0.018579672702628686,0.013949563575672296,0.013367665363381742,0.03783684016242156,1.0,1.0,False,7
Air Velo,numeric,0.017172946142886843,0.016233429480805632,0.008270686975731776,0.026910299003322265,1.0,1.0,False,8
