Feature,Type,Univariate_Score,Perm_DeltaR2,Perm_DeltaMAE,Perm_DeltaAcc,Combined_Score,Stability_Freq,Selected,Rank
Clothing,categorical,0.36107642774840565,0.013515586565399484,0.008147284470605087,0.014248800295311916,1.0,1.0,True,1
Season,categorical,0.0,1.4802973661668754e-17,1.4802973661668754e-17,0.0,1.0,1.0,True,2
Activity,categorical,0.0,1.4802973661668754e-17,2.2204460492503132e-17,0.0,1.0,1.0,True,3
MRT,numeric,0.041044797892478044,0.018413103680771595,0.009280347288238011,0.020413436692506445,1.0,1.0,False,4
RH,numeric,0.0027651772560393123,0.020871215430702108,0.011459503711532601,0.009486895533407154,1.0,1.0,False,5
Top,numeric,0.06833100609793122,0.07121677958950787,0.03886844888511652,0.0252860834256183,1.0,1.0,False,6
RATemp,numeric,0.018579672702628686,0.020244438974362428,0.012192822382131424,0.012698412698412691,1.0,1.0,False,7
Air Velo,numeric,0.017172946142886843,0.044863251470253794,0.019789069755909473,0.017312661498708002,1.0,1.0,False,8
