Feature,Type,Univariate_Score,Perm_DeltaR2,Perm_DeltaMAE,Perm_DeltaAcc,Combined_Score,Stability_Freq,Selected,Rank
Clothing,categorical,0.13212140341337114,0.0050154924392700195,0.004749715328216554,0.004607434427653286,1.0,1.0,True,1
Season,categorical,0.024364923877041998,0.008059302965799969,0.0033325950304667154,0.000659342250014483,1.0,1.0,True,2
Activity,categorical,0.003723005400763959,0.0012841105461120605,0.0010085701942443848,0.0008779167390423282,1.0,1.0,True,3
MRT,numeric,0.14295464481428105,0.020004884401957194,0.015194356441497803,0.008567106710671069,1.0,1.0,False,4
RH,numeric,0.0034558369527280227,0.005681049823760986,0.0039057413736979163,0.0035123907127554864,1.0,1.0,False,5
Top,numeric,0.2583906156626027,0.1387893835703532,0.08842881520589194,0.04964680678594175,1.0,1.0,False,6
RATemp,numeric,0.25737310816365094,0.08448123534520466,0.05478034416834514,0.028783075675988656,1.0,1.0,False,7
Air Velo,numeric,0.021045774083030204,0.008829196294148764,0.0075357715288798,0.010537895894852638,1.0,1.0,False,8
