Feature,Type,Univariate_Score,Perm_DeltaR2,Perm_DeltaMAE,Perm_DeltaAcc,Combined_Score,Stability_Freq,Selected,Rank
Clothing,categorical,0.13212140341337114,0.019503689019849335,0.015528501998686236,0.017120462046204626,1.0,1.0,True,1
Season,categorical,0.024364923877041998,0.019324218708033462,0.012345429493743457,0.005049649701812287,1.0,1.0,True,2
Activity,categorical,0.003723005400763959,0.0015018214166553578,0.0027587842103113567,0.008997018122864924,1.0,1.0,True,3
MRT,numeric,0.14295464481428105,0.0027185785602980685,0.0014128159012061956,0.004837589022060096,1.0,1.0,False,4
RH,numeric,0.0034558369527280227,0.0024787460190165943,0.004804507466141805,0.003950987203983558,1.0,1.0,False,5
Top,numeric,0.2583906156626027,0.09235525398312273,0.05689279369278992,0.03360112327022176,1.0,1.0,False,6
RATemp,numeric,0.25737310816365094,0.07935319481520112,0.05425938563018665,0.03844233107521278,1.0,1.0,False,7
Air Velo,numeric,0.021045774083030204,0.004125085342499505,0.0032706130805613643,0.0019773029934572416,1.0,1.0,False,8
