Feature,Type,Univariate_Score,Perm_DeltaR2,Perm_DeltaMAE,Perm_DeltaAcc,Combined_Score,Stability_Freq,Selected,Rank
Clothing,categorical,0.13212140341337114,0.0034239236936014416,0.001836701545024555,0.0026315789473684214,1.0,1.0,True,1
Season,categorical,0.024364923877041998,0.01788152324798562,0.013665028269424959,0.007901974407967112,1.0,1.0,True,2
Activity,categorical,0.003723005400763959,0.003307621145535733,0.002219027572041784,0.004176799258873254,1.0,1.0,True,3
MRT,numeric,0.14295464481428105,0.0240261520932365,0.015857349821060233,0.021313183949973946,1.0,1.0,False,4
RH,numeric,0.0034558369527280227,0.011750506574630438,0.00927187605369894,0.014271756122980716,1.0,1.0,False,5
Top,numeric,0.2583906156626027,0.1035938287032113,0.06874983538175874,0.0432307046494123,1.0,1.0,False,6
RATemp,numeric,0.25737310816365094,0.11341463405325394,0.07725080860626747,0.054460511840657755,1.0,1.0,False,7
Air Velo,numeric,0.021045774083030204,0.007172547878509568,0.0068635782646832896,0.014708905101036424,1.0,1.0,False,8
