Feature,Type,Univariate_Score,Perm_DeltaR2,Perm_DeltaMAE,Perm_DeltaAcc,Combined_Score,Stability_Freq,Selected,Rank
Clothing,categorical,0.36107642774840565,0.003100419044494629,0.001774442195892334,0.004761904761904761,1.0,1.0,True,1
Season,categorical,0.0,0.0,0.0,0.0,1.0,1.0,True,2
Activity,categorical,0.0,0.0,0.0,0.0,1.0,1.0,True,3
MRT,numeric,0.041044797892478044,0.04335578282674154,0.025408963362375896,0.026984126984126982,1.0,1.0,False,4
RH,numeric,0.0027651772560393123,0.023387765884399413,0.010916892687479656,0.028534514581026217,1.0,1.0,False,5
Top,numeric,0.06833100609793122,0.011498332023620605,0.011949976285298664,0.018863049095607248,1.0,1.0,False,6
RATemp,numeric,0.018579672702628686,0.023538315296173097,0.01373448371887207,0.011111111111111117,1.0,1.0,False,7
Air Velo,numeric,0.017172946142886843,0.00833726723988851,0.007280528545379639,0.012698412698412698,1.0,1.0,False,8
