Feature,Type,Univariate_Score,Perm_DeltaR2,Perm_DeltaMAE,Perm_DeltaAcc,Combined_Score,Stability_Freq,Selected,Rank
Clothing,categorical,0.39075433617284083,0.0017967799101830106,0.002293826078264997,0.008447488584474883,1.0,1.0,True,1
Season,categorical,0.3423220618313034,0.30202035129910215,0.18176185811900086,0.08333333333333334,1.0,1.0,True,2
Activity,categorical,0.16546141439178608,0.002950166396046912,0.0021643887996955304,0.0022831050228310557,1.0,1.0,True,3
MRT,numeric,0.33427764517134434,0.029326060632117696,0.02444348604798054,0.012100456621004563,1.0,1.0,False,4
RH,numeric,0.325604547468956,0.0253281748780939,0.019421517157252533,0.00844748858447489,1.0,1.0,False,5
Top,numeric,0.34820425437285063,0.007503852371445745,0.007703722413456729,0.009817351598173518,1.0,1.0,False,6
RATemp,numeric,0.35396998660550694,0.009246229464267326,0.008291331112681165,0.012557077625570779,1.0,1.0,False,7
Air Velo,numeric,0.12181591040826834,0.0192631364501894,0.01368502735948877,0.01141552511415525,1.0,1.0,False,8
