Feature,Type,Univariate_Score,Perm_DeltaR2,Perm_DeltaMAE,Perm_DeltaAcc,Combined_Score,Stability_Freq,Selected,Rank
Clothing,categorical,0.39075433617284083,0.009728568593384262,0.007004708972087684,0.002511415525114154,1.0,1.0,True,1
Season,categorical,0.3423220618313034,0.058885047767952205,0.040987668367514676,0.02557077625570775,1.0,1.0,True,2
Activity,categorical,0.16546141439178608,0.010570573480631684,0.005915927101804109,0.006392694063926929,1.0,1.0,True,3
MRT,numeric,0.33427764517134434,0.09123905467443422,0.06392263421264241,0.033333333333333326,1.0,1.0,False,4
RH,numeric,0.325604547468956,0.07461783539477218,0.05094118883672023,0.027625570776255694,1.0,1.0,False,5
Top,numeric,0.34820425437285063,0.09500543055553554,0.0700399314127284,0.042694063926940626,1.0,1.0,False,6
RATemp,numeric,0.35396998660550694,0.05514589287765441,0.03725204102614094,0.02557077625570775,1.0,1.0,False,7
Air Velo,numeric,0.12181591040826834,0.060136405719875954,0.03847313145466525,0.010730593607305924,1.0,1.0,False,8
