Feature,Type,Univariate_Score,Perm_DeltaR2,Perm_DeltaMAE,Perm_DeltaAcc,Combined_Score,Stability_Freq,Selected,Rank
Clothing,categorical,0.39075433617284083,0.0,0.0,0.0,1.0,1.0,True,1
Season,categorical,0.3423220618313034,0.013799479937435504,0.009186490745722642,0.0027397260273972638,1.0,1.0,True,2
Activity,categorical,0.16546141439178608,0.0,0.0,0.0,1.0,1.0,True,3
MRT,numeric,0.33427764517134434,0.0826653589470264,0.052184734342062146,0.012328767123287676,1.0,1.0,False,4
RH,numeric,0.325604547468956,0.03882782202022375,0.026391314593164777,0.007990867579908679,1.0,1.0,False,5
Top,numeric,0.34820425437285063,0.03785601622694834,0.026344437045650326,0.0027397260273972638,1.0,1.0,False,6
RATemp,numeric,0.35396998660550694,0.024556431965377556,0.017758376222119798,0.0025114155251141617,1.0,1.0,False,7
Air Velo,numeric,0.12181591040826834,0.059771786943454974,0.033073432292926426,0.006392694063926943,1.0,1.0,False,8
