Feature,Type,Univariate_Score,Perm_DeltaR2,Perm_DeltaMAE,Perm_DeltaAcc,Combined_Score,Stability_Freq,Selected,Rank
Clothing,categorical,0.39075433617284083,0.004846338431040446,0.005317684014638264,0.012100456621004563,1.0,1.0,True,1
Season,categorical,0.3423220618313034,0.035132217407226565,0.024091827869415286,0.021004566210045667,1.0,1.0,True,2
Activity,categorical,0.16546141439178608,0.0006747126579284668,0.0005292177200317382,0.0043378995433790025,1.0,1.0,True,3
MRT,numeric,0.33427764517134434,0.23534568150838217,0.1434729337692261,0.06757990867579909,1.0,1.0,False,4
RH,numeric,0.325604547468956,0.04787907203038534,0.035711371898651124,0.03356164383561644,1.0,1.0,False,5
Top,numeric,0.34820425437285063,0.03735758066177368,0.030119721094767248,0.024657534246575345,1.0,1.0,False,6
RATemp,numeric,0.35396998660550694,0.06539816459019979,0.04350806077321371,0.019406392694063926,1.0,1.0,False,7
Air Velo,numeric,0.12181591040826834,0.02444762388865153,0.013260376453399659,0.010045662100456612,1.0,1.0,False,8
