Feature,Type,Univariate_Score,Perm_DeltaR2,Perm_DeltaMAE,Perm_DeltaAcc,Combined_Score,Stability_Freq,Selected,Rank
MRT,numeric,0.19961525576076694,0.05050149610471144,0.035655570905972093,0.04173596261978301,1.0,1.0,True,1
RH,numeric,0.005344435399548221,0.013805441134309112,0.006180863025284015,0.019250415775718704,1.0,1.0,True,2
Top,numeric,0.22641087588146216,0.2006151788005158,0.09168697408442586,0.0813415696523323,1.0,1.0,True,3
RATemp,numeric,0.2118439991855703,0.06433455799764823,0.04607302710326121,0.052647105409044125,1.0,1.0,False,4
Air Velo,numeric,0.018771042586310023,0.014129618042765232,0.008840058762322531,0.009077769858240279,1.0,1.0,False,5
