Feature,Type,Univariate_Score,Perm_DeltaR2,Perm_DeltaMAE,Perm_DeltaAcc,Combined_Score,Stability_Freq,Selected,Rank
MRT,numeric,0.19961525576076694,0.03952581882476807,0.028335241476694743,0.033786726855151654,1.0,1.0,True,1
RH,numeric,0.005344435399548221,0.007103033860524495,0.0054410775502522785,0.01633602597608299,1.0,1.0,True,2
Top,numeric,0.22641087588146216,0.31411964098612466,0.13030693133672078,0.09078363823552703,1.0,1.0,True,3
RATemp,numeric,0.2118439991855703,0.045078333218892416,0.03982552289962768,0.05958858002692642,1.0,1.0,False,4
Air Velo,numeric,0.018771042586310023,0.005512742201487223,0.004453790187835693,0.016343945513582002,1.0,1.0,False,5
