Feature,Type,Univariate_Score,Perm_DeltaR2,Perm_DeltaMAE,Perm_DeltaAcc,Combined_Score,Stability_Freq,Selected,Rank
MRT,numeric,0.19961525576076694,0.013658173735471069,0.008333639500791187,0.009077769858240273,1.0,1.0,True,1
RH,numeric,0.005344435399548221,0.0,0.0,0.0,1.0,1.0,True,2
Top,numeric,0.22641087588146216,0.07082129474059456,0.03015487363154708,0.01743882157282015,1.0,1.0,True,3
RATemp,numeric,0.2118439991855703,0.0717945620283875,0.031608411314976444,0.020707610675536548,1.0,1.0,False,4
Air Velo,numeric,0.018771042586310023,0.0,0.0,0.0,1.0,1.0,False,5
