Feature,Type,Univariate_Score,Perm_DeltaR2,Perm_DeltaMAE,Perm_DeltaAcc,Combined_Score,Stability_Freq,Selected,Rank
MRT,numeric,0.19961525576076694,0.0016578234507110302,0.024468698341012892,0.05192048784350993,1.0,1.0,True,1
RH,numeric,0.005344435399548221,0.0,0.0059262039788009705,0.01961273461629841,1.0,1.0,True,2
Top,numeric,0.22641087588146216,0.13504086700742465,0.08037209020220214,0.07806486101211689,1.0,1.0,True,3
RATemp,numeric,0.2118439991855703,0.03538746276184949,0.047518183603624684,0.06830205116021225,1.0,1.0,False,4
Air Velo,numeric,0.018771042586310023,0.0,0.0018346332458466729,0.011994139542250737,1.0,1.0,False,5
