Feature,Type,Univariate_Score,Perm_DeltaR2,Perm_DeltaMAE,Perm_DeltaAcc,Combined_Score,Stability_Freq,Selected,Rank
Clothing,categorical,0.13212140341337114,0.006643493970235189,0.004708158969879151,0.00483397023912917,1.0,1.0,True,1
Season,categorical,0.024364923877041998,0.007855780919392904,0.0035162250200907385,0.0006600660066006644,1.0,1.0,True,2
Activity,categorical,0.003723005400763959,0.001240372657775879,0.0009633580843607584,0.0006586184934282942,1.0,1.0,True,3
MRT,numeric,0.14295464481428105,0.023446297645568846,0.015259206295013431,0.01033596780730704,1.0,1.0,False,4
RH,numeric,0.0034558369527280227,0.003597489992777506,0.0031325459480285645,0.007249145967228294,1.0,1.0,False,5
Top,numeric,0.2583906156626027,0.1441046714782715,0.0894684116045634,0.045687134502923984,1.0,1.0,False,6
RATemp,numeric,0.25737310816365094,0.07532946268717448,0.051651887098948156,0.030974610618956632,1.0,1.0,False,7
Air Velo,numeric,0.021045774083030204,0.007256333033243814,0.005363078912099203,0.007469891726014699,1.0,1.0,False,8
