Feature,Type,Univariate_Score,Perm_DeltaR2,Perm_DeltaMAE,Perm_DeltaAcc,Combined_Score,Stability_Freq,Selected,Rank
Clothing,categorical,0.36107642774840565,0.016832099570366785,0.00909052308766034,0.003174603174603171,1.0,1.0,True,1
Season,categorical,0.0,4.4408920985006264e-17,0.0,0.0,1.0,1.0,True,2
Activity,categorical,0.0,4.4408920985006264e-17,0.0,0.0,1.0,1.0,True,3
MRT,numeric,0.041044797892478044,0.027614986683982812,0.01529154183387862,0.020487264673311176,1.0,1.0,False,4
RH,numeric,0.0027651772560393123,0.02560278311869104,0.016500430910496734,0.02539682539682539,1.0,1.0,False,5
Top,numeric,0.06833100609793122,0.04548409288787439,0.02906301873146707,0.028386858619416748,1.0,1.0,False,6
RATemp,numeric,0.018579672702628686,0.01488759791404608,0.011752499154835219,0.02532299741602066,1.0,1.0,False,7
Air Velo,numeric,0.017172946142886843,0.018765833696993334,0.01167117224795496,0.004688076781100033,1.0,1.0,False,8
