Feature,Type,Univariate_Score,Perm_DeltaR2,Perm_DeltaMAE,Perm_DeltaAcc,Combined_Score,Stability_Freq,Selected,Rank
Clothing,categorical,0.36107642774840565,0.0005830658155974315,0.0002402551761080618,0.003137689184200816,1.0,1.0,True,1
Season,categorical,0.0,0.0,0.0,0.0,1.0,1.0,True,2
Activity,categorical,0.0,0.0,0.0,0.0,1.0,1.0,True,3
MRT,numeric,0.041044797892478044,0.035298254444260435,0.028348532167646944,0.0410483573274271,1.0,1.0,False,4
RH,numeric,0.0027651772560393123,0.008013168597265228,0.005255564777016978,0.02059800664451828,1.0,1.0,False,5
Top,numeric,0.06833100609793122,0.031396073020235504,0.02136277383014173,0.018863049095607237,1.0,1.0,False,6
RATemp,numeric,0.018579672702628686,0.024729433427755333,0.015125602518108208,0.017349575489110373,1.0,1.0,False,7
Air Velo,numeric,0.017172946142886843,0.017119882431177125,0.008193159431170455,0.0347360649686231,1.0,1.0,False,8
