Feature,Type,Univariate_Score,Perm_DeltaR2,Perm_DeltaMAE,Perm_DeltaAcc,Combined_Score,Stability_Freq,Selected,Rank
Clothing,categorical,0.36107642774840565,0.004983039697011311,0.00205994447072347,0.004761904761904764,1.0,1.0,True,1
Season,categorical,0.0,0.0,0.0,0.0,1.0,1.0,True,2
Activity,categorical,0.0,0.0,0.0,0.0,1.0,1.0,True,3
MRT,numeric,0.041044797892478044,0.04222555955251058,0.024543444315592446,0.023809523809523808,1.0,1.0,False,4
RH,numeric,0.0027651772560393123,0.020778334140777587,0.00875929594039917,0.019047619047619046,1.0,1.0,False,5
Top,numeric,0.06833100609793122,0.03658259312311808,0.01974560817082723,0.012550756736803254,1.0,1.0,False,6
RATemp,numeric,0.018579672702628686,0.011726772785186768,0.010415693124135336,0.020634920634920638,1.0,1.0,False,7
Air Velo,numeric,0.017172946142886843,0.017637344201405843,0.013258723417917886,0.01579918789221115,1.0,1.0,False,8
