Feature,Type,Univariate_Score,Perm_DeltaR2,Perm_DeltaMAE,Perm_DeltaAcc,Combined_Score,Stability_Freq,Selected,Rank
Clothing,categorical,0.13212140341337114,0.017118983689813048,0.014656328720870051,0.01909342250014475,1.0,1.0,True,1
Season,categorical,0.024364923877041998,0.025039697394435755,0.014776590485807631,0.005926118927682232,1.0,1.0,True,2
Activity,categorical,0.003723005400763959,0.003121804947962592,0.0034669245748307764,0.008557697875050663,1.0,1.0,True,3
MRT,numeric,0.14295464481428105,0.002898834730256946,0.0009539710130355372,0.0059398703028197535,1.0,1.0,False,4
RH,numeric,0.0034558369527280227,0.0013807350477641922,0.003470569660056766,0.006145417173296275,1.0,1.0,False,5
Top,numeric,0.2583906156626027,0.08787931823540476,0.05994210052919775,0.03799649701812287,1.0,1.0,False,6
RATemp,numeric,0.25737310816365094,0.07921739611933246,0.04879477673042379,0.030973163105784258,1.0,1.0,False,7
Air Velo,numeric,0.021045774083030204,0.0013391276576276403,0.0023221954845195217,0.003516733252272597,1.0,1.0,False,8
