Feature,Type,Univariate_Score,Perm_DeltaR2,Perm_DeltaMAE,Perm_DeltaAcc,Combined_Score,Stability_Freq,Selected,Rank
Clothing,categorical,0.13212140341337114,0.003953261646435546,0.0023334225277344745,0.0039488159342250095,1.0,1.0,True,1
Season,categorical,0.024364923877041998,0.015913704326490877,0.012441416471841894,0.007026952695269528,1.0,1.0,True,2
Activity,categorical,0.003723005400763959,0.0028253581906503285,0.001989244990031791,0.0039575010132592275,1.0,1.0,True,3
MRT,numeric,0.14295464481428105,0.025431762897677696,0.01783913149584252,0.021301603844594987,1.0,1.0,False,4
RH,numeric,0.0034558369527280227,0.015199103939941224,0.01113179631160665,0.01273449713392392,1.0,1.0,False,5
Top,numeric,0.2583906156626027,0.09285762160123796,0.06192717579138205,0.037535464072723075,1.0,1.0,False,6
RATemp,numeric,0.25737310816365094,0.11586402521332355,0.07573874398539249,0.05269888830988362,1.0,1.0,False,7
Air Velo,numeric,0.021045774083030204,0.011713099820116398,0.00954771556844276,0.01602903711423774,1.0,1.0,False,8
