Feature,Type,Univariate_Score,Perm_DeltaR2,Perm_DeltaMAE,Perm_DeltaAcc,Combined_Score,Stability_Freq,Selected,Rank
Clothing,categorical,0.39075433617284083,0.004137749081366918,0.006094815769091618,0.010502283105022828,1.0,1.0,True,1
Season,categorical,0.3423220618313034,0.2814036144723776,0.16613460602924035,0.0735159817351598,1.0,1.0,True,2
Activity,categorical,0.16546141439178608,0.004083773529963741,0.0036302697196768006,0.0022831050228310557,1.0,1.0,True,3
MRT,numeric,0.33427764517134434,0.03055640908159967,0.025502948690497913,0.013013698630136983,1.0,1.0,False,4
RH,numeric,0.325604547468956,0.01979852061091425,0.017001270195974322,0.009360730593607305,1.0,1.0,False,5
Top,numeric,0.34820425437285063,0.010651772313891807,0.01112536561496027,0.011643835616438359,1.0,1.0,False,6
RATemp,numeric,0.35396998660550694,0.008162378062792141,0.007372758846648675,0.00821917808219178,1.0,1.0,False,7
Air Velo,numeric,0.12181591040826834,0.019949645611012028,0.011904604190726698,0.009360730593607307,1.0,1.0,False,8
