Feature,Type,Univariate_Score,Perm_DeltaR2,Perm_DeltaMAE,Perm_DeltaAcc,Combined_Score,Stability_Freq,Selected,Rank
Clothing,categorical,0.39075433617284083,0.0,0.0,0.0,1.0,1.0,True,1
Season,categorical,0.3423220618313034,0.013461200468760709,0.009013029744266106,0.004794520547945206,1.0,1.0,True,2
Activity,categorical,0.16546141439178608,0.0,0.0,0.0,1.0,1.0,True,3
MRT,numeric,0.33427764517134434,0.07894033879556298,0.050149316677325216,0.011872146118721462,1.0,1.0,False,4
RH,numeric,0.325604547468956,0.04107105599555723,0.029994279981587203,0.008219178082191785,1.0,1.0,False,5
Top,numeric,0.34820425437285063,0.03564705333936457,0.02430627238713407,0.004337899543378995,1.0,1.0,False,6
RATemp,numeric,0.35396998660550694,0.02553378347781793,0.017918062467950156,0.0031963470319634757,1.0,1.0,False,7
Air Velo,numeric,0.12181591040826834,0.06052643111027785,0.03426431039939872,0.009817351598173518,1.0,1.0,False,8
