Feature,Type,Univariate_Score,Perm_DeltaR2,Perm_DeltaMAE,Perm_DeltaAcc,Combined_Score,Stability_Freq,Selected,Rank
Clothing,categorical,0.39075433617284083,0.007946370504474162,0.0061411557223888845,0.00844748858447488,1.0,1.0,True,1
Season,categorical,0.3423220618313034,0.05951549639587543,0.042633210695707274,0.022602739726027388,1.0,1.0,True,2
Activity,categorical,0.16546141439178608,0.01423621126524785,0.007908566073587142,0.00433789954337899,1.0,1.0,True,3
MRT,numeric,0.33427764517134434,0.09929015844939378,0.06980985634268097,0.03150684931506848,1.0,1.0,False,4
RH,numeric,0.325604547468956,0.07172361076844516,0.04827171176733243,0.026255707762557062,1.0,1.0,False,5
Top,numeric,0.34820425437285063,0.09010119792134172,0.06631190513167114,0.03378995433789952,1.0,1.0,False,6
RATemp,numeric,0.35396998660550694,0.05285062825533695,0.03605211205002471,0.02214611872146118,1.0,1.0,False,7
Air Velo,numeric,0.12181591040826834,0.055733749655445156,0.03519783187924062,0.0057077625570776235,1.0,1.0,False,8
