Feature,Type,Univariate_Score,Perm_DeltaR2,Perm_DeltaMAE,Perm_DeltaAcc,Combined_Score,Stability_Freq,Selected,Rank
Clothing,categorical,0.39075433617284083,0.004616951942443848,0.00561529795328776,0.011187214611872148,1.0,1.0,True,1
Season,categorical,0.3423220618313034,0.03531455198923747,0.02371564308802287,0.018493150684931504,1.0,1.0,True,2
Activity,categorical,0.16546141439178608,0.0005318125089009603,0.00017079512278238932,0.0013698630136986282,1.0,1.0,True,3
MRT,numeric,0.33427764517134434,0.2589767972628276,0.15737952788670856,0.06826484018264842,1.0,1.0,False,4
RH,numeric,0.325604547468956,0.048098643620808915,0.03264702558517456,0.025342465753424658,1.0,1.0,False,5
Top,numeric,0.34820425437285063,0.037925724188486734,0.03060288826624552,0.018036529680365294,1.0,1.0,False,6
RATemp,numeric,0.35396998660550694,0.0675401528676351,0.0454594890276591,0.023059360730593607,1.0,1.0,False,7
Air Velo,numeric,0.12181591040826834,0.023437865575154624,0.013242697715759278,0.006392694063926936,1.0,1.0,False,8
