Feature,Type,Univariate_Score,Perm_DeltaR2,Perm_DeltaMAE,Perm_DeltaAcc,Combined_Score,Stability_Freq,Selected,Rank
MRT,numeric,0.19961525576076694,0.013535398512313992,0.007998426551885532,0.011976320582877956,1.0,1.0,True,1
RH,numeric,0.005344435399548221,0.0,0.0,0.0,1.0,1.0,True,2
Top,numeric,0.22641087588146216,0.07616326490473871,0.03364168327051819,0.02288548348776431,1.0,1.0,True,3
RATemp,numeric,0.2118439991855703,0.07054776800063015,0.03146125798346236,0.022160845806604892,1.0,1.0,False,4
Air Velo,numeric,0.018771042586310023,0.0,0.0,0.0,1.0,1.0,False,5
