Feature,Type,Univariate_Score,Perm_DeltaR2,Perm_DeltaMAE,Perm_DeltaAcc,Combined_Score,Stability_Freq,Selected,Rank
MRT,numeric,0.19961525576076694,0.041097397524760174,0.03273038827980644,0.04500277183812466,1.0,1.0,True,1
RH,numeric,0.005344435399548221,0.015411565596412827,0.00824934839331266,0.02433277896570841,1.0,1.0,True,2
Top,numeric,0.22641087588146216,0.1936056402901734,0.08849775779643358,0.0722776589847153,1.0,1.0,True,3
RATemp,numeric,0.2118439991855703,0.0663612837548438,0.04692899464239343,0.056652411499168456,1.0,1.0,False,4
Air Velo,numeric,0.018771042586310023,0.01350264304998639,0.008638760422291539,0.010525065336184367,1.0,1.0,False,5
