Feature,Type,Univariate_Score,Perm_DeltaR2,Perm_DeltaMAE,Perm_DeltaAcc,Combined_Score,Stability_Freq,Selected,Rank
MRT,numeric,0.19961525576076694,0.006017943285745675,0.024601795936293157,0.05227884691534015,1.0,1.0,True,1
RH,numeric,0.005344435399548221,0.0,0.005894063495214308,0.026878910271640133,1.0,1.0,True,2
Top,numeric,0.22641087588146216,0.13734028606844065,0.07894625721398559,0.0650015839074998,1.0,1.0,True,3
RATemp,numeric,0.2118439991855703,0.02926650279512749,0.044459047399887514,0.06939692721945039,1.0,1.0,False,4
Air Velo,numeric,0.018771042586310023,1.3818022828967123e-05,0.0007038782232430855,0.009459887542567508,1.0,1.0,False,5
