Feature,Type,Univariate_Score,Perm_DeltaR2,Perm_DeltaMAE,Perm_DeltaAcc,Combined_Score,Stability_Freq,Selected,Rank
MRT,numeric,0.19961525576076694,0.036136571566263834,0.030921387672424316,0.038896808426387895,1.0,1.0,True,1
RH,numeric,0.005344435399548221,0.010410122076670329,0.005979915459950765,0.015611388294923572,1.0,1.0,True,2
Top,numeric,0.22641087588146216,0.3213955760002137,0.13141332864761351,0.0867704126079037,1.0,1.0,True,3
RATemp,numeric,0.2118439991855703,0.03988077640533448,0.037092959880828856,0.06066761701116654,1.0,1.0,False,4
Air Velo,numeric,0.018771042586310023,0.011621018250783283,0.006912298997243245,0.012689078957788858,1.0,1.0,False,5
