Feature,Type,Univariate_Score,Perm_DeltaR2,Perm_DeltaMAE,Perm_DeltaAcc,Combined_Score,Stability_Freq,Selected,Rank
Clothing,categorical,0.13212140341337114,0.0031385556260581293,0.0018908084652966412,0.005270395460598701,1.0,1.0,True,1
Season,categorical,0.024364923877041998,0.016127903249122697,0.013261012654552035,0.008118377627236406,1.0,1.0,True,2
Activity,categorical,0.003723005400763959,0.0030155546043715655,0.0029773666145876438,0.005274738000115809,1.0,1.0,True,3
MRT,numeric,0.14295464481428105,0.022411550989894856,0.016281517506923714,0.019545046609924156,1.0,1.0,False,4
RH,numeric,0.0034558369527280227,0.011320318180218324,0.0086649006242225,0.009437785883851541,1.0,1.0,False,5
Top,numeric,0.2583906156626027,0.10153016165233772,0.06842300187929864,0.0474060563951132,1.0,1.0,False,6
RATemp,numeric,0.25737310816365094,0.11468720477458501,0.07610166165271491,0.0625817844942389,1.0,1.0,False,7
Air Velo,numeric,0.021045774083030204,0.011615751205637114,0.008089634992509366,0.015374037403740378,1.0,1.0,False,8
