Feature,Type,Univariate_Score,Perm_DeltaR2,Perm_DeltaMAE,Perm_DeltaAcc,Combined_Score,Stability_Freq,Selected,Rank
Clothing,categorical,0.36107642774840565,0.01910375598483071,0.009504545375904025,0.004761904761904761,1.0,1.0,True,1
Season,categorical,0.0,2.2204460492503132e-17,2.2204460492503132e-17,0.0,1.0,1.0,True,2
Activity,categorical,0.0,4.4408920985006264e-17,1.4802973661668754e-17,0.0,1.0,1.0,True,3
MRT,numeric,0.041044797892478044,0.028236020876975652,0.015745196551756397,0.01579918789221114,1.0,1.0,False,4
RH,numeric,0.0027651772560393123,0.02225007073201706,0.012184908485383287,0.015799187892211138,1.0,1.0,False,5
Top,numeric,0.06833100609793122,0.0462255446116781,0.029064001385737594,0.030047988187523057,1.0,1.0,False,6
RATemp,numeric,0.018579672702628686,0.01749481973398721,0.012817372215681171,0.022222222222222213,1.0,1.0,False,7
Air Velo,numeric,0.017172946142886843,0.03457107891266069,0.00970449341468161,0.01255075673680324,1.0,1.0,False,8
