Feature,Type,Univariate_Score,Perm_DeltaR2,Perm_DeltaMAE,Perm_DeltaAcc,Combined_Score,Stability_Freq,Selected,Rank
Clothing,categorical,0.36107642774840565,0.0008036994979117695,0.0003950714513163719,0.001587301587301589,1.0,1.0,True,1
Season,categorical,0.0,0.0,0.0,0.0,1.0,1.0,True,2
Activity,categorical,0.0,0.0,0.0,0.0,1.0,1.0,True,3
MRT,numeric,0.041044797892478044,0.018639406633050023,0.018494919705309934,0.0314138058324105,1.0,1.0,False,4
RH,numeric,0.0027651772560393123,0.021332890323783688,0.009606788007440362,0.020524178663713557,1.0,1.0,False,5
Top,numeric,0.06833100609793122,0.02871630378897158,0.02046321876614874,0.021889996308600966,1.0,1.0,False,6
RATemp,numeric,0.018579672702628686,0.023517591414469206,0.016582660393906153,0.028460686600221486,1.0,1.0,False,7
Air Velo,numeric,0.017172946142886843,0.009551352145485555,0.005336992379960303,0.03643410852713178,1.0,1.0,False,8
