Feature,Type,Univariate_Score,Perm_DeltaR2,Perm_DeltaMAE,Perm_DeltaAcc,Combined_Score,Stability_Freq,Selected,Rank
Clothing,categorical,0.36107642774840565,0.0025041619936625164,0.0010013421376546224,0.0,1.0,1.0,True,1
Season,categorical,0.0,0.0,0.0,0.0,1.0,1.0,True,2
Activity,categorical,0.0,0.0,0.0,0.0,1.0,1.0,True,3
MRT,numeric,0.041044797892478044,0.041480084260304764,0.0231699268023173,0.0301218161683278,1.0,1.0,False,4
RH,numeric,0.0027651772560393123,0.011999686559041342,0.0037338693936665853,0.019047619047619053,1.0,1.0,False,5
Top,numeric,0.06833100609793122,0.013993640740712484,0.01106588840484619,0.01723883351790329,1.0,1.0,False,6
RATemp,numeric,0.018579672702628686,0.01811952193578084,0.014026522636413574,0.017460317460317468,1.0,1.0,False,7
Air Velo,numeric,0.017172946142886843,0.017931556701660155,0.011547859509785971,0.014248800295311923,1.0,1.0,False,8
