Feature,Type,Univariate_Score,Perm_DeltaR2,Perm_DeltaMAE,Perm_DeltaAcc,Combined_Score,Stability_Freq,Selected,Rank
Clothing,categorical,0.13212140341337114,0.022002270247606325,0.015683858575753704,0.013612413872966245,1.0,1.0,True,1
Season,categorical,0.024364923877041998,0.02417549358933583,0.015143323218400423,0.004391031208383999,1.0,1.0,True,2
Activity,categorical,0.003723005400763959,0.0027387380792089832,0.004113841736300131,0.009656360372879395,1.0,1.0,True,3
MRT,numeric,0.14295464481428105,0.0012039988541564146,2.7108052639153905e-05,0.0030795842742168916,1.0,1.0,False,4
RH,numeric,0.0034558369527280227,0.001594384170745037,0.003296149352765609,0.0019751317236986867,1.0,1.0,False,5
Top,numeric,0.2583906156626027,0.09106658368148562,0.058947006652601885,0.034264808059753335,1.0,1.0,False,6
RATemp,numeric,0.25737310816365094,0.07024613834648018,0.043851387949952705,0.02503618782930924,1.0,1.0,False,7
Air Velo,numeric,0.021045774083030204,0.0030075627027699985,0.0027760104614454363,0.004831075212784442,1.0,1.0,False,8
