Feature,Type,Univariate_Score,Perm_DeltaR2,Perm_DeltaMAE,Perm_DeltaAcc,Combined_Score,Stability_Freq,Selected,Rank
Clothing,categorical,0.13212140341337114,0.008623977502187092,0.006325177351633708,0.004830351456198244,1.0,1.0,True,1
Season,categorical,0.024364923877041998,0.007303468386332194,0.00282288392384847,0.00043859649122807154,1.0,1.0,True,2
Activity,categorical,0.003723005400763959,0.0012081265449523926,0.0010089953740437827,0.0010986624978287323,1.0,1.0,True,3
MRT,numeric,0.14295464481428105,0.02422750393549601,0.016477433840433757,0.014716142666898264,1.0,1.0,False,4
RH,numeric,0.0034558369527280227,0.006445840994517009,0.003294122219085693,0.00615048346939957,1.0,1.0,False,5
Top,numeric,0.2583906156626027,0.1349190632502238,0.08472282886505127,0.04153639048115339,1.0,1.0,False,6
RATemp,numeric,0.25737310816365094,0.07994537750879924,0.055534156163533535,0.03186555497655029,1.0,1.0,False,7
Air Velo,numeric,0.021045774083030204,0.0036346634229024247,0.0036118666330973307,0.007028400208441898,1.0,1.0,False,8
