Feature,Type,Univariate_Score,Perm_DeltaR2,Perm_DeltaMAE,Perm_DeltaAcc,Combined_Score,Stability_Freq,Selected,Rank
Clothing,categorical,0.39075433617284083,0.0032204105091254197,0.005081784775825667,0.010730593607305935,1.0,1.0,True,1
Season,categorical,0.3423220618313034,0.30957618444158286,0.18109067442192894,0.07739726027397262,1.0,1.0,True,2
Activity,categorical,0.16546141439178608,0.003630461181056817,0.0027971496276466856,0.0015981735159817378,1.0,1.0,True,3
MRT,numeric,0.33427764517134434,0.02993554188876298,0.025046878063427803,0.014155251141552517,1.0,1.0,False,4
RH,numeric,0.325604547468956,0.02087137019839718,0.0166668929089521,0.01392694063926941,1.0,1.0,False,5
Top,numeric,0.34820425437285063,0.012006378702475087,0.010393540985933088,0.010045662100456624,1.0,1.0,False,6
RATemp,numeric,0.35396998660550694,0.006926222215956387,0.00708524762764493,0.007534246575342471,1.0,1.0,False,7
Air Velo,numeric,0.12181591040826834,0.02426421245499195,0.014905418599075609,0.008904109589041097,1.0,1.0,False,8
