Feature,Type,Univariate_Score,Perm_DeltaR2,Perm_DeltaMAE,Perm_DeltaAcc,Combined_Score,Stability_Freq,Selected,Rank
Clothing,categorical,0.39075433617284083,0.0055627624193827305,0.005580119291941325,0.015525114155251141,1.0,1.0,True,1
Season,categorical,0.3423220618313034,0.03374360005060832,0.02288905382156372,0.01278538812785388,1.0,1.0,True,2
Activity,categorical,0.16546141439178608,0.00018383264541625975,8.69592030843099e-05,0.0013698630136986356,1.0,1.0,True,3
MRT,numeric,0.33427764517134434,0.2481226841608683,0.14887874126434325,0.07397260273972603,1.0,1.0,False,4
RH,numeric,0.325604547468956,0.050979328155517575,0.038597595691680905,0.03401826484018264,1.0,1.0,False,5
Top,numeric,0.34820425437285063,0.040314328670501706,0.034060875574747726,0.02625570776255708,1.0,1.0,False,6
RATemp,numeric,0.35396998660550694,0.06748182773590088,0.0454923152923584,0.02579908675799087,1.0,1.0,False,7
Air Velo,numeric,0.12181591040826834,0.023026931285858154,0.013188862800598144,0.00867579908675799,1.0,1.0,False,8
