Feature,Type,Univariate_Score,Perm_DeltaR2,Perm_DeltaMAE,Perm_DeltaAcc,Combined_Score,Stability_Freq,Selected,Rank
Clothing,categorical,0.39075433617284083,0.009021544291021652,0.005734958320509061,0.005251141552511404,1.0,1.0,True,1
Season,categorical,0.3423220618313034,0.056310033507841716,0.03659346032199389,0.017579908675799075,1.0,1.0,True,2
Activity,categorical,0.16546141439178608,0.013199184133907985,0.007057337094112701,0.006164383561643831,1.0,1.0,True,3
MRT,numeric,0.33427764517134434,0.092993542165795,0.06434686679991503,0.03630136986301369,1.0,1.0,False,4
RH,numeric,0.325604547468956,0.07482365188857122,0.05149125142196818,0.03219178082191779,1.0,1.0,False,5
Top,numeric,0.34820425437285063,0.10467904503381678,0.07302081163122484,0.04178082191780819,1.0,1.0,False,6
RATemp,numeric,0.35396998660550694,0.05713245180511909,0.037914327653293355,0.018949771689497703,1.0,1.0,False,7
Air Velo,numeric,0.12181591040826834,0.058953682331172576,0.035127605045553026,0.010730593607305923,1.0,1.0,False,8
