Feature,Type,Univariate_Score,Perm_DeltaR2,Perm_DeltaMAE,Perm_DeltaAcc,Combined_Score,Stability_Freq,Selected,Rank
Clothing,categorical,0.39075433617284083,0.0,0.0,0.0,1.0,1.0,True,1
Season,categorical,0.3423220618313034,0.01222307924458456,0.008255081544221032,0.0031963470319634757,1.0,1.0,True,2
Activity,categorical,0.16546141439178608,0.0,0.0,0.0,1.0,1.0,True,3
MRT,numeric,0.33427764517134434,0.08183599063153076,0.052302601873473645,0.018264840182648408,1.0,1.0,False,4
RH,numeric,0.325604547468956,0.04138179826777896,0.026585937563073703,0.005479452054794521,1.0,1.0,False,5
Top,numeric,0.34820425437285063,0.035481826646194925,0.024010721094454117,0.004109589041095896,1.0,1.0,False,6
RATemp,numeric,0.35396998660550694,0.025333725927723892,0.017548623046586064,0.0027397260273972638,1.0,1.0,False,7
Air Velo,numeric,0.12181591040826834,0.055352750985926916,0.03187281291850012,0.004109589041095896,1.0,1.0,False,8
