Feature,Type,Univariate_Score,Perm_DeltaR2,Perm_DeltaMAE,Perm_DeltaAcc,Combined_Score,Stability_Freq,Selected,Rank
MRT,numeric,0.19961525576076694,0.0502752583251009,0.03604450348414949,0.045012671259998416,1.0,1.0,True,1
RH,numeric,0.005344435399548221,0.014918582008564779,0.007659096562077357,0.021786647659776674,1.0,1.0,True,2
Top,numeric,0.22641087588146216,0.18088771702440806,0.08304701229372048,0.07624534727171935,1.0,1.0,True,3
RATemp,numeric,0.2118439991855703,0.07213687005056577,0.04639707335357591,0.051572028193553485,1.0,1.0,False,4
Air Velo,numeric,0.018771042586310023,0.019376012632133895,0.011240437217493088,0.009069850320741271,1.0,1.0,False,5
