Feature,Type,Univariate_Score,Perm_DeltaR2,Perm_DeltaMAE,Perm_DeltaAcc,Combined_Score,Stability_Freq,Selected,Rank
MRT,numeric,0.19961525576076694,0.038185362021128336,0.030620626608530682,0.04217351706660331,1.0,1.0,True,1
RH,numeric,0.005344435399548221,0.006679077943166098,0.005646189053853353,0.011970380929753695,1.0,1.0,True,2
Top,numeric,0.22641087588146216,0.3194697539011637,0.12787266969680786,0.07770650194028669,1.0,1.0,True,3
RATemp,numeric,0.2118439991855703,0.034291183948516844,0.033471051851908365,0.052312504949710924,1.0,1.0,False,4
Air Velo,numeric,0.018771042586310023,0.009256501992543539,0.005803891023000081,0.015599508988675057,1.0,1.0,False,5
