Feature,Type,Univariate_Score,Perm_DeltaR2,Perm_DeltaMAE,Perm_DeltaAcc,Combined_Score,Stability_Freq,Selected,Rank
MRT,numeric,0.19961525576076694,0.012836795460026518,0.007995459780838435,0.01452047200443494,1.0,1.0,True,1
RH,numeric,0.005344435399548221,0.0,0.0,0.0,1.0,1.0,True,2
Top,numeric,0.22641087588146216,0.06880869840246465,0.029816117817532416,0.013783955017026997,1.0,1.0,True,3
RATemp,numeric,0.2118439991855703,0.07534884794648128,0.033998307763389086,0.02105409044111823,1.0,1.0,False,4
Air Velo,numeric,0.018771042586310023,0.0,0.0,0.0,1.0,1.0,False,5
