Feature,Type,Univariate_Score,Perm_DeltaR2,Perm_DeltaMAE,Perm_DeltaAcc,Combined_Score,Stability_Freq,Selected,Rank
MRT,numeric,0.19961525576076694,0.004269170495834773,0.025170761179469574,0.056642512077294684,1.0,1.0,True,1
RH,numeric,0.005344435399548221,0.0,0.004551058483837404,0.022517224994060343,1.0,1.0,True,2
Top,numeric,0.22641087588146216,0.16047100874843595,0.08688861216355787,0.0770095826403738,1.0,1.0,True,3
RATemp,numeric,0.2118439991855703,0.03681227435503155,0.04838441437674122,0.0711887225786014,1.0,1.0,False,4
Air Velo,numeric,0.018771042586310023,0.0008260192099338,0.0019953640235313985,0.005810960639898633,1.0,1.0,False,5
