RMSE,MAE,R2,Accuracy,Residual_STD,MBE
0.9928702600102467,0.7826867049819144,0.2505194293000549,0.391304347826087,0.9928306751426246,0.008865873259608609
