Feature,Type,Univariate_Score,Perm_DeltaR2,Perm_DeltaMAE,Perm_DeltaAcc,Combined_Score,Stability_Freq,Selected,Rank
Clothing,categorical,0.13212140341337114,0.006281189123789469,0.005514184633890788,0.006366162932082679,1.0,1.0,True,1
Season,categorical,0.024364923877041998,0.005868653456370035,0.0023176670074462895,0.0006586184934282979,1.0,1.0,True,2
Activity,categorical,0.003723005400763959,0.000945281982421875,0.0007699966430664062,0.0006593422500144755,1.0,1.0,True,3
MRT,numeric,0.14295464481428105,0.0214028795560201,0.016277746359507246,0.009667216721672159,1.0,1.0,False,4
RH,numeric,0.0034558369527280227,0.0052036801973978685,0.0032698869705200194,0.006809101962827868,1.0,1.0,False,5
Top,numeric,0.2583906156626027,0.1390857736269633,0.08702323436737061,0.03953737479011059,1.0,1.0,False,6
RATemp,numeric,0.25737310816365094,0.08903335730234782,0.057688176631927476,0.030105378958948527,1.0,1.0,False,7
Air Velo,numeric,0.021045774083030204,0.005647047360738119,0.005947713057200114,0.013398181923455498,1.0,1.0,False,8
