Feature,Type,Univariate_Score,Perm_DeltaR2,Perm_DeltaMAE,Perm_DeltaAcc,Combined_Score,Stability_Freq,Selected,Rank
Clothing,categorical,0.36107642774840565,0.0011665204143693098,0.0007393956287447508,0.001587301587301589,1.0,1.0,True,1
Season,categorical,0.0,0.0,0.0,0.0,1.0,1.0,True,2
Activity,categorical,0.0,0.0,0.0,0.0,1.0,1.0,True,3
MRT,numeric,0.041044797892478044,0.01879032299119987,0.01955299399031009,0.03613879660391288,1.0,1.0,False,4
RH,numeric,0.0027651772560393123,0.020480588618684913,0.01304570750290519,0.02698412698412699,1.0,1.0,False,5
Top,numeric,0.06833100609793122,0.021242938123004557,0.020446352731012193,0.03462532299741602,1.0,1.0,False,6
RATemp,numeric,0.018579672702628686,0.03239197932473837,0.02000228007546889,0.0392764857881137,1.0,1.0,False,7
Air Velo,numeric,0.017172946142886843,0.022177941046100092,0.010623604799367628,0.04112218530823182,1.0,1.0,False,8
