Feature,Type,Univariate_Score,Perm_DeltaR2,Perm_DeltaMAE,Perm_DeltaAcc,Combined_Score,Stability_Freq,Selected,Rank
Clothing,categorical,0.13212140341337114,0.0036777526253866768,0.002069205849873912,0.0019751317236986867,1.0,1.0,True,1
Season,categorical,0.024364923877041998,0.016129997722098045,0.012625161480443436,0.0098771061316658,1.0,1.0,True,2
Activity,categorical,0.003723005400763959,0.0025915503915718615,0.002212657913069016,0.0065963175264894995,1.0,1.0,True,3
MRT,numeric,0.14295464481428105,0.027423419057450864,0.017777989185625877,0.017800069480632275,1.0,1.0,False,4
RH,numeric,0.0034558369527280227,0.011931229062657495,0.007801994920721289,0.00966287418215506,1.0,1.0,False,5
Top,numeric,0.2583906156626027,0.09857165672555712,0.06754757240670323,0.03995208731399456,1.0,1.0,False,6
RATemp,numeric,0.25737310816365094,0.11898148773324804,0.07560505007539689,0.055339876092872456,1.0,1.0,False,7
Air Velo,numeric,0.021045774083030204,0.009598886114047068,0.008397875832142812,0.014271032366394543,1.0,1.0,False,8
