Feature,Type,Univariate_Score,Perm_DeltaR2,Perm_DeltaMAE,Perm_DeltaAcc,Combined_Score,Stability_Freq,Selected,Rank
Clothing,categorical,0.36107642774840565,0.0010542631149291991,0.0007713596026102702,0.001587301587301589,1.0,1.0,True,1
Season,categorical,0.0,0.0,0.0,0.0,1.0,1.0,True,2
Activity,categorical,0.0,0.0,0.0,0.0,1.0,1.0,True,3
MRT,numeric,0.041044797892478044,0.03719855546951294,0.024271627267201744,0.020598006644518274,1.0,1.0,False,4
RH,numeric,0.0027651772560393123,0.014204184214274088,0.003882249196370443,0.01579918789221115,1.0,1.0,False,5
Top,numeric,0.06833100609793122,0.0256760835647583,0.018345240751902265,0.01731266149870802,1.0,1.0,False,6
RATemp,numeric,0.018579672702628686,0.015879495938618978,0.010604015986124673,0.017423403469915097,1.0,1.0,False,7
Air Velo,numeric,0.017172946142886843,0.009865272045135497,0.006902519861857097,0.011074197120708746,1.0,1.0,False,8
