Feature,Type,Univariate_Score,Perm_DeltaR2,Perm_DeltaMAE,Perm_DeltaAcc,Combined_Score,Stability_Freq,Selected,Rank
Clothing,categorical,0.13212140341337114,0.019088101955960276,0.018222339507368596,0.023485177465114925,1.0,1.0,True,1
Season,categorical,0.024364923877041998,0.02057172487730683,0.014549669884906847,0.00636616293208269,1.0,1.0,True,2
Activity,categorical,0.003723005400763959,0.0021718350699354945,0.002680422071882416,0.008338399629436633,1.0,1.0,True,3
MRT,numeric,0.14295464481428105,0.003593871573864312,0.002277633676772036,0.009014388280933353,1.0,1.0,False,4
RH,numeric,0.0034558369527280227,0.0019311813137927662,0.003522970245137036,0.006144693416710093,1.0,1.0,False,5
Top,numeric,0.2583906156626027,0.09654745174273112,0.06116654737556313,0.03316542180533843,1.0,1.0,False,6
RATemp,numeric,0.25737310816365094,0.07598709866461287,0.04967778021220084,0.03558711134271322,1.0,1.0,False,7
Air Velo,numeric,0.021045774083030204,0.0015978516033858803,0.0032786495922420373,0.003958948526431586,1.0,1.0,False,8
