Feature,Type,Univariate_Score,Perm_DeltaR2,Perm_DeltaMAE,Perm_DeltaAcc,Combined_Score,Stability_Freq,Selected,Rank
Clothing,categorical,0.36107642774840565,0.022660843343644762,0.013335898310283529,0.015873015873015865,1.0,1.0,True,1
Season,categorical,0.0,1.4062824978585316e-16,1.4802973661668754e-17,0.0,1.0,1.0,True,2
Activity,categorical,0.0,1.258252761241844e-16,4.4408920985006264e-17,0.0,1.0,1.0,True,3
MRT,numeric,0.041044797892478044,0.01623119937125115,0.008285710227093648,0.02218530823181985,1.0,1.0,False,4
RH,numeric,0.0027651772560393123,0.014268912816350348,0.010148310599978925,0.014211886304909552,1.0,1.0,False,5
Top,numeric,0.06833100609793122,0.05604503000730936,0.03506810766496418,0.03008490217792542,1.0,1.0,False,6
RATemp,numeric,0.018579672702628686,0.012831598511893475,0.010455392054795605,0.015836101882613498,1.0,1.0,False,7
Air Velo,numeric,0.017172946142886843,0.033096797443216655,0.01391634002606817,0.012587670727205605,1.0,1.0,False,8
