Feature,Type,Univariate_Score,Perm_DeltaR2,Perm_DeltaMAE,Perm_DeltaAcc,Combined_Score,Stability_Freq,Selected,Rank
Clothing,categorical,0.39075433617284083,0.005491827582779619,0.0077269858020143035,0.008904109589041096,1.0,1.0,True,1
Season,categorical,0.3423220618313034,0.29808694653640955,0.17567665403431978,0.08744292237442922,1.0,1.0,True,2
Activity,categorical,0.16546141439178608,0.0031530611434169133,0.0025250455880666766,0.0004566210045662118,1.0,1.0,True,3
MRT,numeric,0.33427764517134434,0.027695550460464152,0.023199068921692677,0.009360730593607303,1.0,1.0,False,4
RH,numeric,0.325604547468956,0.019026076300082233,0.013545944773359997,0.005479452054794524,1.0,1.0,False,5
Top,numeric,0.34820425437285063,0.010341999176206011,0.009756895862571469,0.011187214611872148,1.0,1.0,False,6
RATemp,numeric,0.35396998660550694,0.004653839842577079,0.005520322174936943,0.005251141552511422,1.0,1.0,False,7
Air Velo,numeric,0.12181591040826834,0.025953573107235083,0.015497700184584125,0.008904109589041097,1.0,1.0,False,8
