Feature,Type,Univariate_Score,Perm_DeltaR2,Perm_DeltaMAE,Perm_DeltaAcc,Combined_Score,Stability_Freq,Selected,Rank
Clothing,categorical,0.39075433617284083,0.010690542696683163,0.00871452009187157,0.010958904109589029,1.0,1.0,True,1
Season,categorical,0.3423220618313034,0.0656182583302232,0.04629750913226681,0.025342465753424647,1.0,1.0,True,2
Activity,categorical,0.16546141439178608,0.01273847455785022,0.007788903327924946,0.005707762557077618,1.0,1.0,True,3
MRT,numeric,0.33427764517134434,0.09361695931922775,0.06645554645258196,0.0372146118721461,1.0,1.0,False,4
RH,numeric,0.325604547468956,0.06709444231301014,0.046622883513128356,0.026940639269406375,1.0,1.0,False,5
Top,numeric,0.34820425437285063,0.09578837594756383,0.06799640409193505,0.03401826484018263,1.0,1.0,False,6
RATemp,numeric,0.35396998660550694,0.053400048302320965,0.03554023970047662,0.02009132420091323,1.0,1.0,False,7
Air Velo,numeric,0.12181591040826834,0.05143481370419889,0.031040917930905743,0.014155251141552503,1.0,1.0,False,8
