Feature,Type,Univariate_Score,Perm_DeltaR2,Perm_DeltaMAE,Perm_DeltaAcc,Combined_Score,Stability_Freq,Selected,Rank
Clothing,categorical,0.39075433617284083,0.005369758605957031,0.005766526858011882,0.0077625570776255716,1.0,1.0,True,1
Season,categorical,0.3423220618313034,0.02977011203765869,0.019643815358479817,0.015296803652968038,1.0,1.0,True,2
Activity,categorical,0.16546141439178608,0.0005397558212280274,0.00031485954920450844,0.0027397260273972638,1.0,1.0,True,3
MRT,numeric,0.33427764517134434,0.2600460926691691,0.15824884176254275,0.07579908675799088,1.0,1.0,False,4
RH,numeric,0.325604547468956,0.04794382254282634,0.03525337378184001,0.031050228310502286,1.0,1.0,False,5
Top,numeric,0.34820425437285063,0.039476287364959714,0.032947270075480144,0.02625570776255708,1.0,1.0,False,6
RATemp,numeric,0.35396998660550694,0.06234600941340129,0.0386181910832723,0.02351598173515981,1.0,1.0,False,7
Air Velo,numeric,0.12181591040826834,0.021772785981496172,0.012432193756103518,0.005707762557077618,1.0,1.0,False,8
