Feature,Type,Univariate_Score,Perm_DeltaR2,Perm_DeltaMAE,Perm_DeltaAcc,Combined_Score,Stability_Freq,Selected,Rank
Clothing,categorical,0.39075433617284083,0.0,0.0,0.0,1.0,1.0,True,1
Season,categorical,0.3423220618313034,0.012818145866647099,0.008614667122349557,0.0034246575342465812,1.0,1.0,True,2
Activity,categorical,0.16546141439178608,0.0,0.0,0.0,1.0,1.0,True,3
MRT,numeric,0.33427764517134434,0.07838729965938698,0.05065541415338691,0.015068493150684934,1.0,1.0,False,4
RH,numeric,0.325604547468956,0.03894723412236272,0.027373435747498044,0.006849315068493153,1.0,1.0,False,5
Top,numeric,0.34820425437285063,0.03463334186244123,0.023826019921846246,0.0031963470319634714,1.0,1.0,False,6
RATemp,numeric,0.35396998660550694,0.025759355286878644,0.018271101712956775,0.0034246575342465778,1.0,1.0,False,7
Air Velo,numeric,0.12181591040826834,0.0594228109876694,0.032690120773925704,0.010730593607305942,1.0,1.0,False,8
