Feature,Type,Univariate_Score,Perm_DeltaR2,Perm_DeltaMAE,Perm_DeltaAcc,Combined_Score,Stability_Freq,Selected,Rank
MRT,numeric,0.19961525576076694,0.013473378670841026,0.008180345519089223,0.016710224122911222,1.0,1.0,True,1
RH,numeric,0.005344435399548221,0.0,0.0,0.0,1.0,1.0,True,2
Top,numeric,0.22641087588146216,0.07167152869905984,0.030990573183339108,0.013439455135820058,1.0,1.0,True,3
RATemp,numeric,0.2118439991855703,0.07324342146954924,0.03012181650376757,0.019606794963174145,1.0,1.0,False,4
Air Velo,numeric,0.018771042586310023,0.0,0.0,0.0,1.0,1.0,False,5
