Feature,Type,Univariate_Score,Perm_DeltaR2,Perm_DeltaMAE,Perm_DeltaAcc,Combined_Score,Stability_Freq,Selected,Rank
MRT,numeric,0.19961525576076694,0.03906219005584717,0.02784521182378133,0.03959372772630078,1.0,1.0,True,1
RH,numeric,0.005344435399548221,0.00614083210627238,0.005273493131001791,0.01633404609170824,1.0,1.0,True,2
Top,numeric,0.22641087588146216,0.2715244134267171,0.11695318222045899,0.08095153243050605,1.0,1.0,True,3
RATemp,numeric,0.2118439991855703,0.0448407252629598,0.03898349205652873,0.06793775243525778,1.0,1.0,False,4
Air Velo,numeric,0.018771042586310023,0.012533390522003173,0.006777373949686687,0.010158786726855147,1.0,1.0,False,5
