Feature,Type,Univariate_Score,Perm_DeltaR2,Perm_DeltaMAE,Perm_DeltaAcc,Combined_Score,Stability_Freq,Selected,Rank
MRT,numeric,0.19961525576076694,0.00597236408078093,0.02738192007518649,0.05269264274966342,1.0,1.0,True,1
RH,numeric,0.005344435399548221,0.0,0.002714335376693662,0.02142036905044746,1.0,1.0,True,2
Top,numeric,0.22641087588146216,0.15042692993565795,0.08364211707581778,0.0729824978221272,1.0,1.0,True,3
RATemp,numeric,0.2118439991855703,0.04684271092443948,0.05245556915185577,0.07190346083788707,1.0,1.0,False,4
Air Velo,numeric,0.018771042586310023,0.0,0.0006201387021484095,0.009804387423774447,1.0,1.0,False,5
