Feature,Type,Univariate_Score,Perm_DeltaR2,Perm_DeltaMAE,Perm_DeltaAcc,Combined_Score,Stability_Freq,Selected,Rank
MRT,numeric,0.19961525576076694,0.04301980951021196,0.035103456837999945,0.046456006969193005,1.0,1.0,True,1
RH,numeric,0.005344435399548221,0.011606040431120509,0.005930034940312515,0.014874871307515636,1.0,1.0,True,2
Top,numeric,0.22641087588146216,0.19654075858657014,0.08937313015643562,0.08716044982972995,1.0,1.0,True,3
RATemp,numeric,0.2118439991855703,0.06417288657698322,0.04525203497119392,0.04792310129088461,1.0,1.0,False,4
Air Velo,numeric,0.018771042586310023,0.014056611895897544,0.009730212726944364,0.009794488001900688,1.0,1.0,False,5
