Feature,Type,Univariate_Score,Perm_DeltaR2,Perm_DeltaMAE,Perm_DeltaAcc,Combined_Score,Stability_Freq,Selected,Rank
Clothing,categorical,0.13212140341337114,0.0070654710133870435,0.00646754503250122,0.006146864686468642,1.0,1.0,True,1
Season,categorical,0.024364923877041998,0.009518539905548096,0.004178265730539958,0.0004393202478142566,1.0,1.0,True,2
Activity,categorical,0.003723005400763959,0.0015235980351765948,0.0012457688649495442,0.0010986624978287286,1.0,1.0,True,3
MRT,numeric,0.14295464481428105,0.021000313758850097,0.015781001249949137,0.0083492559782294,1.0,1.0,False,4
RH,numeric,0.0034558369527280227,0.006322487195332844,0.004186769326527914,0.007692084997973481,1.0,1.0,False,5
Top,numeric,0.2583906156626027,0.14242706696192423,0.09412584304809571,0.052060535000868505,1.0,1.0,False,6
RATemp,numeric,0.25737310816365094,0.0814618190129598,0.052180159091949466,0.025709281454461236,1.0,1.0,False,7
Air Velo,numeric,0.021045774083030204,0.007357760270436604,0.006689151128133139,0.009008598228243873,1.0,1.0,False,8
