Feature,Type,Univariate_Score,Perm_DeltaR2,Perm_DeltaMAE,Perm_DeltaAcc,Combined_Score,Stability_Freq,Selected,Rank
Clothing,categorical,0.36107642774840565,0.0006094595464704478,0.00013182468175031807,0.001550387596899224,1.0,1.0,True,1
Season,categorical,0.0,0.0,0.0,0.0,1.0,1.0,True,2
Activity,categorical,0.0,0.0,0.0,0.0,1.0,1.0,True,3
MRT,numeric,0.041044797892478044,0.022951394424550308,0.021962367482729783,0.04108527131782946,1.0,1.0,False,4
RH,numeric,0.0027651772560393123,0.014922721800012839,0.008449898820494458,0.029974160206718347,1.0,1.0,False,5
Top,numeric,0.06833100609793122,0.026410971769891118,0.021727592664145562,0.02827611664820967,1.0,1.0,False,6
RATemp,numeric,0.018579672702628686,0.019998989922482502,0.015737892348238254,0.039387227759320784,1.0,1.0,False,7
Air Velo,numeric,0.017172946142886843,0.009135641183181331,0.007998217861730257,0.02532299741602067,1.0,1.0,False,8
