Feature,Type,Univariate_Score,Perm_DeltaR2,Perm_DeltaMAE,Perm_DeltaAcc,Combined_Score,Stability_Freq,Selected,Rank
Clothing,categorical,0.36107642774840565,0.0025320450464884443,0.0021779735883076983,0.006349206349206349,1.0,1.0,True,1
Season,categorical,0.0,0.0,0.0,0.0,1.0,1.0,True,2
Activity,categorical,0.0,0.0,0.0,0.0,1.0,1.0,True,3
MRT,numeric,0.041044797892478044,0.03321191867192587,0.022774835427602134,0.031746031746031744,1.0,1.0,False,4
RH,numeric,0.0027651772560393123,0.0150872270266215,0.0059740622838338215,0.030011074197120718,1.0,1.0,False,5
Top,numeric,0.06833100609793122,0.030208424727121992,0.016821606953938802,0.018789221114802513,1.0,1.0,False,6
RATemp,numeric,0.018579672702628686,0.01684430440266927,0.010263566176096597,0.014285714285714287,1.0,1.0,False,7
Air Velo,numeric,0.017172946142886843,0.02456541458765666,0.015067299207051594,0.023735695828719077,1.0,1.0,False,8
