Feature,Type,Univariate_Score,Perm_DeltaR2,Perm_DeltaMAE,Perm_DeltaAcc,Combined_Score,Stability_Freq,Selected,Rank
Clothing,categorical,0.13212140341337114,0.01630497151614333,0.014362053687819768,0.020198598807249137,1.0,1.0,True,1
Season,categorical,0.024364923877041998,0.023236075082396425,0.01471544336677042,0.0054918649759712794,1.0,1.0,True,2
Activity,categorical,0.003723005400763959,0.0018311052622846861,0.003963145797580709,0.010313531353135319,1.0,1.0,True,3
MRT,numeric,0.14295464481428105,0.003500084076621627,0.0037184269684637098,0.006377743037461639,1.0,1.0,False,4
RH,numeric,0.0034558369527280227,0.0010004899206648673,0.005475412564138334,0.006145417173296279,1.0,1.0,False,5
Top,numeric,0.2583906156626027,0.08180141377183055,0.05098401688296472,0.03316397429216607,1.0,1.0,False,6
RATemp,numeric,0.25737310816365094,0.07621624405308926,0.051595673190553394,0.04171877714087198,1.0,1.0,False,7
Air Velo,numeric,0.021045774083030204,0.004242378120621197,0.0034719105178470247,0.005714782004516242,1.0,1.0,False,8
