Feature,Type,Univariate_Score,Perm_DeltaR2,Perm_DeltaMAE,Perm_DeltaAcc,Combined_Score,Stability_Freq,Selected,Rank
Clothing,categorical,0.13212140341337114,0.003373816372558773,0.0019389393933906857,0.0037316889583695273,1.0,1.0,True,1
Season,categorical,0.024364923877041998,0.020352661664492788,0.014293087497368854,0.007459759133808109,1.0,1.0,True,2
Activity,categorical,0.003723005400763959,0.0028866177301613083,0.002318703501382428,0.005930461467199359,1.0,1.0,True,3
MRT,numeric,0.14295464481428105,0.02572465909880813,0.018914054768911878,0.020207283886283366,1.0,1.0,False,4
RH,numeric,0.0034558369527280227,0.01089181812462059,0.009133239236402567,0.013180331191013838,1.0,1.0,False,5
Top,numeric,0.2583906156626027,0.09289393752524001,0.061068735036200916,0.03776489491054368,1.0,1.0,False,6
RATemp,numeric,0.25737310816365094,0.10713114367519565,0.07265403798102729,0.04941230965201784,1.0,1.0,False,7
Air Velo,numeric,0.021045774083030204,0.008463900284628179,0.006913298030846083,0.015372589890568004,1.0,1.0,False,8
