Feature,Type,Univariate_Score,Perm_DeltaR2,Perm_DeltaMAE,Perm_DeltaAcc,Combined_Score,Stability_Freq,Selected,Rank
Clothing,categorical,0.36107642774840565,0.024455168743420058,0.013091422066800243,0.025396825396825397,1.0,1.0,True,1
Season,categorical,0.0,7.401486830834377e-18,1.4802973661668754e-17,0.0,1.0,1.0,True,2
Activity,categorical,0.0,5.921189464667501e-17,0.0,0.0,1.0,1.0,True,3
MRT,numeric,0.041044797892478044,0.021800856442514987,0.013766128916680453,0.015799187892211138,1.0,1.0,False,4
RH,numeric,0.0027651772560393123,0.023987053442641737,0.0159672396700788,0.011111111111111105,1.0,1.0,False,5
Top,numeric,0.06833100609793122,0.04447565778479674,0.025235639534567998,0.03307493540051678,1.0,1.0,False,6
RATemp,numeric,0.018579672702628686,0.016772830566526113,0.016794312153978384,0.03636028054632704,1.0,1.0,False,7
Air Velo,numeric,0.017172946142886843,0.040379658879746136,0.01601174273622512,0.015688445921004053,1.0,1.0,False,8
