Feature,Type,Univariate_Score,Perm_DeltaR2,Perm_DeltaMAE,Perm_DeltaAcc,Combined_Score,Stability_Freq,Selected,Rank
Clothing,categorical,0.39075433617284083,0.008182740102035997,0.006413744596418282,0.005707762557077616,1.0,1.0,True,1
Season,categorical,0.3423220618313034,0.05864761463873695,0.037653080509454304,0.016894977168949766,1.0,1.0,True,2
Activity,categorical,0.16546141439178608,0.013522443709072459,0.007342322718289289,0.005479452054794521,1.0,1.0,True,3
MRT,numeric,0.33427764517134434,0.09004972321319388,0.06385916608143495,0.03150684931506847,1.0,1.0,False,4
RH,numeric,0.325604547468956,0.07215805524150931,0.05009257822421855,0.03584474885844747,1.0,1.0,False,5
Top,numeric,0.34820425437285063,0.08847554789128685,0.06231387320340396,0.033561643835616425,1.0,1.0,False,6
RATemp,numeric,0.35396998660550694,0.060594181188589925,0.041325193823359085,0.020776255707762543,1.0,1.0,False,7
Air Velo,numeric,0.12181591040826834,0.0540486603728648,0.032538774468830335,0.007305936073059352,1.0,1.0,False,8
