Feature,Type,Univariate_Score,Perm_DeltaR2,Perm_DeltaMAE,Perm_DeltaAcc,Combined_Score,Stability_Freq,Selected,Rank
Clothing,categorical,0.39075433617284083,0.0025148026388504517,0.00488713606175079,0.008219178082191778,1.0,1.0,True,1
Season,categorical,0.3423220618313034,0.2861645792996085,0.1726199398015283,0.08424657534246575,1.0,1.0,True,2
Activity,categorical,0.16546141439178608,0.0024030475988566185,0.002011435827653685,0.0004566210045662118,1.0,1.0,True,3
MRT,numeric,0.33427764517134434,0.026691629410374246,0.02148494989316766,0.01004566210045662,1.0,1.0,False,4
RH,numeric,0.325604547468956,0.02291374594459908,0.018989069731334535,0.007077625570776265,1.0,1.0,False,5
Top,numeric,0.34820425437285063,0.0065282130407574804,0.007899915232748895,0.011643835616438359,1.0,1.0,False,6
RATemp,numeric,0.35396998660550694,0.004355910237511858,0.004624439872095095,0.005707762557077625,1.0,1.0,False,7
Air Velo,numeric,0.12181591040826834,0.026078342131779404,0.015368938062747986,0.007990867579908674,1.0,1.0,False,8
