Feature,Type,Univariate_Score,Perm_DeltaR2,Perm_DeltaMAE,Perm_DeltaAcc,Combined_Score,Stability_Freq,Selected,Rank
Clothing,categorical,0.39075433617284083,0.0,0.0,0.0,1.0,1.0,True,1
Season,categorical,0.3423220618313034,0.01293468563510387,0.00869332042805376,0.0031963470319634757,1.0,1.0,True,2
Activity,categorical,0.16546141439178608,0.0,0.0,0.0,1.0,1.0,True,3
MRT,numeric,0.33427764517134434,0.0846778986872658,0.05379850340659416,0.01849315068493151,1.0,1.0,False,4
RH,numeric,0.325604547468956,0.040791402816998466,0.028417497176285743,0.005707762557077634,1.0,1.0,False,5
Top,numeric,0.34820425437285063,0.03615782541218738,0.025164414967903274,0.006164383561643838,1.0,1.0,False,6
RATemp,numeric,0.35396998660550694,0.024097463673088286,0.016947410517097198,0.0036529680365296876,1.0,1.0,False,7
Air Velo,numeric,0.12181591040826834,0.05443969572843477,0.030101520324176782,0.0036529680365296837,1.0,1.0,False,8
