Feature,Type,Univariate_Score,Perm_DeltaR2,Perm_DeltaMAE,Perm_DeltaAcc,Combined_Score,Stability_Freq,Selected,Rank
Clothing,categorical,0.39075433617284083,0.005697313944498698,0.0062155286471049,0.011187214611872142,1.0,1.0,True,1
Season,categorical,0.3423220618313034,0.03398074309031168,0.021470526854197182,0.017123287671232876,1.0,1.0,True,2
Activity,categorical,0.16546141439178608,0.0005519787470499675,0.000414737065633138,0.0020547945205479537,1.0,1.0,True,3
MRT,numeric,0.33427764517134434,0.25987610419591267,0.16181517442067464,0.08378995433789954,1.0,1.0,False,4
RH,numeric,0.325604547468956,0.05412172476450603,0.03714052041371664,0.02831050228310502,1.0,1.0,False,5
Top,numeric,0.34820425437285063,0.039866260687510174,0.0338716467221578,0.0321917808219178,1.0,1.0,False,6
RATemp,numeric,0.35396998660550694,0.06662555138270061,0.04796533187230428,0.026484018264840176,1.0,1.0,False,7
Air Velo,numeric,0.12181591040826834,0.02457766532897949,0.013533862431844077,0.005936073059360728,1.0,1.0,False,8
