Feature,Type,Univariate_Score,Perm_DeltaR2,Perm_DeltaMAE,Perm_DeltaAcc,Combined_Score,Stability_Freq,Selected,Rank
MRT,numeric,0.19961525576076694,0.013176949572316219,0.007533607550037224,0.01487487130751564,1.0,1.0,True,1
RH,numeric,0.005344435399548221,0.0,0.0,0.0,1.0,1.0,True,2
Top,numeric,0.22641087588146216,0.0712129381398895,0.03190343663964275,0.0254415142155698,1.0,1.0,True,3
RATemp,numeric,0.2118439991855703,0.07456674409278333,0.032508300653308946,0.021792587312900923,1.0,1.0,False,4
Air Velo,numeric,0.018771042586310023,0.0,0.0,0.0,1.0,1.0,False,5
