Feature,Type,Univariate_Score,Perm_DeltaR2,Perm_DeltaMAE,Perm_DeltaAcc,Combined_Score,Stability_Freq,Selected,Rank
MRT,numeric,0.19961525576076694,0.0424867192577148,0.03264473936714428,0.040266888413716645,1.0,1.0,True,1
RH,numeric,0.005344435399548221,0.015094037655565953,0.007093757939157297,0.018517858557060264,1.0,1.0,True,2
Top,numeric,0.22641087588146216,0.1874182401226423,0.08572563819076735,0.0831432644333571,1.0,1.0,True,3
RATemp,numeric,0.2118439991855703,0.06468951717965755,0.04618556461704475,0.06426110715134237,1.0,1.0,False,4
Air Velo,numeric,0.018771042586310023,0.014818575129319967,0.009858589366269925,0.010160766611229903,1.0,1.0,False,5
