Feature,Type,Univariate_Score,Perm_DeltaR2,Perm_DeltaMAE,Perm_DeltaAcc,Combined_Score,Stability_Freq,Selected,Rank
MRT,numeric,0.19961525576076694,0.007177089606965695,0.028815762302078662,0.0493703967688287,1.0,1.0,True,1
RH,numeric,0.005344435399548221,2.810279214959059e-05,0.0048570492101551585,0.029411182386948603,1.0,1.0,True,2
Top,numeric,0.22641087588146216,0.1372660880841771,0.08021218722924844,0.0711808030411024,1.0,1.0,True,3
RATemp,numeric,0.2118439991855703,0.03740335148967893,0.04632716897765375,0.06390670784826166,1.0,1.0,False,4
Air Velo,numeric,0.018771042586310023,0.0,0.00036283267048328554,0.00763641403342045,1.0,1.0,False,5
