Feature,Type,Univariate_Score,Perm_DeltaR2,Perm_DeltaMAE,Perm_DeltaAcc,Combined_Score,Stability_Freq,Selected,Rank
MRT,numeric,0.19961525576076694,0.04665939410527546,0.03478085994720459,0.03924724796071908,1.0,1.0,True,1
RH,numeric,0.005344435399548221,0.007844420274098715,0.005317509174346925,0.013079116179615102,1.0,1.0,True,2
Top,numeric,0.22641087588146216,0.3182031353314717,0.13307727575302125,0.08500831551437396,1.0,1.0,True,3
RATemp,numeric,0.2118439991855703,0.03314823309580485,0.035462840398152666,0.05595945196800507,1.0,1.0,False,4
Air Velo,numeric,0.018771042586310023,0.012432722250620525,0.006810307502746582,0.014506612813811662,1.0,1.0,False,5
