Feature,Type,Univariate_Score,Perm_DeltaR2,Perm_DeltaMAE,Perm_DeltaAcc,Combined_Score,Stability_Freq,Selected,Rank
Clothing,categorical,0.13212140341337114,0.006044340133666992,0.005832978089650472,0.007470615482600892,1.0,1.0,True,1
Season,categorical,0.024364923877041998,0.008189686139424644,0.0043129046758015955,0.0004385964912280753,1.0,1.0,True,2
Activity,categorical,0.003723005400763959,0.0011225064595540364,0.001007529099782308,0.0013172369868565848,1.0,1.0,True,3
MRT,numeric,0.14295464481428105,0.019181887308756508,0.013657061258951822,0.007254212263331594,1.0,1.0,False,4
RH,numeric,0.0034558369527280227,0.005643868446350097,0.004225905736287434,0.005054715997915583,1.0,1.0,False,5
Top,numeric,0.2583906156626027,0.13496897617975873,0.08620959122975667,0.04305048925945225,1.0,1.0,False,6
RATemp,numeric,0.25737310816365094,0.08323487043380737,0.05557257731755574,0.02834809796769151,1.0,1.0,False,7
Air Velo,numeric,0.021045774083030204,0.008329367637634278,0.006403684616088867,0.00636833420184123,1.0,1.0,False,8
