Feature,Type,Univariate_Score,Perm_DeltaR2,Perm_DeltaMAE,Perm_DeltaAcc,Combined_Score,Stability_Freq,Selected,Rank
Clothing,categorical,0.36107642774840565,0.0016525903269711446,0.0010935759294512736,0.0,1.0,1.0,True,1
Season,categorical,0.0,0.0,0.0,0.0,1.0,1.0,True,2
Activity,categorical,0.0,0.0,0.0,0.0,1.0,1.0,True,3
MRT,numeric,0.041044797892478044,0.026793554082993266,0.019515227620611707,0.02842377260981912,1.0,1.0,False,4
RH,numeric,0.0027651772560393123,0.01057725617676221,0.008964822197071945,0.02694721299372463,1.0,1.0,False,5
Top,numeric,0.06833100609793122,0.02664596136508294,0.018531303034456877,0.02820228866740495,1.0,1.0,False,6
RATemp,numeric,0.018579672702628686,0.02567684903579707,0.017415941915350168,0.039387227759320784,1.0,1.0,False,7
Air Velo,numeric,0.017172946142886843,0.015119218405837992,0.0073474748962917575,0.029974160206718344,1.0,1.0,False,8
