Feature,Type,Univariate_Score,Perm_DeltaR2,Perm_DeltaMAE,Perm_DeltaAcc,Combined_Score,Stability_Freq,Selected,Rank
Clothing,categorical,0.13212140341337114,0.002191122122095786,0.0015357113544369155,0.003732412714955717,1.0,1.0,True,1
Season,categorical,0.024364923877041998,0.01856741771288415,0.014494035502129275,0.01031570262289387,1.0,1.0,True,2
Activity,categorical,0.003723005400763959,0.002501460892942187,0.0023233772856383174,0.004176799258873258,1.0,1.0,True,3
MRT,numeric,0.14295464481428105,0.03119799473627078,0.019488019650425674,0.022840310346824152,1.0,1.0,False,4
RH,numeric,0.0034558369527280227,0.013689734254294619,0.009010169104548705,0.011193619361936195,1.0,1.0,False,5
Top,numeric,0.2583906156626027,0.10640667827863004,0.06831381067159824,0.03775259104857854,1.0,1.0,False,6
RATemp,numeric,0.25737310816365094,0.10911562728533675,0.07311447322906399,0.050727375369115854,1.0,1.0,False,7
Air Velo,numeric,0.021045774083030204,0.0070495453722804495,0.006352022777190787,0.012514475131723707,1.0,1.0,False,8
