Feature,Type,Univariate_Score,Perm_DeltaR2,Perm_DeltaMAE,Perm_DeltaAcc,Combined_Score,Stability_Freq,Selected,Rank
Clothing,categorical,0.36107642774840565,0.008473858779420558,0.002701614904379701,0.0015873015873015856,1.0,1.0,True,1
Season,categorical,0.0,7.401486830834377e-18,0.0,0.0,1.0,1.0,True,2
Activity,categorical,0.0,3.700743415417188e-17,0.0,0.0,1.0,1.0,True,3
MRT,numeric,0.041044797892478044,0.02170873313046298,0.009296374023954371,0.017238833517903278,1.0,1.0,False,4
RH,numeric,0.0027651772560393123,0.018932839166741763,0.012233804824890598,0.011111111111111108,1.0,1.0,False,5
Top,numeric,0.06833100609793122,0.06322119677904796,0.04503567333657631,0.03942414174972314,1.0,1.0,False,6
RATemp,numeric,0.018579672702628686,0.016447500633400013,0.011898462002548769,0.017423403469915093,1.0,1.0,False,7
Air Velo,numeric,0.017172946142886843,0.038783151207899345,0.014154624486322515,0.012587670727205602,1.0,1.0,False,8
