Feature,Type,Univariate_Score,Perm_DeltaR2,Perm_DeltaMAE,Perm_DeltaAcc,Combined_Score,Stability_Freq,Selected,Rank
Clothing,categorical,0.36107642774840565,0.0034325003623962404,0.0013420502344767252,0.0031746031746031746,1.0,1.0,True,1
Season,categorical,0.0,0.0,0.0,0.0,1.0,1.0,True,2
Activity,categorical,0.0,0.0,0.0,0.0,1.0,1.0,True,3
MRT,numeric,0.041044797892478044,0.05710918505986531,0.028459823131561278,0.03492063492063492,1.0,1.0,False,4
RH,numeric,0.0027651772560393123,0.019338635603586833,0.007293089230855307,0.023772609819121455,1.0,1.0,False,5
Top,numeric,0.06833100609793122,0.0202518900235494,0.014376513163248696,0.02056109265411591,1.0,1.0,False,6
RATemp,numeric,0.018579672702628686,0.01506297985712687,0.007897281646728515,0.020634920634920634,1.0,1.0,False,7
Air Velo,numeric,0.017172946142886843,0.0162248690923055,0.012017436822255452,0.019010705057216686,1.0,1.0,False,8
