Feature,Type,Univariate_Score,Perm_DeltaR2,Perm_DeltaMAE,Perm_DeltaAcc,Combined_Score,Stability_Freq,Selected,Rank
Clothing,categorical,0.13212140341337114,0.02027109927780758,0.016086949643875897,0.021727896473857908,1.0,1.0,True,1
Season,categorical,0.024364923877041998,0.023414003504253652,0.013899903238218245,0.005491141219385094,1.0,1.0,True,2
Activity,categorical,0.003723005400763959,0.0021962890058363715,0.0030917810529438464,0.009217040125065145,1.0,1.0,True,3
MRT,numeric,0.14295464481428105,0.0025639245474237274,0.0017732638315110922,0.005500550055005497,1.0,1.0,False,4
RH,numeric,0.0034558369527280227,0.000794786532240647,0.004963194450989694,0.009440680910196293,1.0,1.0,False,5
Top,numeric,0.2583906156626027,0.08910256254398477,0.062199371067875764,0.041292484511609065,1.0,1.0,False,6
RATemp,numeric,0.25737310816365094,0.07025343338416888,0.04788708321943439,0.03118811881188118,1.0,1.0,False,7
Air Velo,numeric,0.021045774083030204,0.002120657849242032,0.003170805579412924,0.005058334780846503,1.0,1.0,False,8
