Feature,Type,Univariate_Score,Perm_DeltaR2,Perm_DeltaMAE,Perm_DeltaAcc,Combined_Score,Stability_Freq,Selected,Rank
Clothing,categorical,0.39075433617284083,0.002786354223887126,0.003916891415913899,0.007762557077625574,1.0,1.0,True,1
Season,categorical,0.3423220618313034,0.03741686344146729,0.026067888736724852,0.019634703196347032,1.0,1.0,True,2
Activity,categorical,0.16546141439178608,0.0005113681157430013,0.00019423564275105796,0.0018264840182648436,1.0,1.0,True,3
MRT,numeric,0.33427764517134434,0.25383541186650593,0.15610400438308716,0.07579908675799087,1.0,1.0,False,4
RH,numeric,0.325604547468956,0.04888228178024292,0.034504338105519616,0.028767123287671236,1.0,1.0,False,5
Top,numeric,0.34820425437285063,0.04175699949264526,0.033943331241607665,0.024429223744292242,1.0,1.0,False,6
RATemp,numeric,0.35396998660550694,0.07349723180135091,0.047885560989379884,0.01917808219178082,1.0,1.0,False,7
Air Velo,numeric,0.12181591040826834,0.028565990924835204,0.015315179030100507,0.009589041095890405,1.0,1.0,False,8
