Feature,Type,Univariate_Score,Perm_DeltaR2,Perm_DeltaMAE,Perm_DeltaAcc,Combined_Score,Stability_Freq,Selected,Rank
Clothing,categorical,0.39075433617284083,0.0024611147342171956,0.0052024068020524545,0.010730593607305935,1.0,1.0,True,1
Season,categorical,0.3423220618313034,0.29198188812987586,0.17426583676496274,0.08310502283105023,1.0,1.0,True,2
Activity,categorical,0.16546141439178608,0.002960935841190163,0.0019412525919016766,0.0011415525114155296,1.0,1.0,True,3
MRT,numeric,0.33427764517134434,0.03522135359370648,0.02800769655312511,0.015068493150684934,1.0,1.0,False,4
RH,numeric,0.325604547468956,0.019021488376944676,0.017535026706512562,0.008904109589041097,1.0,1.0,False,5
Top,numeric,0.34820425437285063,0.005953140695297621,0.00676219706456076,0.009817351598173518,1.0,1.0,False,6
RATemp,numeric,0.35396998660550694,0.009292719989597627,0.007065328706878762,0.007990867579908679,1.0,1.0,False,7
Air Velo,numeric,0.12181591040826834,0.021625558660041382,0.012732703080504736,0.007305936073059363,1.0,1.0,False,8
