Feature,Type,Univariate_Score,Perm_DeltaR2,Perm_DeltaMAE,Perm_DeltaAcc,Combined_Score,Stability_Freq,Selected,Rank
Clothing,categorical,0.39075433617284083,0.0,0.0,0.0,1.0,1.0,True,1
Season,categorical,0.3423220618313034,0.012677778134945163,0.008392076809754075,0.0015981735159817417,1.0,1.0,True,2
Activity,categorical,0.16546141439178608,0.0,0.0,0.0,1.0,1.0,True,3
MRT,numeric,0.33427764517134434,0.0841235024427643,0.055754953057040216,0.014155251141552505,1.0,1.0,False,4
RH,numeric,0.325604547468956,0.0443910116811475,0.03052504812195673,0.009132420091324197,1.0,1.0,False,5
Top,numeric,0.34820425437285063,0.03418181403793635,0.024051797127300618,0.006164383561643839,1.0,1.0,False,6
RATemp,numeric,0.35396998660550694,0.02404562199948185,0.018547708928348273,0.0020547945205479424,1.0,1.0,False,7
Air Velo,numeric,0.12181591040826834,0.05696305520985484,0.03284345982462024,0.006849315068493153,1.0,1.0,False,8
