Feature,Type,Univariate_Score,Perm_DeltaR2,Perm_DeltaMAE,Perm_DeltaAcc,Combined_Score,Stability_Freq,Selected,Rank
Clothing,categorical,0.39075433617284083,0.009890561173261519,0.008000945913221359,0.00593607305936072,1.0,1.0,True,1
Season,categorical,0.3423220618313034,0.05631611959552739,0.039308883787826085,0.018721461187214596,1.0,1.0,True,2
Activity,categorical,0.16546141439178608,0.012543762746911625,0.007191403054621084,0.005479452054794513,1.0,1.0,True,3
MRT,numeric,0.33427764517134434,0.09679549648212704,0.06837837486715646,0.03995433789954336,1.0,1.0,False,4
RH,numeric,0.325604547468956,0.06379289755025849,0.044564511989151526,0.02648401826484017,1.0,1.0,False,5
Top,numeric,0.34820425437285063,0.09234529606504169,0.06597339634533142,0.036301369863013674,1.0,1.0,False,6
RATemp,numeric,0.35396998660550694,0.055822005134418484,0.03644665383483102,0.019406392694063905,1.0,1.0,False,7
Air Velo,numeric,0.12181591040826834,0.05288595808837304,0.03374406238398665,0.014611872146118709,1.0,1.0,False,8
