Feature,Type,Univariate_Score,Perm_DeltaR2,Perm_DeltaMAE,Perm_DeltaAcc,Combined_Score,Stability_Freq,Selected,Rank
MRT,numeric,0.19961525576076694,0.056860407649519315,0.03964548272210873,0.04571751009741032,1.0,1.0,True,1
RH,numeric,0.005344435399548221,0.01639364893052351,0.007986948017477584,0.016326126554209234,1.0,1.0,True,2
Top,numeric,0.22641087588146216,0.1917475947520036,0.08751476096343452,0.08060703254929913,1.0,1.0,True,3
RATemp,numeric,0.2118439991855703,0.06974488633653075,0.0479867945082134,0.05991328106438585,1.0,1.0,False,4
Air Velo,numeric,0.018771042586310023,0.017814331307404625,0.010561455413890315,0.009428209392571479,1.0,1.0,False,5
