Feature,Type,Univariate_Score,Perm_DeltaR2,Perm_DeltaMAE,Perm_DeltaAcc,Combined_Score,Stability_Freq,Selected,Rank
MRT,numeric,0.19961525576076694,0.013048983569637773,0.007875379549721817,0.009802407539399692,1.0,1.0,True,1
RH,numeric,0.005344435399548221,0.0,0.0,0.0,1.0,1.0,True,2
Top,numeric,0.22641087588146216,0.06811589168314997,0.02954909782776583,0.026510651777936167,1.0,1.0,True,3
RATemp,numeric,0.2118439991855703,0.07376196845394725,0.03290656462351733,0.028347984477706496,1.0,1.0,False,4
Air Velo,numeric,0.018771042586310023,0.0,0.0,0.0,1.0,1.0,False,5
