Feature,Type,Univariate_Score,Perm_DeltaR2,Perm_DeltaMAE,Perm_DeltaAcc,Combined_Score,Stability_Freq,Selected,Rank
MRT,numeric,0.19961525576076694,0.04508478244145712,0.032614235083262125,0.03888096935138986,1.0,1.0,True,1
RH,numeric,0.005344435399548221,0.009381524721781413,0.00610966682434082,0.013061297220242338,1.0,1.0,True,2
Top,numeric,0.22641087588146216,0.3110343853632609,0.1281881133715312,0.08570523481428685,1.0,1.0,True,3
RATemp,numeric,0.2118439991855703,0.054695498943328855,0.04247030019760132,0.056688049417913985,1.0,1.0,False,4
Air Velo,numeric,0.018771042586310023,0.012058468659718833,0.0079693873723348,0.013069216757741345,1.0,1.0,False,5
