Feature,Type,Univariate_Score,Perm_DeltaR2,Perm_DeltaMAE,Perm_DeltaAcc,Combined_Score,Stability_Freq,Selected,Rank
MRT,numeric,0.19961525576076694,0.008142256662809965,0.02786223325356475,0.05155816900293023,1.0,1.0,True,1
RH,numeric,0.005344435399548221,0.0,0.005759878599144759,0.020709590559911305,1.0,1.0,True,2
Top,numeric,0.22641087588146216,0.162969182729918,0.09022899332579039,0.07552664924368417,1.0,1.0,True,3
RATemp,numeric,0.2118439991855703,0.024768650161985352,0.04212848004131147,0.07191929991288509,1.0,1.0,False,4
Air Velo,numeric,0.018771042586310023,0.0,0.001348899107430916,0.008725350439534338,1.0,1.0,False,5
