Feature,Type,Univariate_Score,Perm_DeltaR2,Perm_DeltaMAE,Perm_DeltaAcc,Combined_Score,Stability_Freq,Selected,Rank
Clothing,categorical,0.13212140341337114,0.002406177486036213,0.0012667370537503108,0.0041710092061837765,1.0,1.0,True,1
Season,categorical,0.024364923877041998,0.01911232837021318,0.01422095966283916,0.010756470383880492,1.0,1.0,True,2
Activity,categorical,0.003723005400763959,0.0029680088001454346,0.0024879341532146287,0.0035167332522726006,1.0,1.0,True,3
MRT,numeric,0.14295464481428105,0.025831950992726477,0.0170357805264923,0.018449279138440154,1.0,1.0,False,4
RH,numeric,0.0034558369527280227,0.012797538680646533,0.00890161355754245,0.0074655491864976066,1.0,1.0,False,5
Top,numeric,0.2583906156626027,0.09807107220281983,0.06838052830199956,0.050281541312025946,1.0,1.0,False,6
RATemp,numeric,0.25737310816365094,0.11248841975995874,0.07378145765728253,0.044139742921660584,1.0,1.0,False,7
Air Velo,numeric,0.021045774083030204,0.006525413133141833,0.006535111682613108,0.011205923223901341,1.0,1.0,False,8
