Feature,Type,Univariate_Score,Perm_DeltaR2,Perm_DeltaMAE,Perm_DeltaAcc,Combined_Score,Stability_Freq,Selected,Rank
Clothing,categorical,0.13212140341337114,0.024549324916416003,0.016344888545994814,0.0147096288576226,1.0,1.0,True,1
Season,categorical,0.024364923877041998,0.019348731413562935,0.011129983412633212,0.006592698743558559,1.0,1.0,True,2
Activity,categorical,0.003723005400763959,0.0015962620419592178,0.003667847975872429,0.010097851890452206,1.0,1.0,True,3
MRT,numeric,0.14295464481428105,0.004977057547826935,0.0026145191444955605,0.006599936309420414,1.0,1.0,False,4
RH,numeric,0.0034558369527280227,0.0016267841116540077,0.0045582785221742,0.004391031208383999,1.0,1.0,False,5
Top,numeric,0.2583906156626027,0.08345709262428296,0.054959344129473564,0.032940333507034916,1.0,1.0,False,6
RATemp,numeric,0.25737310816365094,0.05807666364940302,0.041769074869356285,0.03844088356204042,1.0,1.0,False,7
Air Velo,numeric,0.021045774083030204,0.0026674688425056088,0.0038333691359810906,0.007035637774303746,1.0,1.0,False,8
