Feature,Type,Univariate_Score,Perm_DeltaR2,Perm_DeltaMAE,Perm_DeltaAcc,Combined_Score,Stability_Freq,Selected,Rank
Clothing,categorical,0.13212140341337114,0.00584330161412557,0.005661551157633464,0.004831075212784427,1.0,1.0,True,1
Season,categorical,0.024364923877041998,0.006026879946390788,0.0022347688674926756,0.0013165132302703924,1.0,1.0,True,2
Activity,categorical,0.003723005400763959,0.001208206017812093,0.001140427589416504,0.0015372589890568001,1.0,1.0,True,3
MRT,numeric,0.14295464481428105,0.021079540252685547,0.015290709336598712,0.012083839962943663,1.0,1.0,False,4
RH,numeric,0.0034558369527280227,0.004875870545705159,0.003693326314290365,0.005052544728157027,1.0,1.0,False,5
Top,numeric,0.2583906156626027,0.13895475069681804,0.08786293268203735,0.04482007411267443,1.0,1.0,False,6
RATemp,numeric,0.25737310816365094,0.08155767917633057,0.056279007593790696,0.03120766023970818,1.0,1.0,False,7
Air Velo,numeric,0.021045774083030204,0.006109225749969483,0.00698679288228353,0.012524607723930289,1.0,1.0,False,8
