Feature,Type,Univariate_Score,Perm_DeltaR2,Perm_DeltaMAE,Perm_DeltaAcc,Combined_Score,Stability_Freq,Selected,Rank
Clothing,categorical,0.36107642774840565,0.003326924641927083,0.0011689941088358561,0.001587301587301589,1.0,1.0,True,1
Season,categorical,0.0,0.0,0.0,0.0,1.0,1.0,True,2
Activity,categorical,0.0,0.0,0.0,0.0,1.0,1.0,True,3
MRT,numeric,0.041044797892478044,0.05722942352294922,0.02918795347213745,0.017460317460317464,1.0,1.0,False,4
RH,numeric,0.0027651772560393123,0.029197792212168377,0.009544829527537027,0.02535991140642303,1.0,1.0,False,5
Top,numeric,0.06833100609793122,0.027002688248952227,0.017475895086924237,0.023588039867109632,1.0,1.0,False,6
RATemp,numeric,0.018579672702628686,0.015305678049723307,0.013637121518452963,0.023809523809523808,1.0,1.0,False,7
Air Velo,numeric,0.017172946142886843,0.02136720021565755,0.012843855222066245,0.014211886304909563,1.0,1.0,False,8
