Feature,Type,Univariate_Score,Perm_DeltaR2,Perm_DeltaMAE,Perm_DeltaAcc,Combined_Score,Stability_Freq,Selected,Rank
Clothing,categorical,0.36107642774840565,0.027465209361872106,0.014790240025105034,0.01428571428571428,1.0,1.0,True,1
Season,categorical,0.0,0.0,0.0,0.0,1.0,1.0,True,2
Activity,categorical,0.0,7.401486830834377e-18,0.0,0.0,1.0,1.0,True,3
MRT,numeric,0.041044797892478044,0.013331383935130744,0.007036447911224301,0.015799187892211138,1.0,1.0,False,4
RH,numeric,0.0027651772560393123,0.029351725213931656,0.016101700216623056,0.015873015873015865,1.0,1.0,False,5
Top,numeric,0.06833100609793122,0.045856509665161097,0.027239288325779803,0.022185308231819856,1.0,1.0,False,6
RATemp,numeric,0.018579672702628686,0.015607043435809514,0.015215131249994624,0.02687338501291988,1.0,1.0,False,7
Air Velo,numeric,0.017172946142886843,0.03406007554086409,0.01665936913785914,0.02672572905131044,1.0,1.0,False,8
