Feature,Type,Univariate_Score,Perm_DeltaR2,Perm_DeltaMAE,Perm_DeltaAcc,Combined_Score,Stability_Freq,Selected,Rank
Clothing,categorical,0.36107642774840565,0.0008114369061833196,0.0004016669707001505,0.001550387596899224,1.0,1.0,True,1
Season,categorical,0.0,0.0,0.0,0.0,1.0,1.0,True,2
Activity,categorical,0.0,0.0,0.0,0.0,1.0,1.0,True,3
MRT,numeric,0.041044797892478044,0.0370597215188401,0.025907360085317,0.037873754152823916,1.0,1.0,False,4
RH,numeric,0.0027651772560393123,0.029074047827057237,0.013535189227327622,0.03466223698781838,1.0,1.0,False,5
Top,numeric,0.06833100609793122,0.02616704700978082,0.022961707431411026,0.033038021410114436,1.0,1.0,False,6
RATemp,numeric,0.018579672702628686,0.013639138687173872,0.012250424925663878,0.03942414174972314,1.0,1.0,False,7
Air Velo,numeric,0.017172946142886843,0.016876716230290797,0.008928670392384385,0.026873385012919897,1.0,1.0,False,8
