Feature,Type,Univariate_Score,Perm_DeltaR2,Perm_DeltaMAE,Perm_DeltaAcc,Combined_Score,Stability_Freq,Selected,Rank
Clothing,categorical,0.39075433617284083,0.0,0.0,0.0,1.0,1.0,True,1
Season,categorical,0.3423220618313034,0.012052906696905738,0.00819741528735957,0.0027397260273972638,1.0,1.0,True,2
Activity,categorical,0.16546141439178608,0.0,0.0,0.0,1.0,1.0,True,3
MRT,numeric,0.33427764517134434,0.0795524196617321,0.050666012013577,0.012557077625570776,1.0,1.0,False,4
RH,numeric,0.325604547468956,0.041512961644722964,0.02714707590483504,0.008675799086757998,1.0,1.0,False,5
Top,numeric,0.34820425437285063,0.0342245482437102,0.02406386165950174,0.0038812785388127866,1.0,1.0,False,6
RATemp,numeric,0.35396998660550694,0.02577221857562877,0.018985153372383844,0.0045662100456621045,1.0,1.0,False,7
Air Velo,numeric,0.12181591040826834,0.05243473400355545,0.029964811556719678,0.0075342465753424695,1.0,1.0,False,8
