Feature,Type,Univariate_Score,Perm_DeltaR2,Perm_DeltaMAE,Perm_DeltaAcc,Combined_Score,Stability_Freq,Selected,Rank
Clothing,categorical,0.39075433617284083,0.004101395606994629,0.005242415269215902,0.01027397260273973,1.0,1.0,True,1
Season,categorical,0.3423220618313034,0.033175992965698245,0.02399794260660807,0.021461187214611877,1.0,1.0,True,2
Activity,categorical,0.16546141439178608,0.0004117806752522786,0.00011480649312337239,0.0011415525114155296,1.0,1.0,True,3
MRT,numeric,0.33427764517134434,0.24906010627746583,0.1503081997235616,0.07283105022831049,1.0,1.0,False,4
RH,numeric,0.325604547468956,0.05316831270853678,0.036821615695953366,0.028767123287671233,1.0,1.0,False,5
Top,numeric,0.34820425437285063,0.04007610479990641,0.03159407377243042,0.021232876712328763,1.0,1.0,False,6
RATemp,numeric,0.35396998660550694,0.06742962996164958,0.044028766949971515,0.024657534246575345,1.0,1.0,False,7
Air Velo,numeric,0.12181591040826834,0.02409749428431193,0.015514310201009116,0.010502283105022834,1.0,1.0,False,8
