Feature,Type,Univariate_Score,Perm_DeltaR2,Perm_DeltaMAE,Perm_DeltaAcc,Combined_Score,Stability_Freq,Selected,Rank
Clothing,categorical,0.39075433617284083,0.004460295007214099,0.003458561776739444,0.007305936073059365,1.0,1.0,True,1
Season,categorical,0.3423220618313034,0.31487314960175417,0.19098990726607237,0.08881278538812785,1.0,1.0,True,2
Activity,categorical,0.16546141439178608,0.0041307896619346305,0.002952318751648438,0.0009132420091324236,1.0,1.0,True,3
MRT,numeric,0.33427764517134434,0.03278725890383504,0.02689924360947546,0.008675799086757993,1.0,1.0,False,4
RH,numeric,0.325604547468956,0.02205157679411742,0.01670351751439017,0.00844748858447489,1.0,1.0,False,5
Top,numeric,0.34820425437285063,0.008055972002252521,0.009344522635857796,0.010730593607305938,1.0,1.0,False,6
RATemp,numeric,0.35396998660550694,0.003861028910691859,0.004731776361545922,0.00844748858447489,1.0,1.0,False,7
Air Velo,numeric,0.12181591040826834,0.022728840545644263,0.01623163751472701,0.01187214611872146,1.0,1.0,False,8
