Feature,Type,Univariate_Score,Perm_DeltaR2,Perm_DeltaMAE,Perm_DeltaAcc,Combined_Score,Stability_Freq,Selected,Rank
Clothing,categorical,0.39075433617284083,0.007899535544359145,0.006603871278770513,0.00593607305936072,1.0,1.0,True,1
Season,categorical,0.3423220618313034,0.0644026397425313,0.04649398893038319,0.025799086757990856,1.0,1.0,True,2
Activity,categorical,0.16546141439178608,0.01492078431081251,0.008863918737609404,0.006849315068493145,1.0,1.0,True,3
MRT,numeric,0.33427764517134434,0.08592271006433369,0.05947152193959482,0.031506849315068475,1.0,1.0,False,4
RH,numeric,0.325604547468956,0.06390158146416695,0.04332095017798813,0.02488584474885843,1.0,1.0,False,5
Top,numeric,0.34820425437285063,0.09137820120787532,0.06180846000355382,0.02899543378995432,1.0,1.0,False,6
RATemp,numeric,0.35396998660550694,0.054367276510455406,0.035666994172685755,0.019634703196347025,1.0,1.0,False,7
Air Velo,numeric,0.12181591040826834,0.05187781818012536,0.03149935910211848,0.010045662100456616,1.0,1.0,False,8
