Feature,Type,Univariate_Score,Perm_DeltaR2,Perm_DeltaMAE,Perm_DeltaAcc,Combined_Score,Stability_Freq,Selected,Rank
MRT,numeric,0.19961525576076694,0.0047048290927698055,0.024130760134388373,0.04211016076661122,1.0,1.0,True,1
RH,numeric,0.005344435399548221,0.0,0.006102113284267596,0.022519204878435096,1.0,1.0,True,2
Top,numeric,0.22641087588146216,0.14170083564990488,0.08109115358302352,0.07337649481270293,1.0,1.0,True,3
RATemp,numeric,0.2118439991855703,0.034223716409463895,0.042451424379435124,0.07263403817217076,1.0,1.0,False,4
Air Velo,numeric,0.018771042586310023,0.0,0.0009646413238789823,0.011633800586045772,1.0,1.0,False,5
