Feature,Type,Univariate_Score,Perm_DeltaR2,Perm_DeltaMAE,Perm_DeltaAcc,Combined_Score,Stability_Freq,Selected,Rank
MRT,numeric,0.19961525576076694,0.04637976162810376,0.035365374015292,0.03882949235764631,1.0,1.0,True,1
RH,numeric,0.005344435399548221,0.010829313034864793,0.005413364988177246,0.019973073572503372,1.0,1.0,True,2
Top,numeric,0.22641087588146216,0.2039524117775385,0.09557298900931901,0.08969272194503841,1.0,1.0,True,3
RATemp,numeric,0.2118439991855703,0.07654184373473219,0.05106726863890815,0.0631800902827275,1.0,1.0,False,4
Air Velo,numeric,0.018771042586310023,0.01890281825548565,0.009579132552983535,0.01197236081412845,1.0,1.0,False,5
