Feature,Type,Univariate_Score,Perm_DeltaR2,Perm_DeltaMAE,Perm_DeltaAcc,Combined_Score,Stability_Freq,Selected,Rank
MRT,numeric,0.19961525576076694,0.012482983728061368,0.007558379400974693,0.012708877801536395,1.0,1.0,True,1
RH,numeric,0.005344435399548221,0.0,0.0,0.0,1.0,1.0,True,2
Top,numeric,0.22641087588146216,0.06501265937158998,0.028007237206390805,0.020707610675536545,1.0,1.0,True,3
RATemp,numeric,0.2118439991855703,0.06491877432031301,0.028472337600587684,0.018157519600855303,1.0,1.0,False,4
Air Velo,numeric,0.018771042586310023,0.0,0.0,0.0,1.0,1.0,False,5
