Feature,Type,Univariate_Score,Perm_DeltaR2,Perm_DeltaMAE,Perm_DeltaAcc,Combined_Score,Stability_Freq,Selected,Rank
MRT,numeric,0.19961525576076694,0.04963099161783855,0.03543163537979126,0.03997188564187851,1.0,1.0,True,1
RH,numeric,0.005344435399548221,0.012083355585734049,0.00764228900273641,0.0177991605290251,1.0,1.0,True,2
Top,numeric,0.22641087588146216,0.3511901259422302,0.14283814430236813,0.08823948681397006,1.0,1.0,True,3
RATemp,numeric,0.2118439991855703,0.0418697714805603,0.03975148995717367,0.07012552466935931,1.0,1.0,False,4
Air Velo,numeric,0.018771042586310023,0.009182393550872804,0.0056729793548583995,0.013435495367070551,1.0,1.0,False,5
