Feature,Type,Univariate_Score,Perm_DeltaR2,Perm_DeltaMAE,Perm_DeltaAcc,Combined_Score,Stability_Freq,Selected,Rank
Clothing,categorical,0.36107642774840565,0.0015280816433664857,0.0007052955863920296,0.0,1.0,1.0,True,1
Season,categorical,0.0,0.0,0.0,0.0,1.0,1.0,True,2
Activity,categorical,0.0,0.0,0.0,0.0,1.0,1.0,True,3
MRT,numeric,0.041044797892478044,0.02861480776074212,0.02276575483760752,0.03772609819121447,1.0,1.0,False,4
RH,numeric,0.0027651772560393123,0.018130492980378072,0.008420135547787444,0.02059800664451828,1.0,1.0,False,5
Top,numeric,0.06833100609793122,0.030600217648653477,0.020502148115644676,0.023551125876707275,1.0,1.0,False,6
RATemp,numeric,0.018579672702628686,0.017716140029185513,0.013478415907478575,0.02990033222591363,1.0,1.0,False,7
Air Velo,numeric,0.017172946142886843,0.016141320979434347,0.0066021123004556285,0.02857142857142857,1.0,1.0,False,8
