Feature,Type,Univariate_Score,Perm_DeltaR2,Perm_DeltaMAE,Perm_DeltaAcc,Combined_Score,Stability_Freq,Selected,Rank
Clothing,categorical,0.13212140341337114,0.013934005702845887,0.011971926320557132,0.015141711539575008,1.0,1.0,True,1
Season,categorical,0.024364923877041998,0.02387416740476107,0.012981731388886603,0.0024122807017543917,1.0,1.0,True,2
Activity,categorical,0.003723005400763959,0.0028860103018435597,0.0037184179605733803,0.008782062416767988,1.0,1.0,True,3
MRT,numeric,0.14295464481428105,0.0030640720527683814,0.0022330821183377037,0.00813574778530484,1.0,1.0,False,4
RH,numeric,0.0034558369527280227,0.0027475863729847787,0.0047599774375734595,0.0057082681952405736,1.0,1.0,False,5
Top,numeric,0.2583906156626027,0.07080510928264218,0.04839872437268804,0.03449206762781541,1.0,1.0,False,6
RATemp,numeric,0.25737310816365094,0.08346272861057379,0.05082053804941704,0.034266255572925716,1.0,1.0,False,7
Air Velo,numeric,0.021045774083030204,0.0036923107654347623,0.0037554552882886963,0.005272566730357242,1.0,1.0,False,8
