Feature,Type,Univariate_Score,Perm_DeltaR2,Perm_DeltaMAE,Perm_DeltaAcc,Combined_Score,Stability_Freq,Selected,Rank
Clothing,categorical,0.36107642774840565,0.017517654088379256,0.0068654713825538225,0.017460317460317454,1.0,1.0,True,1
Season,categorical,0.0,2.960594732333751e-17,7.401486830834377e-18,0.0,1.0,1.0,True,2
Activity,categorical,0.0,0.0,0.0,0.0,1.0,1.0,True,3
MRT,numeric,0.041044797892478044,0.025526778528284916,0.014082347859586827,0.02521225544481357,1.0,1.0,False,4
RH,numeric,0.0027651772560393123,0.03135352804886484,0.01800793347621393,0.011111111111111105,1.0,1.0,False,5
Top,numeric,0.06833100609793122,0.04160022162310896,0.026730164712892423,0.028571428571428564,1.0,1.0,False,6
RATemp,numeric,0.018579672702628686,0.02437068733115529,0.014791899567318315,0.019010705057216675,1.0,1.0,False,7
Air Velo,numeric,0.017172946142886843,0.0258859876457559,0.008449753191637172,0.022000738279808037,1.0,1.0,False,8
