Feature,Type,Univariate_Score,Perm_DeltaR2,Perm_DeltaMAE,Perm_DeltaAcc,Combined_Score,Stability_Freq,Selected,Rank
Clothing,categorical,0.13212140341337114,0.0029739026267636614,0.001383323753632689,0.004171009206183784,1.0,1.0,True,1
Season,categorical,0.024364923877041998,0.02030575420461549,0.014391969712304395,0.008557697875050663,1.0,1.0,True,2
Activity,categorical,0.003723005400763959,0.0036611386607348904,0.002983966996630941,0.005496931272074586,1.0,1.0,True,3
MRT,numeric,0.14295464481428105,0.02631467138689822,0.018372935878452828,0.02305309478316253,1.0,1.0,False,4
RH,numeric,0.0034558369527280227,0.013823113986849146,0.01061841706630809,0.012735944647096297,1.0,1.0,False,5
Top,numeric,0.2583906156626027,0.10849506199376999,0.06956512278898597,0.037319784610039944,1.0,1.0,False,6
RATemp,numeric,0.25737310816365094,0.11110459640501687,0.0753079108824212,0.05776735568293671,1.0,1.0,False,7
Air Velo,numeric,0.021045774083030204,0.011293759385019139,0.00836323646711552,0.01229517688610966,1.0,1.0,False,8
