Feature,Type,Univariate_Score,Perm_DeltaR2,Perm_DeltaMAE,Perm_DeltaAcc,Combined_Score,Stability_Freq,Selected,Rank
Clothing,categorical,0.36107642774840565,0.001463139057159424,0.0007439692815144857,0.0015873015873015856,1.0,1.0,True,1
Season,categorical,0.0,0.0,0.0,0.0,1.0,1.0,True,2
Activity,categorical,0.0,0.0,0.0,0.0,1.0,1.0,True,3
MRT,numeric,0.041044797892478044,0.047064201037089026,0.027919284502665197,0.022222222222222227,1.0,1.0,False,4
RH,numeric,0.0027651772560393123,0.021322266260782877,0.010093923409779867,0.023735695828719088,1.0,1.0,False,5
Top,numeric,0.06833100609793122,0.030673412481943763,0.018179098765055336,0.025175341454411228,1.0,1.0,False,6
RATemp,numeric,0.018579672702628686,0.022587494055430094,0.013050647576649985,0.01587301587301588,1.0,1.0,False,7
Air Velo,numeric,0.017172946142886843,0.021573630968729655,0.013947991530100503,0.012661498708010338,1.0,1.0,False,8
