Feature,Type,Univariate_Score,Perm_DeltaR2,Perm_DeltaMAE,Perm_DeltaAcc,Combined_Score,Stability_Freq,Selected,Rank
Clothing,categorical,0.13212140341337114,0.005301841100056966,0.00520792007446289,0.004611776967170392,1.0,1.0,True,1
Season,categorical,0.024364923877041998,0.00798021157582601,0.002907860279083252,0.0006600660066006681,1.0,1.0,True,2
Activity,categorical,0.003723005400763959,0.0010676860809326174,0.0008615295092264811,0.0010986624978287323,1.0,1.0,True,3
MRT,numeric,0.14295464481428105,0.023618253072102864,0.015727420647939045,0.008359388570435984,1.0,1.0,False,4
RH,numeric,0.0034558369527280227,0.006491013367970784,0.004553969701131185,0.010103641943141681,1.0,1.0,False,5
Top,numeric,0.2583906156626027,0.13566064834594727,0.08689714272816976,0.03998103757744195,1.0,1.0,False,6
RATemp,numeric,0.25737310816365094,0.08497977654139201,0.056174051761627194,0.02987811939088646,1.0,1.0,False,7
Air Velo,numeric,0.021045774083030204,0.007510876655578614,0.0044494469960530605,0.007029847721614258,1.0,1.0,False,8
