Feature,Type,Univariate_Score,Perm_DeltaR2,Perm_DeltaMAE,Perm_DeltaAcc,Combined_Score,Stability_Freq,Selected,Rank
Clothing,categorical,0.39075433617284083,0.004248507817586263,0.005024659633636475,0.008904109589041097,1.0,1.0,True,1
Season,categorical,0.3423220618313034,0.0386945923169454,0.024763139088948564,0.018493150684931504,1.0,1.0,True,2
Activity,categorical,0.16546141439178608,0.0008187333742777506,0.0006058613459269205,0.002511415525114154,1.0,1.0,True,3
MRT,numeric,0.33427764517134434,0.26420073906580605,0.161412250995636,0.08082191780821918,1.0,1.0,False,4
RH,numeric,0.325604547468956,0.04790123303731283,0.03359254598617553,0.026027397260273977,1.0,1.0,False,5
Top,numeric,0.34820425437285063,0.04427707592646281,0.034267016251881915,0.022146118721461185,1.0,1.0,False,6
RATemp,numeric,0.35396998660550694,0.06319626569747924,0.039389419555664065,0.020547945205479444,1.0,1.0,False,7
Air Velo,numeric,0.12181591040826834,0.028346463044484453,0.014537409941355389,0.008447488584474883,1.0,1.0,False,8
