Feature,Type,Univariate_Score,Perm_DeltaR2,Perm_DeltaMAE,Perm_DeltaAcc,Combined_Score,Stability_Freq,Selected,Rank
Clothing,categorical,0.39075433617284083,0.006888396646216262,0.006844952588079207,0.010045662100456605,1.0,1.0,True,1
Season,categorical,0.3423220618313034,0.057193184782135545,0.03753966214154413,0.01575342465753424,1.0,1.0,True,2
Activity,categorical,0.16546141439178608,0.014012896589516956,0.007661010022766461,0.006392694063926936,1.0,1.0,True,3
MRT,numeric,0.33427764517134434,0.08909936564969924,0.06463994989635188,0.03607305936073057,1.0,1.0,False,4
RH,numeric,0.325604547468956,0.06574734254194962,0.044602014079223685,0.028538812785388112,1.0,1.0,False,5
Top,numeric,0.34820425437285063,0.09650677842808367,0.06738286763710657,0.038584474885844725,1.0,1.0,False,6
RATemp,numeric,0.35396998660550694,0.053273958550435305,0.036373335879900145,0.021461187214611863,1.0,1.0,False,7
Air Velo,numeric,0.12181591040826834,0.0553401741483792,0.03375444981794843,0.005936073059360721,1.0,1.0,False,8
