Feature,Type,Univariate_Score,Perm_DeltaR2,Perm_DeltaMAE,Perm_DeltaAcc,Combined_Score,Stability_Freq,Selected,Rank
Clothing,categorical,0.39075433617284083,0.0019045051421271886,0.005357572338900456,0.01004566210045662,1.0,1.0,True,1
Season,categorical,0.3423220618313034,0.2930203987923949,0.1742029718833052,0.08356164383561643,1.0,1.0,True,2
Activity,categorical,0.16546141439178608,0.0020703768000677634,0.0015529251048414109,0.0013698630136986282,1.0,1.0,True,3
MRT,numeric,0.33427764517134434,0.029413740609904437,0.02427869097229777,0.011643835616438353,1.0,1.0,False,4
RH,numeric,0.325604547468956,0.02070877628451893,0.01558076501164921,0.009817351598173521,1.0,1.0,False,5
Top,numeric,0.34820425437285063,0.009183757867304498,0.009120782213083663,0.00821917808219178,1.0,1.0,False,6
RATemp,numeric,0.35396998660550694,0.0059556388009990744,0.007426999637340637,0.008219178082191785,1.0,1.0,False,7
Air Velo,numeric,0.12181591040826834,0.026701741039345528,0.016609485064985573,0.013013698630136992,1.0,1.0,False,8
