Feature,Type,Univariate_Score,Perm_DeltaR2,Perm_DeltaMAE,Perm_DeltaAcc,Combined_Score,Stability_Freq,Selected,Rank
Clothing,categorical,0.39075433617284083,0.0,0.0,0.0,1.0,1.0,True,1
Season,categorical,0.3423220618313034,0.012638408743946773,0.00841438155354685,0.0036529680365296837,1.0,1.0,True,2
Activity,categorical,0.16546141439178608,0.0,0.0,0.0,1.0,1.0,True,3
MRT,numeric,0.33427764517134434,0.0793965889062481,0.05241426101585049,0.012785388127853889,1.0,1.0,False,4
RH,numeric,0.325604547468956,0.040223239595472395,0.027232579582046723,0.003652968036529684,1.0,1.0,False,5
Top,numeric,0.34820425437285063,0.0336793055418798,0.02400315950329983,0.0036529680365296794,1.0,1.0,False,6
RATemp,numeric,0.35396998660550694,0.024473443173972646,0.01733667168031499,0.0061643835616438415,1.0,1.0,False,7
Air Velo,numeric,0.12181591040826834,0.06038135155285472,0.03402061768080313,0.008447488584474892,1.0,1.0,False,8
