Feature,Type,Univariate_Score,Perm_DeltaR2,Perm_DeltaMAE,Perm_DeltaAcc,Combined_Score,Stability_Freq,Selected,Rank
MRT,numeric,0.19961525576076694,0.05184527066133393,0.03989690561010592,0.046087748475489035,1.0,1.0,True,1
RH,numeric,0.005344435399548221,0.014058134527077774,0.007866531583013602,0.017791240991526097,1.0,1.0,True,2
Top,numeric,0.22641087588146216,0.20044970431915407,0.09279054737290643,0.08240476756157442,1.0,1.0,True,3
RATemp,numeric,0.2118439991855703,0.07498133281561538,0.05118700451599798,0.0555456561336818,1.0,1.0,False,4
Air Velo,numeric,0.018771042586310023,0.019726788526470793,0.010728244352705881,0.010178585570602677,1.0,1.0,False,5
