Feature,Type,Univariate_Score,Perm_DeltaR2,Perm_DeltaMAE,Perm_DeltaAcc,Combined_Score,Stability_Freq,Selected,Rank
MRT,numeric,0.19961525576076694,0.0440768281618754,0.030690574645996095,0.03378078720202739,1.0,1.0,True,1
RH,numeric,0.005344435399548221,0.009569350878397623,0.006444025039672852,0.01598558644175179,1.0,1.0,True,2
Top,numeric,0.22641087588146216,0.3280633370081584,0.13706746101379394,0.09369802803516274,1.0,1.0,True,3
RATemp,numeric,0.2118439991855703,0.04561321338017781,0.04031701485315959,0.06136849607982894,1.0,1.0,False,4
Air Velo,numeric,0.018771042586310023,0.011894607543945312,0.00820531447728475,0.012706897917161624,1.0,1.0,False,5
