Feature,Type,Univariate_Score,Perm_DeltaR2,Perm_DeltaMAE,Perm_DeltaAcc,Combined_Score,Stability_Freq,Selected,Rank
MRT,numeric,0.19961525576076694,0.00354961497667697,0.02224803755561721,0.0522966658747129,1.0,1.0,True,1
RH,numeric,0.005344435399548221,0.0,0.004215916765828798,0.020351231488081097,1.0,1.0,True,2
Top,numeric,0.22641087588146216,0.13669819531964186,0.07702735777854916,0.0628415300546448,1.0,1.0,True,3
RATemp,numeric,0.2118439991855703,0.02826971703339538,0.042422623743854714,0.06176249307040469,1.0,1.0,False,4
Air Velo,numeric,0.018771042586310023,0.00021892668173640516,0.0031797421864905016,0.011986220004751722,1.0,1.0,False,5
