Feature,Type,Univariate_Score,Perm_DeltaR2,Perm_DeltaMAE,Perm_DeltaAcc,Combined_Score,Stability_Freq,Selected,Rank
MRT,numeric,0.19961525576076694,0.01297595787615342,0.007604114656407779,0.015613368179298329,1.0,1.0,True,1
RH,numeric,0.005344435399548221,0.0,0.0,0.0,1.0,1.0,True,2
Top,numeric,0.22641087588146216,0.06881215488440509,0.028832581347105656,0.011273461629840812,1.0,1.0,True,3
RATemp,numeric,0.2118439991855703,0.07088563264784123,0.03133200304473105,0.01707254296349093,1.0,1.0,False,4
Air Velo,numeric,0.018771042586310023,0.0,0.0,0.0,1.0,1.0,False,5
