Feature,Type,Univariate_Score,Perm_DeltaR2,Perm_DeltaMAE,Perm_DeltaAcc,Combined_Score,Stability_Freq,Selected,Rank
Clothing,categorical,0.36107642774840565,0.0007001678379726724,0.0005553978204142422,0.001550387596899224,1.0,1.0,True,1
Season,categorical,0.0,0.0,0.0,0.0,1.0,1.0,True,2
Activity,categorical,0.0,0.0,0.0,0.0,1.0,1.0,True,3
MRT,numeric,0.041044797892478044,0.037684003840274344,0.030524382999270638,0.0392764857881137,1.0,1.0,False,4
RH,numeric,0.0027651772560393123,0.010423516457486086,0.00700332488162551,0.020598006644518278,1.0,1.0,False,5
Top,numeric,0.06833100609793122,0.04457506391559495,0.02822936153690402,0.03433001107419713,1.0,1.0,False,6
RATemp,numeric,0.018579672702628686,0.015150612189946015,0.01048638009106481,0.012513842746400883,1.0,1.0,False,7
Air Velo,numeric,0.017172946142886843,0.016962607883228033,0.00810947176325921,0.020634920634920638,1.0,1.0,False,8
