Feature,Type,Univariate_Score,Perm_DeltaR2,Perm_DeltaMAE,Perm_DeltaAcc,Combined_Score,Stability_Freq,Selected,Rank
Clothing,categorical,0.13212140341337114,0.002224476090605395,0.0018356193978495382,0.00351239071275549,1.0,1.0,True,1
Season,categorical,0.024364923877041998,0.018826431211707496,0.015300678626878103,0.0068011406403798245,1.0,1.0,True,2
Activity,categorical,0.003723005400763959,0.0031855016466484365,0.0030441242782213085,0.004614671993515151,1.0,1.0,True,3
MRT,numeric,0.14295464481428105,0.03247610958235915,0.019656847432057693,0.0162519541427827,1.0,1.0,False,4
RH,numeric,0.0034558369527280227,0.01003249542574136,0.008835499809680843,0.012290834346592557,1.0,1.0,False,5
Top,numeric,0.2583906156626027,0.09937465601019171,0.0660981437963185,0.0428232296913902,1.0,1.0,False,6
RATemp,numeric,0.25737310816365094,0.11825676799741969,0.07842689355580154,0.045674106884372644,1.0,1.0,False,7
Air Velo,numeric,0.021045774083030204,0.007100444380918272,0.005764520487608442,0.010979387412425448,1.0,1.0,False,8
