Feature,Type,Univariate_Score,Perm_DeltaR2,Perm_DeltaMAE,Perm_DeltaAcc,Combined_Score,Stability_Freq,Selected,Rank
Clothing,categorical,0.13212140341337114,0.006342883904774985,0.005639906724294027,0.00526967170401251,1.0,1.0,True,1
Season,categorical,0.024364923877041998,0.006769176324208577,0.002938354015350342,0.0006578947368421018,1.0,1.0,True,2
Activity,categorical,0.003723005400763959,0.0011782606442769367,0.001043860117594401,0.0006593422500144755,1.0,1.0,True,3
MRT,numeric,0.14295464481428105,0.021097354094187417,0.015123534202575683,0.006374124254530711,1.0,1.0,False,4
RH,numeric,0.0034558369527280227,0.005754836400349935,0.004079874356587727,0.0057169532742747985,1.0,1.0,False,5
Top,numeric,0.2583906156626027,0.14084073702494304,0.08760366837183634,0.045462046204620465,1.0,1.0,False,6
RATemp,numeric,0.25737310816365094,0.08328250646591187,0.054905633131663,0.027248711713276585,1.0,1.0,False,7
Air Velo,numeric,0.021045774083030204,0.004446709156036377,0.0051723837852478026,0.006594146256730935,1.0,1.0,False,8
