Feature,Type,Univariate_Score,Perm_DeltaR2,Perm_DeltaMAE,Perm_DeltaAcc,Combined_Score,Stability_Freq,Selected,Rank
Clothing,categorical,0.13212140341337114,0.017990552617518252,0.01484695305346739,0.016026865844479186,1.0,1.0,True,1
Season,categorical,0.024364923877041998,0.026689112336914466,0.016779887431342094,0.00592684268426843,1.0,1.0,True,2
Activity,categorical,0.003723005400763959,0.0018098624832967164,0.003360483043726099,0.007239737131607901,1.0,1.0,True,3
MRT,numeric,0.14295464481428105,0.005883143253136147,0.002813428200417293,0.0048404840484048365,1.0,1.0,False,4
RH,numeric,0.0034558369527280227,0.0019181878203609504,0.0040180169393101645,0.00768484743211163,1.0,1.0,False,5
Top,numeric,0.2583906156626027,0.09287848916865366,0.06144698997855297,0.03624790110590005,1.0,1.0,False,6
RATemp,numeric,0.25737310816365094,0.06554834835933698,0.04303672601282836,0.03140886457066759,1.0,1.0,False,7
Air Velo,numeric,0.021045774083030204,0.002334099285675421,0.0027608384035128298,0.005713334491343872,1.0,1.0,False,8
