Feature,Type,Univariate_Score,Perm_DeltaR2,Perm_DeltaMAE,Perm_DeltaAcc,Combined_Score,Stability_Freq,Selected,Rank
Clothing,categorical,0.36107642774840565,0.019438116841897328,0.009121251330940652,0.004761904761904756,1.0,1.0,True,1
Season,categorical,0.0,3.700743415417188e-17,3.700743415417188e-17,0.0,1.0,1.0,True,2
Activity,categorical,0.0,3.700743415417188e-17,5.1810407815840633e-17,0.0,1.0,1.0,True,3
MRT,numeric,0.041044797892478044,0.014879168810745528,0.011649600029405568,0.020487264673311183,1.0,1.0,False,4
RH,numeric,0.0027651772560393123,0.029021561757713154,0.015408206241399497,0.011111111111111108,1.0,1.0,False,5
Top,numeric,0.06833100609793122,0.04923480978889944,0.02996695232797239,0.022148394241417492,1.0,1.0,False,6
RATemp,numeric,0.018579672702628686,0.015316426747487158,0.01234376947636727,0.017349575489110362,1.0,1.0,False,7
Air Velo,numeric,0.017172946142886843,0.03623957002478671,0.011604196667022223,0.011000369139904013,1.0,1.0,False,8
