Feature,Type,Univariate_Score,Perm_DeltaR2,Perm_DeltaMAE,Perm_DeltaAcc,Combined_Score,Stability_Freq,Selected,Rank
Clothing,categorical,0.36107642774840565,0.0025412440299987793,0.0012487014134724935,0.001587301587301589,1.0,1.0,True,1
Season,categorical,0.0,0.0,0.0,0.0,1.0,1.0,True,2
Activity,categorical,0.0,0.0,0.0,0.0,1.0,1.0,True,3
MRT,numeric,0.041044797892478044,0.04146260817845663,0.024159940083821614,0.02694721299372462,1.0,1.0,False,4
RH,numeric,0.0027651772560393123,0.011639638741811117,0.004333476225535075,0.022222222222222227,1.0,1.0,False,5
Top,numeric,0.06833100609793122,0.018420684337615966,0.013220115502675375,0.011037283130306386,1.0,1.0,False,6
RATemp,numeric,0.018579672702628686,0.015543556213378907,0.011717371145884194,0.0253968253968254,1.0,1.0,False,7
Air Velo,numeric,0.017172946142886843,0.023969944318135577,0.014404765764872231,0.025322997416020683,1.0,1.0,False,8
