Feature,Type,Univariate_Score,Perm_DeltaR2,Perm_DeltaMAE,Perm_DeltaAcc,Combined_Score,Stability_Freq,Selected,Rank
Clothing,categorical,0.39075433617284083,0.011248405387694005,0.008767858859463176,0.0070776255707762446,1.0,1.0,True,1
Season,categorical,0.3423220618313034,0.060452178183954285,0.04315174272349906,0.027625570776255697,1.0,1.0,True,2
Activity,categorical,0.16546141439178608,0.011644750870906091,0.006688704496076369,0.004566210045662093,1.0,1.0,True,3
MRT,numeric,0.33427764517134434,0.09280746872679303,0.0667741859399404,0.039041095890410944,1.0,1.0,False,4
RH,numeric,0.325604547468956,0.06590290102653214,0.04411471531261445,0.020091324200913228,1.0,1.0,False,5
Top,numeric,0.34820425437285063,0.09006238133871314,0.06646792296259675,0.03424657534246574,1.0,1.0,False,6
RATemp,numeric,0.35396998660550694,0.0528558442454687,0.0338973853542224,0.021917808219178072,1.0,1.0,False,7
Air Velo,numeric,0.12181591040826834,0.04843873765559721,0.03009203183378224,0.010730593607305926,1.0,1.0,False,8
