Feature,Type,Univariate_Score,Perm_DeltaR2,Perm_DeltaMAE,Perm_DeltaAcc,Combined_Score,Stability_Freq,Selected,Rank
Clothing,categorical,0.39075433617284083,0.005979502243520396,0.007360043598992212,0.010045662100456623,1.0,1.0,True,1
Season,categorical,0.3423220618313034,0.30100314926825883,0.17513418448563348,0.07488584474885845,1.0,1.0,True,2
Activity,categorical,0.16546141439178608,0.002045080830924702,0.0018245357954481012,0.0011415525114155222,1.0,1.0,True,3
MRT,numeric,0.33427764517134434,0.02076962856690883,0.020576637563063042,0.009817351598173518,1.0,1.0,False,4
RH,numeric,0.325604547468956,0.022197824747864976,0.018253203989414168,0.010730593607305942,1.0,1.0,False,5
Top,numeric,0.34820425437285063,0.009869747288187687,0.011370420577907256,0.013013698630136988,1.0,1.0,False,6
RATemp,numeric,0.35396998660550694,0.004934482278352522,0.004787806650140261,0.007762557077625576,1.0,1.0,False,7
Air Velo,numeric,0.12181591040826834,0.022900164553152684,0.013754784291701367,0.008447488584474883,1.0,1.0,False,8
