Feature,Type,Univariate_Score,Perm_DeltaR2,Perm_DeltaMAE,Perm_DeltaAcc,Combined_Score,Stability_Freq,Selected,Rank
Clothing,categorical,0.39075433617284083,0.0,0.0,0.0,1.0,1.0,True,1
Season,categorical,0.3423220618313034,0.01287207583546576,0.00878745924055718,0.004109589041095893,1.0,1.0,True,2
Activity,categorical,0.16546141439178608,0.0,0.0,0.0,1.0,1.0,True,3
MRT,numeric,0.33427764517134434,0.08273634994196347,0.05386414769837507,0.013242009132420093,1.0,1.0,False,4
RH,numeric,0.325604547468956,0.0413804234217509,0.02818881115227572,0.007990867579908686,1.0,1.0,False,5
Top,numeric,0.34820425437285063,0.035385331705139536,0.024452197117935816,0.0038812785388127936,1.0,1.0,False,6
RATemp,numeric,0.35396998660550694,0.0258668183960784,0.019161608430771172,0.0029680365296803736,1.0,1.0,False,7
Air Velo,numeric,0.12181591040826834,0.059803041404783354,0.03390450512224283,0.005936073059360736,1.0,1.0,False,8
