Feature,Type,Univariate_Score,Perm_DeltaR2,Perm_DeltaMAE,Perm_DeltaAcc,Combined_Score,Stability_Freq,Selected,Rank
Clothing,categorical,0.39075433617284083,0.0027898271878560384,0.004460946718851726,0.005707762557077634,1.0,1.0,True,1
Season,categorical,0.3423220618313034,0.031604019800821934,0.021375950177510577,0.015525114155251143,1.0,1.0,True,2
Activity,categorical,0.16546141439178608,0.0008139411608378092,0.0004214922587076822,0.0018264840182648436,1.0,1.0,True,3
MRT,numeric,0.33427764517134434,0.24385371605555214,0.15676532189051312,0.08447488584474885,1.0,1.0,False,4
RH,numeric,0.325604547468956,0.04759385585784912,0.03548234701156617,0.031506849315068496,1.0,1.0,False,5
Top,numeric,0.34820425437285063,0.03765814304351807,0.03044585386912028,0.022831050228310504,1.0,1.0,False,6
RATemp,numeric,0.35396998660550694,0.06343335310618083,0.04156647125879924,0.021004566210045657,1.0,1.0,False,7
Air Velo,numeric,0.12181591040826834,0.02672891616821289,0.014519484837849933,0.01004566210045662,1.0,1.0,False,8
