Feature,Type,Univariate_Score,Perm_DeltaR2,Perm_DeltaMAE,Perm_DeltaAcc,Combined_Score,Stability_Freq,Selected,Rank
MRT,numeric,0.19961525576076694,0.0141758818596497,0.008434230557598503,0.019240516353844925,1.0,1.0,True,1
RH,numeric,0.005344435399548221,0.0,0.0,0.0,1.0,1.0,True,2
Top,numeric,0.22641087588146216,0.07378387150539989,0.03186129525377784,0.018167419022729066,1.0,1.0,True,3
RATemp,numeric,0.2118439991855703,0.07003852848997436,0.03173980335506894,0.026886829809139146,1.0,1.0,False,4
Air Velo,numeric,0.018771042586310023,0.0,0.0,0.0,1.0,1.0,False,5
