Feature,Type,Univariate_Score,Perm_DeltaR2,Perm_DeltaMAE,Perm_DeltaAcc,Combined_Score,Stability_Freq,Selected,Rank
MRT,numeric,0.19961525576076694,0.045460963906204785,0.03555251089588554,0.05045339352181834,1.0,1.0,True,1
RH,numeric,0.005344435399548221,0.015363780099368545,0.007155154918534919,0.016696364932287957,1.0,1.0,True,2
Top,numeric,0.22641087588146216,0.16446832395259586,0.07490011359741619,0.06826839312584146,1.0,1.0,True,3
RATemp,numeric,0.2118439991855703,0.07286827854272744,0.05058129327665019,0.06752791636968401,1.0,1.0,False,4
Air Velo,numeric,0.018771042586310023,0.014456993837317054,0.008443861007819502,0.009434149045695728,1.0,1.0,False,5
