Feature,Type,Univariate_Score,Perm_DeltaR2,Perm_DeltaMAE,Perm_DeltaAcc,Combined_Score,Stability_Freq,Selected,Rank
MRT,numeric,0.19961525576076694,0.03649755318959554,0.028285984198252363,0.03996396610437949,1.0,1.0,True,1
RH,numeric,0.005344435399548221,0.005790332953135173,0.004549129803975423,0.013067236873366592,1.0,1.0,True,2
Top,numeric,0.22641087588146216,0.3433131615320842,0.14136925141016643,0.09003326205749584,1.0,1.0,True,3
RATemp,numeric,0.2118439991855703,0.0439461867014567,0.04101687669754028,0.05994495921438188,1.0,1.0,False,4
Air Velo,numeric,0.018771042586310023,0.0044832030932108555,0.0038695693016052245,0.011617961511047745,1.0,1.0,False,5
