Feature,Type,Univariate_Score,Perm_DeltaR2,Perm_DeltaMAE,Perm_DeltaAcc,Combined_Score,Stability_Freq,Selected,Rank
MRT,numeric,0.19961525576076694,0.0038143057162778474,0.02516469004403758,0.05448443810881445,1.0,1.0,True,1
RH,numeric,0.005344435399548221,0.0,0.00408521780545678,0.028702383780787193,1.0,1.0,True,2
Top,numeric,0.22641087588146216,0.14781615372794032,0.08276039325991735,0.0697176684881603,1.0,1.0,True,3
RATemp,numeric,0.2118439991855703,0.0336430470789538,0.04125938341483641,0.055547636018056554,1.0,1.0,False,4
Air Velo,numeric,0.018771042586310023,0.0,0.0009449702143408789,0.01090520313613685,1.0,1.0,False,5
