Feature,Type,Univariate_Score,Perm_DeltaR2,Perm_DeltaMAE,Perm_DeltaAcc,Combined_Score,Stability_Freq,Selected,Rank
Clothing,categorical,0.36107642774840565,0.022851741139519304,0.009410987714973321,0.011111111111111105,1.0,1.0,True,1
Season,categorical,0.0,1.4802973661668754e-17,2.960594732333751e-17,0.0,1.0,1.0,True,2
Activity,categorical,0.0,0.0,3.700743415417189e-17,0.0,1.0,1.0,True,3
MRT,numeric,0.041044797892478044,0.006972870396919672,0.0053956901518595005,0.01734957548911037,1.0,1.0,False,4
RH,numeric,0.0027651772560393123,0.014164374390470233,0.01070007947382184,0.009486895533407156,1.0,1.0,False,5
Top,numeric,0.06833100609793122,0.03896286347320088,0.024815418299121546,0.030047988187523068,1.0,1.0,False,6
RATemp,numeric,0.018579672702628686,0.021323759689353634,0.011665174559980574,0.012698412698412686,1.0,1.0,False,7
Air Velo,numeric,0.017172946142886843,0.036917516702444475,0.014254582506291125,0.018899963086009598,1.0,1.0,False,8
