Feature,Type,Univariate_Score,Perm_DeltaR2,Perm_DeltaMAE,Perm_DeltaAcc,Combined_Score,Stability_Freq,Selected,Rank
Clothing,categorical,0.36107642774840565,0.003994202613830567,0.0017220695813496907,0.006349206349206349,1.0,1.0,True,1
Season,categorical,0.0,0.0,0.0,0.0,1.0,1.0,True,2
Activity,categorical,0.0,0.0,0.0,0.0,1.0,1.0,True,3
MRT,numeric,0.041044797892478044,0.06199948787689209,0.029022196928660073,0.030158730158730163,1.0,1.0,False,4
RH,numeric,0.0027651772560393123,0.02252564032872518,0.009121044476826986,0.023772609819121455,1.0,1.0,False,5
Top,numeric,0.06833100609793122,0.02833952109018962,0.01779272158940633,0.014211886304909566,1.0,1.0,False,6
RATemp,numeric,0.018579672702628686,0.021668962637583413,0.013177549839019776,0.02222222222222222,1.0,1.0,False,7
Air Velo,numeric,0.017172946142886843,0.018894898891448974,0.011179041862487794,0.011074197120708746,1.0,1.0,False,8
