Feature,Type,Univariate_Score,Perm_DeltaR2,Perm_DeltaMAE,Perm_DeltaAcc,Combined_Score,Stability_Freq,Selected,Rank
Clothing,categorical,0.13212140341337114,0.00796531836191813,0.005551354090372721,0.006148312199641012,1.0,1.0,True,1
Season,categorical,0.024364923877041998,0.008376332124074301,0.0039805332819620775,0.0008786404956285093,1.0,1.0,True,2
Activity,categorical,0.003723005400763959,0.0009966850280761718,0.0010342041651407877,0.001537982745642985,1.0,1.0,True,3
MRT,numeric,0.14295464481428105,0.023019254207611084,0.015002604325612384,0.00834997973481558,1.0,1.0,False,4
RH,numeric,0.0034558369527280227,0.0029543956120808923,0.002896579106648763,0.005492588732557464,1.0,1.0,False,5
Top,numeric,0.2583906156626027,0.1396736224492391,0.08946564197540283,0.0439327485380117,1.0,1.0,False,6
RATemp,numeric,0.25737310816365094,0.09186761379241944,0.06189837455749512,0.027894302588153546,1.0,1.0,False,7
Air Velo,numeric,0.021045774083030204,0.00731226603190104,0.0070878426233927415,0.007912107000173705,1.0,1.0,False,8
