Feature,Type,Univariate_Score,Perm_DeltaR2,Perm_DeltaMAE,Perm_DeltaAcc,Combined_Score,Stability_Freq,Selected,Rank
Clothing,categorical,0.36107642774840565,0.0009558003824548337,0.0007239886516007339,0.001587301587301589,1.0,1.0,True,1
Season,categorical,0.0,0.0,0.0,0.0,1.0,1.0,True,2
Activity,categorical,0.0,0.0,0.0,0.0,1.0,1.0,True,3
MRT,numeric,0.041044797892478044,0.024659936049480587,0.01896730039709621,0.029937246216315987,1.0,1.0,False,4
RH,numeric,0.0027651772560393123,0.014491150236033729,0.008201194580882015,0.01731266149870802,1.0,1.0,False,5
Top,numeric,0.06833100609793122,0.03317733775852534,0.023742105003941368,0.01727574750830565,1.0,1.0,False,6
RATemp,numeric,0.018579672702628686,0.027966304237284367,0.018381445291515024,0.033185677371723885,1.0,1.0,False,7
Air Velo,numeric,0.017172946142886843,0.008566991530180782,0.004572730032105588,0.033259505352528605,1.0,1.0,False,8
