Feature,Type,Univariate_Score,Perm_DeltaR2,Perm_DeltaMAE,Perm_DeltaAcc,Combined_Score,Stability_Freq,Selected,Rank
Clothing,categorical,0.13212140341337114,0.019813619756005863,0.01627218511094495,0.018217677030860975,1.0,1.0,True,1
Season,categorical,0.024364923877041998,0.025293614498684024,0.014886299777006201,0.004829627699612071,1.0,1.0,True,2
Activity,categorical,0.003723005400763959,0.002158168890066118,0.0019750349331980463,0.007244803427711203,1.0,1.0,True,3
MRT,numeric,0.14295464481428105,0.00426138781937376,0.002728626966102469,0.007260002316021072,1.0,1.0,False,4
RH,numeric,0.0034558369527280227,0.0019722482927946833,0.003474787973126355,0.004609605697411849,1.0,1.0,False,5
Top,numeric,0.2583906156626027,0.09280497707275559,0.05901501898224195,0.03141682589311563,1.0,1.0,False,6
RATemp,numeric,0.25737310816365094,0.08093055636624473,0.0522570703197523,0.028125180939146545,1.0,1.0,False,7
Air Velo,numeric,0.021045774083030204,0.0046431405245904575,0.0036270205043308955,0.0043975450176596586,1.0,1.0,False,8
