Feature,Type,Univariate_Score,Perm_DeltaR2,Perm_DeltaMAE,Perm_DeltaAcc,Combined_Score,Stability_Freq,Selected,Rank
Clothing,categorical,0.13212140341337114,0.0027945049734813487,0.001675127040545813,0.0035131144693416718,1.0,1.0,True,1
Season,categorical,0.024364923877041998,0.018240806989387598,0.012717319623214998,0.006583289907938161,1.0,1.0,True,2
Activity,categorical,0.003723005400763959,0.003977165566840705,0.0038722393186088055,0.007911383243587523,1.0,1.0,True,3
MRT,numeric,0.14295464481428105,0.029139746281319268,0.019741875376156882,0.018008511377453535,1.0,1.0,False,4
RH,numeric,0.0034558369527280227,0.010424363601911317,0.0089072636437144,0.014051010364194313,1.0,1.0,False,5
Top,numeric,0.2583906156626027,0.1014392069505418,0.06716663189371641,0.037535464072723054,1.0,1.0,False,6
RATemp,numeric,0.25737310816365094,0.09946052018180496,0.06894319637104483,0.047874326906374845,1.0,1.0,False,7
Air Velo,numeric,0.021045774083030204,0.012150657059353578,0.009583439491567562,0.017346997857680502,1.0,1.0,False,8
