Feature,Type,Univariate_Score,Perm_DeltaR2,Perm_DeltaMAE,Perm_DeltaAcc,Combined_Score,Stability_Freq,Selected,Rank
Clothing,categorical,0.39075433617284083,0.00624393622080485,0.005017630259195964,0.014611872146118726,1.0,1.0,True,1
Season,categorical,0.3423220618313034,0.036508735020955405,0.02495499849319458,0.02100456621004566,1.0,1.0,True,2
Activity,categorical,0.16546141439178608,0.0005454619725545248,0.0002928574879964193,0.0013698630136986354,1.0,1.0,True,3
MRT,numeric,0.33427764517134434,0.2618457635243734,0.16616022189458213,0.08493150684931508,1.0,1.0,False,4
RH,numeric,0.325604547468956,0.04942030906677246,0.03621447086334229,0.031050228310502286,1.0,1.0,False,5
Top,numeric,0.34820425437285063,0.040754516919453934,0.032798830668131516,0.022831050228310508,1.0,1.0,False,6
RATemp,numeric,0.35396998660550694,0.06251786549886068,0.038159219423929844,0.0182648401826484,1.0,1.0,False,7
Air Velo,numeric,0.12181591040826834,0.021099479993184407,0.012073493003845213,0.00662100456621004,1.0,1.0,False,8
