Feature,Type,Univariate_Score,Perm_DeltaR2,Perm_DeltaMAE,Perm_DeltaAcc,Combined_Score,Stability_Freq,Selected,Rank
Clothing,categorical,0.39075433617284083,0.0,0.0,0.0,1.0,1.0,True,1
Season,categorical,0.3423220618313034,0.012672674155778269,0.008406877952033957,0.0031963470319634722,1.0,1.0,True,2
Activity,categorical,0.16546141439178608,0.0,0.0,0.0,1.0,1.0,True,3
MRT,numeric,0.33427764517134434,0.07394764848069652,0.04754979923256218,0.01187214611872146,1.0,1.0,False,4
RH,numeric,0.325604547468956,0.03951288387704945,0.028486931377281328,0.009817351598173521,1.0,1.0,False,5
Top,numeric,0.34820425437285063,0.0354710874032229,0.02470722822681482,0.005022831050228312,1.0,1.0,False,6
RATemp,numeric,0.35396998660550694,0.026840862698593877,0.01930004029808205,0.00296803652968037,1.0,1.0,False,7
Air Velo,numeric,0.12181591040826834,0.055651593589501114,0.0304080360326602,0.0045662100456621,1.0,1.0,False,8
