Feature,Type,Univariate_Score,Perm_DeltaR2,Perm_DeltaMAE,Perm_DeltaAcc,Combined_Score,Stability_Freq,Selected,Rank
Clothing,categorical,0.39075433617284083,0.003285094194513778,0.005373005569538006,0.009132420091324204,1.0,1.0,True,1
Season,categorical,0.3423220618313034,0.31584345111556467,0.18577859365866778,0.0865296803652968,1.0,1.0,True,2
Activity,categorical,0.16546141439178608,0.003181450366443972,0.0019940367864962043,0.0015981735159817378,1.0,1.0,True,3
MRT,numeric,0.33427764517134434,0.025791140821864806,0.02526561619646219,0.015753424657534244,1.0,1.0,False,4
RH,numeric,0.325604547468956,0.020614432806539563,0.01606970008146719,0.008675799086757991,1.0,1.0,False,5
Top,numeric,0.34820425437285063,0.013183571063021362,0.012581332375021561,0.012328767123287676,1.0,1.0,False,6
RATemp,numeric,0.35396998660550694,0.0038908092302436005,0.004824671638421092,0.003652968036529676,1.0,1.0,False,7
Air Velo,numeric,0.12181591040826834,0.02480971750688634,0.017088864335205414,0.012785388127853884,1.0,1.0,False,8
