Feature,Type,Univariate_Score,Perm_DeltaR2,Perm_DeltaMAE,Perm_DeltaAcc,Combined_Score,Stability_Freq,Selected,Rank
Clothing,categorical,0.39075433617284083,0.007805943795947581,0.007079895300566149,0.010502283105022815,1.0,1.0,True,1
Season,categorical,0.3423220618313034,0.05962355022220567,0.04071571509573826,0.022831050228310494,1.0,1.0,True,2
Activity,categorical,0.16546141439178608,0.01181215215212914,0.005693548658398077,0.002283105022831041,1.0,1.0,True,3
MRT,numeric,0.33427764517134434,0.0966047748671994,0.06798305116004347,0.03493150684931506,1.0,1.0,False,4
RH,numeric,0.325604547468956,0.07202973116805811,0.049774127380187085,0.029680365296803634,1.0,1.0,False,5
Top,numeric,0.34820425437285063,0.09668268421346417,0.06924485706360904,0.040639269406392675,1.0,1.0,False,6
RATemp,numeric,0.35396998660550694,0.053218279089623635,0.03517106917541405,0.01780821917808218,1.0,1.0,False,7
Air Velo,numeric,0.12181591040826834,0.0545099967772316,0.032905470710149,0.01484018264840182,1.0,1.0,False,8
