Feature,Type,Univariate_Score,Perm_DeltaR2,Perm_DeltaMAE,Perm_DeltaAcc,Combined_Score,Stability_Freq,Selected,Rank
MRT,numeric,0.19961525576076694,0.035311690966288244,0.02843712170918783,0.034149045695731364,1.0,1.0,True,1
RH,numeric,0.005344435399548221,0.009032324949900309,0.008054570357004801,0.019248435891343937,1.0,1.0,True,2
Top,numeric,0.22641087588146216,0.31869088411331176,0.13210382858912148,0.0809911301180011,1.0,1.0,True,3
RATemp,numeric,0.2118439991855703,0.047414239247639975,0.04234046936035156,0.07408925318761385,1.0,1.0,False,4
Air Velo,numeric,0.018771042586310023,0.009229838848114014,0.006094253063201905,0.01125366278609328,1.0,1.0,False,5
