Feature,Type,Univariate_Score,Perm_DeltaR2,Perm_DeltaMAE,Perm_DeltaAcc,Combined_Score,Stability_Freq,Selected,Rank
MRT,numeric,0.19961525576076694,0.046021631525635355,0.03530660054574027,0.04466223172566723,1.0,1.0,True,1
RH,numeric,0.005344435399548221,0.018235519786895207,0.009265129826219156,0.021416409281697957,1.0,1.0,True,2
Top,numeric,0.22641087588146216,0.20188861570519676,0.09025786837742618,0.08061099231804862,1.0,1.0,True,3
RATemp,numeric,0.2118439991855703,0.07492899807821195,0.051619361105964524,0.06063989862992001,1.0,1.0,False,4
Air Velo,numeric,0.018771042586310023,0.01603805517040513,0.009610376327322194,0.012342599192207173,1.0,1.0,False,5
