Feature,Type,Univariate_Score,Perm_DeltaR2,Perm_DeltaMAE,Perm_DeltaAcc,Combined_Score,Stability_Freq,Selected,Rank
MRT,numeric,0.19961525576076694,0.012651113941602357,0.007329699279772103,0.010527045220559113,1.0,1.0,True,1
RH,numeric,0.005344435399548221,0.0,0.0,0.0,1.0,1.0,True,2
Top,numeric,0.22641087588146216,0.06896464342706728,0.030564736760427813,0.02033737229745782,1.0,1.0,True,3
RATemp,numeric,0.2118439991855703,0.07033391590917361,0.030829491330790344,0.028316306327710462,1.0,1.0,False,4
Air Velo,numeric,0.018771042586310023,0.0,0.0,0.0,1.0,1.0,False,5
