Feature,Type,Univariate_Score,Perm_DeltaR2,Perm_DeltaMAE,Perm_DeltaAcc,Combined_Score,Stability_Freq,Selected,Rank
MRT,numeric,0.19961525576076694,0.005007342551329901,0.0246914847700537,0.04504434940999445,1.0,1.0,True,1
RH,numeric,0.005344435399548221,0.0,0.005221773885768647,0.02617011166547874,1.0,1.0,True,2
Top,numeric,0.22641087588146216,0.1139734640575482,0.07477226927777554,0.06680525857289935,1.0,1.0,True,3
RATemp,numeric,0.2118439991855703,0.027767042835516665,0.04332390428139003,0.06830601092896174,1.0,1.0,False,4
Air Velo,numeric,0.018771042586310023,0.0,0.0007238492028320017,0.009451968005068508,1.0,1.0,False,5
