Feature,Type,Univariate_Score,Perm_DeltaR2,Perm_DeltaMAE,Perm_DeltaAcc,Combined_Score,Stability_Freq,Selected,Rank
Clothing,categorical,0.36107642774840565,0.0011448096533351734,0.0005115918090886258,0.004724990771502405,1.0,1.0,True,1
Season,categorical,0.0,0.0,0.0,0.0,1.0,1.0,True,2
Activity,categorical,0.0,0.0,0.0,0.0,1.0,1.0,True,3
MRT,numeric,0.041044797892478044,0.021976660712614438,0.02174494892978441,0.020376522702104098,1.0,1.0,False,4
RH,numeric,0.0027651772560393123,0.01655501482094063,0.008244721630500917,0.02056109265411591,1.0,1.0,False,5
Top,numeric,0.06833100609793122,0.034113272889757705,0.021750918571920443,0.01897379106681432,1.0,1.0,False,6
RATemp,numeric,0.018579672702628686,0.01951426139561636,0.014338909814033554,0.030011074197120714,1.0,1.0,False,7
Air Velo,numeric,0.017172946142886843,0.018102455242687655,0.008123629448275087,0.033222591362126255,1.0,1.0,False,8
