Feature,Type,Univariate_Score,Perm_DeltaR2,Perm_DeltaMAE,Perm_DeltaAcc,Combined_Score,Stability_Freq,Selected,Rank
Clothing,categorical,0.36107642774840565,0.0018218517303466796,0.0011075655619303387,0.006349206349206346,1.0,1.0,True,1
Season,categorical,0.0,0.0,0.0,0.0,1.0,1.0,True,2
Activity,categorical,0.0,0.0,0.0,0.0,1.0,1.0,True,3
MRT,numeric,0.041044797892478044,0.06519449154535929,0.033741728464762366,0.03480989294942783,1.0,1.0,False,4
RH,numeric,0.0027651772560393123,0.020767037073771158,0.009232505162556966,0.022148394241417502,1.0,1.0,False,5
Top,numeric,0.06833100609793122,0.0270805835723877,0.014984460671742755,0.018826135105204884,1.0,1.0,False,6
RATemp,numeric,0.018579672702628686,0.012651634216308594,0.011485175291697184,0.009523809523809521,1.0,1.0,False,7
Air Velo,numeric,0.017172946142886843,0.016941901048024496,0.01148667335510254,0.01904761904761905,1.0,1.0,False,8
