Feature,Type,Univariate_Score,Perm_DeltaR2,Perm_DeltaMAE,Perm_DeltaAcc,Combined_Score,Stability_Freq,Selected,Rank
Clothing,categorical,0.13212140341337114,0.01911606012225965,0.014247172246563817,0.014927479590064265,1.0,1.0,True,1
Season,categorical,0.024364923877041998,0.026388887979587116,0.015446066126172261,0.0050503734583984715,1.0,1.0,True,2
Activity,categorical,0.003723005400763959,0.0030320906466371643,0.004226099473501943,0.010535724625094094,1.0,1.0,True,3
MRT,numeric,0.14295464481428105,0.0020918907227516067,0.001413818130774569,0.005279804296219093,1.0,1.0,False,4
RH,numeric,0.0034558369527280227,0.0026184735630337074,0.0036349719777326074,0.0024158994846853058,1.0,1.0,False,5
Top,numeric,0.2583906156626027,0.09018067487868849,0.06004845504620728,0.042175467546754664,1.0,1.0,False,6
RATemp,numeric,0.25737310816365094,0.0761216804426987,0.0511256063336548,0.031409588327253775,1.0,1.0,False,7
Air Velo,numeric,0.021045774083030204,0.0027410105905202693,0.0024463407478549104,0.004177523015459435,1.0,1.0,False,8
