Feature,Type,Univariate_Score,Perm_DeltaR2,Perm_DeltaMAE,Perm_DeltaAcc,Combined_Score,Stability_Freq,Selected,Rank
Clothing,categorical,0.36107642774840565,0.017151493839703113,0.008007134545348848,0.00476190476190476,1.0,1.0,True,1
Season,categorical,0.0,1.0362081563168128e-16,2.2204460492503132e-17,0.0,1.0,1.0,True,2
Activity,categorical,0.0,6.661338147750939e-17,2.2204460492503132e-17,0.0,1.0,1.0,True,3
MRT,numeric,0.041044797892478044,0.025863198878429056,0.015070301167885866,0.021926910299003316,1.0,1.0,False,4
RH,numeric,0.0027651772560393123,0.023389604588335743,0.013921825341692121,0.017349575489110362,1.0,1.0,False,5
Top,numeric,0.06833100609793122,0.0615114840604422,0.038945994457477706,0.03156146179401992,1.0,1.0,False,6
RATemp,numeric,0.018579672702628686,0.008822255517265157,0.009812955457404711,0.019010705057216675,1.0,1.0,False,7
Air Velo,numeric,0.017172946142886843,0.02264646719370695,0.00835444016919633,0.01579918789221114,1.0,1.0,False,8
