Feature,Type,Univariate_Score,Perm_DeltaR2,Perm_DeltaMAE,Perm_DeltaAcc,Combined_Score,Stability_Freq,Selected,Rank
Clothing,categorical,0.13212140341337114,0.005971364180246988,0.0057454864184061675,0.006584013664524342,1.0,1.0,True,1
Season,categorical,0.024364923877041998,0.008990311622619629,0.00395811398824056,0.0017558334780846563,1.0,1.0,True,2
Activity,categorical,0.003723005400763959,0.0012643575668334962,0.000954282283782959,0.0010972149846563656,1.0,1.0,True,3
MRT,numeric,0.14295464481428105,0.017512508233388267,0.01268595059712728,0.008568554223843436,1.0,1.0,False,4
RH,numeric,0.0034558369527280227,0.006659189860026041,0.004972684383392334,0.005493312489143643,1.0,1.0,False,5
Top,numeric,0.2583906156626027,0.1423768361409505,0.09521311918894451,0.05468487638237508,1.0,1.0,False,6
RATemp,numeric,0.25737310816365094,0.09244223038355508,0.05959003766377766,0.027462219906201152,1.0,1.0,False,7
Air Velo,numeric,0.021045774083030204,0.006656380494435628,0.0058469971021016445,0.008128510219442994,1.0,1.0,False,8
