Feature,Type,Univariate_Score,Perm_DeltaR2,Perm_DeltaMAE,Perm_DeltaAcc,Combined_Score,Stability_Freq,Selected,Rank
Clothing,categorical,0.13212140341337114,0.002420795906000239,0.0015477527956161861,0.0039495396908111845,1.0,1.0,True,1
Season,categorical,0.024364923877041998,0.02028820489086206,0.01470481500949285,0.008993399339933992,1.0,1.0,True,2
Activity,categorical,0.003723005400763959,0.002433500290368758,0.0019981219813862547,0.006154826008916685,1.0,1.0,True,3
MRT,numeric,0.14295464481428105,0.021658055394907942,0.014167202602043443,0.018876295524289273,1.0,1.0,False,4
RH,numeric,0.0034558369527280227,0.013833809845907643,0.010999725505197847,0.011638005905853746,1.0,1.0,False,5
Top,numeric,0.2583906156626027,0.09771493671303702,0.06896537688344465,0.04896068554223843,1.0,1.0,False,6
RATemp,numeric,0.25737310816365094,0.1098665641602791,0.07469604333897586,0.05402408661918824,1.0,1.0,False,7
Air Velo,numeric,0.021045774083030204,0.009275435607673802,0.006681441844757755,0.013172369868565806,1.0,1.0,False,8
