Feature,Type,Univariate_Score,Perm_DeltaR2,Perm_DeltaMAE,Perm_DeltaAcc,Combined_Score,Stability_Freq,Selected,Rank
Clothing,categorical,0.39075433617284083,0.005041879665092315,0.004861956509462558,0.005707762557077626,1.0,1.0,True,1
Season,categorical,0.3423220618313034,0.3126316838351936,0.18741854406667827,0.09315068493150684,1.0,1.0,True,2
Activity,categorical,0.16546141439178608,0.0030966177831553534,0.0030058949076233153,0.0004566210045662118,1.0,1.0,True,3
MRT,numeric,0.33427764517134434,0.03325213885863893,0.02720375599512661,0.01735159817351599,1.0,1.0,False,4
RH,numeric,0.325604547468956,0.01889208155152985,0.015849628767189126,0.011415525114155256,1.0,1.0,False,5
Top,numeric,0.34820425437285063,0.009440504816819285,0.009520911865645788,0.011415525114155252,1.0,1.0,False,6
RATemp,numeric,0.35396998660550694,0.010895503314899812,0.008935187595957971,0.011187214611872148,1.0,1.0,False,7
Air Velo,numeric,0.12181591040826834,0.02713978419872317,0.01745894517133602,0.011187214611872142,1.0,1.0,False,8
