Feature,Type,Univariate_Score,Perm_DeltaR2,Perm_DeltaMAE,Perm_DeltaAcc,Combined_Score,Stability_Freq,Selected,Rank
Clothing,categorical,0.39075433617284083,0.0,0.0,0.0,1.0,1.0,True,1
Season,categorical,0.3423220618313034,0.013192500938637965,0.009056800647768468,0.0054794520547945275,1.0,1.0,True,2
Activity,categorical,0.16546141439178608,0.0,0.0,0.0,1.0,1.0,True,3
MRT,numeric,0.33427764517134434,0.07516949269408936,0.050465902715907396,0.014840182648401826,1.0,1.0,False,4
RH,numeric,0.325604547468956,0.0399614379783876,0.027936267002066938,0.0075342465753424626,1.0,1.0,False,5
Top,numeric,0.34820425437285063,0.03744923076138248,0.02525630622485613,0.0020547945205479498,1.0,1.0,False,6
RATemp,numeric,0.35396998660550694,0.026186582663801423,0.018581932731666938,0.0038812785388127892,1.0,1.0,False,7
Air Velo,numeric,0.12181591040826834,0.05959698213845903,0.030270057795774553,0.0073059360730593605,1.0,1.0,False,8
