Feature,Type,Univariate_Score,Perm_DeltaR2,Perm_DeltaMAE,Perm_DeltaAcc,Combined_Score,Stability_Freq,Selected,Rank
Clothing,categorical,0.39075433617284083,0.004665203889211019,0.004895257949829102,0.013926940639269405,1.0,1.0,True,1
Season,categorical,0.3423220618313034,0.03655175367991129,0.02318780422210693,0.014383561643835616,1.0,1.0,True,2
Activity,categorical,0.16546141439178608,0.0005308985710144043,0.00019159714380900065,0.001141552511415526,1.0,1.0,True,3
MRT,numeric,0.33427764517134434,0.2491847475369771,0.15656490723292033,0.07420091324200914,1.0,1.0,False,4
RH,numeric,0.325604547468956,0.04610999425252279,0.0332968274752299,0.01986301369863014,1.0,1.0,False,5
Top,numeric,0.34820425437285063,0.04387112061182658,0.03389670054117839,0.02237442922374429,1.0,1.0,False,6
RATemp,numeric,0.35396998660550694,0.0753779411315918,0.048107977708180746,0.024885844748858438,1.0,1.0,False,7
Air Velo,numeric,0.12181591040826834,0.021900482972462974,0.013935879866282147,0.00433789954337899,1.0,1.0,False,8
