Feature,Type,Univariate_Score,Perm_DeltaR2,Perm_DeltaMAE,Perm_DeltaAcc,Combined_Score,Stability_Freq,Selected,Rank
Clothing,categorical,0.39075433617284083,0.008189629305148985,0.0069811331299642594,0.005936073059360725,1.0,1.0,True,1
Season,categorical,0.3423220618313034,0.05643432457500848,0.03876747058098259,0.018493150684931497,1.0,1.0,True,2
Activity,categorical,0.16546141439178608,0.011506982257986477,0.0057426029155642246,0.004794520547945202,1.0,1.0,True,3
MRT,numeric,0.33427764517134434,0.09727956847970756,0.06793232506727041,0.03447488584474883,1.0,1.0,False,4
RH,numeric,0.325604547468956,0.06941715470663698,0.048383812908243784,0.033789954337899525,1.0,1.0,False,5
Top,numeric,0.34820425437285063,0.08597265074745654,0.06257169371488658,0.0372146118721461,1.0,1.0,False,6
RATemp,numeric,0.35396998660550694,0.052869914335617274,0.03540346575078358,0.023059360730593597,1.0,1.0,False,7
Air Velo,numeric,0.12181591040826834,0.05538513814511067,0.03377669758190833,0.01210045662100456,1.0,1.0,False,8
