Feature,Type,Univariate_Score,Perm_DeltaR2,Perm_DeltaMAE,Perm_DeltaAcc,Combined_Score,Stability_Freq,Selected,Rank
MRT,numeric,0.19961525576076694,0.012466965174275067,0.00741875396293677,0.010517145798685344,1.0,1.0,True,1
RH,numeric,0.005344435399548221,0.0,0.0,0.0,1.0,1.0,True,2
Top,numeric,0.22641087588146216,0.06934458209093529,0.028622576177276704,0.014181911776352255,1.0,1.0,True,3
RATemp,numeric,0.2118439991855703,0.06912843562267985,0.031200648895881655,0.019602835194424635,1.0,1.0,False,4
Air Velo,numeric,0.018771042586310023,0.0,0.0,0.0,1.0,1.0,False,5
