Feature,Type,Univariate_Score,Perm_DeltaR2,Perm_DeltaMAE,Perm_DeltaAcc,Combined_Score,Stability_Freq,Selected,Rank
MRT,numeric,0.19961525576076694,0.04134482940038045,0.030283864339192713,0.033406589055199165,1.0,1.0,True,1
RH,numeric,0.005344435399548221,0.00502758820851644,0.00594180425008138,0.01706066365724241,1.0,1.0,True,2
Top,numeric,0.22641087588146216,0.2935911059379578,0.1225766658782959,0.07697394472162826,1.0,1.0,True,3
RATemp,numeric,0.2118439991855703,0.048254132270812995,0.040189238389333096,0.06282767086402155,1.0,1.0,False,4
Air Velo,numeric,0.018771042586310023,0.00847590764363607,0.005593792597452798,0.014514532351310675,1.0,1.0,False,5
