Feature,Type,Univariate_Score,Perm_DeltaR2,Perm_DeltaMAE,Perm_DeltaAcc,Combined_Score,Stability_Freq,Selected,Rank
MRT,numeric,0.19961525576076694,0.009609868467610843,0.029635472585044936,0.05847984477706501,1.0,1.0,True,1
RH,numeric,0.005344435399548221,0.0004961294721663068,0.00456777501684967,0.024693117921913352,1.0,1.0,True,2
Top,numeric,0.22641087588146216,0.14783972875929133,0.08438480867618561,0.079527995565059,1.0,1.0,True,3
RATemp,numeric,0.2118439991855703,0.03164791640019275,0.044483996820362776,0.06538766136057654,1.0,1.0,False,4
Air Velo,numeric,0.018771042586310023,0.0,0.0008096382755916991,0.011287320820464086,1.0,1.0,False,5
