Feature,Type,Univariate_Score,Perm_DeltaR2,Perm_DeltaMAE,Perm_DeltaAcc,Combined_Score,Stability_Freq,Selected,Rank
MRT,numeric,0.19961525576076694,0.04322017196569696,0.03259801273967481,0.04138948285420131,1.0,1.0,True,1
RH,numeric,0.005344435399548221,0.013519125868368103,0.006180886734632278,0.019963174150629603,1.0,1.0,True,2
Top,numeric,0.22641087588146216,0.1982648407208505,0.08908854423066459,0.08206818721786649,1.0,1.0,True,3
RATemp,numeric,0.2118439991855703,0.07333271136378781,0.048270873043750474,0.053747921121406514,1.0,1.0,False,4
Air Velo,numeric,0.018771042586310023,0.016531010953665493,0.008842153354327587,0.008705551595786811,1.0,1.0,False,5
