Feature,Type,Univariate_Score,Perm_DeltaR2,Perm_DeltaMAE,Perm_DeltaAcc,Combined_Score,Stability_Freq,Selected,Rank
Clothing,categorical,0.13212140341337114,0.019946969947192812,0.014392906877922029,0.016686208094493657,1.0,1.0,True,1
Season,categorical,0.024364923877041998,0.026346471953017953,0.01595345846334582,0.007463377916739049,1.0,1.0,True,2
Activity,categorical,0.003723005400763959,0.001760694801589187,0.0026496616448131653,0.008343465925539927,1.0,1.0,True,3
MRT,numeric,0.14295464481428105,0.004761408298566898,0.0016405935934441433,0.006598488796248041,1.0,1.0,False,4
RH,numeric,0.0034558369527280227,0.0008495035903905693,0.0031003011679401338,0.003729517688610966,1.0,1.0,False,5
Top,numeric,0.2583906156626027,0.09193365589130409,0.061279043094278576,0.04239187076602398,1.0,1.0,False,6
RATemp,numeric,0.25737310816365094,0.07958232041299372,0.04917515216657678,0.035152857391002254,1.0,1.0,False,7
Air Velo,numeric,0.021045774083030204,0.0010662719791980414,0.00100211955261252,0.0037396502808175565,1.0,1.0,False,8
