Feature,Type,Univariate_Score,Perm_DeltaR2,Perm_DeltaMAE,Perm_DeltaAcc,Combined_Score,Stability_Freq,Selected,Rank
Clothing,categorical,0.13212140341337114,0.00874563455581665,0.006457662582397461,0.005266052921081573,1.0,1.0,True,1
Season,categorical,0.024364923877041998,0.008374146620432536,0.004204738140106201,0.0008793642522147019,1.0,1.0,True,2
Activity,categorical,0.003723005400763959,0.0010282595952351887,0.0009684324264526365,0.0006586184934282942,1.0,1.0,True,3
MRT,numeric,0.14295464481428105,0.02165600856145223,0.014924263954162598,0.00571550576110242,1.0,1.0,False,4
RH,numeric,0.0034558369527280227,0.006800293922424316,0.005142800013224284,0.008125615193098259,1.0,1.0,False,5
Top,numeric,0.2583906156626027,0.13646424214045208,0.08583063681920369,0.044154218053384285,1.0,1.0,False,6
RATemp,numeric,0.25737310816365094,0.07687254349390667,0.05237342516581217,0.025489259452261014,1.0,1.0,False,7
Air Velo,numeric,0.021045774083030204,0.0042803366978963215,0.005051692326863607,0.008571449250188172,1.0,1.0,False,8
