Feature,Type,Univariate_Score,Perm_DeltaR2,Perm_DeltaMAE,Perm_DeltaAcc,Combined_Score,Stability_Freq,Selected,Rank
Clothing,categorical,0.36107642774840565,0.004946696758270264,0.0019113421440124512,0.0,1.0,1.0,True,1
Season,categorical,0.0,0.0,0.0,0.0,1.0,1.0,True,2
Activity,categorical,0.0,0.0,0.0,0.0,1.0,1.0,True,3
MRT,numeric,0.041044797892478044,0.04019087553024292,0.025823724269866944,0.02694721299372462,1.0,1.0,False,4
RH,numeric,0.0027651772560393123,0.011240502198537191,0.003705688317616781,0.020634920634920645,1.0,1.0,False,5
Top,numeric,0.06833100609793122,0.020002897580464682,0.014504059155782064,0.022074566260612778,1.0,1.0,False,6
RATemp,numeric,0.018579672702628686,0.019032283624013265,0.015104512373606365,0.0253968253968254,1.0,1.0,False,7
Air Velo,numeric,0.017172946142886843,0.02219144900639852,0.011978944142659504,0.019010705057216686,1.0,1.0,False,8
