Feature,Type,Univariate_Score,Perm_DeltaR2,Perm_DeltaMAE,Perm_DeltaAcc,Combined_Score,Stability_Freq,Selected,Rank
Clothing,categorical,0.36107642774840565,0.015712318700309476,0.007289664042705384,0.00952380952380952,1.0,1.0,True,1
Season,categorical,0.0,2.960594732333751e-17,4.4408920985006264e-17,0.0,1.0,1.0,True,2
Activity,categorical,0.0,1.4802973661668754e-17,1.4802973661668754e-17,0.0,1.0,1.0,True,3
MRT,numeric,0.041044797892478044,0.01757337851235171,0.00924904101403737,0.01742340346991509,1.0,1.0,False,4
RH,numeric,0.0027651772560393123,0.026466814569214327,0.019198713957792372,0.015873015873015865,1.0,1.0,False,5
Top,numeric,0.06833100609793122,0.05299136175801496,0.03234139463720902,0.026947212993724608,1.0,1.0,False,6
RATemp,numeric,0.018579672702628686,0.013025985950198243,0.009712824181699617,0.015873015873015865,1.0,1.0,False,7
Air Velo,numeric,0.017172946142886843,0.02874099336400184,0.01593937981158458,0.014248800295311916,1.0,1.0,False,8
