Feature,Type,Univariate_Score,Perm_DeltaR2,Perm_DeltaMAE,Perm_DeltaAcc,Combined_Score,Stability_Freq,Selected,Rank
Clothing,categorical,0.36107642774840565,0.0013762018060384795,0.0006024894533404417,0.0,1.0,1.0,True,1
Season,categorical,0.0,0.0,0.0,0.0,1.0,1.0,True,2
Activity,categorical,0.0,0.0,0.0,0.0,1.0,1.0,True,3
MRT,numeric,0.041044797892478044,0.04767688884917367,0.03570387010297097,0.05503875968992249,1.0,1.0,False,4
RH,numeric,0.0027651772560393123,0.021419322253934857,0.00945239447334334,0.022111480251015135,1.0,1.0,False,5
Top,numeric,0.06833100609793122,0.04730907666957435,0.026861316843604665,0.03148763381321522,1.0,1.0,False,6
RATemp,numeric,0.018579672702628686,0.020349163040869898,0.01541361217804409,0.030011074197120707,1.0,1.0,False,7
Air Velo,numeric,0.017172946142886843,0.016086263491460466,0.007231955428259221,0.025249169435215952,1.0,1.0,False,8
