Feature,Type,Univariate_Score,Perm_DeltaR2,Perm_DeltaMAE,Perm_DeltaAcc,Combined_Score,Stability_Freq,Selected,Rank
Clothing,categorical,0.13212140341337114,0.002807071431458574,0.0015243136062934814,0.0026330264605407923,1.0,1.0,True,1
Season,categorical,0.024364923877041998,0.015798562561583213,0.011889490542632034,0.008121996410167332,1.0,1.0,True,2
Activity,categorical,0.003723005400763959,0.003115650073886352,0.0026690869768022296,0.004398992530832031,1.0,1.0,True,3
MRT,numeric,0.14295464481428105,0.026920170813624904,0.018572974347528005,0.019765792368710556,1.0,1.0,False,4
RH,numeric,0.0034558369527280227,0.011123392077819332,0.009136891283170545,0.011638729662439937,1.0,1.0,False,5
Top,numeric,0.2583906156626027,0.10320820896878873,0.06857516080895673,0.044564588037751145,1.0,1.0,False,6
RATemp,numeric,0.25737310816365094,0.11494225716379727,0.07412485256157839,0.0491836025707834,1.0,1.0,False,7
Air Velo,numeric,0.021045774083030204,0.009954377501064168,0.008238286464410272,0.018219124544033346,1.0,1.0,False,8
