Feature,Type,Univariate_Score,Perm_DeltaR2,Perm_DeltaMAE,Perm_DeltaAcc,Combined_Score,Stability_Freq,Selected,Rank
Clothing,categorical,0.39075433617284083,0.0,0.0,0.0,1.0,1.0,True,1
Season,categorical,0.3423220618313034,0.012757513546180117,0.008714983930835762,0.0034246575342465847,1.0,1.0,True,2
Activity,categorical,0.16546141439178608,0.0,0.0,0.0,1.0,1.0,True,3
MRT,numeric,0.33427764517134434,0.08843201206587988,0.05588623122854175,0.016210045662100454,1.0,1.0,False,4
RH,numeric,0.325604547468956,0.04499461917006141,0.03026222533369401,0.008904109589041097,1.0,1.0,False,5
Top,numeric,0.34820425437285063,0.0346130681927181,0.02344131834137482,0.005022831050228316,1.0,1.0,False,6
RATemp,numeric,0.35396998660550694,0.024970303353455663,0.01788816834448735,0.0034246575342465778,1.0,1.0,False,7
Air Velo,numeric,0.12181591040826834,0.05774987115068088,0.03358260347667065,0.008904109589041096,1.0,1.0,False,8
