Feature,Type,Univariate_Score,Perm_DeltaR2,Perm_DeltaMAE,Perm_DeltaAcc,Combined_Score,Stability_Freq,Selected,Rank
Clothing,categorical,0.39075433617284083,0.002253593990975148,0.00317141052685775,0.009360730593607302,1.0,1.0,True,1
Season,categorical,0.3423220618313034,0.30282458319886313,0.17914467602612114,0.08264840182648402,1.0,1.0,True,2
Activity,categorical,0.16546141439178608,0.004072601121649518,0.0030689496787206006,0.0020547945205479463,1.0,1.0,True,3
MRT,numeric,0.33427764517134434,0.03545622505229964,0.02813017830549447,0.01735159817351599,1.0,1.0,False,4
RH,numeric,0.325604547468956,0.02098827855589483,0.017446293339182066,0.007990867579908675,1.0,1.0,False,5
Top,numeric,0.34820425437285063,0.010228696108250406,0.008823369204177773,0.008219178082191792,1.0,1.0,False,6
RATemp,numeric,0.35396998660550694,0.005900062080963076,0.005816421616749083,0.0045662100456621045,1.0,1.0,False,7
Air Velo,numeric,0.12181591040826834,0.02442572584170976,0.016785062741306735,0.01141552511415525,1.0,1.0,False,8
