Feature,Type,Univariate_Score,Perm_DeltaR2,Perm_DeltaMAE,Perm_DeltaAcc,Combined_Score,Stability_Freq,Selected,Rank
Clothing,categorical,0.39075433617284083,0.008333772106451129,0.007119522180771218,0.0073059360730593536,1.0,1.0,True,1
Season,categorical,0.3423220618313034,0.06288453300584733,0.042920342717584006,0.01712328767123287,1.0,1.0,True,2
Activity,categorical,0.16546141439178608,0.01217795012768633,0.00664686901551675,0.0031963470319634688,1.0,1.0,True,3
MRT,numeric,0.33427764517134434,0.09281720098647425,0.06651657953533627,0.032648401826484,1.0,1.0,False,4
RH,numeric,0.325604547468956,0.06160840502717789,0.04468928924278068,0.030136986301369843,1.0,1.0,False,5
Top,numeric,0.34820425437285063,0.09042277433613057,0.06576156932849711,0.037671232876712306,1.0,1.0,False,6
RATemp,numeric,0.35396998660550694,0.05444744289485404,0.03769930641072552,0.02054794520547944,1.0,1.0,False,7
Air Velo,numeric,0.12181591040826834,0.04619387780182984,0.028011762717732626,0.0073059360730593536,1.0,1.0,False,8
