Feature,Type,Univariate_Score,Perm_DeltaR2,Perm_DeltaMAE,Perm_DeltaAcc,Combined_Score,Stability_Freq,Selected,Rank
Clothing,categorical,0.39075433617284083,0.004506619771321615,0.005741949876149495,0.010730593607305945,1.0,1.0,True,1
Season,categorical,0.3423220618313034,0.0310904065767924,0.022671393553415933,0.018036529680365298,1.0,1.0,True,2
Activity,categorical,0.16546141439178608,0.0005585034688313802,0.0004177411397298177,0.002968036529680366,1.0,1.0,True,3
MRT,numeric,0.33427764517134434,0.2429696281750997,0.1514488935470581,0.0780821917808219,1.0,1.0,False,4
RH,numeric,0.325604547468956,0.04752978483835857,0.03462816079457601,0.01986301369863014,1.0,1.0,False,5
Top,numeric,0.34820425437285063,0.04132762352625529,0.03420346180597941,0.02465753424657533,1.0,1.0,False,6
RATemp,numeric,0.35396998660550694,0.06889360348383586,0.043758889039357506,0.018949771689497717,1.0,1.0,False,7
Air Velo,numeric,0.12181591040826834,0.026993227005004884,0.014371105035146079,0.010502283105022828,1.0,1.0,False,8
