Feature,Type,Univariate_Score,Perm_DeltaR2,Perm_DeltaMAE,Perm_DeltaAcc,Combined_Score,Stability_Freq,Selected,Rank
MRT,numeric,0.19961525576076694,0.011424250498259597,0.007326193994482829,0.012340619307832416,1.0,1.0,True,1
RH,numeric,0.005344435399548221,0.0,0.0,0.0,1.0,1.0,True,2
Top,numeric,0.22641087588146216,0.07103406490491321,0.030149238545436673,0.02033539241308307,1.0,1.0,True,3
RATemp,numeric,0.2118439991855703,0.06587674440584056,0.02956279785179632,0.021812386156648444,1.0,1.0,False,4
Air Velo,numeric,0.018771042586310023,0.0,0.0,0.0,1.0,1.0,False,5
