Feature,Type,Univariate_Score,Perm_DeltaR2,Perm_DeltaMAE,Perm_DeltaAcc,Combined_Score,Stability_Freq,Selected,Rank
MRT,numeric,0.19961525576076694,0.03714572588602701,0.027036889394124353,0.030892135899263477,1.0,1.0,True,1
RH,numeric,0.005344435399548221,0.009001747767130534,0.005675832430521647,0.014890710382513652,1.0,1.0,True,2
Top,numeric,0.22641087588146216,0.31826159556706746,0.12819729646046957,0.08060703254929913,1.0,1.0,True,3
RATemp,numeric,0.2118439991855703,0.03893883625666301,0.03357864618301391,0.05085531004989308,1.0,1.0,False,4
Air Velo,numeric,0.018771042586310023,0.016241304079691567,0.007856317361195882,0.010176605686227917,1.0,1.0,False,5
