Feature,Type,Univariate_Score,Perm_DeltaR2,Perm_DeltaMAE,Perm_DeltaAcc,Combined_Score,Stability_Freq,Selected,Rank
MRT,numeric,0.19961525576076694,0.006799854456615973,0.023979767717891103,0.050847390512394085,1.0,1.0,True,1
RH,numeric,0.005344435399548221,0.0,0.003609560090317594,0.01962659380692168,1.0,1.0,True,2
Top,numeric,0.22641087588146216,0.15202125358446522,0.08330070638763755,0.06719133602597609,1.0,1.0,True,3
RATemp,numeric,0.2118439991855703,0.035197331375639365,0.04820623606036135,0.07446741110319158,1.0,1.0,False,4
Air Velo,numeric,0.018771042586310023,0.0002517353908643679,0.0015786955417208392,0.011277421398590327,1.0,1.0,False,5
