Feature,Type,Univariate_Score,Perm_DeltaR2,Perm_DeltaMAE,Perm_DeltaAcc,Combined_Score,Stability_Freq,Selected,Rank
MRT,numeric,0.19961525576076694,0.042128218362635236,0.03330624335261152,0.04284469786964441,1.0,1.0,True,1
RH,numeric,0.005344435399548221,0.014632920945361592,0.00670073701704718,0.015609408410548819,1.0,1.0,True,2
Top,numeric,0.22641087588146216,0.19504995068466996,0.08974780358291148,0.0860576542329928,1.0,1.0,True,3
RATemp,numeric,0.2118439991855703,0.07238487766891268,0.04906586418779565,0.059535123148808114,1.0,1.0,False,4
Air Velo,numeric,0.018771042586310023,0.01584363719901389,0.009153989086368752,0.008345212639581849,1.0,1.0,False,5
