Feature,Type,Univariate_Score,Perm_DeltaR2,Perm_DeltaMAE,Perm_DeltaAcc,Combined_Score,Stability_Freq,Selected,Rank
Clothing,categorical,0.36107642774840565,0.005967732270558675,0.002439602216084798,0.0,1.0,1.0,True,1
Season,categorical,0.0,0.0,0.0,0.0,1.0,1.0,True,2
Activity,categorical,0.0,0.0,0.0,0.0,1.0,1.0,True,3
MRT,numeric,0.041044797892478044,0.04337090253829956,0.017626802126566567,0.012698412698412704,1.0,1.0,False,4
RH,numeric,0.0027651772560393123,0.02601913611094157,0.011671805381774902,0.030047988187523078,1.0,1.0,False,5
Top,numeric,0.06833100609793122,0.026467708746592204,0.017923823992411294,0.01738648947951274,1.0,1.0,False,6
RATemp,numeric,0.018579672702628686,0.01320605675379435,0.008981057008107505,0.015873015873015872,1.0,1.0,False,7
Air Velo,numeric,0.017172946142886843,0.013553233941396079,0.008143011728922527,0.012661498708010338,1.0,1.0,False,8
