Feature,Type,Univariate_Score,Perm_DeltaR2,Perm_DeltaMAE,Perm_DeltaAcc,Combined_Score,Stability_Freq,Selected,Rank
Clothing,categorical,0.13212140341337114,0.022291422921803576,0.01747670677109877,0.019542151583579404,1.0,1.0,True,1
Season,categorical,0.024364923877041998,0.02028842771529995,0.01141089175178936,0.0059290139540269845,1.0,1.0,True,2
Activity,categorical,0.003723005400763959,0.001433921045974122,0.0030245660978470185,0.007896908111863816,1.0,1.0,True,3
MRT,numeric,0.14295464481428105,0.004218210768887435,0.0035163606484109287,0.008792918765560768,1.0,1.0,False,4
RH,numeric,0.0034558369527280227,0.0009843197563789302,0.0025611324237927004,0.0052703954605986866,1.0,1.0,False,5
Top,numeric,0.2583906156626027,0.08190142175757872,0.05683532261868205,0.036906519599328357,1.0,1.0,False,6
RATemp,numeric,0.25737310816365094,0.07970322502530923,0.0553705753084466,0.038873690000579,1.0,1.0,False,7
Air Velo,numeric,0.021045774083030204,0.0022642923210470347,0.003491118197030762,0.007914278269932254,1.0,1.0,False,8
