Feature,Type,Univariate_Score,Perm_DeltaR2,Perm_DeltaMAE,Perm_DeltaAcc,Combined_Score,Stability_Freq,Selected,Rank
Clothing,categorical,0.36107642774840565,0.010245792643706614,0.007043337361841447,0.011074197120708739,1.0,1.0,True,1
Season,categorical,0.0,3.700743415417188e-17,0.0,0.0,1.0,1.0,True,2
Activity,categorical,0.0,2.2204460492503132e-17,0.0,0.0,1.0,1.0,True,3
MRT,numeric,0.041044797892478044,0.03061945007319508,0.014756006897998653,0.02362495385751199,1.0,1.0,False,4
RH,numeric,0.0027651772560393123,0.009777056169605395,0.008223754442547438,0.01428571428571428,1.0,1.0,False,5
Top,numeric,0.06833100609793122,0.03875984251037418,0.025355344205893825,0.02214839424141749,1.0,1.0,False,6
RATemp,numeric,0.018579672702628686,0.011358314866066857,0.010076814009073882,0.026762643041712796,1.0,1.0,False,7
Air Velo,numeric,0.017172946142886843,0.022082001452710782,0.010667756073630085,0.009449981543004794,1.0,1.0,False,8
