Feature,Type,Univariate_Score,Perm_DeltaR2,Perm_DeltaMAE,Perm_DeltaAcc,Combined_Score,Stability_Freq,Selected,Rank
Clothing,categorical,0.36107642774840565,0.0012935672235153313,0.0008336975887486275,0.001587301587301589,1.0,1.0,True,1
Season,categorical,0.0,0.0,0.0,0.0,1.0,1.0,True,2
Activity,categorical,0.0,0.0,0.0,0.0,1.0,1.0,True,3
MRT,numeric,0.041044797892478044,0.0464643673823646,0.0307705611028256,0.04732373569582873,1.0,1.0,False,4
RH,numeric,0.0027651772560393123,0.013216055463447424,0.006697904557968384,0.025322997416020687,1.0,1.0,False,5
Top,numeric,0.06833100609793122,0.02943255130458537,0.0191350718415453,0.020376522702104098,1.0,1.0,False,6
RATemp,numeric,0.018579672702628686,0.021107884761389074,0.01758561457306975,0.03787375415282392,1.0,1.0,False,7
Air Velo,numeric,0.017172946142886843,0.009770339002292006,0.00705144568393837,0.04256183093392396,1.0,1.0,False,8
