Feature,Type,Univariate_Score,Perm_DeltaR2,Perm_DeltaMAE,Perm_DeltaAcc,Combined_Score,Stability_Freq,Selected,Rank
Clothing,categorical,0.13212140341337114,0.002767387418946939,0.0017972251945797362,0.0035102194429969314,1.0,1.0,True,1
Season,categorical,0.024364923877041998,0.02155739487749995,0.01623713274027607,0.0074619304035666665,1.0,1.0,True,2
Activity,categorical,0.003723005400763959,0.004554928005796147,0.003490819294937434,0.005055439754501774,1.0,1.0,True,3
MRT,numeric,0.14295464481428105,0.028537662011362163,0.019287965655370467,0.019542151583579415,1.0,1.0,False,4
RH,numeric,0.0034558369527280227,0.013626304349702406,0.008388269849074807,0.010317150136066242,1.0,1.0,False,5
Top,numeric,0.2583906156626027,0.08745345231016818,0.05855730131618393,0.033141537837994325,1.0,1.0,False,6
RATemp,numeric,0.25737310816365094,0.1203945542277913,0.08081815893625124,0.05863658734294482,1.0,1.0,False,7
Air Velo,numeric,0.021045774083030204,0.009920465125039739,0.00930830294135038,0.016686931851079837,1.0,1.0,False,8
