Feature,Type,Univariate_Score,Perm_DeltaR2,Perm_DeltaMAE,Perm_DeltaAcc,Combined_Score,Stability_Freq,Selected,Rank
Clothing,categorical,0.13212140341337114,0.007167633374532063,0.005657672882080078,0.004611776967170408,1.0,1.0,True,1
Season,categorical,0.024364923877041998,0.006863327821095786,0.0027016679445902502,0.0010979387412425544,1.0,1.0,True,2
Activity,categorical,0.003723005400763959,0.0012031793594360352,0.0010887980461120605,0.0004393202478142566,1.0,1.0,True,3
MRT,numeric,0.14295464481428105,0.023334542910257976,0.015963315963745117,0.0068134445023449635,1.0,1.0,False,4
RH,numeric,0.0034558369527280227,0.0055134574572245285,0.00406724214553833,0.008344189682126102,1.0,1.0,False,5
Top,numeric,0.2583906156626027,0.13144583702087403,0.08224842548370362,0.04261406403798275,1.0,1.0,False,6
RATemp,numeric,0.25737310816365094,0.08527566989262898,0.05453971227010092,0.026572723061779862,1.0,1.0,False,7
Air Velo,numeric,0.021045774083030204,0.0075995405515035,0.007631087303161621,0.009006426958485317,1.0,1.0,False,8
