Feature,Type,Univariate_Score,Perm_DeltaR2,Perm_DeltaMAE,Perm_DeltaAcc,Combined_Score,Stability_Freq,Selected,Rank
Clothing,categorical,0.39075433617284083,0.0032628377278645835,0.003883151213328044,0.008904109589041094,1.0,1.0,True,1
Season,categorical,0.3423220618313034,0.0369581659634908,0.0252365787823995,0.016666666666666663,1.0,1.0,True,2
Activity,categorical,0.16546141439178608,0.0004390557607014974,0.00024586518605550125,0.00296803652968037,1.0,1.0,True,3
MRT,numeric,0.33427764517134434,0.2416317343711853,0.15174069801966347,0.08173515981735159,1.0,1.0,False,4
RH,numeric,0.325604547468956,0.05088545481363933,0.037640758355458576,0.03767123287671233,1.0,1.0,False,5
Top,numeric,0.34820425437285063,0.038503917058308926,0.03087333838144938,0.023059360730593607,1.0,1.0,False,6
RATemp,numeric,0.35396998660550694,0.0771813193957011,0.05078815619150797,0.030593607305936084,1.0,1.0,False,7
Air Velo,numeric,0.12181591040826834,0.024947774410247803,0.014591650168100993,0.007077625570776255,1.0,1.0,False,8
