Feature,Type,Univariate_Score,Perm_DeltaR2,Perm_DeltaMAE,Perm_DeltaAcc,Combined_Score,Stability_Freq,Selected,Rank
Clothing,categorical,0.39075433617284083,0.0016274088234587238,0.003573040546186005,0.0077625570776255716,1.0,1.0,True,1
Season,categorical,0.3423220618313034,0.3102215239255176,0.1801343423067831,0.07968036529680365,1.0,1.0,True,2
Activity,categorical,0.16546141439178608,0.005495313184709578,0.005089868802507709,0.0031963470319634757,1.0,1.0,True,3
MRT,numeric,0.33427764517134434,0.02960522138400744,0.024468584536359278,0.012328767123287673,1.0,1.0,False,4
RH,numeric,0.325604547468956,0.017784109844491226,0.012040870587018334,0.0070776255707762584,1.0,1.0,False,5
Top,numeric,0.34820425437285063,0.010685924837000052,0.011527022821198218,0.009589041095890417,1.0,1.0,False,6
RATemp,numeric,0.35396998660550694,0.006179518243386324,0.005519222932018023,0.007534246575342465,1.0,1.0,False,7
Air Velo,numeric,0.12181591040826834,0.0250967833490432,0.012925453178482007,0.0077625570776255716,1.0,1.0,False,8
