Feature,Type,Univariate_Score,Perm_DeltaR2,Perm_DeltaMAE,Perm_DeltaAcc,Combined_Score,Stability_Freq,Selected,Rank
Clothing,categorical,0.39075433617284083,0.0,0.0,0.0,1.0,1.0,True,1
Season,categorical,0.3423220618313034,0.011722111604220386,0.008183255871216178,0.0036529680365296876,1.0,1.0,True,2
Activity,categorical,0.16546141439178608,0.0,0.0,0.0,1.0,1.0,True,3
MRT,numeric,0.33427764517134434,0.08272544779215493,0.05366493776186634,0.014611872146118721,1.0,1.0,False,4
RH,numeric,0.325604547468956,0.040584395428173305,0.027234307543416415,0.009360730593607307,1.0,1.0,False,5
Top,numeric,0.34820425437285063,0.033940733610044224,0.023253454526596922,0.0036529680365296837,1.0,1.0,False,6
RATemp,numeric,0.35396998660550694,0.02401797855157472,0.017551537393885108,0.005936073059360736,1.0,1.0,False,7
Air Velo,numeric,0.12181591040826834,0.05801013177537129,0.03248467415407354,0.005479452054794516,1.0,1.0,False,8
