Feature,Type,Univariate_Score,Perm_DeltaR2,Perm_DeltaMAE,Perm_DeltaAcc,Combined_Score,Stability_Freq,Selected,Rank
Clothing,categorical,0.39075433617284083,0.00907039596096996,0.006411227557632873,0.004566210045662088,1.0,1.0,True,1
Season,categorical,0.3423220618313034,0.0570478636939165,0.038522786842842015,0.021004566210045657,1.0,1.0,True,2
Activity,categorical,0.16546141439178608,0.012845231072834005,0.007344211781491775,0.004109589041095878,1.0,1.0,True,3
MRT,numeric,0.33427764517134434,0.09505241649076994,0.06514256701022292,0.028995433789954318,1.0,1.0,False,4
RH,numeric,0.325604547468956,0.06788856087994458,0.04716482580953822,0.02397260273972602,1.0,1.0,False,5
Top,numeric,0.34820425437285063,0.09190659944342686,0.06614937950586366,0.03904109589041095,1.0,1.0,False,6
RATemp,numeric,0.35396998660550694,0.06171793976871533,0.04206088440323114,0.02739726027397258,1.0,1.0,False,7
Air Velo,numeric,0.12181591040826834,0.05536550448939683,0.03512377364774654,0.010502283105022821,1.0,1.0,False,8
