Feature,Type,Univariate_Score,Perm_DeltaR2,Perm_DeltaMAE,Perm_DeltaAcc,Combined_Score,Stability_Freq,Selected,Rank
MRT,numeric,0.19961525576076694,0.006807785847512744,0.027055590888714297,0.05556347509305457,1.0,1.0,True,1
RH,numeric,0.005344435399548221,0.0002478974234545905,0.0053784542715586674,0.027259048071592618,1.0,1.0,True,2
Top,numeric,0.22641087588146216,0.16102529312332317,0.08465709168234481,0.07155302130355587,1.0,1.0,True,3
RATemp,numeric,0.2118439991855703,0.03776198023721192,0.04356170158317941,0.062807872020274,1.0,1.0,False,4
Air Velo,numeric,0.018771042586310023,0.0,0.000542781560759272,0.005092262611863478,1.0,1.0,False,5
