Feature,Type,Univariate_Score,Perm_DeltaR2,Perm_DeltaMAE,Perm_DeltaAcc,Combined_Score,Stability_Freq,Selected,Rank
MRT,numeric,0.19961525576076694,0.05039057823475335,0.03663754007689472,0.048647738972044025,1.0,1.0,True,1
RH,numeric,0.005344435399548221,0.011815348330651832,0.005523422994498972,0.018880177397639978,1.0,1.0,True,2
Top,numeric,0.22641087588146216,0.1909971664408793,0.08987085397722636,0.08604379504236956,1.0,1.0,True,3
RATemp,numeric,0.2118439991855703,0.07485334407926579,0.049576262015918894,0.05917478419260316,1.0,1.0,False,4
Air Velo,numeric,0.018771042586310023,0.013402877285103223,0.007846559683697829,0.011978300467252713,1.0,1.0,False,5
