Feature,Type,Univariate_Score,Perm_DeltaR2,Perm_DeltaMAE,Perm_DeltaAcc,Combined_Score,Stability_Freq,Selected,Rank
MRT,numeric,0.19961525576076694,0.03911118507385254,0.030327725410461425,0.03815237190148095,1.0,1.0,True,1
RH,numeric,0.005344435399548221,0.005010867118835449,0.006132519245147705,0.02033143264433356,1.0,1.0,True,2
Top,numeric,0.22641087588146216,0.31773829857508346,0.12838991483052573,0.07374277342203216,1.0,1.0,True,3
RATemp,numeric,0.2118439991855703,0.04010508060455322,0.0383026917775472,0.07079868535677517,1.0,1.0,False,4
Air Velo,numeric,0.018771042586310023,0.011638359228769938,0.006656821568806965,0.013067236873366592,1.0,1.0,False,5
