Feature,Type,Univariate_Score,Perm_DeltaR2,Perm_DeltaMAE,Perm_DeltaAcc,Combined_Score,Stability_Freq,Selected,Rank
MRT,numeric,0.19961525576076694,0.012176631696384069,0.0072213380167580905,0.012702938148412127,1.0,1.0,True,1
RH,numeric,0.005344435399548221,0.0,0.0,0.0,1.0,1.0,True,2
Top,numeric,0.22641087588146216,0.07484208321476493,0.03271780352378265,0.026892769462263398,1.0,1.0,True,3
RATemp,numeric,0.2118439991855703,0.07257630789920552,0.031577394317104025,0.018521818325809767,1.0,1.0,False,4
Air Velo,numeric,0.018771042586310023,0.0,0.0,0.0,1.0,1.0,False,5
