Feature,Type,Univariate_Score,Perm_DeltaR2,Perm_DeltaMAE,Perm_DeltaAcc,Combined_Score,Stability_Freq,Selected,Rank
Clothing,categorical,0.13212140341337114,0.018625980117789036,0.013143159947699181,0.014921689537374789,1.0,1.0,True,1
Season,categorical,0.024364923877041998,0.021559551530665504,0.013748311425593799,0.005710439464999136,1.0,1.0,True,2
Activity,categorical,0.003723005400763959,0.0015127664256755489,0.0024238751029494804,0.007899803138208561,1.0,1.0,True,3
MRT,numeric,0.14295464481428105,0.004857755542402168,0.003637896405964221,0.008137919055063399,1.0,1.0,False,4
RH,numeric,0.0034558369527280227,0.0013765464500617997,0.0029486115837185967,0.0024187945110300496,1.0,1.0,False,5
Top,numeric,0.2583906156626027,0.09163742399960981,0.06012603277290699,0.04042976666087661,1.0,1.0,False,6
RATemp,numeric,0.25737310816365094,0.08497027941834914,0.053781642597437916,0.03645779051589369,1.0,1.0,False,7
Air Velo,numeric,0.021045774083030204,0.001152759388782091,0.0018494484149011487,0.0052732904869434265,1.0,1.0,False,8
