Feature,Type,Univariate_Score,Perm_DeltaR2,Perm_DeltaMAE,Perm_DeltaAcc,Combined_Score,Stability_Freq,Selected,Rank
Clothing,categorical,0.36107642774840565,0.013138466817091543,0.005372468598299207,0.003174603174603171,1.0,1.0,True,1
Season,categorical,0.0,4.4408920985006264e-17,0.0,0.0,1.0,1.0,True,2
Activity,categorical,0.0,5.1810407815840633e-17,0.0,0.0,1.0,1.0,True,3
MRT,numeric,0.041044797892478044,0.013236959293197983,0.010842334462902977,0.02052417866371354,1.0,1.0,False,4
RH,numeric,0.0027651772560393123,0.02013577097651186,0.016495274778482154,0.01266149870801033,1.0,1.0,False,5
Top,numeric,0.06833100609793122,0.07312040111375266,0.042480705978164314,0.03314876338132151,1.0,1.0,False,6
RATemp,numeric,0.018579672702628686,0.02023846948661583,0.012252039605338287,0.028460686600221476,1.0,1.0,False,7
Air Velo,numeric,0.017172946142886843,0.027126631696895866,0.01342375271556569,0.017349575489110366,1.0,1.0,False,8
