Feature,Type,Univariate_Score,Perm_DeltaR2,Perm_DeltaMAE,Perm_DeltaAcc,Combined_Score,Stability_Freq,Selected,Rank
Clothing,categorical,0.36107642774840565,0.002958047389984131,0.0012524763743082684,0.0015873015873015856,1.0,1.0,True,1
Season,categorical,0.0,0.0,0.0,0.0,1.0,1.0,True,2
Activity,categorical,0.0,0.0,0.0,0.0,1.0,1.0,True,3
MRT,numeric,0.041044797892478044,0.043206020196278894,0.02661592960357666,0.025396825396825397,1.0,1.0,False,4
RH,numeric,0.0027651772560393123,0.01758578618367513,0.005657776196797689,0.023772609819121448,1.0,1.0,False,5
Top,numeric,0.06833100609793122,0.021616180737813313,0.017185489336649575,0.011000369139904032,1.0,1.0,False,6
RATemp,numeric,0.018579672702628686,0.021891884009043374,0.01202180782953898,0.014285714285714282,1.0,1.0,False,7
Air Velo,numeric,0.017172946142886843,0.012174081802368165,0.009524706999460855,0.01583610188261351,1.0,1.0,False,8
