Feature,Type,Univariate_Score,Perm_DeltaR2,Perm_DeltaMAE,Perm_DeltaAcc,Combined_Score,Stability_Freq,Selected,Rank
Clothing,categorical,0.13212140341337114,0.009473733107248942,0.007516694068908691,0.00351094319958312,1.0,1.0,True,1
Season,categorical,0.024364923877041998,0.00665435791015625,0.00298087994257609,0.0015365352324706223,1.0,1.0,True,2
Activity,categorical,0.003723005400763959,0.0012729644775390622,0.0009778459866841634,0.001318684500028951,1.0,1.0,True,3
MRT,numeric,0.14295464481428105,0.02566111882527669,0.0163297176361084,0.007247698454055922,1.0,1.0,False,4
RH,numeric,0.0034558369527280227,0.004735128084818522,0.0043373703956604,0.007905593190898041,1.0,1.0,False,5
Top,numeric,0.2583906156626027,0.13793602387110393,0.08415348132451375,0.047454548086387584,1.0,1.0,False,6
RATemp,numeric,0.25737310816365094,0.08652466932932536,0.05884374380111694,0.028998755138671773,1.0,1.0,False,7
Air Velo,numeric,0.021045774083030204,0.007337931791941326,0.005394879976908366,0.006154826008916677,1.0,1.0,False,8
