Feature,Type,Univariate_Score,Perm_DeltaR2,Perm_DeltaMAE,Perm_DeltaAcc,Combined_Score,Stability_Freq,Selected,Rank
Clothing,categorical,0.13212140341337114,0.003724930578703911,0.0020837585772417754,0.0017565572346708376,1.0,1.0,True,1
Season,categorical,0.024364923877041998,0.018477760896832965,0.015067239596517998,0.00877627236407851,1.0,1.0,True,2
Activity,categorical,0.003723005400763959,0.003053466123211705,0.0027736676371892845,0.006153378495744317,1.0,1.0,True,3
MRT,numeric,0.14295464481428105,0.030664843006394236,0.020278770082937384,0.017356406693300908,1.0,1.0,False,4
RH,numeric,0.0034558369527280227,0.013676282576600363,0.009808609658146752,0.012295900642695853,1.0,1.0,False,5
Top,numeric,0.2583906156626027,0.09901050849238133,0.06663222517268182,0.039090816976434496,1.0,1.0,False,6
RATemp,numeric,0.25737310816365094,0.1104751984000039,0.07364716612360832,0.04764779109489896,1.0,1.0,False,7
Air Velo,numeric,0.021045774083030204,0.008931122265115232,0.007436561514242752,0.013173817381738182,1.0,1.0,False,8
