Feature,Type,Univariate_Score,Perm_DeltaR2,Perm_DeltaMAE,Perm_DeltaAcc,Combined_Score,Stability_Freq,Selected,Rank
Clothing,categorical,0.36107642774840565,0.0016201751538371296,0.0007715959536616967,0.004724990771502402,1.0,1.0,True,1
Season,categorical,0.0,0.0,0.0,0.0,1.0,1.0,True,2
Activity,categorical,0.0,0.0,0.0,0.0,1.0,1.0,True,3
MRT,numeric,0.041044797892478044,0.026366330170638823,0.018412706911156346,0.032927279438907345,1.0,1.0,False,4
RH,numeric,0.0027651772560393123,0.023701426792544965,0.010936196210027357,0.0126984126984127,1.0,1.0,False,5
Top,numeric,0.06833100609793122,0.030581302923866245,0.025154114189192927,0.015762273901808795,1.0,1.0,False,6
RATemp,numeric,0.018579672702628686,0.016802903102876392,0.014062729858052871,0.04721299372462163,1.0,1.0,False,7
Air Velo,numeric,0.017172946142886843,0.010946767236557792,0.005206316596464406,0.028497600590623857,1.0,1.0,False,8
