Feature,Type,Univariate_Score,Perm_DeltaR2,Perm_DeltaMAE,Perm_DeltaAcc,Combined_Score,Stability_Freq,Selected,Rank
Clothing,categorical,0.39075433617284083,0.009473760084535494,0.008539393500020361,0.01027397260273971,1.0,1.0,True,1
Season,categorical,0.3423220618313034,0.05923405019702159,0.0402017241190246,0.02557077625570774,1.0,1.0,True,2
Activity,categorical,0.16546141439178608,0.01114705047626722,0.005995784096435841,0.003652968036529676,1.0,1.0,True,3
MRT,numeric,0.33427764517134434,0.10063522639376865,0.06948955048130358,0.03744292237442921,1.0,1.0,False,4
RH,numeric,0.325604547468956,0.062015667638141106,0.04396105865260784,0.028310502283105006,1.0,1.0,False,5
Top,numeric,0.34820425437285063,0.0923503814847186,0.06573541530019902,0.03789954337899541,1.0,1.0,False,6
RATemp,numeric,0.35396998660550694,0.05438528090435898,0.03754114141910746,0.023744292237442902,1.0,1.0,False,7
Air Velo,numeric,0.12181591040826834,0.05540337261679894,0.0349082532890061,0.0189497716894977,1.0,1.0,False,8
