Feature,Type,Univariate_Score,Perm_DeltaR2,Perm_DeltaMAE,Perm_DeltaAcc,Combined_Score,Stability_Freq,Selected,Rank
Clothing,categorical,0.39075433617284083,0.0,0.0,0.0,1.0,1.0,True,1
Season,categorical,0.3423220618313034,0.0126827326226705,0.008896968092350684,0.004337899543378994,1.0,1.0,True,2
Activity,categorical,0.16546141439178608,0.0,0.0,0.0,1.0,1.0,True,3
MRT,numeric,0.33427764517134434,0.08005886748395966,0.05198973090206791,0.019178082191780823,1.0,1.0,False,4
RH,numeric,0.325604547468956,0.04101854551842484,0.028088659159795686,0.008675799086757993,1.0,1.0,False,5
Top,numeric,0.34820425437285063,0.03319196656240482,0.023449971437368638,0.0029680365296803697,1.0,1.0,False,6
RATemp,numeric,0.35396998660550694,0.02558041662453217,0.018401724042405025,0.002054794520547946,1.0,1.0,False,7
Air Velo,numeric,0.12181591040826834,0.05317576204368042,0.030134836103824815,0.0022831050228310557,1.0,1.0,False,8
