Feature,Type,Univariate_Score,Perm_DeltaR2,Perm_DeltaMAE,Perm_DeltaAcc,Combined_Score,Stability_Freq,Selected,Rank
Clothing,categorical,0.39075433617284083,0.004918980598449707,0.005350760618845622,0.011187214611872142,1.0,1.0,True,1
Season,categorical,0.3423220618313034,0.03450915813446045,0.024522141615549723,0.01666666666666667,1.0,1.0,True,2
Activity,categorical,0.16546141439178608,0.0005717198053995767,0.00023031234741210938,0.00296803652968037,1.0,1.0,True,3
MRT,numeric,0.33427764517134434,0.271226433912913,0.16996750434239705,0.08904109589041097,1.0,1.0,False,4
RH,numeric,0.325604547468956,0.05057814518610636,0.0362920602162679,0.02557077625570776,1.0,1.0,False,5
Top,numeric,0.34820425437285063,0.045661834875742595,0.03600405851999918,0.02328767123287672,1.0,1.0,False,6
RATemp,numeric,0.35396998660550694,0.06320170958836872,0.040552218755086265,0.023972602739726026,1.0,1.0,False,7
Air Velo,numeric,0.12181591040826834,0.02307540973027547,0.012592899799346923,0.010273972602739722,1.0,1.0,False,8
