Feature,Type,Univariate_Score,Perm_DeltaR2,Perm_DeltaMAE,Perm_DeltaAcc,Combined_Score,Stability_Freq,Selected,Rank
Clothing,categorical,0.39075433617284083,0.0034279730346760497,0.004814084764753564,0.008447488584474883,1.0,1.0,True,1
Season,categorical,0.3423220618313034,0.30446002389385257,0.17826039816907063,0.07534246575342465,1.0,1.0,True,2
Activity,categorical,0.16546141439178608,0.004054407263244892,0.0026298109024743685,0.0011415525114155261,1.0,1.0,True,3
MRT,numeric,0.33427764517134434,0.030235030606754816,0.02542879176612927,0.012100456621004566,1.0,1.0,False,4
RH,numeric,0.325604547468956,0.02306729035127105,0.017416647783733724,0.01210045662100457,1.0,1.0,False,5
Top,numeric,0.34820425437285063,0.010017637322735449,0.009226871035001624,0.010502283105022835,1.0,1.0,False,6
RATemp,numeric,0.35396998660550694,0.009266583618565544,0.009312482387289744,0.0045662100456621045,1.0,1.0,False,7
Air Velo,numeric,0.12181591040826834,0.026501243645695456,0.014706918627512078,0.0070776255707762584,1.0,1.0,False,8
