RMSE,MAE,R2,Accuracy,Residual_STD,MBE
0.781544579526697,0.6367636666668545,0.20125585354461661,0.477124183006536,0.7806923823334461,0.03648744926807239
