Feature,Type,Univariate_Score,Perm_DeltaR2,Perm_DeltaMAE,Perm_DeltaAcc,Combined_Score,Stability_Freq,Selected,Rank
MRT,numeric,0.19961525576076694,0.002945239431761859,0.02008153333832332,0.047206383147224196,1.0,1.0,True,1
RH,numeric,0.005344435399548221,0.0001324982207476862,0.004486498761596628,0.026876930387265387,1.0,1.0,True,2
Top,numeric,0.22641087588146216,0.14570601362493224,0.08171851817909095,0.06751405717906074,1.0,1.0,True,3
RATemp,numeric,0.2118439991855703,0.02206931531325389,0.039705828976028854,0.0675536548665558,1.0,1.0,False,4
Air Velo,numeric,0.018771042586310023,0.0,0.0013935672557378932,0.012720757107784905,1.0,1.0,False,5
