Feature,Type,Univariate_Score,Perm_DeltaR2,Perm_DeltaMAE,Perm_DeltaAcc,Combined_Score,Stability_Freq,Selected,Rank
MRT,numeric,0.19961525576076694,0.013248831749828813,0.007668276755065341,0.013075156410865601,1.0,1.0,True,1
RH,numeric,0.005344435399548221,0.0,0.0,0.0,1.0,1.0,True,2
Top,numeric,0.22641087588146216,0.07512016436272415,0.031103671097996815,0.015977666904252792,1.0,1.0,True,3
RATemp,numeric,0.2118439991855703,0.07252881874330865,0.030827333222797553,0.019246456006969184,1.0,1.0,False,4
Air Velo,numeric,0.018771042586310023,0.0,0.0,0.0,1.0,1.0,False,5
