Feature,Type,Univariate_Score,Perm_DeltaR2,Perm_DeltaMAE,Perm_DeltaAcc,Combined_Score,Stability_Freq,Selected,Rank
MRT,numeric,0.19961525576076694,0.04236574570337931,0.03251159985860189,0.03887304981389086,1.0,1.0,True,1
RH,numeric,0.005344435399548221,0.0065705299377441405,0.004705274105072021,0.014154193395105721,1.0,1.0,True,2
Top,numeric,0.22641087588146216,0.31760890086491905,0.1302953561147054,0.0791854755682268,1.0,1.0,True,3
RATemp,numeric,0.2118439991855703,0.04263295332590739,0.038876581192016604,0.06175655341728041,1.0,1.0,False,4
Air Velo,numeric,0.018771042586310023,0.009771148363749186,0.0070603807767232254,0.016338005860457746,1.0,1.0,False,5
