Feature,Type,Univariate_Score,Perm_DeltaR2,Perm_DeltaMAE,Perm_DeltaAcc,Combined_Score,Stability_Freq,Selected,Rank
MRT,numeric,0.19961525576076694,0.05420792459071057,0.037949233382745584,0.05119189039360102,1.0,1.0,True,1
RH,numeric,0.005344435399548221,0.012457056179107426,0.005907991670923536,0.01670626435416172,1.0,1.0,True,2
Top,numeric,0.22641087588146216,0.1811492267073616,0.0832430695409466,0.06862081254454741,1.0,1.0,True,3
RATemp,numeric,0.2118439991855703,0.08138645055124423,0.05104619297764662,0.05263720598717035,1.0,1.0,False,4
Air Velo,numeric,0.018771042586310023,0.019827733383186445,0.011430978887888377,0.013439455135820063,1.0,1.0,False,5
