Feature,Type,Univariate_Score,Perm_DeltaR2,Perm_DeltaMAE,Perm_DeltaAcc,Combined_Score,Stability_Freq,Selected,Rank
Clothing,categorical,0.13212140341337114,0.017927159004297304,0.014874575881314384,0.013166579815876328,1.0,1.0,True,1
Season,categorical,0.024364923877041998,0.019386126429480153,0.012006964343150999,0.004390307451797819,1.0,1.0,True,2
Activity,categorical,0.003723005400763959,0.0016858697092225245,0.0028600802409388154,0.007237565861849346,1.0,1.0,True,3
MRT,numeric,0.14295464481428105,0.005087947412878553,0.0028177647617708096,0.009458051068264717,1.0,1.0,False,4
RH,numeric,0.0034558369527280227,0.00015432453940375328,0.0032604093700225436,0.001755833478084649,1.0,1.0,False,5
Top,numeric,0.2583906156626027,0.09288388736817664,0.05800054072173784,0.034266255572925716,1.0,1.0,False,6
RATemp,numeric,0.25737310816365094,0.07538893607304517,0.05152630553927856,0.03800011580105379,1.0,1.0,False,7
Air Velo,numeric,0.021045774083030204,0.0045521947713589375,0.0043466547945678535,0.00615482600891668,1.0,1.0,False,8
