Feature,Type,Univariate_Score,Perm_DeltaR2,Perm_DeltaMAE,Perm_DeltaAcc,Combined_Score,Stability_Freq,Selected,Rank
Clothing,categorical,0.36107642774840565,0.018131783491293747,0.009203817183396905,0.009523809523809523,1.0,1.0,True,1
Season,categorical,0.0,2.960594732333751e-17,1.4802973661668754e-17,0.0,1.0,1.0,True,2
Activity,categorical,0.0,4.4408920985006264e-17,1.4802973661668754e-17,0.0,1.0,1.0,True,3
MRT,numeric,0.041044797892478044,0.025910419786263145,0.014094802326233368,0.01742340346991509,1.0,1.0,False,4
RH,numeric,0.0027651772560393123,0.022557924527367608,0.015420961354361967,0.009486895533407156,1.0,1.0,False,5
Top,numeric,0.06833100609793122,0.06020762340218346,0.034810142495937973,0.025322997416020666,1.0,1.0,False,6
RATemp,numeric,0.018579672702628686,0.008140933295975827,0.007981140131391552,0.015799187892211138,1.0,1.0,False,7
Air Velo,numeric,0.017172946142886843,0.019521148491374117,0.010143477414583376,0.017312661498708005,1.0,1.0,False,8
