Feature,Type,Univariate_Score,Perm_DeltaR2,Perm_DeltaMAE,Perm_DeltaAcc,Combined_Score,Stability_Freq,Selected,Rank
Clothing,categorical,0.13212140341337114,0.0035724379992627454,0.002106889870208106,0.0035123907127554864,1.0,1.0,True,1
Season,categorical,0.024364923877041998,0.01751010548482665,0.014114768972672933,0.009439957153610094,1.0,1.0,True,2
Activity,categorical,0.003723005400763959,0.0031783318874174815,0.00284362142103262,0.0057155057611024355,1.0,1.0,True,3
MRT,numeric,0.14295464481428105,0.02799744152890287,0.018674792482281193,0.02437756933588095,1.0,1.0,False,4
RH,numeric,0.0034558369527280227,0.008793643302742082,0.007520667987720419,0.014488883098836197,1.0,1.0,False,5
Top,numeric,0.2583906156626027,0.09431712475605021,0.06306699218690189,0.037979126860054425,1.0,1.0,False,6
RATemp,numeric,0.25737310816365094,0.10829048791875864,0.07521006241062587,0.05643709107752881,1.0,1.0,False,7
Air Velo,numeric,0.021045774083030204,0.006713013996133546,0.006727362026483755,0.013833159631752657,1.0,1.0,False,8
