Feature,Type,Univariate_Score,Perm_DeltaR2,Perm_DeltaMAE,Perm_DeltaAcc,Combined_Score,Stability_Freq,Selected,Rank
Clothing,categorical,0.36107642774840565,0.0015429076544377196,0.0009759183691848991,0.0031007751937984517,1.0,1.0,True,1
Season,categorical,0.0,0.0,0.0,0.0,1.0,1.0,True,2
Activity,categorical,0.0,0.0,0.0,0.0,1.0,1.0,True,3
MRT,numeric,0.041044797892478044,0.019534502553085094,0.020901216976536633,0.04086378737541528,1.0,1.0,False,4
RH,numeric,0.0027651772560393123,0.02220128829402009,0.01054598157939782,0.025286083425618312,1.0,1.0,False,5
Top,numeric,0.06833100609793122,0.04018659735871188,0.02224399884102998,0.017349575489110383,1.0,1.0,False,6
RATemp,numeric,0.018579672702628686,0.02328002474853346,0.016362427727345648,0.03145071982281284,1.0,1.0,False,7
Air Velo,numeric,0.017172946142886843,0.018405846439573992,0.009628682585149099,0.02218530823181986,1.0,1.0,False,8
