Feature,Type,Univariate_Score,Perm_DeltaR2,Perm_DeltaMAE,Perm_DeltaAcc,Combined_Score,Stability_Freq,Selected,Rank
Clothing,categorical,0.13212140341337114,0.007323749860127768,0.005643574396769206,0.0050503734583984715,1.0,1.0,True,1
Season,categorical,0.024364923877041998,0.009548906485239664,0.00508040984471639,0.0004385964912280678,1.0,1.0,True,2
Activity,categorical,0.003723005400763959,0.0013886690139770508,0.0012513279914855957,0.00153870650222917,1.0,1.0,True,3
MRT,numeric,0.14295464481428105,0.026229453086853028,0.01878757874170939,0.01120881825024607,1.0,1.0,False,4
RH,numeric,0.0034558369527280227,0.005138238271077474,0.003139976660410563,0.00702478142551097,1.0,1.0,False,5
Top,numeric,0.2583906156626027,0.13476540247599283,0.08880676825841267,0.04481138903364021,1.0,1.0,False,6
RATemp,numeric,0.25737310816365094,0.08438344796498616,0.056134633223215734,0.024164784899542584,1.0,1.0,False,7
Air Velo,numeric,0.021045774083030204,0.010171933968861898,0.007677042484283449,0.007252040993573039,1.0,1.0,False,8
