Feature,Type,Univariate_Score,Perm_DeltaR2,Perm_DeltaMAE,Perm_DeltaAcc,Combined_Score,Stability_Freq,Selected,Rank
Clothing,categorical,0.36107642774840565,0.002406024932861328,0.0016749580701192219,0.006349206349206345,1.0,1.0,True,1
Season,categorical,0.0,0.0,0.0,0.0,1.0,1.0,True,2
Activity,categorical,0.0,0.0,0.0,0.0,1.0,1.0,True,3
MRT,numeric,0.041044797892478044,0.03247987031936646,0.02197805245717367,0.03174603174603175,1.0,1.0,False,4
RH,numeric,0.0027651772560393123,0.017134654521942138,0.006819967428843181,0.03156146179401994,1.0,1.0,False,5
Top,numeric,0.06833100609793122,0.031967159112294516,0.016683999697367353,0.011000369139904036,1.0,1.0,False,6
RATemp,numeric,0.018579672702628686,0.016347567240397133,0.011550366878509521,0.0253968253968254,1.0,1.0,False,7
Air Velo,numeric,0.017172946142886843,0.012237187226613364,0.007400023937225342,0.015873015873015872,1.0,1.0,False,8
