Feature,Type,Univariate_Score,Perm_DeltaR2,Perm_DeltaMAE,Perm_DeltaAcc,Combined_Score,Stability_Freq,Selected,Rank
Clothing,categorical,0.39075433617284083,0.0,0.0,0.0,1.0,1.0,True,1
Season,categorical,0.3423220618313034,0.013002658592239124,0.008305546512133806,0.0038812785388127858,1.0,1.0,True,2
Activity,categorical,0.16546141439178608,0.0,0.0,0.0,1.0,1.0,True,3
MRT,numeric,0.33427764517134434,0.08152327164577844,0.05080689827925947,0.011643835616438353,1.0,1.0,False,4
RH,numeric,0.325604547468956,0.04268818352623989,0.02768218574495692,0.007305936073059365,1.0,1.0,False,5
Top,numeric,0.34820425437285063,0.034137183729629456,0.023533198947051037,0.0034246575342465778,1.0,1.0,False,6
RATemp,numeric,0.35396998660550694,0.02528075243685342,0.017996739539159243,0.004566210045662108,1.0,1.0,False,7
Air Velo,numeric,0.12181591040826834,0.05592566768489934,0.03361760381311123,0.005936073059360731,1.0,1.0,False,8
