Feature,Type,Univariate_Score,Perm_DeltaR2,Perm_DeltaMAE,Perm_DeltaAcc,Combined_Score,Stability_Freq,Selected,Rank
Clothing,categorical,0.39075433617284083,0.007505924948795604,0.005513017894810417,0.00776255707762555,1.0,1.0,True,1
Season,categorical,0.3423220618313034,0.06176340268706726,0.040955791053692694,0.018264840182648394,1.0,1.0,True,2
Activity,categorical,0.16546141439178608,0.013348696958061216,0.007113698351756037,0.0041095890410958805,1.0,1.0,True,3
MRT,numeric,0.33427764517134434,0.09815475781207267,0.06777966666182948,0.031735159817351595,1.0,1.0,False,4
RH,numeric,0.325604547468956,0.06638220254417326,0.04412365482442911,0.026940639269406368,1.0,1.0,False,5
Top,numeric,0.34820425437285063,0.09665921597867179,0.06622438033496361,0.029908675799086754,1.0,1.0,False,6
RATemp,numeric,0.35396998660550694,0.05757631269487973,0.03884071966100842,0.02488584474885843,1.0,1.0,False,7
Air Velo,numeric,0.12181591040826834,0.05574540868650901,0.03371826102954901,0.01187214611872145,1.0,1.0,False,8
