Feature,Type,Univariate_Score,Perm_DeltaR2,Perm_DeltaMAE,Perm_DeltaAcc,Combined_Score,Stability_Freq,Selected,Rank
Clothing,categorical,0.39075433617284083,0.003201087315877279,0.00451660950978597,0.00981735159817351,1.0,1.0,True,1
Season,categorical,0.3423220618313034,0.03244044383366902,0.02259964942932129,0.019178082191780816,1.0,1.0,True,2
Activity,categorical,0.16546141439178608,0.0005352775255839029,0.00023237466812133789,0.0020547945205479424,1.0,1.0,True,3
MRT,numeric,0.33427764517134434,0.2460237741470337,0.14662166436513263,0.07031963470319635,1.0,1.0,False,4
RH,numeric,0.325604547468956,0.04754092295964559,0.03519421021143595,0.028767123287671236,1.0,1.0,False,5
Top,numeric,0.34820425437285063,0.045270562171936035,0.03520323832829793,0.021917808219178082,1.0,1.0,False,6
RATemp,numeric,0.35396998660550694,0.0681245764096578,0.042822357018788657,0.01506849315068493,1.0,1.0,False,7
Air Velo,numeric,0.12181591040826834,0.02570514678955078,0.014722402890523272,0.007762557077625569,1.0,1.0,False,8
