Feature,Type,Univariate_Score,Perm_DeltaR2,Perm_DeltaMAE,Perm_DeltaAcc,Combined_Score,Stability_Freq,Selected,Rank
Clothing,categorical,0.39075433617284083,0.0018446328208969593,0.004989188272026309,0.010730593607305935,1.0,1.0,True,1
Season,categorical,0.3423220618313034,0.312137299016877,0.19043663454313575,0.08995433789954338,1.0,1.0,True,2
Activity,categorical,0.16546141439178608,0.004307854230687085,0.002869140329486686,0.0006849315068493178,1.0,1.0,True,3
MRT,numeric,0.33427764517134434,0.03360639862729018,0.02880432730835108,0.016438356164383557,1.0,1.0,False,4
RH,numeric,0.325604547468956,0.0208177197501281,0.016007409384669477,0.010045662100456623,1.0,1.0,False,5
Top,numeric,0.34820425437285063,0.006202702044506532,0.007590563164342907,0.01255707762557077,1.0,1.0,False,6
RATemp,numeric,0.35396998660550694,0.008930752583576156,0.0074115905865202196,0.00639269406392694,1.0,1.0,False,7
Air Velo,numeric,0.12181591040826834,0.026504818808928188,0.01521272307885159,0.005251141552511418,1.0,1.0,False,8
