Feature,Type,Univariate_Score,Perm_DeltaR2,Perm_DeltaMAE,Perm_DeltaAcc,Combined_Score,Stability_Freq,Selected,Rank
MRT,numeric,0.19961525576076694,0.03989526828130087,0.030446728070576985,0.03234339114595707,1.0,1.0,True,1
RH,numeric,0.005344435399548221,0.010973302523295085,0.006483884652455647,0.015251049338718611,1.0,1.0,True,2
Top,numeric,0.22641087588146216,0.3215645750363668,0.13426986932754517,0.0878791478577651,1.0,1.0,True,3
RATemp,numeric,0.2118439991855703,0.04618920882542929,0.04024527072906494,0.06466896333254138,1.0,1.0,False,4
Air Velo,numeric,0.018771042586310023,0.012024140357971192,0.007286818822224936,0.01525302922309337,1.0,1.0,False,5
