Feature,Type,Univariate_Score,Perm_DeltaR2,Perm_DeltaMAE,Perm_DeltaAcc,Combined_Score,Stability_Freq,Selected,Rank
MRT,numeric,0.19961525576076694,0.008793290678313402,0.02774771106061561,0.04828542013146432,1.0,1.0,True,1
RH,numeric,0.005344435399548221,0.0,0.003922097074635903,0.02142432881919695,1.0,1.0,True,2
Top,numeric,0.22641087588146216,0.15708268577297563,0.08730245778889088,0.0758751088936406,1.0,1.0,True,3
RATemp,numeric,0.2118439991855703,0.03708999652082057,0.04624165702798537,0.06610239961986221,1.0,1.0,False,4
Air Velo,numeric,0.018771042586310023,0.0,0.0013926206654594209,0.008713471133285815,1.0,1.0,False,5
