Feature,Type,Univariate_Score,Perm_DeltaR2,Perm_DeltaMAE,Perm_DeltaAcc,Combined_Score,Stability_Freq,Selected,Rank
MRT,numeric,0.19961525576076694,0.01259558252851042,0.007338648827815422,0.010531004989308614,1.0,1.0,True,1
RH,numeric,0.005344435399548221,0.0,0.0,0.0,1.0,1.0,True,2
Top,numeric,0.22641087588146216,0.07302294344832305,0.03194111540136018,0.024704997228161874,1.0,1.0,True,3
RATemp,numeric,0.2118439991855703,0.06879917235741388,0.030008549638481003,0.018545576938306798,1.0,1.0,False,4
Air Velo,numeric,0.018771042586310023,0.0,0.0,0.0,1.0,1.0,False,5
