Feature,Type,Univariate_Score,Perm_DeltaR2,Perm_DeltaMAE,Perm_DeltaAcc,Combined_Score,Stability_Freq,Selected,Rank
MRT,numeric,0.19961525576076694,0.04784034266664085,0.0375543483075549,0.05263324621842084,1.0,1.0,True,1
RH,numeric,0.005344435399548221,0.013662130770876264,0.00656941193978855,0.01924645600696919,1.0,1.0,True,2
Top,numeric,0.22641087588146216,0.1752946610310456,0.08291863862033398,0.07918349568385208,1.0,1.0,True,3
RATemp,numeric,0.2118439991855703,0.07926068002625143,0.0500571900641137,0.05667221034291599,1.0,1.0,False,4
Air Velo,numeric,0.018771042586310023,0.021366344289573604,0.011115219922941547,0.012342599192207171,1.0,1.0,False,5
