Feature,Type,Univariate_Score,Perm_DeltaR2,Perm_DeltaMAE,Perm_DeltaAcc,Combined_Score,Stability_Freq,Selected,Rank
Clothing,categorical,0.36107642774840565,0.012618331492120133,0.006383000041068583,0.006349206349206346,1.0,1.0,True,1
Season,categorical,0.0,5.921189464667501e-17,0.0,0.0,1.0,1.0,True,2
Activity,categorical,0.0,6.661338147750939e-17,0.0,0.0,1.0,1.0,True,3
MRT,numeric,0.041044797892478044,0.022583012062611013,0.01403929316840014,0.009523809523809521,1.0,1.0,False,4
RH,numeric,0.0027651772560393123,0.02317436085461968,0.012004710859333894,0.007936507936507934,1.0,1.0,False,5
Top,numeric,0.06833100609793122,0.060110346088577404,0.030209800676622274,0.026873385012919887,1.0,1.0,False,6
RATemp,numeric,0.018579672702628686,0.01721478429136395,0.013970944268772004,0.011074197120708739,1.0,1.0,False,7
Air Velo,numeric,0.017172946142886843,0.02829910166578221,0.009608250863984268,0.020450350682908812,1.0,1.0,False,8
