Feature,Type,Univariate_Score,Perm_DeltaR2,Perm_DeltaMAE,Perm_DeltaAcc,Combined_Score,Stability_Freq,Selected,Rank
Clothing,categorical,0.13212140341337114,0.00909014940261841,0.005987584590911865,0.0039517109605697355,1.0,1.0,True,1
Season,categorical,0.024364923877041998,0.008038492997487386,0.003827126820882162,0.000878640495628517,1.0,1.0,True,2
Activity,categorical,0.003723005400763959,0.0011618693669637045,0.0009883920351664226,0.0008793642522146909,1.0,1.0,True,3
MRT,numeric,0.14295464481428105,0.01896174748738607,0.013545366128285727,0.010109431995831156,1.0,1.0,False,4
RH,numeric,0.0034558369527280227,0.005142295360565186,0.004034924507141114,0.0076877424584563675,1.0,1.0,False,5
Top,numeric,0.2583906156626027,0.13348746299743652,0.08497673273086548,0.04020829714550402,1.0,1.0,False,6
RATemp,numeric,0.25737310816365094,0.08516729672749837,0.05701243877410889,0.0311975276475016,1.0,1.0,False,7
Air Velo,numeric,0.021045774083030204,0.008699496587117512,0.007213254769643148,0.009888686237044756,1.0,1.0,False,8
