Feature,Type,Univariate_Score,Perm_DeltaR2,Perm_DeltaMAE,Perm_DeltaAcc,Combined_Score,Stability_Freq,Selected,Rank
Clothing,categorical,0.36107642774840565,0.0020879586537679035,0.001202551523844401,0.0,1.0,1.0,True,1
Season,categorical,0.0,0.0,0.0,0.0,1.0,1.0,True,2
Activity,categorical,0.0,0.0,0.0,0.0,1.0,1.0,True,3
MRT,numeric,0.041044797892478044,0.03614093462626139,0.02082755963007609,0.017423403469915093,1.0,1.0,False,4
RH,numeric,0.0027651772560393123,0.011065622170766194,0.004566740989685058,0.02369878183831673,1.0,1.0,False,5
Top,numeric,0.06833100609793122,0.016149282455444336,0.011483871936798095,0.01413805832410484,1.0,1.0,False,6
RATemp,numeric,0.018579672702628686,0.022705268859863282,0.014663243293762207,0.017460317460317464,1.0,1.0,False,7
Air Velo,numeric,0.017172946142886843,0.010854609807332358,0.007856376965840657,0.014285714285714282,1.0,1.0,False,8
