Feature,Type,Univariate_Score,Perm_DeltaR2,Perm_DeltaMAE,Perm_DeltaAcc,Combined_Score,Stability_Freq,Selected,Rank
Clothing,categorical,0.13212140341337114,0.015966428287997346,0.012863321868667062,0.01800344508135024,1.0,1.0,True,1
Season,categorical,0.024364923877041998,0.026339547886685598,0.016317883436334484,0.0070255051820971625,1.0,1.0,True,2
Activity,categorical,0.003723005400763959,0.0017344013480227551,0.0030602923140849265,0.008119101383822599,1.0,1.0,True,3
MRT,numeric,0.14295464481428105,0.0029226034175868997,0.0018041268012617185,0.006378466794047822,1.0,1.0,False,4
RH,numeric,0.0034558369527280227,0.0008159205880426734,0.0030889869085069114,0.003733136471541887,1.0,1.0,False,5
Top,numeric,0.2583906156626027,0.09982565818555225,0.06775255062510421,0.04722584100515313,1.0,1.0,False,6
RATemp,numeric,0.25737310816365094,0.07821138882402844,0.05226029622488303,0.036448381680273284,1.0,1.0,False,7
Air Velo,numeric,0.021045774083030204,0.0005280066111882364,0.001868763365966612,0.007252040993573035,1.0,1.0,False,8
