Feature,Type,Univariate_Score,Perm_DeltaR2,Perm_DeltaMAE,Perm_DeltaAcc,Combined_Score,Stability_Freq,Selected,Rank
Clothing,categorical,0.13212140341337114,0.003444383952334884,0.002008217831563671,0.0026330264605407923,1.0,1.0,True,1
Season,categorical,0.024364923877041998,0.017200297239750237,0.013430314844146585,0.008118377627236401,1.0,1.0,True,2
Activity,categorical,0.003723005400763959,0.0033499208056806027,0.00280268407053322,0.004393926234728737,1.0,1.0,True,3
MRT,numeric,0.14295464481428105,0.030661758468956822,0.021324232272123718,0.022622459614382494,1.0,1.0,False,4
RH,numeric,0.0034558369527280227,0.012132002555314941,0.0091682551607369,0.009439233397023912,1.0,1.0,False,5
Top,numeric,0.2583906156626027,0.105116097732423,0.07132552539802127,0.04698193503560881,1.0,1.0,False,6
RATemp,numeric,0.25737310816365094,0.11284647718658822,0.07333993511319609,0.05402770540211917,1.0,1.0,False,7
Air Velo,numeric,0.021045774083030204,0.008143140889386755,0.007765012841096571,0.014275374905911648,1.0,1.0,False,8
