Feature,Type,Univariate_Score,Perm_DeltaR2,Perm_DeltaMAE,Perm_DeltaAcc,Combined_Score,Stability_Freq,Selected,Rank
Clothing,categorical,0.36107642774840565,0.0006125124514637129,0.00037065124322763026,0.0,1.0,1.0,True,1
Season,categorical,0.0,0.0,0.0,0.0,1.0,1.0,True,2
Activity,categorical,0.0,0.0,0.0,0.0,1.0,1.0,True,3
MRT,numeric,0.041044797892478044,0.030022215179901855,0.024362652147158336,0.03303802141011443,1.0,1.0,False,4
RH,numeric,0.0027651772560393123,0.01665474232980268,0.006260331048565722,0.017386489479512733,1.0,1.0,False,5
Top,numeric,0.06833100609793122,0.03168426707637713,0.023778174068002613,0.023772609819121455,1.0,1.0,False,6
RATemp,numeric,0.018579672702628686,0.023851251527344294,0.01577428953650427,0.03469915097822075,1.0,1.0,False,7
Air Velo,numeric,0.017172946142886843,0.011680092548765815,0.007768427097771672,0.02842377260981912,1.0,1.0,False,8
