Feature,Type,Univariate_Score,Perm_DeltaR2,Perm_DeltaMAE,Perm_DeltaAcc,Combined_Score,Stability_Freq,Selected,Rank
Clothing,categorical,0.39075433617284083,0.0,0.0,0.0,1.0,1.0,True,1
Season,categorical,0.3423220618313034,0.012882590640513794,0.009007958132530717,0.002739726027397271,1.0,1.0,True,2
Activity,categorical,0.16546141439178608,0.0,0.0,0.0,1.0,1.0,True,3
MRT,numeric,0.33427764517134434,0.08448976631385749,0.0520866823738359,0.010045662100456616,1.0,1.0,False,4
RH,numeric,0.325604547468956,0.04189592480737061,0.027867335569402286,0.005936073059360733,1.0,1.0,False,5
Top,numeric,0.34820425437285063,0.031207834050197936,0.021478494407770325,0.0031963470319634757,1.0,1.0,False,6
RATemp,numeric,0.35396998660550694,0.02513414523081241,0.01780527179600506,0.0031963470319634688,1.0,1.0,False,7
Air Velo,numeric,0.12181591040826834,0.055395492984285165,0.03053822492271121,0.0059360730593607325,1.0,1.0,False,8
