Feature,Type,Univariate_Score,Perm_DeltaR2,Perm_DeltaMAE,Perm_DeltaAcc,Combined_Score,Stability_Freq,Selected,Rank
Clothing,categorical,0.39075433617284083,0.004600747426350911,0.00559400717417399,0.011643835616438353,1.0,1.0,True,1
Season,categorical,0.3423220618313034,0.03224651416142781,0.023298414548238118,0.019406392694063926,1.0,1.0,True,2
Activity,categorical,0.16546141439178608,0.0009138584136962891,0.0003968715667724609,0.00296803652968037,1.0,1.0,True,3
MRT,numeric,0.33427764517134434,0.24246012369791664,0.14878927071889242,0.07146118721461187,1.0,1.0,False,4
RH,numeric,0.325604547468956,0.04955320755640665,0.03704107602437338,0.030821917808219173,1.0,1.0,False,5
Top,numeric,0.34820425437285063,0.04236981868743896,0.03244726657867432,0.02077625570776256,1.0,1.0,False,6
RATemp,numeric,0.35396998660550694,0.06576568285624186,0.044257779916127525,0.02557077625570776,1.0,1.0,False,7
Air Velo,numeric,0.12181591040826834,0.023475436369578044,0.012119487921396891,0.006849315068493149,1.0,1.0,False,8
