Feature,Type,Univariate_Score,Perm_DeltaR2,Perm_DeltaMAE,Perm_DeltaAcc,Combined_Score,Stability_Freq,Selected,Rank
Clothing,categorical,0.39075433617284083,0.01013830975889026,0.008299575238431249,0.00616438356164382,1.0,1.0,True,1
Season,categorical,0.3423220618313034,0.05639260915304138,0.03825233158451187,0.01575342465753423,1.0,1.0,True,2
Activity,categorical,0.16546141439178608,0.01222924840945867,0.0062259069071164035,0.003196347031963468,1.0,1.0,True,3
MRT,numeric,0.33427764517134434,0.09304218885938632,0.06504722305884619,0.030593607305936056,1.0,1.0,False,4
RH,numeric,0.325604547468956,0.0701701217371365,0.04825506849586491,0.0232876712328767,1.0,1.0,False,5
Top,numeric,0.34820425437285063,0.09839964392002928,0.06829505877898008,0.04406392694063925,1.0,1.0,False,6
RATemp,numeric,0.35396998660550694,0.057853732262895585,0.03965382766297602,0.026484018264840165,1.0,1.0,False,7
Air Velo,numeric,0.12181591040826834,0.06109606892011964,0.039584218064739066,0.010502283105022825,1.0,1.0,False,8
