Feature,Type,Univariate_Score,Perm_DeltaR2,Perm_DeltaMAE,Perm_DeltaAcc,Combined_Score,Stability_Freq,Selected,Rank
Clothing,categorical,0.39075433617284083,0.002694243957699401,0.0058805241760911215,0.011872146118721453,1.0,1.0,True,1
Season,categorical,0.3423220618313034,0.31541961675227614,0.18449599730310998,0.07990867579908675,1.0,1.0,True,2
Activity,categorical,0.16546141439178608,0.00377086961084551,0.0029372023834296343,0.001141552511415526,1.0,1.0,True,3
MRT,numeric,0.33427764517134434,0.026830381125845505,0.022998309253014205,0.009360730593607303,1.0,1.0,False,4
RH,numeric,0.325604547468956,0.0227928722181579,0.016823349731257143,0.010730593607305935,1.0,1.0,False,5
Top,numeric,0.34820425437285063,0.004627017630621047,0.006786581186069193,0.010502283105022835,1.0,1.0,False,6
RATemp,numeric,0.35396998660550694,0.01033029517192677,0.010887384138342011,0.012785388127853885,1.0,1.0,False,7
Air Velo,numeric,0.12181591040826834,0.02337191538342366,0.013481755085579384,0.009589041095890417,1.0,1.0,False,8
