Feature,Type,Univariate_Score,Perm_DeltaR2,Perm_DeltaMAE,Perm_DeltaAcc,Combined_Score,Stability_Freq,Selected,Rank
MRT,numeric,0.19961525576076694,0.03696513970692952,0.02954924503962199,0.03962342599192206,1.0,1.0,True,1
RH,numeric,0.005344435399548221,0.004128777980804443,0.0040733615557352705,0.01633602597608299,1.0,1.0,True,2
Top,numeric,0.22641087588146216,0.3133137981096904,0.12871392567952475,0.0809911301180011,1.0,1.0,True,3
RATemp,numeric,0.2118439991855703,0.05199352900187174,0.0422394593556722,0.058115546052110556,1.0,1.0,False,4
Air Velo,numeric,0.018771042586310023,0.010752065976460775,0.006054484844207763,0.014884770729389388,1.0,1.0,False,5
