Feature,Type,Univariate_Score,Perm_DeltaR2,Perm_DeltaMAE,Perm_DeltaAcc,Combined_Score,Stability_Freq,Selected,Rank
MRT,numeric,0.19961525576076694,0.013080334314878672,0.007834503874644395,0.010519125683060106,1.0,1.0,True,1
RH,numeric,0.005344435399548221,0.0,0.0,0.0,1.0,1.0,True,2
Top,numeric,0.22641087588146216,0.07467894278594575,0.03138426384278391,0.01852181832580977,1.0,1.0,True,3
RATemp,numeric,0.2118439991855703,0.07228815214990039,0.030698535450998876,0.02214500673160687,1.0,1.0,False,4
Air Velo,numeric,0.018771042586310023,0.0,0.0,0.0,1.0,1.0,False,5
