Feature,Type,Univariate_Score,Perm_DeltaR2,Perm_DeltaMAE,Perm_DeltaAcc,Combined_Score,Stability_Freq,Selected,Rank
MRT,numeric,0.19961525576076694,0.04919034868309692,0.033035254714529394,0.041737942504157764,1.0,1.0,True,1
RH,numeric,0.005344435399548221,0.01712860299993884,0.007762007132706443,0.019975053456878118,1.0,1.0,True,2
Top,numeric,0.22641087588146216,0.18947588811778224,0.0926153840751068,0.09620654153797419,1.0,1.0,True,3
RATemp,numeric,0.2118439991855703,0.07314389658420728,0.05013386670522273,0.057751247327156106,1.0,1.0,False,4
Air Velo,numeric,0.018771042586310023,0.017892782612508255,0.011135667504783215,0.009440088698819986,1.0,1.0,False,5
