Feature,Type,Univariate_Score,Perm_DeltaR2,Perm_DeltaMAE,Perm_DeltaAcc,Combined_Score,Stability_Freq,Selected,Rank
MRT,numeric,0.19961525576076694,0.0018925826446297255,0.025241865161180387,0.05337174309020354,1.0,1.0,True,1
RH,numeric,0.005344435399548221,0.0,0.004888761326765804,0.021438188009820225,1.0,1.0,True,2
Top,numeric,0.22641087588146216,0.14850498104250337,0.08728358798234809,0.08969668171378792,1.0,1.0,True,3
RATemp,numeric,0.2118439991855703,0.02096814724541928,0.04156828851477864,0.06395224518888099,1.0,1.0,False,4
Air Velo,numeric,0.018771042586310023,0.0006300924212667998,0.0017561941103997115,0.010180565454977442,1.0,1.0,False,5
