Feature,Type,Univariate_Score,Perm_DeltaR2,Perm_DeltaMAE,Perm_DeltaAcc,Combined_Score,Stability_Freq,Selected,Rank
Clothing,categorical,0.36107642774840565,0.000579003817867633,0.00020324762528305395,0.0,1.0,1.0,True,1
Season,categorical,0.0,0.0,0.0,0.0,1.0,1.0,True,2
Activity,categorical,0.0,0.0,0.0,0.0,1.0,1.0,True,3
MRT,numeric,0.041044797892478044,0.0337685254309147,0.025760058008084924,0.0315983757844223,1.0,1.0,False,4
RH,numeric,0.0027651772560393123,0.01583607005643748,0.00777616271485045,0.028534514581026217,1.0,1.0,False,5
Top,numeric,0.06833100609793122,0.029168798785034578,0.021649055275968415,0.03300110741971207,1.0,1.0,False,6
RATemp,numeric,0.018579672702628686,0.020777303946124023,0.0142482492978258,0.03004798818752307,1.0,1.0,False,7
Air Velo,numeric,0.017172946142886843,0.012529824055602896,0.007128517641809424,0.022185308231819863,1.0,1.0,False,8
