Feature,Type,Univariate_Score,Perm_DeltaR2,Perm_DeltaMAE,Perm_DeltaAcc,Combined_Score,Stability_Freq,Selected,Rank
Clothing,categorical,0.36107642774840565,0.0026306351025899254,0.0013330499331156414,0.004761904761904763,1.0,1.0,True,1
Season,categorical,0.0,0.0,0.0,0.0,1.0,1.0,True,2
Activity,categorical,0.0,0.0,0.0,0.0,1.0,1.0,True,3
MRT,numeric,0.041044797892478044,0.05231165885925293,0.024655210971832275,0.01746031746031746,1.0,1.0,False,4
RH,numeric,0.0027651772560393123,0.029573829968770348,0.010338179270426432,0.0348468069398302,1.0,1.0,False,5
Top,numeric,0.06833100609793122,0.03608178297678629,0.01730626424153646,0.02207456626061279,1.0,1.0,False,6
RATemp,numeric,0.018579672702628686,0.02335646152496338,0.015205967426300048,0.02694721299372462,1.0,1.0,False,7
Air Velo,numeric,0.017172946142886843,0.012146055698394775,0.009914028644561767,0.017386489479512737,1.0,1.0,False,8
