Feature,Type,Univariate_Score,Perm_DeltaR2,Perm_DeltaMAE,Perm_DeltaAcc,Combined_Score,Stability_Freq,Selected,Rank
Clothing,categorical,0.13212140341337114,0.0034592341373512678,0.002141472294523846,0.004390307451797815,1.0,1.0,True,1
Season,categorical,0.024364923877041998,0.016501544857138443,0.012959860883593004,0.008778443633837067,1.0,1.0,True,2
Activity,categorical,0.003723005400763959,0.003470537768000829,0.002528266231478593,0.0043960975044872955,1.0,1.0,True,3
MRT,numeric,0.14295464481428105,0.027261178561003775,0.01923310574771564,0.02064877540385618,1.0,1.0,False,4
RH,numeric,0.0034558369527280227,0.009737294154864308,0.008170316151188699,0.014049562851021945,1.0,1.0,False,5
Top,numeric,0.2583906156626027,0.09519650416314987,0.06559053430875603,0.0458876150772972,1.0,1.0,False,6
RATemp,numeric,0.25737310816365094,0.10604120533519443,0.07121102893956546,0.04545842742168953,1.0,1.0,False,7
Air Velo,numeric,0.021045774083030204,0.007544628031994775,0.005678198687266445,0.01076515546291471,1.0,1.0,False,8
