Feature,Type,Univariate_Score,Perm_DeltaR2,Perm_DeltaMAE,Perm_DeltaAcc,Combined_Score,Stability_Freq,Selected,Rank
Clothing,categorical,0.36107642774840565,0.0129971052651765,0.005749730996610343,0.00952380952380952,1.0,1.0,True,1
Season,categorical,0.0,1.4802973661668754e-17,0.0,0.0,1.0,1.0,True,2
Activity,categorical,0.0,7.401486830834377e-18,0.0,0.0,1.0,1.0,True,3
MRT,numeric,0.041044797892478044,0.014121904377772086,0.01079714137508001,0.018936877076411954,1.0,1.0,False,4
RH,numeric,0.0027651772560393123,0.026353834221048943,0.01481008395077695,0.01424880029531191,1.0,1.0,False,5
Top,numeric,0.06833100609793122,0.06496308434262392,0.03599692803149464,0.025322997416020666,1.0,1.0,False,6
RATemp,numeric,0.018579672702628686,0.012568561873196247,0.01128613863945283,0.012698412698412686,1.0,1.0,False,7
Air Velo,numeric,0.017172946142886843,0.030465247376322963,0.011240011568771777,0.01413805832410483,1.0,1.0,False,8
