Feature,Type,Univariate_Score,Perm_DeltaR2,Perm_DeltaMAE,Perm_DeltaAcc,Combined_Score,Stability_Freq,Selected,Rank
Clothing,categorical,0.13212140341337114,0.017514054925657534,0.01456052505322166,0.015588269353251114,1.0,1.0,True,1
Season,categorical,0.024364923877041998,0.028694290327889015,0.01644647806395129,0.005931908980371726,1.0,1.0,True,2
Activity,categorical,0.003723005400763959,0.00156242321495433,0.00282726458760223,0.007681952405766894,1.0,1.0,True,3
MRT,numeric,0.14295464481428105,0.005810100782835022,0.0034347994361404234,0.007697875050662953,1.0,1.0,False,4
RH,numeric,0.0034558369527280227,0.0024098210413760145,0.004760480231859569,0.0017587285044293889,1.0,1.0,False,5
Top,numeric,0.2583906156626027,0.09580091580654815,0.06501243807929305,0.038884546349371774,1.0,1.0,False,6
RATemp,numeric,0.25737310816365094,0.07888588434426612,0.05070039900995611,0.03756224306641189,1.0,1.0,False,7
Air Velo,numeric,0.021045774083030204,0.0019036614586516397,0.0017475742683105366,0.008350703491401767,1.0,1.0,False,8
