Model,RMSE,MAE,R2,Accuracy,Residual_STD,MBE,Train_Accuracy,Avg_Num_Features
catboost,0.9731915278379282,0.7661725451142656,0.2770786291467541,0.4110865033871809,0.972613506470035,-0.0005588180906751311,0.4295126134738069,8.0
extratrees,1.0012829727446424,0.7862107544130296,0.23442071728906838,0.3965997915581032,1.0005856638261013,-0.0018961566803478032,0.5866293787838727,8.0
elasticnet,1.0102879267065272,0.813422369613346,0.22226487500350095,0.3827666319263505,1.009776062357071,6.633112469779656e-05,0.38653026081179115,8.0
xgboost,0.9946047851888637,0.7849783182144165,0.24563000202178956,0.3893586069133229,0.994166383476746,-0.0036534439549597043,0.46492213612111105,8.0
