Feature,Type,Univariate_Score,Perm_DeltaR2,Perm_DeltaMAE,Perm_DeltaAcc,Combined_Score,Stability_Freq,Selected,Rank
Clothing,categorical,0.13212140341337114,0.005267151196797689,0.00510563055674235,0.005488969949626539,1.0,1.0,True,1
Season,categorical,0.024364923877041998,0.0062348206837972,0.002533237139383952,0.0006586184934282942,1.0,1.0,True,2
Activity,categorical,0.003723005400763959,0.0013693650563557944,0.0010412096977233886,0.0010964912280701845,1.0,1.0,True,3
MRT,numeric,0.14295464481428105,0.0181078831354777,0.0138784130414327,0.010993138787562964,1.0,1.0,False,4
RH,numeric,0.0034558369527280227,0.005232735474904378,0.004835577805836996,0.010325111458514264,1.0,1.0,False,5
Top,numeric,0.2583906156626027,0.1394746979077657,0.08675305048624675,0.04129827456429854,1.0,1.0,False,6
RATemp,numeric,0.25737310816365094,0.08071243365605671,0.0573945124944051,0.02812952347866366,1.0,1.0,False,7
Air Velo,numeric,0.021045774083030204,0.008951882521311441,0.006164642175038656,0.005926842684268419,1.0,1.0,False,8
