Feature,Type,Univariate_Score,Perm_DeltaR2,Perm_DeltaMAE,Perm_DeltaAcc,Combined_Score,Stability_Freq,Selected,Rank
Clothing,categorical,0.39075433617284083,0.002332552442875698,0.0024380687624205644,0.0075342465753424626,1.0,1.0,True,1
Season,categorical,0.3423220618313034,0.28902220306571647,0.17967668071675583,0.08561643835616439,1.0,1.0,True,2
Activity,categorical,0.16546141439178608,0.0025465670321490387,0.0020919901957118904,0.0006849315068493178,1.0,1.0,True,3
MRT,numeric,0.33427764517134434,0.029868645277992635,0.024132972428777096,0.010273972602739725,1.0,1.0,False,4
RH,numeric,0.325604547468956,0.01950848339819578,0.015643662930914605,0.008904109589041094,1.0,1.0,False,5
Top,numeric,0.34820425437285063,0.00894148878139318,0.010381933218930328,0.010273972602739727,1.0,1.0,False,6
RATemp,numeric,0.35396998660550694,0.007713569987032971,0.005358264006166317,0.005936073059360732,1.0,1.0,False,7
Air Velo,numeric,0.12181591040826834,0.024225246969273685,0.014660639245146928,0.009817351598173518,1.0,1.0,False,8
