Feature,Type,Univariate_Score,Perm_DeltaR2,Perm_DeltaMAE,Perm_DeltaAcc,Combined_Score,Stability_Freq,Selected,Rank
Clothing,categorical,0.39075433617284083,0.003809241453806559,0.005541070302327473,0.009360730593607303,1.0,1.0,True,1
Season,categorical,0.3423220618313034,0.0324665625890096,0.022388188044230144,0.022602739726027395,1.0,1.0,True,2
Activity,categorical,0.16546141439178608,0.0007200479507446288,0.0005800922711690266,0.0027397260273972638,1.0,1.0,True,3
MRT,numeric,0.33427764517134434,0.24394631385803223,0.14675564368565877,0.07420091324200913,1.0,1.0,False,4
RH,numeric,0.325604547468956,0.053111322720845545,0.03909614086151123,0.031735159817351595,1.0,1.0,False,5
Top,numeric,0.34820425437285063,0.041662168502807614,0.03576361338297526,0.02945205479452055,1.0,1.0,False,6
RATemp,numeric,0.35396998660550694,0.061790482203165686,0.040071189403533936,0.024429223744292232,1.0,1.0,False,7
Air Velo,numeric,0.12181591040826834,0.023880577087402346,0.01422231197357178,0.01004566210045662,1.0,1.0,False,8
