Feature,Type,Univariate_Score,Perm_DeltaR2,Perm_DeltaMAE,Perm_DeltaAcc,Combined_Score,Stability_Freq,Selected,Rank
Clothing,categorical,0.39075433617284083,0.0,0.0,0.0,1.0,1.0,True,1
Season,categorical,0.3423220618313034,0.013298363447014147,0.008624058862650639,0.0025114155251141617,1.0,1.0,True,2
Activity,categorical,0.16546141439178608,0.0,0.0,0.0,1.0,1.0,True,3
MRT,numeric,0.33427764517134434,0.07994642172056449,0.050612079708975743,0.011872146118721453,1.0,1.0,False,4
RH,numeric,0.325604547468956,0.037319827944242615,0.025352560293534037,0.004794520547945206,1.0,1.0,False,5
Top,numeric,0.34820425437285063,0.03561597454679306,0.024647794665171485,0.0034246575342465778,1.0,1.0,False,6
RATemp,numeric,0.35396998660550694,0.024133385737746187,0.017975869266571444,0.003652968036529684,1.0,1.0,False,7
Air Velo,numeric,0.12181591040826834,0.0603301846556239,0.03318977745537798,0.00570776255707763,1.0,1.0,False,8
