Feature,Type,Univariate_Score,Perm_DeltaR2,Perm_DeltaMAE,Perm_DeltaAcc,Combined_Score,Stability_Freq,Selected,Rank
Clothing,categorical,0.39075433617284083,0.007974651198581857,0.004443555200669221,0.00593607305936072,1.0,1.0,True,1
Season,categorical,0.3423220618313034,0.059104809402868975,0.04253523118370951,0.02625570776255707,1.0,1.0,True,2
Activity,categorical,0.16546141439178608,0.012942245765753344,0.007414659302774659,0.0025114155251141435,1.0,1.0,True,3
MRT,numeric,0.33427764517134434,0.0923903771066015,0.0657895534226163,0.032648401826484,1.0,1.0,False,4
RH,numeric,0.325604547468956,0.0670879082630683,0.04525045713927405,0.02899543378995433,1.0,1.0,False,5
Top,numeric,0.34820425437285063,0.08698924180582344,0.06367160025077068,0.035159817351598156,1.0,1.0,False,6
RATemp,numeric,0.35396998660550694,0.050966094618815204,0.03420143648683312,0.021917808219178058,1.0,1.0,False,7
Air Velo,numeric,0.12181591040826834,0.05369620720488003,0.033451966558516164,0.008447488584474869,1.0,1.0,False,8
