Feature,Type,Univariate_Score,Perm_DeltaR2,Perm_DeltaMAE,Perm_DeltaAcc,Combined_Score,Stability_Freq,Selected,Rank
MRT,numeric,0.19961525576076694,0.013709097240557407,0.008360717660958679,0.01270491803278688,1.0,1.0,True,1
RH,numeric,0.005344435399548221,0.0,0.0,0.0,1.0,1.0,True,2
Top,numeric,0.22641087588146216,0.07576187543180307,0.033057267057386285,0.020339352181832575,1.0,1.0,True,3
RATemp,numeric,0.2118439991855703,0.07374966638022439,0.03077975469641059,0.023614080937673233,1.0,1.0,False,4
Air Velo,numeric,0.018771042586310023,0.0,0.0,0.0,1.0,1.0,False,5
