Feature,Type,Univariate_Score,Perm_DeltaR2,Perm_DeltaMAE,Perm_DeltaAcc,Combined_Score,Stability_Freq,Selected,Rank
MRT,numeric,0.19961525576076694,0.03869119882583618,0.028562676906585694,0.03560030094242496,1.0,1.0,True,1
RH,numeric,0.005344435399548221,0.008514368534088134,0.006619783242543538,0.01452839154193394,1.0,1.0,True,2
Top,numeric,0.22641087588146216,0.3197687149047852,0.1312877655029297,0.0889720440326285,1.0,1.0,True,3
RATemp,numeric,0.2118439991855703,0.04411381880442301,0.03977422714233399,0.06324146669834482,1.0,1.0,False,4
Air Velo,numeric,0.018771042586310023,0.01157299280166626,0.006675239404042563,0.011255642670468035,1.0,1.0,False,5
