Feature,Type,Univariate_Score,Perm_DeltaR2,Perm_DeltaMAE,Perm_DeltaAcc,Combined_Score,Stability_Freq,Selected,Rank
MRT,numeric,0.19961525576076694,0.05314558516706428,0.036695732371246174,0.04465035241941871,1.0,1.0,True,1
RH,numeric,0.005344435399548221,0.012112406302043785,0.005839540446205952,0.014154193395105725,1.0,1.0,True,2
Top,numeric,0.22641087588146216,0.18842161228988907,0.08733200577701448,0.08894828542013147,1.0,1.0,True,3
RATemp,numeric,0.2118439991855703,0.06620134091403171,0.04687558962339556,0.0649976241387503,1.0,1.0,False,4
Air Velo,numeric,0.018771042586310023,0.016573085250726826,0.010385160705047558,0.012716797339035402,1.0,1.0,False,5
