Feature,Type,Univariate_Score,Perm_DeltaR2,Perm_DeltaMAE,Perm_DeltaAcc,Combined_Score,Stability_Freq,Selected,Rank
MRT,numeric,0.19961525576076694,0.005498840047036039,0.02487687813265102,0.05048705155618912,1.0,1.0,True,1
RH,numeric,0.005344435399548221,0.0,0.007451170560925102,0.02833610517145798,1.0,1.0,True,2
Top,numeric,0.22641087588146216,0.13905708675291514,0.0814274271292719,0.07804308228399462,1.0,1.0,True,3
RATemp,numeric,0.2118439991855703,0.02025773771092019,0.04061458597025819,0.07445751168131781,1.0,1.0,False,4
Air Velo,numeric,0.018771042586310023,0.0,0.0015874759736932125,0.005822839946147148,1.0,1.0,False,5
