Feature,Type,Univariate_Score,Perm_DeltaR2,Perm_DeltaMAE,Perm_DeltaAcc,Combined_Score,Stability_Freq,Selected,Rank
Clothing,categorical,0.36107642774840565,0.0015587693699502304,0.00033575825238188657,0.001587301587301589,1.0,1.0,True,1
Season,categorical,0.0,0.0,0.0,0.0,1.0,1.0,True,2
Activity,categorical,0.0,0.0,0.0,0.0,1.0,1.0,True,3
MRT,numeric,0.041044797892478044,0.022325176834290035,0.024336417037992525,0.03946105574012552,1.0,1.0,False,4
RH,numeric,0.0027651772560393123,0.013803342976054114,0.008728237170623092,0.023772609819121455,1.0,1.0,False,5
Top,numeric,0.06833100609793122,0.030433434542930887,0.020184083208495438,0.018899963086009608,1.0,1.0,False,6
RATemp,numeric,0.018579672702628686,0.021342857479032494,0.016210409021740427,0.034699150978220746,1.0,1.0,False,7
Air Velo,numeric,0.017172946142886843,0.015199844935351434,0.00850620535689377,0.028497600590623846,1.0,1.0,False,8
