Feature,Type,Univariate_Score,Perm_DeltaR2,Perm_DeltaMAE,Perm_DeltaAcc,Combined_Score,Stability_Freq,Selected,Rank
Clothing,categorical,0.13212140341337114,0.0033883940437505157,0.0019545996086053415,0.004388136182039263,1.0,1.0,True,1
Season,categorical,0.024364923877041998,0.019013471746390447,0.013671947537307879,0.008558421631636847,1.0,1.0,True,2
Activity,categorical,0.003723005400763959,0.0031653223054848153,0.0024768451448313965,0.002857391002258125,1.0,1.0,True,3
MRT,numeric,0.14295464481428105,0.028852071028304234,0.018682265116954703,0.018004892594522613,1.0,1.0,False,4
RH,numeric,0.0034558369527280227,0.013538884326987962,0.01016648003461827,0.012070088587806147,1.0,1.0,False,5
Top,numeric,0.2583906156626027,0.10260461418052431,0.06950085242477974,0.05093075096983383,1.0,1.0,False,6
RATemp,numeric,0.25737310816365094,0.11536227021774477,0.07674210359558085,0.05336257309941521,1.0,1.0,False,7
Air Velo,numeric,0.021045774083030204,0.009203265574295664,0.006632878392668335,0.012292281859764925,1.0,1.0,False,8
