Feature,Type,Univariate_Score,Perm_DeltaR2,Perm_DeltaMAE,Perm_DeltaAcc,Combined_Score,Stability_Freq,Selected,Rank
Clothing,categorical,0.13212140341337114,0.02072516416806577,0.016228394114406543,0.018659892305019975,1.0,1.0,True,1
Season,categorical,0.024364923877041998,0.022944091278002336,0.01359612791865569,0.005051097214984661,1.0,1.0,True,2
Activity,categorical,0.003723005400763959,0.0026769242201322005,0.004364764583870977,0.00965563661629321,1.0,1.0,True,3
MRT,numeric,0.14295464481428105,0.001249518298058631,0.0011623001478523094,0.0057205720572057195,1.0,1.0,False,4
RH,numeric,0.0034558369527280227,0.0022373255601558415,0.0033645357885227155,0.003953158473742118,1.0,1.0,False,5
Top,numeric,0.2583906156626027,0.07997965411034832,0.054131389433336154,0.031861936193619364,1.0,1.0,False,6
RATemp,numeric,0.25737310816365094,0.07143811812617414,0.04757632879001232,0.03228967633605465,1.0,1.0,False,7
Air Velo,numeric,0.021045774083030204,0.0011518584573736743,0.0021985389160494714,0.00417824677204562,1.0,1.0,False,8
