Feature,Type,Univariate_Score,Perm_DeltaR2,Perm_DeltaMAE,Perm_DeltaAcc,Combined_Score,Stability_Freq,Selected,Rank
Clothing,categorical,0.36107642774840565,0.0016536633173624676,0.00112459659576416,0.0031746031746031746,1.0,1.0,True,1
Season,categorical,0.0,0.0,0.0,0.0,1.0,1.0,True,2
Activity,categorical,0.0,0.0,0.0,0.0,1.0,1.0,True,3
MRT,numeric,0.041044797892478044,0.040088029702504475,0.027775677045186364,0.028571428571428574,1.0,1.0,False,4
RH,numeric,0.0027651772560393123,0.023087966442108154,0.009080060323079427,0.03329641934293097,1.0,1.0,False,5
Top,numeric,0.06833100609793122,0.026254252592722578,0.01717929442723592,0.014138058324104835,1.0,1.0,False,6
RATemp,numeric,0.018579672702628686,0.0235608180363973,0.015699740250905356,0.01746031746031746,1.0,1.0,False,7
Air Velo,numeric,0.017172946142886843,0.01271483103434245,0.008628809452056884,0.030121816168327792,1.0,1.0,False,8
