Feature,Type,Univariate_Score,Perm_DeltaR2,Perm_DeltaMAE,Perm_DeltaAcc,Combined_Score,Stability_Freq,Selected,Rank
Clothing,categorical,0.13212140341337114,0.008595105012257893,0.006521181265513103,0.004173180475942324,1.0,1.0,True,1
Season,categorical,0.024364923877041998,0.007238860925038655,0.0030266801516215004,0.0010972149846563658,1.0,1.0,True,2
Activity,categorical,0.003723005400763959,0.0010781804720560709,0.0010539611180623372,0.0015372589890568001,1.0,1.0,True,3
MRT,numeric,0.14295464481428105,0.015632422765096028,0.011329352855682373,0.005934804006716457,1.0,1.0,False,4
RH,numeric,0.0034558369527280227,0.004678881168365479,0.0038702805836995447,0.006148312199641015,1.0,1.0,False,5
Top,numeric,0.2583906156626027,0.1302538235982259,0.08303350607554119,0.043274130044583414,1.0,1.0,False,6
RATemp,numeric,0.25737310816365094,0.08361863295237223,0.0546447237332662,0.02703013722424874,1.0,1.0,False,7
Air Velo,numeric,0.021045774083030204,0.005023284753163655,0.005665647983551025,0.00988868623704475,1.0,1.0,False,8
