Feature,Type,Univariate_Score,Perm_DeltaR2,Perm_DeltaMAE,Perm_DeltaAcc,Combined_Score,Stability_Freq,Selected,Rank
Clothing,categorical,0.36107642774840565,0.006884641438036636,0.003072487169241459,0.00793650793650793,1.0,1.0,True,1
Season,categorical,0.0,4.4408920985006264e-17,2.2204460492503132e-17,0.0,1.0,1.0,True,2
Activity,categorical,0.0,4.4408920985006264e-17,2.2204460492503132e-17,0.0,1.0,1.0,True,3
MRT,numeric,0.041044797892478044,0.041179850635114076,0.016919312526105488,0.017349575489110362,1.0,1.0,False,4
RH,numeric,0.0027651772560393123,0.010372700592639483,0.01302019528898275,0.012698412698412695,1.0,1.0,False,5
Top,numeric,0.06833100609793122,0.06579268283618736,0.03469852095172733,0.026762643041712796,1.0,1.0,False,6
RATemp,numeric,0.018579672702628686,0.01190127753618831,0.010796775693027845,0.02535991140642303,1.0,1.0,False,7
Air Velo,numeric,0.017172946142886843,0.03066159286485065,0.014963610692888842,0.018826135105204863,1.0,1.0,False,8
