Feature,Type,Univariate_Score,Perm_DeltaR2,Perm_DeltaMAE,Perm_DeltaAcc,Combined_Score,Stability_Freq,Selected,Rank
Clothing,categorical,0.39075433617284083,0.0020212014516194665,0.00588992436726888,0.012328767123287676,1.0,1.0,True,1
Season,categorical,0.3423220618313034,0.03503067096074422,0.024276538689931234,0.018036529680365298,1.0,1.0,True,2
Activity,categorical,0.16546141439178608,0.0006718993186950683,0.000283956527709961,0.00296803652968037,1.0,1.0,True,3
MRT,numeric,0.33427764517134434,0.2619946559270223,0.15718160470326742,0.06986301369863016,1.0,1.0,False,4
RH,numeric,0.325604547468956,0.047221998373667404,0.03571011622746785,0.03264840182648402,1.0,1.0,False,5
Top,numeric,0.34820425437285063,0.04612291653951009,0.036281402905782065,0.02488584474885844,1.0,1.0,False,6
RATemp,numeric,0.35396998660550694,0.06711803277333578,0.04470749298731486,0.025799086757990863,1.0,1.0,False,7
Air Velo,numeric,0.12181591040826834,0.027143665154774982,0.015868242581685385,0.01210045662100456,1.0,1.0,False,8
