Feature,Type,Univariate_Score,Perm_DeltaR2,Perm_DeltaMAE,Perm_DeltaAcc,Combined_Score,Stability_Freq,Selected,Rank
Clothing,categorical,0.39075433617284083,0.0,0.0,0.0,1.0,1.0,True,1
Season,categorical,0.3423220618313034,0.01256618076712089,0.007888313426653288,0.0011415525114155296,1.0,1.0,True,2
Activity,categorical,0.16546141439178608,0.0,0.0,0.0,1.0,1.0,True,3
MRT,numeric,0.33427764517134434,0.08840075335337694,0.056981887040894005,0.015296803652968035,1.0,1.0,False,4
RH,numeric,0.325604547468956,0.04006977646654179,0.0286390808961006,0.007305936073059358,1.0,1.0,False,5
Top,numeric,0.34820425437285063,0.03417066862674714,0.023177041826126763,0.002968036529680366,1.0,1.0,False,6
RATemp,numeric,0.35396998660550694,0.02540887747820759,0.018173607864741072,0.0031963470319634722,1.0,1.0,False,7
Air Velo,numeric,0.12181591040826834,0.05279696074591156,0.027962335590016922,0.002739726027397257,1.0,1.0,False,8
