Feature,Type,Univariate_Score,Perm_DeltaR2,Perm_DeltaMAE,Perm_DeltaAcc,Combined_Score,Stability_Freq,Selected,Rank
Clothing,categorical,0.39075433617284083,0.0050302240615742655,0.004299766146358031,0.005707762557077622,1.0,1.0,True,1
Season,categorical,0.3423220618313034,0.3001423879690569,0.17643694227501164,0.0817351598173516,1.0,1.0,True,2
Activity,categorical,0.16546141439178608,0.002705060168967114,0.002293838051313957,0.0006849315068493142,1.0,1.0,True,3
MRT,numeric,0.33427764517134434,0.03300679967651978,0.0273563243328865,0.0077625570776255716,1.0,1.0,False,4
RH,numeric,0.325604547468956,0.017718582871711526,0.014355779703792653,0.0073059360730593674,1.0,1.0,False,5
Top,numeric,0.34820425437285063,0.006007770677690589,0.00819009048601135,0.010502283105022834,1.0,1.0,False,6
RATemp,numeric,0.35396998660550694,0.007237043072392486,0.00738410017508752,0.00821917808219178,1.0,1.0,False,7
Air Velo,numeric,0.12181591040826834,0.023471545397796056,0.0149883173303028,0.013698630136986304,1.0,1.0,False,8
