Feature,Type,Univariate_Score,Perm_DeltaR2,Perm_DeltaMAE,Perm_DeltaAcc,Combined_Score,Stability_Freq,Selected,Rank
Clothing,categorical,0.39075433617284083,0.008795509485068811,0.00707984651828301,0.009817351598173507,1.0,1.0,True,1
Season,categorical,0.3423220618313034,0.057274849777996614,0.03727718924690114,0.016894977168949762,1.0,1.0,True,2
Activity,categorical,0.16546141439178608,0.011786369267630643,0.006566932782769164,0.0034246575342465704,1.0,1.0,True,3
MRT,numeric,0.33427764517134434,0.09269675866847135,0.06425381691958827,0.029908675799086744,1.0,1.0,False,4
RH,numeric,0.325604547468956,0.06858283233472304,0.04861498035251706,0.02739726027397259,1.0,1.0,False,5
Top,numeric,0.34820425437285063,0.09072732976440591,0.0670191927276346,0.03812785388127852,1.0,1.0,False,6
RATemp,numeric,0.35396998660550694,0.05579088361557359,0.03625592966761805,0.02465753424657533,1.0,1.0,False,7
Air Velo,numeric,0.12181591040826834,0.059354651897719005,0.038494033098435874,0.01552511415525113,1.0,1.0,False,8
