Feature,Type,Univariate_Score,Perm_DeltaR2,Perm_DeltaMAE,Perm_DeltaAcc,Combined_Score,Stability_Freq,Selected,Rank
MRT,numeric,0.19961525576076694,0.004815867386230862,0.027534280049016646,0.05592579393363427,1.0,1.0,True,1
RH,numeric,0.005344435399548221,0.0,0.006347118140751129,0.029054803199493152,1.0,1.0,True,2
Top,numeric,0.22641087588146216,0.13799673110795851,0.0789345823143956,0.06716757741347906,1.0,1.0,True,3
RATemp,numeric,0.2118439991855703,0.022777196502070787,0.04365262936402389,0.07335867585333017,1.0,1.0,False,4
Air Velo,numeric,0.018771042586310023,0.00037415863371574875,0.0025580856429899086,0.010536944642432888,1.0,1.0,False,5
