Feature,Type,Univariate_Score,Perm_DeltaR2,Perm_DeltaMAE,Perm_DeltaAcc,Combined_Score,Stability_Freq,Selected,Rank
MRT,numeric,0.19961525576076694,0.01357633669962901,0.008207772264430464,0.013795834323275514,1.0,1.0,True,1
RH,numeric,0.005344435399548221,0.0,0.0,0.0,1.0,1.0,True,2
Top,numeric,0.22641087588146216,0.07707872602084065,0.03295050827720591,0.015975687019878036,1.0,1.0,True,3
RATemp,numeric,0.2118439991855703,0.06924398459739155,0.03031320311327395,0.01344539478894432,1.0,1.0,False,4
Air Velo,numeric,0.018771042586310023,0.0,0.0,0.0,1.0,1.0,False,5
