Feature,Type,Univariate_Score,Perm_DeltaR2,Perm_DeltaMAE,Perm_DeltaAcc,Combined_Score,Stability_Freq,Selected,Rank
MRT,numeric,0.19961525576076694,0.037227284908294675,0.02961253722508748,0.03996198622000475,1.0,1.0,True,1
RH,numeric,0.005344435399548221,0.006396993001302083,0.005289626121520996,0.015621287716797327,1.0,1.0,True,2
Top,numeric,0.22641087588146216,0.31508584817250573,0.12803010145823163,0.07953393521818325,1.0,1.0,True,3
RATemp,numeric,0.2118439991855703,0.03618435064951579,0.03603511253992717,0.057759166864655084,1.0,1.0,False,4
Air Velo,numeric,0.018771042586310023,0.010287038485209147,0.006613500912984212,0.016326126554209227,1.0,1.0,False,5
