Feature,Type,Univariate_Score,Perm_DeltaR2,Perm_DeltaMAE,Perm_DeltaAcc,Combined_Score,Stability_Freq,Selected,Rank
MRT,numeric,0.19961525576076694,0.04308662130518591,0.033453273866235374,0.045721469866159825,1.0,1.0,True,1
RH,numeric,0.005344435399548221,0.016809396362237917,0.007565078168956995,0.017058683772867664,1.0,1.0,True,2
Top,numeric,0.22641087588146216,0.1826427459796279,0.08618129873143585,0.08494495921438187,1.0,1.0,True,3
RATemp,numeric,0.2118439991855703,0.07169829992114415,0.049348707993850785,0.06244357329531956,1.0,1.0,False,4
Air Velo,numeric,0.018771042586310023,0.016085432881672922,0.010052289090791863,0.01016868614872891,1.0,1.0,False,5
