Feature,Type,Univariate_Score,Perm_DeltaR2,Perm_DeltaMAE,Perm_DeltaAcc,Combined_Score,Stability_Freq,Selected,Rank
Clothing,categorical,0.36107642774840565,0.010914707516802385,0.008233905689112708,0.01428571428571428,1.0,1.0,True,1
Season,categorical,0.0,1.4802973661668754e-17,0.0,0.0,1.0,1.0,True,2
Activity,categorical,0.0,2.960594732333751e-17,0.0,0.0,1.0,1.0,True,3
MRT,numeric,0.041044797892478044,0.01859379498906383,0.009345150224900442,0.023661867847914346,1.0,1.0,False,4
RH,numeric,0.0027651772560393123,0.019093659064684736,0.01467172770184245,0.011111111111111105,1.0,1.0,False,5
Top,numeric,0.06833100609793122,0.06653871207739522,0.03891305267383689,0.028386858619416745,1.0,1.0,False,6
RATemp,numeric,0.018579672702628686,0.023140371815307148,0.015115697237864151,0.023735695828719074,1.0,1.0,False,7
Air Velo,numeric,0.017172946142886843,0.03826198403563154,0.01346616914406471,0.0205610926541159,1.0,1.0,False,8
