Feature,Type,Univariate_Score,Perm_DeltaR2,Perm_DeltaMAE,Perm_DeltaAcc,Combined_Score,Stability_Freq,Selected,Rank
Clothing,categorical,0.13212140341337114,0.003224238986934054,0.0018191966962528116,0.003953882230328299,1.0,1.0,True,1
Season,categorical,0.024364923877041998,0.017280002152787386,0.0131086059133622,0.010756470383880497,1.0,1.0,True,2
Activity,categorical,0.003723005400763959,0.005497900474457891,0.004114608715450751,0.006814892015517349,1.0,1.0,True,3
MRT,numeric,0.14295464481428105,0.02860531334332499,0.018708889328589228,0.018003445081350235,1.0,1.0,False,4
RH,numeric,0.0034558369527280227,0.01206521169375534,0.00941902387602674,0.01163728214926756,1.0,1.0,False,5
Top,numeric,0.2583906156626027,0.10055950864055703,0.06961740491890622,0.05465809738868623,1.0,1.0,False,6
RATemp,numeric,0.25737310816365094,0.1174221757411145,0.07707847635829392,0.05226318684500029,1.0,1.0,False,7
Air Velo,numeric,0.021045774083030204,0.009212653822615848,0.008514830802528534,0.015809015112037517,1.0,1.0,False,8
