Feature,Type,Univariate_Score,Perm_DeltaR2,Perm_DeltaMAE,Perm_DeltaAcc,Combined_Score,Stability_Freq,Selected,Rank
Clothing,categorical,0.36107642774840565,0.0060310880343119305,0.002399289608001709,0.003174603174603178,1.0,1.0,True,1
Season,categorical,0.0,0.0,0.0,0.0,1.0,1.0,True,2
Activity,categorical,0.0,0.0,0.0,0.0,1.0,1.0,True,3
MRT,numeric,0.041044797892478044,0.03943926493326823,0.019622989495595298,0.023809523809523808,1.0,1.0,False,4
RH,numeric,0.0027651772560393123,0.023602509498596193,0.008071025212605795,0.01734957548911038,1.0,1.0,False,5
Top,numeric,0.06833100609793122,0.02646021048227946,0.018210017681121828,0.017275747508305652,1.0,1.0,False,6
RATemp,numeric,0.018579672702628686,0.01783830722173055,0.012087623278299967,0.019047619047619053,1.0,1.0,False,7
Air Velo,numeric,0.017172946142886843,0.02008821169535319,0.011149378617604575,0.020598006644518274,1.0,1.0,False,8
