Feature,Type,Univariate_Score,Perm_DeltaR2,Perm_DeltaMAE,Perm_DeltaAcc,Combined_Score,Stability_Freq,Selected,Rank
Clothing,categorical,0.13212140341337114,0.006269876162211099,0.004091087977091472,0.00417245671935614,1.0,1.0,True,1
Season,categorical,0.024364923877041998,0.007262929280598959,0.003497755527496338,0.0,1.0,1.0,True,2
Activity,categorical,0.003723005400763959,0.0012789289156595865,0.0011299490928649903,0.0008793642522146947,1.0,1.0,True,3
MRT,numeric,0.14295464481428105,0.019935031731923424,0.013412014643351237,0.009453708528747613,1.0,1.0,False,4
RH,numeric,0.0034558369527280227,0.0041748086611429844,0.0031025171279907226,0.01032583521510046,1.0,1.0,False,5
Top,numeric,0.2583906156626027,0.1430362900098165,0.0881618618965149,0.042627091656534076,1.0,1.0,False,6
RATemp,numeric,0.25737310816365094,0.08156641324361165,0.0527285615603129,0.027677899368884255,1.0,1.0,False,7
Air Velo,numeric,0.021045774083030204,0.007143354415893555,0.005943878491719564,0.007029847721614262,1.0,1.0,False,8
