Feature,Type,Univariate_Score,Perm_DeltaR2,Perm_DeltaMAE,Perm_DeltaAcc,Combined_Score,Stability_Freq,Selected,Rank
Clothing,categorical,0.13212140341337114,0.014519515797515892,0.012379429239627737,0.015138092756644092,1.0,1.0,True,1
Season,categorical,0.024364923877041998,0.025737898206365677,0.015608714806876414,0.004828903943025887,1.0,1.0,True,2
Activity,categorical,0.003723005400763959,0.0027501256050263658,0.0034214679591980587,0.008120548896994968,1.0,1.0,True,3
MRT,numeric,0.14295464481428105,0.0023512602410587684,0.001706984440991429,0.005280528052805278,1.0,1.0,False,4
RH,numeric,0.0034558369527280227,0.001358022527776052,0.003576535453049634,0.005274014243529612,1.0,1.0,False,5
Top,numeric,0.2583906156626027,0.09745877622535895,0.05936633071853041,0.02921515835794105,1.0,1.0,False,6
RATemp,numeric,0.25737310816365094,0.07674620866618587,0.0523550490061593,0.03821724277690926,1.0,1.0,False,7
Air Velo,numeric,0.021045774083030204,0.00685255977003949,0.0037837989774204715,0.005053992241329393,1.0,1.0,False,8
