Feature,Type,Univariate_Score,Perm_DeltaR2,Perm_DeltaMAE,Perm_DeltaAcc,Combined_Score,Stability_Freq,Selected,Rank
Clothing,categorical,0.36107642774840565,0.0009956640317464313,0.0002284353762122289,0.001587301587301589,1.0,1.0,True,1
Season,categorical,0.0,0.0,0.0,0.0,1.0,1.0,True,2
Activity,categorical,0.0,0.0,0.0,0.0,1.0,1.0,True,3
MRT,numeric,0.041044797892478044,0.020947704175546124,0.018780885139699978,0.03617571059431525,1.0,1.0,False,4
RH,numeric,0.0027651772560393123,0.018234764883922217,0.010576846288382624,0.02694721299372463,1.0,1.0,False,5
Top,numeric,0.06833100609793122,0.03861937340648154,0.026520068986616935,0.01893687707641196,1.0,1.0,False,6
RATemp,numeric,0.018579672702628686,0.016827892187085296,0.01254923813064436,0.030047988187523078,1.0,1.0,False,7
Air Velo,numeric,0.017172946142886843,0.02413966464133776,0.00942580309145249,0.0330749354005168,1.0,1.0,False,8
