Feature,Type,Univariate_Score,Perm_DeltaR2,Perm_DeltaMAE,Perm_DeltaAcc,Combined_Score,Stability_Freq,Selected,Rank
Clothing,categorical,0.39075433617284083,0.0024592359860738117,0.004064540068308513,0.012100456621004563,1.0,1.0,True,1
Season,categorical,0.3423220618313034,0.03557136853535971,0.02307135264078776,0.01506849315068493,1.0,1.0,True,2
Activity,categorical,0.16546141439178608,0.0004672725995381673,0.0002675851186116537,0.0036529680365296802,1.0,1.0,True,3
MRT,numeric,0.33427764517134434,0.26964218616485597,0.16295607884724936,0.07397260273972603,1.0,1.0,False,4
RH,numeric,0.325604547468956,0.04652807315190634,0.034286753336588545,0.031050228310502276,1.0,1.0,False,5
Top,numeric,0.34820425437285063,0.04333153168360392,0.03351860443751017,0.02123287671232877,1.0,1.0,False,6
RATemp,numeric,0.35396998660550694,0.06689252853393554,0.04550606409708659,0.02442922374429224,1.0,1.0,False,7
Air Velo,numeric,0.12181591040826834,0.020117672284444173,0.014374550183614093,0.01438356164383561,1.0,1.0,False,8
