Feature,Type,Univariate_Score,Perm_DeltaR2,Perm_DeltaMAE,Perm_DeltaAcc,Combined_Score,Stability_Freq,Selected,Rank
Clothing,categorical,0.39075433617284083,0.010266817714227898,0.00755103843145717,0.00821917808219176,1.0,1.0,True,1
Season,categorical,0.3423220618313034,0.05452353335986454,0.03877014700336704,0.01803652968036528,1.0,1.0,True,2
Activity,categorical,0.16546141439178608,0.010013878469838287,0.005117847044769157,0.005022831050228304,1.0,1.0,True,3
MRT,numeric,0.33427764517134434,0.09560607758284904,0.0690144846377481,0.03789954337899542,1.0,1.0,False,4
RH,numeric,0.325604547468956,0.06897933677305342,0.04840360573864541,0.028310502283105006,1.0,1.0,False,5
Top,numeric,0.34820425437285063,0.0915395416328736,0.06534483816346345,0.037671232876712306,1.0,1.0,False,6
RATemp,numeric,0.35396998660550694,0.05301034994029137,0.03584140555482982,0.023744292237442906,1.0,1.0,False,7
Air Velo,numeric,0.12181591040826834,0.050042559382288035,0.029531381213259926,0.007762557077625565,1.0,1.0,False,8
