Feature,Type,Univariate_Score,Perm_DeltaR2,Perm_DeltaMAE,Perm_DeltaAcc,Combined_Score,Stability_Freq,Selected,Rank
Clothing,categorical,0.39075433617284083,0.002527308689074107,0.004716576174549866,0.00890410958904109,1.0,1.0,True,1
Season,categorical,0.3423220618313034,0.31519536549065175,0.18436116647482773,0.0817351598173516,1.0,1.0,True,2
Activity,categorical,0.16546141439178608,0.003887256092144642,0.0019786864262744414,0.0002283105022831059,1.0,1.0,True,3
MRT,numeric,0.33427764517134434,0.029934115712872904,0.02538751266070814,0.013242009132420088,1.0,1.0,False,4
RH,numeric,0.325604547468956,0.020791323547734636,0.017185519943631572,0.008447488584474893,1.0,1.0,False,5
Top,numeric,0.34820425437285063,0.006719943903645045,0.007479167614361832,0.007305936073059363,1.0,1.0,False,6
RATemp,numeric,0.35396998660550694,0.005935796619967681,0.006178825942447437,0.008904109589041097,1.0,1.0,False,7
Air Velo,numeric,0.12181591040826834,0.026567531840416832,0.018542719599150104,0.014611872146118721,1.0,1.0,False,8
