Feature,Type,Univariate_Score,Perm_DeltaR2,Perm_DeltaMAE,Perm_DeltaAcc,Combined_Score,Stability_Freq,Selected,Rank
Clothing,categorical,0.39075433617284083,0.0,0.0,0.0,1.0,1.0,True,1
Season,categorical,0.3423220618313034,0.012678822544632581,0.008390570974605122,0.002283105022831052,1.0,1.0,True,2
Activity,categorical,0.16546141439178608,0.0,0.0,0.0,1.0,1.0,True,3
MRT,numeric,0.33427764517134434,0.08854253627478034,0.056507826689983,0.01757990867579909,1.0,1.0,False,4
RH,numeric,0.325604547468956,0.04319496374694595,0.0289631251020745,0.006849315068493145,1.0,1.0,False,5
Top,numeric,0.34820425437285063,0.036131169323545,0.02462093882413753,0.0027397260273972638,1.0,1.0,False,6
RATemp,numeric,0.35396998660550694,0.02381580929684366,0.017526834940243843,0.0045662100456621045,1.0,1.0,False,7
Air Velo,numeric,0.12181591040826834,0.05287717268707866,0.03156179568585279,0.005936073059360737,1.0,1.0,False,8
