Feature,Type,Univariate_Score,Perm_DeltaR2,Perm_DeltaMAE,Perm_DeltaAcc,Combined_Score,Stability_Freq,Selected,Rank
MRT,numeric,0.19961525576076694,0.04140401283899943,0.02919861872990926,0.03343826720519521,1.0,1.0,True,1
RH,numeric,0.005344435399548221,0.003164915243784586,0.0018966237703959144,0.013785934901401755,1.0,1.0,True,2
Top,numeric,0.22641087588146216,0.30272057056427004,0.1231715202331543,0.07116496396610437,1.0,1.0,True,3
RATemp,numeric,0.2118439991855703,0.034431298573811844,0.033459385236104325,0.059956838520630405,1.0,1.0,False,4
Air Velo,numeric,0.018771042586310023,0.007620767752329509,0.003908125559488933,0.011245743248594276,1.0,1.0,False,5
