Feature,Type,Univariate_Score,Perm_DeltaR2,Perm_DeltaMAE,Perm_DeltaAcc,Combined_Score,Stability_Freq,Selected,Rank
MRT,numeric,0.19961525576076694,0.053069276699214074,0.038490782878136905,0.05081175259364853,1.0,1.0,True,1
RH,numeric,0.005344435399548221,0.009654946125576862,0.005144929200467748,0.015601488873049824,1.0,1.0,True,2
Top,numeric,0.22641087588146216,0.20580626735054666,0.09559423005898345,0.09186069533539243,1.0,1.0,True,3
RATemp,numeric,0.2118439991855703,0.07001490147113168,0.04806792443121136,0.0566543913835432,1.0,1.0,False,4
Air Velo,numeric,0.018771042586310023,0.020670566414864623,0.01038668231002371,0.012704918032786885,1.0,1.0,False,5
