Feature,Type,Univariate_Score,Perm_DeltaR2,Perm_DeltaMAE,Perm_DeltaAcc,Combined_Score,Stability_Freq,Selected,Rank
MRT,numeric,0.19961525576076694,0.007941002001703978,0.025175259487468626,0.059925160370634355,1.0,1.0,True,1
RH,numeric,0.005344435399548221,0.0,0.00522190340162542,0.022160845806604896,1.0,1.0,True,2
Top,numeric,0.22641087588146216,0.1335687927969301,0.07503666504321171,0.0646511443731686,1.0,1.0,True,3
RATemp,numeric,0.2118439991855703,0.03918560884525109,0.049474227240539695,0.0730280351627465,1.0,1.0,False,4
Air Velo,numeric,0.018771042586310023,0.0008690636250864525,0.0026301799090504042,0.01127346162984082,1.0,1.0,False,5
