Feature,Type,Univariate_Score,Perm_DeltaR2,Perm_DeltaMAE,Perm_DeltaAcc,Combined_Score,Stability_Freq,Selected,Rank
MRT,numeric,0.19961525576076694,0.013833347096185524,0.008284027969213747,0.013423616060822045,1.0,1.0,True,1
RH,numeric,0.005344435399548221,0.0,0.0,0.0,1.0,1.0,True,2
Top,numeric,0.22641087588146216,0.07539566824488741,0.030308185774450446,0.017436841688445382,1.0,1.0,True,3
RATemp,numeric,0.2118439991855703,0.07307967178869898,0.030788906325088693,0.010525065336184353,1.0,1.0,False,4
Air Velo,numeric,0.018771042586310023,0.0,0.0,0.0,1.0,1.0,False,5
