Feature,Type,Univariate_Score,Perm_DeltaR2,Perm_DeltaMAE,Perm_DeltaAcc,Combined_Score,Stability_Freq,Selected,Rank
Clothing,categorical,0.13212140341337114,0.0036984973087312856,0.0021107312217431675,0.00351239071275549,1.0,1.0,True,1
Season,categorical,0.024364923877041998,0.017035148620667476,0.013269659066604132,0.00745903537722193,1.0,1.0,True,2
Activity,categorical,0.003723005400763959,0.0031826407288287747,0.0028936563418879772,0.006153378495744319,1.0,1.0,True,3
MRT,numeric,0.14295464481428105,0.028318206551541315,0.018942595846469814,0.018007787620867348,1.0,1.0,False,4
RH,numeric,0.0034558369527280227,0.010700193146067996,0.009348155355290027,0.01448671182907764,1.0,1.0,False,5
Top,numeric,0.2583906156626027,0.10208798645814592,0.0685713159936163,0.04566035550923514,1.0,1.0,False,6
RATemp,numeric,0.25737310816365094,0.11498924130328367,0.07450931020597948,0.054018296566498744,1.0,1.0,False,7
Air Velo,numeric,0.021045774083030204,0.007815895041635245,0.00646845589235457,0.014270308609808352,1.0,1.0,False,8
