Feature,Type,Univariate_Score,Perm_DeltaR2,Perm_DeltaMAE,Perm_DeltaAcc,Combined_Score,Stability_Freq,Selected,Rank
Clothing,categorical,0.36107642774840565,0.015349812739923191,0.009841041939389741,0.01587301587301587,1.0,1.0,True,1
Season,categorical,0.0,4.4408920985006264e-17,7.401486830834377e-18,0.0,1.0,1.0,True,2
Activity,categorical,0.0,6.661338147750939e-17,0.0,0.0,1.0,1.0,True,3
MRT,numeric,0.041044797892478044,0.022278781165239906,0.010863151889408392,0.014248800295311915,1.0,1.0,False,4
RH,numeric,0.0027651772560393123,0.012304107036329804,0.012373731151061875,0.01269841269841269,1.0,1.0,False,5
Top,numeric,0.06833100609793122,0.04546238884886495,0.030190698423694172,0.039608711701734946,1.0,1.0,False,6
RATemp,numeric,0.018579672702628686,0.014290507724950103,0.012855466107435399,0.014248800295311915,1.0,1.0,False,7
Air Velo,numeric,0.017172946142886843,0.030790693722660235,0.010921771587367513,0.0220376522702104,1.0,1.0,False,8
