Feature,Type,Univariate_Score,Perm_DeltaR2,Perm_DeltaMAE,Perm_DeltaAcc,Combined_Score,Stability_Freq,Selected,Rank
Clothing,categorical,0.36107642774840565,0.0024933695793151853,0.0015103340148925782,0.0,1.0,1.0,True,1
Season,categorical,0.0,0.0,0.0,0.0,1.0,1.0,True,2
Activity,categorical,0.0,0.0,0.0,0.0,1.0,1.0,True,3
MRT,numeric,0.041044797892478044,0.04489762385686239,0.025092367331186933,0.025396825396825397,1.0,1.0,False,4
RH,numeric,0.0027651772560393123,0.02248121500015259,0.008343017101287842,0.025396825396825397,1.0,1.0,False,5
Top,numeric,0.06833100609793122,0.018815096219380698,0.016758207480112714,0.017275747508305652,1.0,1.0,False,6
RATemp,numeric,0.018579672702628686,0.01489841143290202,0.010839132467905679,0.025396825396825397,1.0,1.0,False,7
Air Velo,numeric,0.017172946142886843,0.026025442282358802,0.015056773026784261,0.01746031746031746,1.0,1.0,False,8
