Feature,Type,Univariate_Score,Perm_DeltaR2,Perm_DeltaMAE,Perm_DeltaAcc,Combined_Score,Stability_Freq,Selected,Rank
Clothing,categorical,0.36107642774840565,0.0006882704636706225,5.372447915020414e-05,0.001550387596899224,1.0,1.0,True,1
Season,categorical,0.0,0.0,0.0,0.0,1.0,1.0,True,2
Activity,categorical,0.0,0.0,0.0,0.0,1.0,1.0,True,3
MRT,numeric,0.041044797892478044,0.02376386273438901,0.0190716782113796,0.029752676264304175,1.0,1.0,False,4
RH,numeric,0.0027651772560393123,0.009761424536224136,0.007533253865263467,0.026873385012919897,1.0,1.0,False,5
Top,numeric,0.06833100609793122,0.03408429612859961,0.02259484260408541,0.018789221114802513,1.0,1.0,False,6
RATemp,numeric,0.018579672702628686,0.01707454495526855,0.0146415856563489,0.036323366555924705,1.0,1.0,False,7
Air Velo,numeric,0.017172946142886843,0.019045403633260245,0.007864033093468963,0.0174234034699151,1.0,1.0,False,8
