Feature,Type,Univariate_Score,Perm_DeltaR2,Perm_DeltaMAE,Perm_DeltaAcc,Combined_Score,Stability_Freq,Selected,Rank
Clothing,categorical,0.13212140341337114,0.0053212523460388185,0.004552368323008219,0.00395026344739737,1.0,1.0,True,1
Season,categorical,0.024364923877041998,0.006912195682525634,0.003127876917521159,0.0006586184934282904,1.0,1.0,True,2
Activity,categorical,0.003723005400763959,0.0011852145195007326,0.001082642873128255,0.0013179607434427698,1.0,1.0,True,3
MRT,numeric,0.14295464481428105,0.021431175867716472,0.014907006422678629,0.009450813502402868,1.0,1.0,False,4
RH,numeric,0.0034558369527280227,0.0033504764238993325,0.0021201173464457197,0.003733136471541894,1.0,1.0,False,5
Top,numeric,0.2583906156626027,0.1406144857406616,0.08731081088383993,0.041969920676278166,1.0,1.0,False,6
RATemp,numeric,0.25737310816365094,0.08244415918986002,0.058475518226623543,0.03053746164090093,1.0,1.0,False,7
Air Velo,numeric,0.021045774083030204,0.008523170153299968,0.005781312783559164,0.006371229228185967,1.0,1.0,False,8
