Feature,Type,Univariate_Score,Perm_DeltaR2,Perm_DeltaMAE,Perm_DeltaAcc,Combined_Score,Stability_Freq,Selected,Rank
Clothing,categorical,0.13212140341337114,0.016929982272080424,0.015524940455185123,0.019752040993573042,1.0,1.0,True,1
Season,categorical,0.024364923877041998,0.030502342542731386,0.01720304081670138,0.00548752243645418,1.0,1.0,True,2
Activity,categorical,0.003723005400763959,0.0016807230704956344,0.0026595305237703034,0.0070189913728214955,1.0,1.0,True,3
MRT,numeric,0.14295464481428105,0.0033113383790082706,0.0016397254483453195,0.0039589485264315905,1.0,1.0,False,4
RH,numeric,0.0034558369527280227,0.002340717314910442,0.005558827881945667,0.005486798679867988,1.0,1.0,False,5
Top,numeric,0.2583906156626027,0.09318388712132317,0.06246284880092614,0.04019888830988362,1.0,1.0,False,6
RATemp,numeric,0.25737310816365094,0.0938462828313545,0.05914993091010443,0.038220137803254006,1.0,1.0,False,7
Air Velo,numeric,0.021045774083030204,0.002226728985683124,0.0019209333197480825,0.006368334201841237,1.0,1.0,False,8
