Feature,Type,Univariate_Score,Perm_DeltaR2,Perm_DeltaMAE,Perm_DeltaAcc,Combined_Score,Stability_Freq,Selected,Rank
Clothing,categorical,0.39075433617284083,0.007543490671796729,0.007525498462076945,0.007990867579908665,1.0,1.0,True,1
Season,categorical,0.3423220618313034,0.06379421002954609,0.04177654689825151,0.023287671232876703,1.0,1.0,True,2
Activity,categorical,0.16546141439178608,0.010392318060135528,0.00568922218387804,0.0041095890410958805,1.0,1.0,True,3
MRT,numeric,0.33427764517134434,0.09305319469235016,0.06901351400750345,0.03767123287671231,1.0,1.0,False,4
RH,numeric,0.325604547468956,0.06686758766143815,0.04571572711344503,0.03150684931506847,1.0,1.0,False,5
Top,numeric,0.34820425437285063,0.09113174175294358,0.06466321307945377,0.032648401826484,1.0,1.0,False,6
RATemp,numeric,0.35396998660550694,0.05618040699180259,0.03887501146420215,0.02899543378995432,1.0,1.0,False,7
Air Velo,numeric,0.12181591040826834,0.053492095538857656,0.03131378328315636,0.007534246575342454,1.0,1.0,False,8
