Feature,Type,Univariate_Score,Perm_DeltaR2,Perm_DeltaMAE,Perm_DeltaAcc,Combined_Score,Stability_Freq,Selected,Rank
Clothing,categorical,0.39075433617284083,0.0056403120358785,0.00683743953704834,0.010730593607305935,1.0,1.0,True,1
Season,categorical,0.3423220618313034,0.03496720393498739,0.02391554117202759,0.021917808219178086,1.0,1.0,True,2
Activity,categorical,0.16546141439178608,0.0004941304524739583,0.0002513885498046875,0.0022831050228310596,1.0,1.0,True,3
MRT,numeric,0.33427764517134434,0.2544567584991455,0.1574702024459839,0.07465753424657533,1.0,1.0,False,4
RH,numeric,0.325604547468956,0.048905090490976966,0.0336227297782898,0.03082191780821917,1.0,1.0,False,5
Top,numeric,0.34820425437285063,0.04093666871388753,0.03099401791890462,0.024200913242009132,1.0,1.0,False,6
RATemp,numeric,0.35396998660550694,0.06898675362269083,0.045328164100646974,0.023515981735159813,1.0,1.0,False,7
Air Velo,numeric,0.12181591040826834,0.02604348659515381,0.015312345822652182,0.011415525114155252,1.0,1.0,False,8
