Feature,Type,Univariate_Score,Perm_DeltaR2,Perm_DeltaMAE,Perm_DeltaAcc,Combined_Score,Stability_Freq,Selected,Rank
Clothing,categorical,0.39075433617284083,0.0033939130373357015,0.006096787002539121,0.008675799086757993,1.0,1.0,True,1
Season,categorical,0.3423220618313034,0.3062341154761658,0.1790104036024728,0.07465753424657534,1.0,1.0,True,2
Activity,categorical,0.16546141439178608,0.004509391124218309,0.002747567812774173,0.0011415525114155261,1.0,1.0,True,3
MRT,numeric,0.33427764517134434,0.024948596402754458,0.02068549042668995,0.007077625570776255,1.0,1.0,False,4
RH,numeric,0.325604547468956,0.018137313524172007,0.017031876202451265,0.008904109589041094,1.0,1.0,False,5
Top,numeric,0.34820425437285063,0.007233036663790507,0.007643201988342436,0.0075342465753424695,1.0,1.0,False,6
RATemp,numeric,0.35396998660550694,0.011142315083610677,0.009455020153131679,0.009817351598173518,1.0,1.0,False,7
Air Velo,numeric,0.12181591040826834,0.023249609655235308,0.015044760175918387,0.00958904109589041,1.0,1.0,False,8
