Feature,Type,Univariate_Score,Perm_DeltaR2,Perm_DeltaMAE,Perm_DeltaAcc,Combined_Score,Stability_Freq,Selected,Rank
Clothing,categorical,0.39075433617284083,0.0,0.0,0.0,1.0,1.0,True,1
Season,categorical,0.3423220618313034,0.01207266531807627,0.008022920340549182,0.0027397260273972672,1.0,1.0,True,2
Activity,categorical,0.16546141439178608,0.0,0.0,0.0,1.0,1.0,True,3
MRT,numeric,0.33427764517134434,0.08445304896133189,0.05249983046749109,0.008447488584474886,1.0,1.0,False,4
RH,numeric,0.325604547468956,0.03913426608541208,0.027452836172426175,0.011187214611872155,1.0,1.0,False,5
Top,numeric,0.34820425437285063,0.03592740432920219,0.023799915478866167,0.004566210045662104,1.0,1.0,False,6
RATemp,numeric,0.35396998660550694,0.02514941153630442,0.01760222167924197,0.004109589041095892,1.0,1.0,False,7
Air Velo,numeric,0.12181591040826834,0.057919861446866894,0.03325554059738428,0.005936073059360736,1.0,1.0,False,8
