Feature,Type,Univariate_Score,Perm_DeltaR2,Perm_DeltaMAE,Perm_DeltaAcc,Combined_Score,Stability_Freq,Selected,Rank
MRT,numeric,0.19961525576076694,0.04575339555740356,0.03240009943644205,0.030153639027480788,1.0,1.0,True,1
RH,numeric,0.005344435399548221,0.01244397560755412,0.007473532358805339,0.014162112932604724,1.0,1.0,True,2
Top,numeric,0.22641087588146216,0.28664509057998655,0.11995854775110878,0.0849726775956284,1.0,1.0,True,3
RATemp,numeric,0.2118439991855703,0.036700824896494545,0.0328403910001119,0.049758454106280194,1.0,1.0,False,4
Air Velo,numeric,0.018771042586310023,0.017644286155700684,0.009341744581858316,0.01344143502019482,1.0,1.0,False,5
