Feature,Type,Univariate_Score,Perm_DeltaR2,Perm_DeltaMAE,Perm_DeltaAcc,Combined_Score,Stability_Freq,Selected,Rank
MRT,numeric,0.19961525576076694,0.012373718780319565,0.007603414122576961,0.009444048467569495,1.0,1.0,True,1
RH,numeric,0.005344435399548221,0.0,0.0,0.0,1.0,1.0,True,2
Top,numeric,0.22641087588146216,0.07962341360806106,0.03490452407305626,0.021824265462896963,1.0,1.0,True,3
RATemp,numeric,0.2118439991855703,0.07549026260429217,0.031872736513684316,0.02143620812544547,1.0,1.0,False,4
Air Velo,numeric,0.018771042586310023,0.0,0.0,0.0,1.0,1.0,False,5
