Feature,Type,Univariate_Score,Perm_DeltaR2,Perm_DeltaMAE,Perm_DeltaAcc,Combined_Score,Stability_Freq,Selected,Rank
MRT,numeric,0.19961525576076694,0.04034708516329884,0.03241101210171472,0.03956204957630475,1.0,1.0,True,1
RH,numeric,0.005344435399548221,0.01119573781161085,0.006280415146408573,0.019612734616298408,1.0,1.0,True,2
Top,numeric,0.22641087588146216,0.2089336456203777,0.09381281340846895,0.08243644571157047,1.0,1.0,True,3
RATemp,numeric,0.2118439991855703,0.0771217399288111,0.05125080953611992,0.06319394947335076,1.0,1.0,False,4
Air Velo,numeric,0.018771042586310023,0.022515307527403473,0.012262981089147213,0.009073810089490776,1.0,1.0,False,5
