Feature,Type,Univariate_Score,Perm_DeltaR2,Perm_DeltaMAE,Perm_DeltaAcc,Combined_Score,Stability_Freq,Selected,Rank
MRT,numeric,0.19961525576076694,0.005677171083199154,0.024489171173036145,0.053001504712124815,1.0,1.0,True,1
RH,numeric,0.005344435399548221,0.0,0.004255836817262782,0.019971093688128612,1.0,1.0,True,2
Top,numeric,0.22641087588146216,0.15882743280848022,0.08529918328624417,0.07517027005622871,1.0,1.0,True,3
RATemp,numeric,0.2118439991855703,0.03407562370099619,0.04615939464287317,0.07451096855943613,1.0,1.0,False,4
Air Velo,numeric,0.018771042586310023,0.001706957545504791,0.0030806965303728693,0.011261582323592315,1.0,1.0,False,5
