Feature,Type,Univariate_Score,Perm_DeltaR2,Perm_DeltaMAE,Perm_DeltaAcc,Combined_Score,Stability_Freq,Selected,Rank
Clothing,categorical,0.36107642774840565,0.006315088272094727,0.0026386737823486327,0.0015873015873015856,1.0,1.0,True,1
Season,categorical,0.0,0.0,0.0,0.0,1.0,1.0,True,2
Activity,categorical,0.0,0.0,0.0,0.0,1.0,1.0,True,3
MRT,numeric,0.041044797892478044,0.044413026173909506,0.021950956185658774,0.0253968253968254,1.0,1.0,False,4
RH,numeric,0.0027651772560393123,0.017428859074910482,0.006156559785207113,0.017460317460317468,1.0,1.0,False,5
Top,numeric,0.06833100609793122,0.03500257333119711,0.02111676534016927,0.01734957548911038,1.0,1.0,False,6
RATemp,numeric,0.018579672702628686,0.017412126064300537,0.011340864499409995,0.019047619047619046,1.0,1.0,False,7
Air Velo,numeric,0.017172946142886843,0.02419624328613281,0.01541406313578288,0.020561092654115903,1.0,1.0,False,8
