Feature,Type,Univariate_Score,Perm_DeltaR2,Perm_DeltaMAE,Perm_DeltaAcc,Combined_Score,Stability_Freq,Selected,Rank
Clothing,categorical,0.36107642774840565,0.001681446860980625,0.0007716099726415478,0.0031746031746031746,1.0,1.0,True,1
Season,categorical,0.0,0.0,0.0,0.0,1.0,1.0,True,2
Activity,categorical,0.0,0.0,0.0,0.0,1.0,1.0,True,3
MRT,numeric,0.041044797892478044,0.037313488103683894,0.026677278353632133,0.04090070136581765,1.0,1.0,False,4
RH,numeric,0.0027651772560393123,0.014774092673348874,0.009429164655246784,0.02857142857142858,1.0,1.0,False,5
Top,numeric,0.06833100609793122,0.026650990672463744,0.017538639887821915,0.02672572905131045,1.0,1.0,False,6
RATemp,numeric,0.018579672702628686,0.01908496314033496,0.015577611716451107,0.026762643041712803,1.0,1.0,False,7
Air Velo,numeric,0.017172946142886843,0.007765955029723955,0.004666825531649136,0.023809523809523815,1.0,1.0,False,8
