Feature,Type,Univariate_Score,Perm_DeltaR2,Perm_DeltaMAE,Perm_DeltaAcc,Combined_Score,Stability_Freq,Selected,Rank
Clothing,categorical,0.36107642774840565,0.02151173281182918,0.012757918202272447,0.01587301587301587,1.0,1.0,True,1
Season,categorical,0.0,8.141635513917814e-17,0.0,0.0,1.0,1.0,True,2
Activity,categorical,0.0,8.141635513917815e-17,0.0,0.0,1.0,1.0,True,3
MRT,numeric,0.041044797892478044,0.034989829290916034,0.014765523141098424,0.017423403469915083,1.0,1.0,False,4
RH,numeric,0.0027651772560393123,0.019510920823643422,0.012023354083106308,0.009523809523809516,1.0,1.0,False,5
Top,numeric,0.06833100609793122,0.047524703999166924,0.03343972450069034,0.025286083425618305,1.0,1.0,False,6
RATemp,numeric,0.018579672702628686,0.018116984001279427,0.015793777045762954,0.01897379106681431,1.0,1.0,False,7
Air Velo,numeric,0.017172946142886843,0.04007251327079058,0.011344310386154586,0.010963455149501655,1.0,1.0,False,8
