Feature,Type,Univariate_Score,Perm_DeltaR2,Perm_DeltaMAE,Perm_DeltaAcc,Combined_Score,Stability_Freq,Selected,Rank
Clothing,categorical,0.13212140341337114,0.021504602312000916,0.016974125992088245,0.017775461756701985,1.0,1.0,True,1
Season,categorical,0.024364923877041998,0.023735269134184098,0.015253193109612453,0.00680765444965549,1.0,1.0,True,2
Activity,categorical,0.003723005400763959,0.0022464623596090286,0.0032728984912315197,0.006585461177696724,1.0,1.0,True,3
MRT,numeric,0.14295464481428105,0.0030882958743615315,0.0023077457887569876,0.007037085287476115,1.0,1.0,False,4
RH,numeric,0.0034558369527280227,0.0018564370693420946,0.003987495466262218,0.0026351977302993433,1.0,1.0,False,5
Top,numeric,0.2583906156626027,0.09175990962706815,0.05995632004932411,0.044159284349487585,1.0,1.0,False,6
RATemp,numeric,0.25737310816365094,0.0691858067735329,0.04417052720956174,0.02372618840831451,1.0,1.0,False,7
Air Velo,numeric,0.021045774083030204,0.0028082067981407407,0.0018849220784640315,0.00483614150888773,1.0,1.0,False,8
