Feature,Type,Univariate_Score,Perm_DeltaR2,Perm_DeltaMAE,Perm_DeltaAcc,Combined_Score,Stability_Freq,Selected,Rank
Clothing,categorical,0.13212140341337114,0.003925176254975127,0.0020201001718806863,0.004828903943025883,1.0,1.0,True,1
Season,categorical,0.024364923877041998,0.016200411965866187,0.01362487927960423,0.009877829888251975,1.0,1.0,True,2
Activity,categorical,0.003723005400763959,0.003906500331685914,0.003155521922063631,0.006817063285275901,1.0,1.0,True,3
MRT,numeric,0.14295464481428105,0.022481813511948504,0.01517598135865739,0.01844421284233686,1.0,1.0,False,4
RH,numeric,0.0034558369527280227,0.012791765648414333,0.00959253061603768,0.011197961901453314,1.0,1.0,False,5
Top,numeric,0.2583906156626027,0.09387658170411642,0.06369929961583018,0.04172746221990621,1.0,1.0,False,6
RATemp,numeric,0.25737310816365094,0.12587054348387167,0.0792624283187696,0.0441346766255573,1.0,1.0,False,7
Air Velo,numeric,0.021045774083030204,0.01052414837671094,0.00816693901984679,0.012956690405882687,1.0,1.0,False,8
