Feature,Type,Univariate_Score,Perm_DeltaR2,Perm_DeltaMAE,Perm_DeltaAcc,Combined_Score,Stability_Freq,Selected,Rank
Clothing,categorical,0.13212140341337114,0.007687389850616455,0.006114987532297771,0.007904145677725663,1.0,1.0,True,1
Season,categorical,0.024364923877041998,0.007971314589182536,0.003641843795776367,0.0006586184934282904,1.0,1.0,True,2
Activity,categorical,0.003723005400763959,0.0011559446652730306,0.0010036468505859376,0.0017572809912570187,1.0,1.0,True,3
MRT,numeric,0.14295464481428105,0.02104705174763997,0.016278159618377686,0.010550199756817777,1.0,1.0,False,4
RH,numeric,0.0034558369527280227,0.005734086036682129,0.004261775811513265,0.006592698743558572,1.0,1.0,False,5
Top,numeric,0.2583906156626027,0.13506057262420654,0.08435848156611124,0.04479474263215795,1.0,1.0,False,6
RATemp,numeric,0.25737310816365094,0.08648809989293417,0.05982377926508585,0.032293295118985585,1.0,1.0,False,7
Air Velo,numeric,0.021045774083030204,0.010260244210561117,0.008719289302825927,0.011860922934398698,1.0,1.0,False,8
