Feature,Type,Univariate_Score,Perm_DeltaR2,Perm_DeltaMAE,Perm_DeltaAcc,Combined_Score,Stability_Freq,Selected,Rank
Clothing,categorical,0.39075433617284083,0.0040608445803324384,0.005852262179056804,0.012328767123287673,1.0,1.0,True,1
Season,categorical,0.3423220618313034,0.033605519930521646,0.020619150002797442,0.012557077625570772,1.0,1.0,True,2
Activity,categorical,0.16546141439178608,0.0007983525594075522,0.0006719231605529785,0.002968036529680366,1.0,1.0,True,3
MRT,numeric,0.33427764517134434,0.257949968179067,0.16192499399185178,0.08493150684931507,1.0,1.0,False,4
RH,numeric,0.325604547468956,0.05322650273640951,0.03764405250549317,0.023515981735159813,1.0,1.0,False,5
Top,numeric,0.34820425437285063,0.04426453908284505,0.03319105307261149,0.018949771689497717,1.0,1.0,False,6
RATemp,numeric,0.35396998660550694,0.06331408023834227,0.04179536501566569,0.02191780821917808,1.0,1.0,False,7
Air Velo,numeric,0.12181591040826834,0.023017966747283933,0.01540080706278483,0.009817351598173507,1.0,1.0,False,8
