Feature,Type,Univariate_Score,Perm_DeltaR2,Perm_DeltaMAE,Perm_DeltaAcc,Combined_Score,Stability_Freq,Selected,Rank
Clothing,categorical,0.39075433617284083,0.002617696089966685,0.0034122863231855092,0.011415525114155249,1.0,1.0,True,1
Season,categorical,0.3423220618313034,0.29698595179146076,0.17779326740710283,0.0863013698630137,1.0,1.0,True,2
Activity,categorical,0.16546141439178608,0.002620757650221658,0.0016777114638583334,0.0009132420091324201,1.0,1.0,True,3
MRT,numeric,0.33427764517134434,0.032426999560891345,0.028601143323028433,0.01278538812785388,1.0,1.0,False,4
RH,numeric,0.325604547468956,0.01974637580835495,0.018237178221275456,0.011643835616438353,1.0,1.0,False,5
Top,numeric,0.34820425437285063,0.00873159439721478,0.008297642177417072,0.0091324200913242,1.0,1.0,False,6
RATemp,numeric,0.35396998660550694,0.004867116669440663,0.007350827489709544,0.011415525114155256,1.0,1.0,False,7
Air Velo,numeric,0.12181591040826834,0.021036330812056615,0.015740917475924942,0.010730593607305935,1.0,1.0,False,8
