RMSE,MAE,R2,Accuracy,Residual_STD,MBE
0.8738356620082637,0.6895475596231861,0.4773043760779693,0.44726027397260276,0.873713340200052,0.014620648203429659
