Feature,Type,Univariate_Score,Perm_DeltaR2,Perm_DeltaMAE,Perm_DeltaAcc,Combined_Score,Stability_Freq,Selected,Rank
Clothing,categorical,0.39075433617284083,0.0,0.0,0.0,1.0,1.0,True,1
Season,categorical,0.3423220618313034,0.011780442166184377,0.008007783082431188,0.002283105022831052,1.0,1.0,True,2
Activity,categorical,0.16546141439178608,0.0,0.0,0.0,1.0,1.0,True,3
MRT,numeric,0.33427764517134434,0.08137357063614314,0.050207675971810396,0.009817351598173518,1.0,1.0,False,4
RH,numeric,0.325604547468956,0.04144686148644695,0.027575340309421603,0.005479452054794524,1.0,1.0,False,5
Top,numeric,0.34820425437285063,0.032710821808598245,0.02225307157557456,0.005251141552511414,1.0,1.0,False,6
RATemp,numeric,0.35396998660550694,0.026446941249561307,0.01870475360610388,0.0036529680365296876,1.0,1.0,False,7
Air Velo,numeric,0.12181591040826834,0.05464424793820044,0.032234208298392464,0.007762557077625569,1.0,1.0,False,8
