Feature,Type,Univariate_Score,Perm_DeltaR2,Perm_DeltaMAE,Perm_DeltaAcc,Combined_Score,Stability_Freq,Selected,Rank
Clothing,categorical,0.39075433617284083,0.012561973626036903,0.009364142665691678,0.009360730593607288,1.0,1.0,True,1
Season,categorical,0.3423220618313034,0.059986969508271114,0.041122553052686174,0.019178082191780813,1.0,1.0,True,2
Activity,categorical,0.16546141439178608,0.009692848768735662,0.0056904855532972165,0.0034246575342465704,1.0,1.0,True,3
MRT,numeric,0.33427764517134434,0.09236053255154951,0.06582914300310709,0.029680365296803634,1.0,1.0,False,4
RH,numeric,0.325604547468956,0.06768798272918126,0.045869958142200185,0.02831050228310501,1.0,1.0,False,5
Top,numeric,0.34820425437285063,0.09462365209837231,0.0655999435928766,0.03630136986301368,1.0,1.0,False,6
RATemp,numeric,0.35396998660550694,0.05475382419543251,0.0357321256962196,0.023972602739726012,1.0,1.0,False,7
Air Velo,numeric,0.12181591040826834,0.054009757251217594,0.03132701216078272,0.009132420091324197,1.0,1.0,False,8
