RMSE,MAE,R2,Accuracy,Residual_STD,MBE,Accuracy_exact,F1_macro,Kappa,Kappa_quadratic,Kendall_tau_b,Train_Accuracy,Avg_Num_Features
0.8441009208214043,0.6732659926886909,0.0682724743445825,0.43028322440087147,0.8441009208214043,1.2093932730121532e-17,0.43028322440087147,0.1912824589605759,0.060914569384868944,0.33313057661685574,0.26404068614541276,0.43345806604894277,7.0
