Feature,Type,Univariate_Score,Perm_DeltaR2,Perm_DeltaMAE,Perm_DeltaAcc,Combined_Score,Stability_Freq,Selected,Rank
Top,numeric,0.22641087588146216,0.6560973035726388,0.23385722607231507,0.13185633958976795,1.0,1.0,True,1
MRT,numeric,0.19961525576076694,0.2653604519779252,0.131967323347905,0.10169280114041339,0.5917099772576696,1.0,True,2
RATemp,numeric,0.2118439991855703,0.12435943763774242,0.04983728831751803,0.012710857685911126,0.48689402851525976,1.0,True,3
Air Velo,numeric,0.018771042586310023,0.06470106253513688,0.030397789949882757,0.021463926506691988,0.0928677733468588,1.0,True,4
RH,numeric,0.005344435399548221,0.06789871336437955,0.034918967559577865,0.03125445473984316,0.07407562320793684,1.0,True,5
Season,categorical,0.0,0.0,0.0,0.0,0.0,1.0,True,6
