Feature,Type,Univariate_Score,Perm_DeltaR2,Perm_DeltaMAE,Perm_DeltaAcc,Combined_Score,Stability_Freq,Selected,Rank
Top,numeric,0.22641087588146216,0.18044982239925172,0.08243867941649825,0.06643897996357014,1.0,1.0,True,1
RATemp,numeric,0.2118439991855703,0.055295102165122054,0.04194194600527497,0.05407658192761544,0.5810542802883071,1.0,True,2
MRT,numeric,0.19961525576076694,0.03883416183890852,0.03295067202504845,0.03665557931416806,0.48235636431316664,1.0,True,3
Air Velo,numeric,0.018771042586310023,0.012998041867777154,0.006366742985040363,0.008705551595786804,0.07946182459179343,1.0,True,4
RH,numeric,0.005344435399548221,0.015609605356357626,0.00805791031362173,0.02323592302209551,0.061953397181303674,1.0,True,5
Season,categorical,0.0,0.0,0.0,0.0,0.0,1.0,True,6
