Feature,Type,Univariate_Score,Perm_DeltaR2,Perm_DeltaMAE,Perm_DeltaAcc,Combined_Score,Stability_Freq,Selected,Rank
Top,numeric,0.22641087588146216,0.0691490972201928,0.029894340986539102,0.01888215728201473,0.9367386770074566,1.0,True,1
RATemp,numeric,0.2118439991855703,0.06924653171006485,0.03080283018115368,0.02215292626910588,0.9057244701411158,1.0,True,2
MRT,numeric,0.19961525576076694,0.013079015511802319,0.00787102425297279,0.01017660568622792,0.4548058899936758,1.0,True,3
Air Velo,numeric,0.018771042586310023,0.0,0.0,0.0,0.033303350964203296,1.0,True,4
RH,numeric,0.005344435399548221,0.0,0.0,0.0,0.009446558707701034,1.0,True,5
Season,categorical,0.0,0.0,0.0,0.0,0.0,1.0,True,6
