Feature,Type,Univariate_Score,Perm_DeltaR2,Perm_DeltaMAE,Perm_DeltaAcc,Combined_Score,Stability_Freq,Selected,Rank
Top,numeric,0.22645937918924441,0.7897651964330235,0.27376484274425245,0.1565831155460521,1.0,1.0,True,1
MRT,numeric,0.19977756140289807,0.2773917872169712,0.13525477256157734,0.10754137958343231,0.5851914541944995,1.0,True,2
RATemp,numeric,0.21197890762968194,0.17081301319251962,0.06532201309370107,0.02865882632454263,0.4934734789624639,1.0,True,3
Air Velo,numeric,0.01871604152641427,0.10280389482487869,0.03716120782229822,0.01961075473192363,0.10571072163556461,1.0,True,4
RH,numeric,0.005305869090038181,0.0559878767739149,0.028061589221953842,0.02361408093767323,0.048350498724554276,1.0,True,5
Season,categorical,0.0,0.0,0.0,0.0,0.0,1.0,True,6
