Feature,Type,Univariate_Score,Perm_DeltaR2,Perm_DeltaMAE,Perm_DeltaAcc,Combined_Score,Stability_Freq,Selected,Rank
Top,numeric,0.22645937918924441,0.07717801454438077,0.032683159287092714,0.027601568068424807,0.9509188241757297,1.0,True,1
RATemp,numeric,0.21197890762968194,0.0757557609360548,0.032597794493391626,0.035249861408093774,0.9174951736060946,1.0,True,2
MRT,numeric,0.19977756140289807,0.011357342727753602,0.007006222358608009,0.015611388294923579,0.434220935078432,1.0,True,3
Air Velo,numeric,0.01871604152641427,0.0,0.0,0.0,0.033335621886736534,1.0,True,4
RH,numeric,0.005305869090038181,0.0,0.0,0.0,0.00955131436402698,1.0,True,5
Season,categorical,0.0,0.0,0.0,0.0,0.0,1.0,True,6
