Feature,Type,Univariate_Score,Perm_DeltaR2,Perm_DeltaMAE,Perm_DeltaAcc,Combined_Score,Stability_Freq,Selected,Rank
Top,numeric,0.22641087588146216,0.13396891876569544,0.07588986317013366,0.063176130513978,1.0,1.0,True,1
RATemp,numeric,0.2118439991855703,0.037303560237523306,0.048120871807693526,0.0762592064623426,0.562886854349607,1.0,True,2
MRT,numeric,0.19961525576076694,0.006388699477852433,0.023144777911936254,0.049398115150075236,0.37032116708570095,1.0,True,3
Air Velo,numeric,0.018771042586310023,0.0,0.0007895935443900919,0.0072721153084659915,0.024351529601379686,1.0,True,4
RH,numeric,0.005344435399548221,0.0,0.0034687896265801267,0.019246456006969198,0.0,1.0,True,5
