RMSE,MAE,R2,Accuracy,Residual_STD,MBE,Train_Accuracy,Avg_Num_Features
0.8279666133672876,0.622797388392179,0.10355050398706778,0.5206971677559913,0.8279666127051669,3.311234648966496e-05,0.5218816821097648,7.0
