Feature,Type,Univariate_Score,Perm_DeltaR2,Perm_DeltaMAE,Perm_DeltaAcc,Combined_Score,Stability_Freq,Selected,Rank
Top,numeric,0.22645937918924441,0.21090967957748408,0.09647254271145403,0.07955373406193078,1.0,1.0,True,1
RATemp,numeric,0.21197890762968194,0.0717132711560077,0.04752932269500883,0.05589609566801299,0.605703282458682,1.0,True,2
MRT,numeric,0.19977756140289807,0.03807446804416033,0.03077006063645891,0.03448364615506454,0.4668528429271001,1.0,True,3
Air Velo,numeric,0.01871604152641427,0.018866841026941233,0.009078214624117923,0.005460521105567433,0.1007811674545398,1.0,True,4
RH,numeric,0.005305869090038181,0.014609539892579782,0.009067563297794798,0.02109962778173755,0.04424286116996578,1.0,True,5
Season,categorical,0.0,0.0,0.0,0.0,0.0,1.0,True,6
