Feature,Type,Univariate_Score,Perm_DeltaR2,Perm_DeltaMAE,Perm_DeltaAcc,Combined_Score,Stability_Freq,Selected,Rank
Top,numeric,0.22645937918924441,0.24652405579884845,0.10790063937505086,0.08647540983606558,1.0,1.0,True,1
RATemp,numeric,0.21197890762968194,0.09982992013295491,0.05976790984471638,0.08429555713946306,0.6457158332344963,1.0,True,2
MRT,numeric,0.19977756140289807,0.028037007649739588,0.02338213125864665,0.03603983527362002,0.40947179565695635,1.0,True,3
Air Velo,numeric,0.01871604152641427,0.01620086431503296,0.008150585492451987,0.013817613051397809,0.07324077506340462,1.0,True,4
RH,numeric,0.005305869090038181,0.00989612340927124,0.007230023543039958,0.01927417438821574,0.03332694474297112,1.0,True,5
Season,categorical,0.0,0.0,0.0,0.0,0.0,1.0,True,6
