Feature,Type,Univariate_Score,Perm_DeltaR2,Perm_DeltaMAE,Perm_DeltaAcc,Combined_Score,Stability_Freq,Selected,Rank
Top,numeric,0.22641087588146216,0.529995162231575,0.19651884624236277,0.11656767244792905,1.0,1.0,True,1
MRT,numeric,0.19961525576076694,0.10665919682972254,0.037925501875548925,0.013077136295240354,0.46961059041218733,1.0,True,2
RATemp,numeric,0.2118439991855703,0.05505084445722036,0.044600928165716126,0.06465708402629286,0.43997599379821944,1.0,True,3
Air Velo,numeric,0.018771042586310023,0.004431306811962354,0.0035671148801420006,0.0025362318840579674,0.028744312088803868,1.0,True,4
RH,numeric,0.005344435399548221,0.009983598645305507,0.010801815377659207,0.02502177872812227,0.011738057797470558,1.0,True,5
