Feature,Type,Univariate_Score,Perm_DeltaR2,Perm_DeltaMAE,Perm_DeltaAcc,Combined_Score,Stability_Freq,Selected,Rank
Top,numeric,0.22641087588146216,0.07243324664121514,0.03140528210980524,0.024332778965708395,0.9500766858751735,1.0,True,1
RATemp,numeric,0.2118439991855703,0.07258169812526329,0.032914739721102905,0.025085135028114353,0.9255373735196402,1.0,True,2
MRT,numeric,0.19961525576076694,0.012349308208106959,0.0076158311064651475,0.01090124336738734,0.4464267934350491,1.0,True,3
Air Velo,numeric,0.018771042586310023,0.0,0.0,0.0,0.024351529601379686,1.0,True,4
RH,numeric,0.005344435399548221,0.0,0.0,0.0,0.0,1.0,True,5
