RMSE,MAE,R2,Accuracy,Residual_STD,MBE,Train_Accuracy,Avg_Num_Features
0.8334542081460248,0.6657387234729283,0.0916281541573476,0.4324618736383442,0.8334542081460248,1.8382777749784727e-17,0.4389344262295082,7.0
