Feature,Type,Univariate_Score,Perm_DeltaR2,Perm_DeltaMAE,Perm_DeltaAcc,Combined_Score,Stability_Freq,Selected,Rank
RATemp,numeric,0.21197890762968194,0.07140840158451667,0.03106300032771468,0.02178466777540192,0.9041140356070253,1.0,True,1
Top,numeric,0.22645937918924441,0.06828474417866176,0.02802025115406152,0.022891423140888576,0.8994843814968597,1.0,True,2
MRT,numeric,0.19977756140289807,0.012840338187531103,0.0076727910814664195,0.018161479369604824,0.45132659324935576,1.0,True,3
Air Velo,numeric,0.01871604152641427,0.0,0.0,0.0,0.033335621886736534,1.0,True,4
RH,numeric,0.005305869090038181,0.0,0.0,0.0,0.00955131436402698,1.0,True,5
Season,categorical,0.0,0.0,0.0,0.0,0.0,1.0,True,6
