Feature,Type,Univariate_Score,Perm_DeltaR2,Perm_DeltaMAE,Perm_DeltaAcc,Combined_Score,Stability_Freq,Selected,Rank
Top,numeric,0.22641087588146216,0.07539987726401012,0.03242418284419467,0.01634988516670626,0.966363539676383,1.0,True,1
RATemp,numeric,0.2118439991855703,0.07280816887360193,0.030636332086822777,0.025063356299992085,0.9206623784506413,1.0,True,2
MRT,numeric,0.19961525576076694,0.01341712877778356,0.007969354389039859,0.012695018610913118,0.4500335727878591,1.0,True,3
Air Velo,numeric,0.018771042586310023,0.0,0.0,0.0,0.024351529601379686,1.0,True,4
RH,numeric,0.005344435399548221,0.0,0.0,0.0,0.0,1.0,True,5
