feature,importance
catboost,0.3816265664271232
elasticnet,0.0641770176961872
xgboost,0.05754157786116984
extratrees,0.05542152057318272
