RMSE,MAE,R2,Accuracy,Residual_STD,MBE
0.7611697611926608,0.629510176803673,0.24235941369983738,0.4564270152505447,0.7564565919563226,0.0845744041653137
