RMSE,MAE,R2,Accuracy,Residual_STD,MBE,Train_Accuracy,Avg_Num_Features
0.8279666133672866,0.6227973883921779,0.10355050398706989,0.5206971677559913,0.827966612705166,3.3112346489717205e-05,0.5218816821097648,7.0
