Feature,Type,Univariate_Score,Perm_DeltaR2,Perm_DeltaMAE,Perm_DeltaAcc,Combined_Score,Stability_Freq,Selected,Rank
Top,numeric,0.22645937918924441,0.7906540472625483,0.2725103683172154,0.14898035954700245,1.0,1.0,True,1
MRT,numeric,0.19977756140289807,0.25238393620912986,0.1251551483386534,0.0998831868218896,0.5810935457945224,1.0,True,2
RATemp,numeric,0.21197890762968194,0.18299611137575608,0.06384450939736012,0.024681238615664826,0.4965183688084228,1.0,True,3
Air Velo,numeric,0.01871604152641427,0.08774486322227851,0.03089232824765898,0.01489862992001265,0.09035548707257605,1.0,True,4
RH,numeric,0.005305869090038181,0.034966248952923676,0.020515770158739444,0.019232596816345916,0.038455883169617074,1.0,True,5
Season,categorical,0.0,0.0,0.0,0.0,0.0,1.0,True,6
