Feature,Type,Univariate_Score,Perm_DeltaR2,Perm_DeltaMAE,Perm_DeltaAcc,Combined_Score,Stability_Freq,Selected,Rank
Top,numeric,0.22641087588146216,0.29774672985076905,0.11923733552296956,0.07950225706818721,1.0,1.0,True,1
RATemp,numeric,0.2118439991855703,0.05337424278259277,0.04528776407241821,0.07191929991288508,0.4801680717135298,1.0,True,2
MRT,numeric,0.19961525576076694,0.05017783244450887,0.03522825241088867,0.0476063197909242,0.4398811798730155,1.0,True,3
Air Velo,numeric,0.018771042586310023,0.016107924779256187,0.009043296178181965,0.017066603310366666,0.047680460768655286,1.0,True,4
RH,numeric,0.005344435399548221,0.011707051595052084,0.00744921366373698,0.01888809693513898,0.017084593688691155,1.0,True,5
