Feature,Type,Univariate_Score,Perm_DeltaR2,Perm_DeltaMAE,Perm_DeltaAcc,Combined_Score,Stability_Freq,Selected,Rank
Top,numeric,0.22641087588146216,0.32186642090479534,0.13393990596135458,0.0860536944642433,1.0,1.0,True,1
RATemp,numeric,0.2118439991855703,0.04455948273340861,0.039668122927347824,0.06176447295477944,0.4596673932403911,1.0,True,2
MRT,numeric,0.19961525576076694,0.043746451536814376,0.032329471906026204,0.033784746970776894,0.42255197545344875,1.0,True,3
Air Velo,numeric,0.018771042586310023,0.013811496893564862,0.007334121068318685,0.01233665953908291,0.04782232504832255,1.0,True,4
RH,numeric,0.005344435399548221,0.005199797948201497,0.004193401336669922,0.012700958264037377,0.007833125208499445,1.0,True,5
