RMSE,MAE,R2,Accuracy,Residual_STD,MBE,Accuracy_exact,F1_macro,Kappa,Kappa_quadratic,Kendall_tau_b,Train_Accuracy,Avg_Num_Features
1.048892342574417,0.7047147108661911,-0.43867271632601135,0.49019607843137253,1.048892342574417,-2.322035084183334e-17,0.49019607843137253,0.28572044946896824,0.1368089432527787,0.28626413723238175,0.196917011943576,0.4902114516512236,7.0
