Feature,Type,Univariate_Score,Perm_DeltaR2,Perm_DeltaMAE,Perm_DeltaAcc,Combined_Score,Stability_Freq,Selected,Rank
Top,numeric,0.22645937918924441,0.22934341430664062,0.1007304310798645,0.08429159737071357,1.0,1.0,True,1
RATemp,numeric,0.21197890762968194,0.10085050264994304,0.05749324560165405,0.07592856577175895,0.6524657391578907,1.0,True,2
MRT,numeric,0.19977756140289807,0.026935370763142903,0.022459089756011963,0.04039558089807556,0.4114355919214244,1.0,True,3
Air Velo,numeric,0.01871604152641427,0.012466073036193848,0.006183628241221111,0.013459253979567598,0.06815180260234925,1.0,True,4
RH,numeric,0.005305869090038181,0.008583331108093261,0.006023867925008139,0.01636374435732955,0.030821596072275387,1.0,True,5
Season,categorical,0.0,0.0,0.0,0.0,0.0,1.0,True,6
