Feature,Type,Univariate_Score,Perm_DeltaR2,Perm_DeltaMAE,Perm_DeltaAcc,Combined_Score,Stability_Freq,Selected,Rank
Top,numeric,0.22641087588146216,0.20643693654871925,0.09328354503569754,0.08024669359309416,1.0,1.0,True,1
RATemp,numeric,0.2118439991855703,0.07235387790563819,0.04772244185203588,0.0559079749742615,0.5917336121217873,1.0,True,2
MRT,numeric,0.19961525576076694,0.04263303240365026,0.03253472569746126,0.04172012354478499,0.44917286960362235,1.0,True,3
Air Velo,numeric,0.018771042586310023,0.018763960010963775,0.009631720031815613,0.009067870436366518,0.04890855190741792,1.0,True,4
RH,numeric,0.005344435399548221,0.014108895590261145,0.00696225293220835,0.020335392413083072,0.018844561401378853,1.0,True,5
