RMSE,MAE,R2,Accuracy,Residual_STD,MBE,Train_Accuracy,Avg_Num_Features
0.8436311073488533,0.6742588582556767,0.06930935586994547,0.43681917211328974,0.8436311073488533,2.322035084183334e-17,0.43563791874554525,7.0
