Feature,Type,Univariate_Score,Perm_DeltaR2,Perm_DeltaMAE,Perm_DeltaAcc,Combined_Score,Stability_Freq,Selected,Rank
Top,numeric,0.22645937918924441,0.07515980233058714,0.03131577177787227,0.03703373722974579,0.9691567934580169,1.0,True,1
RATemp,numeric,0.21197890762968194,0.07339981273249903,0.03174659503838118,0.026876930387265387,0.9372440355649878,1.0,True,2
MRT,numeric,0.19977756140289807,0.012683805395824801,0.007499180548205968,0.018519838441435028,0.4531751358616563,1.0,True,3
Air Velo,numeric,0.01871604152641427,0.0,0.0,0.0,0.033335621886736534,1.0,True,4
RH,numeric,0.005305869090038181,0.0,0.0,0.0,0.00955131436402698,1.0,True,5
Season,categorical,0.0,0.0,0.0,0.0,0.0,1.0,True,6
