RMSE,MAE,R2,Accuracy,Residual_STD,MBE,Accuracy_exact,F1_macro,Kappa,Kappa_quadratic,Kendall_tau_b,Train_Accuracy,Avg_Num_Features
0.8090286365986274,0.6525220829864655,0.14409026428538763,0.42592592592592593,0.8090286365986274,-8.707631565687502e-18,0.42592592592592593,0.19176089214251915,0.07026272852538784,0.36428999878439805,0.29579228075838937,0.4258612497030173,7.0
