RMSE,MAE,R2,Accuracy,Residual_STD,MBE,Accuracy_exact,F1_macro,Kappa,Kappa_quadratic,Kendall_tau_b,Train_Accuracy,Avg_Num_Features
0.7738493726396057,0.6582848647367876,0.2169075308068068,0.3671023965141612,0.7738493726396057,1.161017542091667e-17,0.3671023965141612,0.15932920150871283,0.0551305808198016,0.33386840788529326,0.3171857434756132,0.3670883820384889,7.0
