Model,RMSE,MAE,R2,Accuracy,Residual_STD,MBE,Train_Accuracy,Avg_Num_Features
catboost,0.7530325707917738,0.627863663583762,0.25077373556854915,0.44547992397243996,0.74606306038597,-0.002827231098450585,0.47821905874066245,6.0
xgboost,0.7692050587241972,0.6517180442810059,0.21871544122695924,0.4193513898788311,0.7626709007879485,-0.002988090382272235,0.501915512799125,6.0
lightgbm,0.8168449492195474,0.6515813303567747,0.11751587107697374,0.4443751484913281,0.8091283137751409,-0.019321652341456243,0.6271778902296613,6.0
elasticnet,0.8004409847490912,0.6926677166768288,0.15478158862668398,0.3474518888096935,0.7952726377996081,0.0010606776084445858,0.35484587295408626,6.0
svr_rbf,0.8229983756205905,0.6077196039500781,0.1027318206363402,0.5142611071513423,0.8049996498401443,0.1217309472951897,0.5604600641346458,6.0
