RMSE,MAE,R2,Accuracy,Residual_STD,MBE,Train_Accuracy,Avg_Num_Features
0.7644517501408952,0.647920797099759,0.23581178421493143,0.4008714596949891,0.7644517501408952,1.935029236819445e-17,0.39321691613209786,7.0
