Feature,Type,Univariate_Score,Perm_DeltaR2,Perm_DeltaMAE,Perm_DeltaAcc,Combined_Score,Stability_Freq,Selected,Rank
Top,numeric,0.22645937918924441,0.46887639913473694,0.17840250035076152,0.10901441355824822,1.0,1.0,True,1
RATemp,numeric,0.21197890762968194,0.07625622920599656,0.05020572930809212,0.054803199493149615,0.4728314698734152,1.0,True,2
MRT,numeric,0.19977756140289807,0.08392788416004175,0.026544527138930612,0.01601528470737309,0.46355043137338586,1.0,True,3
Air Velo,numeric,0.01871604152641427,0.0157406171651555,0.0099387860375506,0.01634394551358202,0.05357050814254307,1.0,True,4
RH,numeric,0.005305869090038181,0.020751761831554465,0.015640514074235026,0.015286687257464173,0.03630997192798271,1.0,True,5
Season,categorical,0.0,0.0,0.0,0.0,0.0,1.0,True,6
