Feature,Type,Univariate_Score,Perm_DeltaR2,Perm_DeltaMAE,Perm_DeltaAcc,Combined_Score,Stability_Freq,Selected,Rank
Top,numeric,0.22645937918924441,0.47842105757624065,0.18134171583632283,0.10499524827750059,1.0,1.0,True,1
MRT,numeric,0.19977756140289807,0.07951165945768562,0.02651643605610358,0.01711016076661124,0.4556031030136814,1.0,True,2
RATemp,numeric,0.21197890762968194,0.058734185624012634,0.04175330781487434,0.05372020274016,0.45058183730364226,1.0,True,3
Air Velo,numeric,0.01871604152641427,0.022331586048461284,0.010086125459395853,0.01707254296349095,0.06045033776262262,1.0,True,4
RH,numeric,0.005305869090038181,0.007713481021321316,0.011456498017408364,0.017832818563395914,0.01796800853095783,1.0,True,5
Season,categorical,0.0,0.0,0.0,0.0,0.0,1.0,True,6
