RMSE,MAE,R2,Accuracy,Residual_STD,MBE,Accuracy_exact,F1_macro,Kappa,Kappa_quadratic,Kendall_tau_b,Train_Accuracy,Avg_Num_Features
0.8053826201152566,0.6520305103365036,0.151787468032611,0.4542483660130719,0.8053825916410386,0.00021416180735023732,0.4542483660130719,0.21216931216931215,0.09028548370826195,0.3604113888599545,0.29086856392564436,0.4541696364932288,7.0
