Feature,Type,Univariate_Score,Perm_DeltaR2,Perm_DeltaMAE,Perm_DeltaAcc,Combined_Score,Stability_Freq,Selected,Rank
Top,numeric,0.22645937918924441,0.5025210082714993,0.18769823829556667,0.115551991763681,1.0,1.0,True,1
MRT,numeric,0.19977756140289807,0.08482982828199712,0.02968436183229579,0.02402193711887227,0.4571291500930584,1.0,True,2
RATemp,numeric,0.21197890762968194,0.06759966812724623,0.047193568237454395,0.055902035321137265,0.45684958863679387,1.0,True,3
Air Velo,numeric,0.01871604152641427,0.021377433229808195,0.013923166675659413,0.017462580185317194,0.05970495247793628,1.0,True,4
RH,numeric,0.005305869090038181,0.02509533130137113,0.017998499380980422,0.018533697632058293,0.03653824834500734,1.0,True,5
Season,categorical,0.0,0.0,0.0,0.0,0.0,1.0,True,6
