feature,importance
catboost,0.3816265664271235
elasticnet,0.06417701769618717
xgboost,0.057541577861170944
extratrees,0.055421520573184044
