RMSE,MAE,R2,Accuracy,Residual_STD,MBE
0.7610627461349345,0.6290832739157496,0.24257243648568616,0.4564270152505447,0.7566834876750064,0.08152670135873472
