Feature,Type,Univariate_Score,Perm_DeltaR2,Perm_DeltaMAE,Perm_DeltaAcc,Combined_Score,Stability_Freq,Selected,Rank
RATemp,numeric,0.2118439991855703,0.07463382827860494,0.034020015369482466,0.022887463372139063,0.9212229676709341,1.0,True,1
Top,numeric,0.22641087588146216,0.06841027200048842,0.029601987958073055,0.013799794092025025,0.9134978273293599,1.0,True,2
MRT,numeric,0.19961525576076694,0.014834403958777997,0.008405098452636055,0.0145303714263087,0.4592661021080938,1.0,True,3
Air Velo,numeric,0.018771042586310023,0.0,0.0,0.0,0.024351529601379686,1.0,True,4
RH,numeric,0.005344435399548221,0.0,0.0,0.0,0.0,1.0,True,5
