RMSE,MAE,R2,Accuracy,Residual_STD,MBE
0.756315852090722,0.6333927335312262,0.2519914120452831,0.4357298474945534,0.7563157940608163,0.00029627330616953466
