feature,importance
catboost,0.6270101135206161
elasticnet,0.2600808046055232
xgboost,0.11290908187386071
lightgbm,0.0
svr_rbf,0.0
