RMSE,MAE,R2,Accuracy,Residual_STD,MBE,Train_Accuracy,Avg_Num_Features
1.0520214190422483,0.7047764155286903,-0.4472692739788098,0.49019607843137253,1.0520214190422483,-1.4512719276145838e-17,0.4902055119980993,7.0
