Feature,Type,Univariate_Score,Perm_DeltaR2,Perm_DeltaMAE,Perm_DeltaAcc,Combined_Score,Stability_Freq,Selected,Rank
RATemp,numeric,0.2118439991855703,0.07340986377275475,0.031923286758287275,0.017062643541617163,0.9269637558189953,1.0,True,1
Top,numeric,0.22641087588146216,0.06828093064762962,0.029543515425305665,0.010901243367387337,0.9185806968112724,1.0,True,2
MRT,numeric,0.19961525576076694,0.014047672880410676,0.008022095567349355,0.017074522847865682,0.4616451945003197,1.0,True,3
Air Velo,numeric,0.018771042586310023,0.0,0.0,0.0,0.024351529601379686,1.0,True,4
RH,numeric,0.005344435399548221,0.0,0.0,0.0,0.0,1.0,True,5
