RMSE,MAE,R2,Accuracy,Residual_STD,MBE,Accuracy_exact,F1_macro,Kappa,Kappa_quadratic,Kendall_tau_b
0.7608497369022722,0.6217415438128796,0.24299636075951248,0.4651416122004357,0.7519557408144716,0.11599519817826921,0.4651416122004357,0.15457065487122512,0.0779738818793263,0.36908072326745434,0.36615745213403206
