Feature,Type,Univariate_Score,Perm_DeltaR2,Perm_DeltaMAE,Perm_DeltaAcc,Combined_Score,Stability_Freq,Selected,Rank
Top,numeric,0.22641087588146216,0.29488879839579263,0.11939213673273721,0.07370911538766137,1.0,1.0,True,1
RATemp,numeric,0.2118439991855703,0.044575941562652585,0.0410952885945638,0.06647065811356616,0.4650997803798206,1.0,True,2
MRT,numeric,0.19961525576076694,0.037255728244781496,0.03097322384516398,0.04250613764156173,0.41417869363003945,1.0,True,3
Air Velo,numeric,0.018771042586310023,0.009049654006958008,0.0049490849177042644,0.012334679654708159,0.037350412843763975,1.0,True,4
RH,numeric,0.005344435399548221,0.006403358777364095,0.005813117822011312,0.0181614793696048,0.00911797850283238,1.0,True,5
