RMSE,MAE,R2,Accuracy,Residual_STD,MBE,Accuracy_exact,F1_macro,Kappa,Kappa_quadratic,Kendall_tau_b,Train_Accuracy,Avg_Num_Features
0.8279666133672866,0.6227973883921779,0.10355050398706989,0.5206971677559913,0.827966612705166,3.3112346489717205e-05,0.5206971677559913,0.24757637878249686,0.1511771344032582,0.3885390289551911,0.32034689678793127,0.5218816821097648,7.0
