Model,RMSE,MAE,R2,Accuracy,Residual_STD,MBE,Train_Accuracy,Avg_Num_Features
catboost,0.7524340663681297,0.6277429632236696,0.25197288420905134,0.447671655975291,0.745826208408305,-0.0039863477177854035,0.4795810858403307,5.0
xgboost,0.7686084553527291,0.6487128496170044,0.22004634141921997,0.4248039914468995,0.7619181153004119,-0.006643356363928307,0.5185249031492706,5.0
lightgbm,0.8159248382230821,0.6507725790319272,0.11953362682922922,0.45093252554050844,0.8085017771224955,-0.020236993474341304,0.6285380637268532,5.0
elasticnet,0.8004409847490912,0.6926677166768288,0.15478158862668398,0.3474518888096935,0.7952726377996081,0.0010606776084445858,0.35484587295408626,5.0
svr_rbf,0.828600750825861,0.6047832683096852,0.09089933678502571,0.528415300546448,0.812798868034303,0.10683781031875203,0.5838855215110568,5.0
