Feature,Type,Univariate_Score,Perm_DeltaR2,Perm_DeltaMAE,Perm_DeltaAcc,Combined_Score,Stability_Freq,Selected,Rank
Top,numeric,0.22641087588146216,0.07554887238868921,0.031963499779793174,0.015981626673002285,0.9585426965375575,1.0,True,1
RATemp,numeric,0.2118439991855703,0.07170610126307403,0.03224035904578658,0.017446741110319155,0.9062996999241022,1.0,True,2
MRT,numeric,0.19961525576076694,0.013917847855355676,0.008245684386052969,0.01741110319157361,0.45374666088221377,1.0,True,3
Air Velo,numeric,0.018771042586310023,0.0,0.0,0.0,0.024351529601379686,1.0,True,4
RH,numeric,0.005344435399548221,0.0,0.0,0.0,0.0,1.0,True,5
