Feature,Type,Univariate_Score,Perm_DeltaR2,Perm_DeltaMAE,Perm_DeltaAcc,Combined_Score,Stability_Freq,Selected,Rank
Top,numeric,0.22645937918924441,0.49802732194343785,0.18503940926877224,0.10973311158628338,1.0,1.0,True,1
RATemp,numeric,0.21197890762968194,0.06292790006383148,0.044663328879177525,0.05697711253662787,0.4540262846264692,1.0,True,2
MRT,numeric,0.19977756140289807,0.07046263246056017,0.022826034525707972,0.020020590797497437,0.4403018554750764,1.0,True,3
Air Velo,numeric,0.01871604152641427,0.016997144125926393,0.012003889057460134,0.02252910430030888,0.05541494446558184,1.0,True,4
RH,numeric,0.005305869090038181,0.01918599809705393,0.013469309379717118,0.015284707373089429,0.03332210702059648,1.0,True,5
Season,categorical,0.0,0.0,0.0,0.0,0.0,1.0,True,6
