Feature,Type,Univariate_Score,Perm_DeltaR2,Perm_DeltaMAE,Perm_DeltaAcc,Combined_Score,Stability_Freq,Selected,Rank
Top,numeric,0.22641087588146216,0.21759795347849525,0.09323748350143432,0.08170784826166151,1.0,1.0,True,1
RATemp,numeric,0.2118439991855703,0.07946900526682536,0.05185222625732422,0.07268947493466381,0.6162331853739842,1.0,True,2
MRT,numeric,0.19961525576076694,0.029960322380065917,0.024884613355000813,0.03050803833056149,0.4326593862042625,1.0,True,3
Air Velo,numeric,0.018771042586310023,0.011622556050618491,0.005131149291992187,0.008341252870832339,0.06948727398065006,1.0,True,4
RH,numeric,0.005344435399548221,0.007813878854115804,0.005059226353963216,0.014179931891977502,0.03482428821358634,1.0,True,5
Season,categorical,0.0,0.0,0.0,0.0,0.0,1.0,True,6
