Model,RMSE,MAE,R2,Accuracy,Residual_STD,MBE,Accuracy_exact,F1_macro,Kappa,Kappa_quadratic,Kendall_tau_b,Train_Accuracy,Avg_Num_Features
catboost,0.7464041574941589,0.6227512453204385,0.27009627165708544,0.4521620337372297,0.7455517044204661,0.011046065320551557,0.4521620337372297,0.19949294882339683,0.09150776240471088,0.39339934805111787,0.36148476210061725,0.48229624274778027,6.0
xgboost,0.7565467662232775,0.6406393647193909,0.24955713748931885,0.4336837728676645,0.7557726114045039,0.014329075701347777,0.4336837728676645,0.18221688581058326,0.0642973524392804,0.3537119533768731,0.3343099753828523,0.49891675471278435,6.0
lightgbm,0.8016969373324994,0.6390811622803729,0.1566772456147469,0.4663578047042053,0.8004106306483457,0.01799157497748536,0.4663578047042053,0.2562309883535075,0.10174130212092347,0.39824728833947776,0.33327585319879915,0.617660753674767,6.0
elasticnet,0.7991529734688548,0.6914229224141529,0.16440537035057418,0.35953314326443336,0.7987023940616254,0.00045498089527570216,0.35953314326443336,0.15040665500713019,0.07670400340642176,0.3008288845808126,0.3437547914842827,0.3510378320265436,6.0
svr_rbf,0.8289743168637825,0.6103549304568437,0.09967467582128409,0.5174922784509385,0.8180249445997678,0.129256428905689,0.5174922784509385,0.23847936114617813,0.11828360397230797,0.36299096199054237,0.3278579130734415,0.5678207195684813,6.0
