RMSE,MAE,R2,Accuracy,Residual_STD,MBE,Train_Accuracy,Avg_Num_Features
0.7738493726396057,0.6582848647367876,0.2169075308068068,0.3671023965141612,0.7738493726396057,1.161017542091667e-17,0.3670883820384889,7.0
