Feature,Type,Univariate_Score,Perm_DeltaR2,Perm_DeltaMAE,Perm_DeltaAcc,Combined_Score,Stability_Freq,Selected,Rank
Top,numeric,0.22645937918924441,0.22551031815839254,0.10279438493358321,0.09009463847311318,1.0,1.0,True,1
RATemp,numeric,0.21197890762968194,0.06339177829024091,0.041732182713380236,0.052979725984002524,0.5649987488939372,1.0,True,2
MRT,numeric,0.19977756140289807,0.04919070949401903,0.03541491125056156,0.04501267125999841,0.4928364672449736,1.0,True,3
Air Velo,numeric,0.01871604152641427,0.020428561011722086,0.007922998353242254,0.006171299596103589,0.09360967030974383,1.0,True,4
RH,numeric,0.005305869090038181,0.01962690171773738,0.01063826128750808,0.022546923259681627,0.0552306600008556,1.0,True,5
Season,categorical,0.0,0.0,0.0,0.0,0.0,1.0,True,6
