RMSE,MAE,R2,Accuracy,Residual_STD,MBE,Train_Accuracy,Avg_Num_Features
0.763895701688755,0.6458688984760492,0.236923093418702,0.4095860566448802,0.763895701688755,7.74011694727778e-18,0.4073414112615823,7.0
