RMSE,MAE,R2,Accuracy,Residual_STD,MBE,Train_Accuracy,Avg_Num_Features
0.8053826201152566,0.6520305103365036,0.151787468032611,0.4542483660130719,0.8053825916410386,0.00021416180735023732,0.4541696364932288,7.0
