RMSE,MAE,R2,Accuracy,Residual_STD,MBE,Train_Accuracy,Avg_Num_Features
0.7738441486281074,0.6585443486901437,0.2169181035885389,0.37363834422657954,0.7738441486281074,-7.74011694727778e-18,0.37144214777856976,7.0
