Feature,Type,Univariate_Score,Perm_DeltaR2,Perm_DeltaMAE,Perm_DeltaAcc,Combined_Score,Stability_Freq,Selected,Rank
Top,numeric,0.22641087588146216,0.21490251409557115,0.09951049900637902,0.08316702304585413,1.0,1.0,True,1
RATemp,numeric,0.2118439991855703,0.06632194966702501,0.04611319986446666,0.05700483091787441,0.5583916870775554,1.0,True,2
MRT,numeric,0.19961525576076694,0.05225566401401571,0.03703811830517109,0.03956204957630475,0.49862890675744875,1.0,True,3
Air Velo,numeric,0.018771042586310023,0.015579112491621198,0.008777535981010987,0.0083471925239566,0.04388260377321467,1.0,True,4
RH,numeric,0.005344435399548221,0.01615614938127287,0.0070555415479415014,0.022150946384731134,0.028606401696676886,1.0,True,5
