Feature,Type,Univariate_Score,Perm_DeltaR2,Perm_DeltaMAE,Perm_DeltaAcc,Combined_Score,Stability_Freq,Selected,Rank
Top,numeric,0.22645937918924441,0.23201915423075362,0.10202233393987019,0.07815791557773027,1.0,1.0,True,1
RATemp,numeric,0.21197890762968194,0.10132946570714314,0.06092477242151896,0.0842816979488398,0.6577358476806212,1.0,True,2
MRT,numeric,0.19977756140289807,0.02716316779454549,0.022631879647572833,0.035657717589292794,0.4152219750243515,1.0,True,3
Air Velo,numeric,0.01871604152641427,0.01372990608215332,0.005901416142781576,0.009093608933238306,0.06769894339317042,1.0,True,4
RH,numeric,0.005305869090038181,0.007898024717966716,0.007000597318013509,0.015284707373089425,0.032125713980834046,1.0,True,5
Season,categorical,0.0,0.0,0.0,0.0,0.0,1.0,True,6
