Feature,Type,Univariate_Score,Perm_DeltaR2,Perm_DeltaMAE,Perm_DeltaAcc,Combined_Score,Stability_Freq,Selected,Rank
Top,numeric,0.22641087588146216,0.18456685809685475,0.08313818504293616,0.07153322245980837,1.0,1.0,True,1
RATemp,numeric,0.2118439991855703,0.07894028525777634,0.05295078286450476,0.06461748633879781,0.6566322232570948,1.0,True,2
MRT,numeric,0.19961525576076694,0.04296320587985998,0.03406113701703807,0.039930308070008726,0.48105857112879924,1.0,True,3
Air Velo,numeric,0.018771042586310023,0.01992784467167754,0.011209547170411895,0.00871347113328581,0.07194909065261014,1.0,True,4
RH,numeric,0.005344435399548221,0.010306921706498561,0.004720467140582452,0.015615348063673082,0.035206580862559664,1.0,True,5
