Feature,Type,Univariate_Score,Perm_DeltaR2,Perm_DeltaMAE,Perm_DeltaAcc,Combined_Score,Stability_Freq,Selected,Rank
Top,numeric,0.22641087588146216,0.13506739436150192,0.07501618681752639,0.05697315276787836,1.0,1.0,True,1
RATemp,numeric,0.2118439991855703,0.028744053172877943,0.04058091849103253,0.0675536548665558,0.4921309669755298,1.0,True,2
MRT,numeric,0.19961525576076694,0.00525638640371245,0.02618109723164174,0.04502851033499645,0.3692326219358966,1.0,True,3
Air Velo,numeric,0.018771042586310023,0.002450621455474152,0.00282523121483802,0.01344539478894433,0.03598759113097062,1.0,True,4
RH,numeric,0.005344435399548221,0.0,0.006446565736632899,0.022143026847232128,0.0,1.0,True,5
