RMSE,MAE,R2,Accuracy,Residual_STD,MBE,Accuracy_exact,F1_macro,Kappa,Kappa_quadratic,Kendall_tau_b,Train_Accuracy,Avg_Num_Features
0.7703496319503883,0.6481082018223053,0.22397459950009913,0.4335511982570806,0.7703496319503883,5.0310760157305567e-17,0.4335511982570806,0.1657557269437921,0.05918338789370692,0.34123933954239116,0.30314412628062876,0.4302031361368496,7.0
