RMSE,MAE,R2,Accuracy,Residual_STD,MBE,Train_Accuracy,Avg_Num_Features
0.7710911590383668,0.6541112916137484,0.22247989946158053,0.42374727668845313,0.7710911590383668,5.61158478677639e-17,0.41932763126633404,7.0
