Feature,Type,Univariate_Score,Perm_DeltaR2,Perm_DeltaMAE,Perm_DeltaAcc,Combined_Score,Stability_Freq,Selected,Rank
Top,numeric,0.22645937918924441,0.22601792392725092,0.09895510941353003,0.08248990258968876,1.0,1.0,True,1
RATemp,numeric,0.21197890762968194,0.06326798278876791,0.04148050539237165,0.04536311079432961,0.563674147115498,1.0,True,2
MRT,numeric,0.19977756140289807,0.04770706683857114,0.037528018569357724,0.04282291914152214,0.49464367697561384,1.0,True,3
Air Velo,numeric,0.01871604152641427,0.0253783449580129,0.01064552165419182,0.003995406668250571,0.10382508666684657,1.0,True,4
RH,numeric,0.005305869090038181,0.019756527227592226,0.00936606270256964,0.02072344975053457,0.05608631082913362,1.0,True,5
Season,categorical,0.0,0.0,0.0,0.0,0.0,1.0,True,6
