Feature,Type,Univariate_Score,Perm_DeltaR2,Perm_DeltaMAE,Perm_DeltaAcc,Combined_Score,Stability_Freq,Selected,Rank
Top,numeric,0.22641087588146216,0.17668673767378668,0.08232471157261502,0.07589886750613765,1.0,1.0,True,1
RATemp,numeric,0.2118439991855703,0.06374394160621838,0.04628721583765576,0.05446265938069218,0.5736751319833815,1.0,True,2
MRT,numeric,0.19961525576076694,0.048855380378497154,0.03409536556680793,0.044662231725667224,0.5055667453390313,1.0,True,3
Air Velo,numeric,0.018771042586310023,0.015743771220857156,0.008429808382701316,0.011986220004751717,0.05369120450001923,1.0,True,4
RH,numeric,0.005344435399548221,0.01999803992060935,0.009204036046795702,0.01888017739763998,0.046532945826613915,1.0,True,5
