Feature,Type,Univariate_Score,Perm_DeltaR2,Perm_DeltaMAE,Perm_DeltaAcc,Combined_Score,Stability_Freq,Selected,Rank
Top,numeric,0.22645937918924441,0.22436242500940962,0.09489882787068685,0.07556426704680448,1.0,1.0,True,1
RATemp,numeric,0.21197890762968194,0.1131213347117106,0.06347579558690389,0.08319672131147542,0.6981328561772034,1.0,True,2
MRT,numeric,0.19977756140289807,0.022577190399169923,0.01991295417149862,0.036742694226657185,0.40835409234919473,1.0,True,3
Air Velo,numeric,0.01871604152641427,0.006076033910115559,0.0036783973375956215,0.008374910905203144,0.05222307403867832,1.0,True,4
RH,numeric,0.005305869090038181,0.010415379206339517,0.008401278654734293,0.01854557693830682,0.03572944067872674,1.0,True,5
Season,categorical,0.0,0.0,0.0,0.0,0.0,1.0,True,6
