Feature,Type,Univariate_Score,Perm_DeltaR2,Perm_DeltaMAE,Perm_DeltaAcc,Combined_Score,Stability_Freq,Selected,Rank
Top,numeric,0.22641087588146216,0.15926622932931742,0.0869434975987353,0.07734616298408173,1.0,1.0,True,1
RATemp,numeric,0.2118439991855703,0.04330503562796587,0.05113982674814314,0.07337649481270293,0.5318772066762351,1.0,True,2
MRT,numeric,0.19961525576076694,0.0013665482290243336,0.021043165500937287,0.04612338639423459,0.3553015430605747,1.0,True,3
Air Velo,numeric,0.018771042586310023,0.0002672905460818109,0.0020293693440145864,0.014546210501306722,0.02554991534443791,1.0,True,4
RH,numeric,0.005344435399548221,0.0,0.0044272812141952006,0.02504751722499406,0.0,1.0,True,5
