Feature,Type,Univariate_Score,Perm_DeltaR2,Perm_DeltaMAE,Perm_DeltaAcc,Combined_Score,Stability_Freq,Selected,Rank
Top,numeric,0.22641087588146216,0.5131891984350962,0.18387964731535245,0.09296349093212955,1.0,1.0,True,1
MRT,numeric,0.19961525576076694,0.09225058783410835,0.03442404401148301,0.013768115942028989,0.45890474416775195,1.0,True,2
RATemp,numeric,0.2118439991855703,0.0515890771766747,0.04102490037837046,0.04977429318127821,0.4380146236512702,1.0,True,3
Air Velo,numeric,0.018771042586310023,0.01374916110060278,0.006668927210767943,0.007986853567751643,0.05090780993914292,1.0,True,4
RH,numeric,0.005344435399548221,0.021784988540565826,0.009574905946431615,0.014494733507563154,0.03359925626648376,1.0,True,5
Season,categorical,0.0,0.0,0.0,0.0,0.0,1.0,True,6
