RMSE,MAE,R2,Accuracy,Residual_STD,MBE,Train_Accuracy,Avg_Num_Features
0.8090459025006327,0.6525309566623141,0.144053731063579,0.42592592592592593,0.8090459025006327,1.4512719276145838e-17,0.4258612497030173,7.0
