Feature,Type,Univariate_Score,Perm_DeltaR2,Perm_DeltaMAE,Perm_DeltaAcc,Combined_Score,Stability_Freq,Selected,Rank
Top,numeric,0.22645937918924441,0.7819951226934403,0.26695463807274805,0.1405717906074285,1.0,1.0,True,1
MRT,numeric,0.19977756140289807,0.27676251130407464,0.1383651546983527,0.10349647580581293,0.579320810211907,1.0,True,2
RATemp,numeric,0.21197890762968194,0.18405551816448878,0.0680600867162097,0.026494812702938138,0.5013049791388424,1.0,True,3
Air Velo,numeric,0.01871604152641427,0.07344707184891593,0.026648731662399484,0.013809693513898763,0.08268893413817376,1.0,True,4
RH,numeric,0.005305869090038181,0.0480430724326665,0.025828230646294404,0.021788627544151413,0.04330700072370554,1.0,True,5
Season,categorical,0.0,0.0,0.0,0.0,0.0,1.0,True,6
