Feature,Type,Univariate_Score,Perm_DeltaR2,Perm_DeltaMAE,Perm_DeltaAcc,Combined_Score,Stability_Freq,Selected,Rank
Top,numeric,0.22645937918924441,0.2169682367012406,0.0954524509747677,0.08464203690504475,1.0,1.0,True,1
RATemp,numeric,0.21197890762968194,0.07140947302066994,0.04733226978731868,0.05045141363744358,0.6148442151018768,1.0,True,2
MRT,numeric,0.19977756140289807,0.0475297948560928,0.0359971916011134,0.039936247723132964,0.5003336408733354,1.0,True,3
Air Velo,numeric,0.01871604152641427,0.02051409320971153,0.009036655125694846,0.004725984002534248,0.09808581764377902,1.0,True,4
RH,numeric,0.005305869090038181,0.016669569767020755,0.009709910743404446,0.021818325809772707,0.06367636812956698,1.0,True,5
Season,categorical,0.0,0.0,0.0,0.0,0.0,1.0,True,6
