RMSE,MAE,R2,Accuracy,Residual_STD,MBE
0.7608497369022722,0.6217415438128796,0.24299636075951248,0.4651416122004357,0.7519557408144716,0.11599519817826921
