RMSE,MAE,R2,Accuracy,Residual_STD,MBE
0.7610207945165015,0.629075308660417,0.2426559366610147,0.4553376906318083,0.7566561711774551,0.08138850229363541
