Feature,Type,Univariate_Score,Perm_DeltaR2,Perm_DeltaMAE,Perm_DeltaAcc,Combined_Score,Stability_Freq,Selected,Rank
Top,numeric,0.22641087588146216,0.3387710849444071,0.1370139757792155,0.08203056941474617,1.0,1.0,True,1
RATemp,numeric,0.2118439991855703,0.0362249215443929,0.03308640321095784,0.05122752831234656,0.4311294374967584,1.0,True,2
MRT,numeric,0.19961525576076694,0.04240137736002604,0.032261451085408524,0.035245901639344254,0.41432162871600714,1.0,True,3
Air Velo,numeric,0.018771042586310023,0.01207965612411499,0.007096501191457112,0.013063277104617086,0.03913800263797681,1.0,True,4
RH,numeric,0.005344435399548221,0.006369853019714355,0.006039218107859294,0.014164092816979479,0.006377991050841523,1.0,True,5
