Feature,Type,Univariate_Score,Perm_DeltaR2,Perm_DeltaMAE,Perm_DeltaAcc,Combined_Score,Stability_Freq,Selected,Rank
Top,numeric,0.22641087588146216,0.16668490408942538,0.09231855031692553,0.08458858002692644,1.0,1.0,True,1
RATemp,numeric,0.2118439991855703,0.033279127608960686,0.046026546058863374,0.07519006889997625,0.4852399935822733,1.0,True,2
MRT,numeric,0.19961525576076694,0.00440008761942979,0.022946409629901264,0.05555555555555556,0.36638566891597063,1.0,True,3
Air Velo,numeric,0.018771042586310023,0.0,0.001863486382238877,0.011263562207967063,0.024351529601379686,1.0,True,4
RH,numeric,0.005344435399548221,7.022271201676164e-05,0.0035942349718021717,0.023610121168923737,0.00029962467533607365,1.0,True,5
