RMSE,MAE,R2,Accuracy,Residual_STD,MBE,Accuracy_exact,F1_macro,Kappa,Kappa_quadratic,Kendall_tau_b,Train_Accuracy,Avg_Num_Features
0.7765408978186299,0.6477731793121826,0.21145071042028074,0.41721132897603486,0.7765408978186299,7.74011694727778e-18,0.41721132897603486,0.15519998820220904,0.05719271370240919,0.3448924857667153,0.32356875387449996,0.41828225231646476,7.0
