Feature,Type,Univariate_Score,Perm_DeltaR2,Perm_DeltaMAE,Perm_DeltaAcc,Combined_Score,Stability_Freq,Selected,Rank
Top,numeric,0.22641087588146216,0.3427082975705465,0.13705206712086998,0.08060505266492438,1.0,1.0,True,1
RATemp,numeric,0.2118439991855703,0.041144931316375734,0.037557717164357504,0.06283163063277106,0.4421852879197508,1.0,True,2
MRT,numeric,0.19961525576076694,0.040622838338216144,0.03161486784617106,0.038160291438979956,0.41443995169243875,1.0,True,3
Air Velo,numeric,0.018771042586310023,0.007766075929005941,0.005814596017201743,0.012332699770333404,0.03239077327550563,1.0,True,4
RH,numeric,0.005344435399548221,0.007445295651753743,0.004403201738993326,0.02070167102241229,0.007326565313293905,1.0,True,5
