RMSE,MAE,R2,Accuracy,Residual_STD,MBE,Train_Accuracy,Avg_Num_Features
0.8279666133672874,0.6227973883921784,0.10355050398706811,0.5206971677559913,0.8279666127051668,3.3112346489674636e-05,0.5218816821097648,7.0
