Feature,Type,Univariate_Score,Perm_DeltaR2,Perm_DeltaMAE,Perm_DeltaAcc,Combined_Score,Stability_Freq,Selected,Rank
Top,numeric,0.22641087588146216,0.1971536473850655,0.09148510113003343,0.08242258652094718,1.0,1.0,True,1
RATemp,numeric,0.2118439991855703,0.07642854434341204,0.04977813042872238,0.0566504316147937,0.6133013328008238,1.0,True,2
MRT,numeric,0.19961525576076694,0.03625133738504817,0.03134900255933479,0.04249821810406272,0.4373594547291696,1.0,True,3
Air Velo,numeric,0.018771042586310023,0.013741572597618754,0.008709088442417207,0.010162746495604658,0.041643440536311874,1.0,True,4
RH,numeric,0.005344435399548221,0.016167529000293716,0.008647939810283578,0.019248435891343944,0.03848814290934004,1.0,True,5
