RMSE,MAE,R2,Accuracy,Residual_STD,MBE,Accuracy_exact,F1_macro,Kappa,Kappa_quadratic,Kendall_tau_b,Train_Accuracy,Avg_Num_Features
0.7738509594372011,0.6586482505002775,0.2169043193019199,0.3758169934640523,0.7738509594372011,3.87005847363889e-18,0.3758169934640523,0.161527048955438,0.05891803501590498,0.33627441440503647,0.31994640997826423,0.3747208363031599,7.0
