Feature,Type,Univariate_Score,Perm_DeltaR2,Perm_DeltaMAE,Perm_DeltaAcc,Combined_Score,Stability_Freq,Selected,Rank
RATemp,numeric,0.21197890762968194,0.07104717337303688,0.030322799125535777,0.03087629682426546,0.9599723240389967,1.0,True,1
Top,numeric,0.22645937918924441,0.06423322716965936,0.02788504253372533,0.023592302209550962,0.9310472791213196,1.0,True,2
MRT,numeric,0.19977756140289807,0.01165169926603394,0.007416180045612404,0.01670626435416173,0.45178702248865754,1.0,True,3
Air Velo,numeric,0.01871604152641427,0.0,0.0,0.0,0.033335621886736534,1.0,True,4
RH,numeric,0.005305869090038181,0.0,0.0,0.0,0.00955131436402698,1.0,True,5
Season,categorical,0.0,0.0,0.0,0.0,0.0,1.0,True,6
