Feature,Type,Univariate_Score,Perm_DeltaR2,Perm_DeltaMAE,Perm_DeltaAcc,Combined_Score,Stability_Freq,Selected,Rank
Top,numeric,0.3904563181384947,0.3787878659586984,0.21588720042306017,0.07124735624962338,1.0,1.0,True,1
MRT,numeric,0.3779183933115905,0.0816311203762734,0.057147223106219315,0.028226807851086583,0.528375749168269,1.0,True,2
RATemp,numeric,0.3782160800199679,0.04357764950437321,0.037095017410860215,0.024260564875979572,0.44367593992362575,1.0,True,3
Season,categorical,0.3219536760873935,0.056237146272204976,0.038984830767190205,0.02037058440589828,0.3907431941517746,1.0,True,4
Air Velo,numeric,0.12183845473664434,0.013345033041829296,0.010483960387213435,0.00714180578152767,0.06819794408662033,1.0,True,5
RH,numeric,0.06669429376286053,0.04202799539022303,0.02787958488902083,0.01192796947128943,0.05237841350743563,1.0,True,6
