Feature,Type,Univariate_Score,Perm_DeltaR2,Perm_DeltaMAE,Perm_DeltaAcc,Combined_Score,Stability_Freq,Selected,Rank
Top,numeric,0.3904563181384947,0.16346059072177946,0.0979403223312004,0.039683965018033306,1.0,1.0,True,1
Season,categorical,0.3219536760873935,0.10630396419319092,0.06888336575590989,0.03408430167945446,0.6900592930353758,1.0,True,2
MRT,numeric,0.3779183933115905,0.08287237608885505,0.057563471304561374,0.0329416483172362,0.656116526980055,1.0,True,3
RATemp,numeric,0.3782160800199679,0.08187911383475024,0.05503737656303078,0.039356391874684496,0.6491363816022246,1.0,True,4
RH,numeric,0.06669429376286053,0.0445822958591122,0.0269203586737611,0.01558046929100566,0.11162647081629536,1.0,True,5
Air Velo,numeric,0.12183845473664434,0.017428605461434134,0.010233071555317334,0.011032971679148223,0.06819794408662033,1.0,True,6
