Feature,Type,Univariate_Score,Perm_DeltaR2,Perm_DeltaMAE,Perm_DeltaAcc,Combined_Score,Stability_Freq,Selected,Rank
Top,numeric,0.3904563181384947,0.38181315612990274,0.220612397406844,0.07676631172990428,1.0,1.0,True,1
MRT,numeric,0.3779183933115905,0.07848428627968672,0.0569434235779205,0.029041591713071208,0.5216434846883669,1.0,True,2
RATemp,numeric,0.3782160800199679,0.049723822293764916,0.038770241265966315,0.027101738330700686,0.4541701316469931,1.0,True,3
Season,categorical,0.3219536760873935,0.05549545724609478,0.03928370745851702,0.018502548175281255,0.3887572768588658,1.0,True,4
Air Velo,numeric,0.12183845473664434,0.014596290655941946,0.009187229335085992,0.007061690636999363,0.06936869883360076,1.0,True,5
RH,numeric,0.06669429376286053,0.036175094814320186,0.024463155184080487,0.01111664310629431,0.040576034086623546,1.0,True,6
