Feature,Type,Univariate_Score,Perm_DeltaR2,Perm_DeltaMAE,Perm_DeltaAcc,Combined_Score,Stability_Freq,Selected,Rank
Top,numeric,0.3904563181384947,0.20633691549301147,0.12607174317042033,0.049746071542527706,1.0,1.0,True,1
MRT,numeric,0.3779183933115905,0.09534635543823242,0.0660618782043457,0.030997744724106546,0.6548157802810005,1.0,True,2
RATemp,numeric,0.3782160800199679,0.050000921885172536,0.0380152424176534,0.024022096369331798,0.4904750299311848,1.0,True,3
Season,categorical,0.3219536760873935,0.047691059112548825,0.034332819779713954,0.01793670409654121,0.4120444271149342,1.0,True,4
Air Velo,numeric,0.12183845473664434,0.01644951105117798,0.010769565900166828,0.006895138067733346,0.06819794408662033,1.0,True,5
RH,numeric,0.06669429376286053,0.030081562201182042,0.017567046483357746,0.006654990205404958,0.04388967581946694,1.0,True,6
