RMSE,MAE,R2,Accuracy,Residual_STD,MBE
0.8837923550558895,0.7028353189695696,0.5018708370659015,0.4279454722492697,0.8837923168606245,-0.0002598333403710802
