RMSE,MAE,R2,Accuracy,Residual_STD,MBE,Accuracy_exact,F1_macro,Kappa,Kappa_quadratic,Kendall_tau_b
0.9038161427276169,0.7190695563333913,0.47904324362752415,0.4252677702044791,0.9038151046040387,-0.001369870292640031,0.4252677702044791,0.24153641279686672,0.21709279290201988,0.6077774600668329,0.5779493244338502
