RMSE,MAE,R2,Accuracy,Residual_STD,MBE,Accuracy_exact,F1_macro,Kappa,Kappa_quadratic,Kendall_tau_b,Train_Accuracy,Avg_Num_Features
0.8802762815726685,0.6972897284857505,0.5058264602057752,0.437682570593963,0.8802762815726685,8.215866589241665e-18,0.437682570593963,0.26497238072468077,0.24215769925316888,0.6473404445822807,0.5996821504533838,0.43792508690665655,7.0
