Feature,Type,Univariate_Score,Perm_DeltaR2,Perm_DeltaMAE,Perm_DeltaAcc,Combined_Score,Stability_Freq,Selected,Rank
Top,numeric,0.3904563181384947,0.20276432037353515,0.12502190669377644,0.05225848642636074,0.9891997721812634,1.0,True,1
MRT,numeric,0.3779183933115905,0.09483621915181478,0.06506857872009278,0.02717987776266357,0.6528304561661028,1.0,True,2
RATemp,numeric,0.3782160800199679,0.050478553771972655,0.0377278208732605,0.022396578856121688,0.492799013119077,1.0,True,3
Season,categorical,0.3219536760873935,0.04565071662267049,0.032339815298716226,0.017368192805837828,0.40797844840900144,1.0,True,4
Air Velo,numeric,0.12183845473664434,0.016103339195251466,0.010318565368652343,0.003246194530634905,0.06819794408662033,1.0,True,5
RH,numeric,0.06669429376286053,0.029677661259969075,0.017727422714233398,0.009333364944734374,0.04344176591631542,1.0,True,6
