RMSE,MAE,R2,Accuracy,Residual_STD,MBE,Accuracy_exact,F1_macro,Kappa,Kappa_quadratic,Kendall_tau_b,Train_Accuracy,Avg_Num_Features
0.9414862638918355,0.7620791472317516,0.4347123942546728,0.3921616358325219,0.9414862638918355,-2.075587348861052e-17,0.3921616358325219,0.2286163775723489,0.18172422485505424,0.590679026932758,0.5510545591867607,0.39240229854399866,7.0
