RMSE,MAE,R2,Accuracy,Residual_STD,MBE
0.8828872898346267,0.7037181589239055,0.5028905529142047,0.4286757546251217,0.8828870943536729,-0.0005875161792617354
