RMSE,MAE,R2,Accuracy,Residual_STD,MBE,Accuracy_exact,F1_macro,Kappa,Kappa_quadratic,Kendall_tau_b,Train_Accuracy,Avg_Num_Features
0.8985336324395113,0.70851294004044,0.4851150919676228,0.4315968841285297,0.8985336324395113,3.567415755854934e-18,0.4315968841285297,0.30101728620843266,0.23973227855299817,0.6427462931131483,0.5789856221775531,0.43232216364234455,7.0
