feature,importance
xgboost,0.4635412750124376
catboost,0.31462558178571376
lightgbm,0.10021450467742272
svr_rbf,0.08340087449536265
elasticnet,0.038217764029063135
