Feature,Type,Univariate_Score,Perm_DeltaR2,Perm_DeltaMAE,Perm_DeltaAcc,Combined_Score,Stability_Freq,Selected,Rank
Top,numeric,0.3904563181384947,0.1657232210200622,0.10507947006782667,0.053150224292768986,1.0,1.0,True,1
Season,categorical,0.3219536760873935,0.10391379490413159,0.06447587510042777,0.027676473115985183,0.6653677946855745,1.0,True,2
MRT,numeric,0.3779183933115905,0.08663300361929308,0.05828821697807897,0.031640641592898484,0.6636975027148597,1.0,True,3
RATemp,numeric,0.3782160800199679,0.08117106283488977,0.057003564924038595,0.038463369795108726,0.6381280189625811,1.0,True,4
RH,numeric,0.06669429376286053,0.04253383393798078,0.025379852488506865,0.015905375222391136,0.09899014341770448,1.0,True,5
Air Velo,numeric,0.12183845473664434,0.01843811958480019,0.009356658404537409,0.009817216952008948,0.06819794408662033,1.0,True,6
