Model,RMSE,MAE,R2,Accuracy,Residual_STD,MBE,Train_Accuracy,Avg_Num_Features
catboost,0.8821935563301105,0.703450398925637,0.5031226890529875,0.4286831974537016,0.8818291655134083,-0.0020187192534244685,0.45216705141207153,7.0
xgboost,1.2536306802226076,0.9395884871482849,-0.0029536962509155275,0.3588120237915307,1.2517643824213394,-0.06454257552735038,0.3588120708647523,7.0
lightgbm,0.9785966244648245,0.7767548604260635,0.38885831195936194,0.40507244444049306,0.9778900683568457,-0.029670582886095937,0.4075592426758726,7.0
elasticnet,1.0146729582856961,0.8083453595686876,0.34296029258958505,0.3928960291141004,1.013767748946995,-0.03621680273059842,0.3925270264590159,7.0
svr_rbf,1.0420758780198447,0.7863846324298931,0.3068628821994738,0.4077443981139847,1.0254231854467526,0.18263112856557992,0.40816729286936254,7.0
