RMSE,MAE,R2,Accuracy,Residual_STD,MBE,Accuracy_exact,F1_macro,Kappa,Kappa_quadratic,Kendall_tau_b,Train_Accuracy,Avg_Num_Features
0.9195079997074158,0.732097207354341,0.46079673777276786,0.39824732229795523,0.9195079997074158,2.680966992278859e-17,0.39824732229795523,0.21703730227507703,0.18343068797755446,0.5801882730759401,0.5590391127064563,0.3838832235331075,7.0
