Feature,Type,Univariate_Score,Perm_DeltaR2,Perm_DeltaMAE,Perm_DeltaAcc,Combined_Score,Stability_Freq,Selected,Rank
Top,numeric,0.3904563181384947,0.10873940785787675,0.059471615822089444,0.01809693438559785,1.0,1.0,True,1
MRT,numeric,0.3779183933115905,0.09273507231609826,0.047440174240232426,0.007547419571211111,0.8964679810781238,1.0,True,2
RATemp,numeric,0.3782160800199679,0.08925553824676243,0.048429378437833306,0.013878294130256763,0.8759981482927017,1.0,True,3
Season,categorical,0.3219536760873935,0.0,0.0,0.0,0.3153947876290178,1.0,True,4
Air Velo,numeric,0.12183845473664434,0.0,0.0,0.0,0.06819794408662033,1.0,True,5
RH,numeric,0.06669429376286053,0.0,0.0,0.0,0.0,1.0,True,6
