RMSE,MAE,R2,Accuracy,Residual_STD,MBE,Accuracy_exact,F1_macro,Kappa,Kappa_quadratic,Kendall_tau_b,Train_Accuracy,Avg_Num_Features
0.9037566560313961,0.7207838063299007,0.47911181725662255,0.4096884128529698,0.9037566560313961,2.3350357674686838e-17,0.4096884128529698,0.23805542595599483,0.20699847981308472,0.613563452306932,0.5764907430098818,0.41236608373267425,7.0
