Model,RMSE,MAE,R2,Accuracy,Residual_STD,MBE,Train_Accuracy,Avg_Num_Features
catboost,0.8841764545590843,0.7049890989610994,0.5008618707119846,0.4267316873671951,0.8839277276559703,-0.003326455237339693,0.45618429709171726,7.0
xgboost,0.8864154969681145,0.7029073119163514,0.4983538627624512,0.42965346989458586,0.8861066707820067,-0.0014524723421521792,0.4773019036426166,7.0
lightgbm,0.9229725050558967,0.7277057367184957,0.4558929331961892,0.4162605095560277,0.9226084351843721,-0.002176994052348429,0.5890937407937464,7.0
elasticnet,1.011848168820904,0.8010067039249655,0.34626655404930784,0.3928948436865611,1.0116956961861612,0.00034307165023982034,0.3948395910705983,7.0
svr_rbf,0.9234427634597454,0.7111039357899508,0.4555348809356028,0.42648926743541643,0.9203013695964699,0.07388691087957919,0.4533842627988566,7.0
