RMSE,MAE,R2,Accuracy,Residual_STD,MBE,Accuracy_exact,F1_macro,Kappa,Kappa_quadratic,Kendall_tau_b,Train_Accuracy,Avg_Num_Features
0.961827940516214,0.7831973851158045,0.4100213918437515,0.376095423563778,0.961827940516214,-3.4593122481017537e-18,0.376095423563778,0.21577484685911358,0.15664283291260805,0.5687768373489892,0.5365670160637045,0.3758513592408522,7.0
