Feature,Type,Univariate_Score,Perm_DeltaR2,Perm_DeltaMAE,Perm_DeltaAcc,Combined_Score,Stability_Freq,Selected,Rank
Top,numeric,0.3904837324892393,0.36512224769999635,0.21191208607189096,0.07440247043099182,1.0,1.0,True,1
MRT,numeric,0.377977219324747,0.06528911598913473,0.0453222165594721,0.01809406960237798,0.4625551104084553,1.0,True,2
RATemp,numeric,0.37829221355013454,0.0532661212980269,0.03918046569501861,0.022228544502431623,0.44226715564009256,1.0,True,3
Season,categorical,0.3219969172826624,0.05641870324089836,0.03966927944531557,0.019474697543102656,0.3745802860499645,1.0,True,4
Air Velo,numeric,0.12182741497089464,0.022421953064742105,0.013581638805509133,0.00584534319609047,0.06790290667662624,1.0,True,5
RH,numeric,0.06690164186702267,0.05186116212788838,0.032185999423769034,0.007710613429115894,0.05570931487237387,1.0,True,6
