RMSE,MAE,R2,Accuracy,Residual_STD,MBE,Accuracy_exact,F1_macro,Kappa,Kappa_quadratic,Kendall_tau_b,Train_Accuracy,Avg_Num_Features
0.9143275767084369,0.7136977296663642,0.4668552655550291,0.4277020447906524,0.9143275767084369,3.4593122481017537e-18,0.4277020447906524,0.2609030648300381,0.22249883430067052,0.6163409329142298,0.5772852871083088,0.4328167832831008,7.0
