Feature,Type,Univariate_Score,Perm_DeltaR2,Perm_DeltaMAE,Perm_DeltaAcc,Combined_Score,Stability_Freq,Selected,Rank
Top,numeric,0.3903962876154401,0.33462201754252113,0.20060049295425414,0.07214097104296878,1.0,1.0,True,1
MRT,numeric,0.3778404744593221,0.07791433731714885,0.054235359032948814,0.022397270355519604,0.5193624626366052,1.0,True,2
RATemp,numeric,0.3782328890387331,0.05908503929773967,0.04404318332672119,0.025396500815475363,0.48318306143849377,1.0,True,3
Season,categorical,0.3219087489604848,0.06671034495035807,0.04618386030197143,0.021507113059163703,0.4281578514260775,1.0,True,4
Environment,categorical,0.10381537643479102,0.08448595205942791,0.059488880634307864,0.03335259653084631,0.1934351759455321,1.0,True,5
Air Velo,numeric,0.12177096288540865,0.01228768825531006,0.008107229073842367,0.0030849763852955647,0.07629688250371325,1.0,True,6
RH,numeric,0.06687185196040092,0.00801378091176351,0.005451210339864095,0.006007450412084251,0.00013640691228976489,1.0,True,7
