RMSE,MAE,R2,Accuracy,Residual_STD,MBE,Accuracy_exact,F1_macro,Kappa,Kappa_quadratic,Kendall_tau_b
0.8828872898346267,0.7037181589239055,0.5028905529142047,0.4286757546251217,0.8828870943536729,-0.0005875161792617354,0.4286757546251217,0.26004249110554895,0.22817461461069122,0.6366697596575093,0.5898891344188479
