RMSE,MAE,R2,Accuracy,Residual_STD,MBE,Accuracy_exact,F1_macro,Kappa,Kappa_quadratic,Kendall_tau_b,Train_Accuracy,Avg_Num_Features
0.9536095481938558,0.742403854449816,0.42006052789051895,0.4150438169425511,0.9536095481938558,-3.891726279114473e-18,0.4150438169425511,0.30594053872694327,0.22242884234929816,0.624637885049752,0.5528398902490084,0.4172331528519905,7.0
