RMSE,MAE,R2,Accuracy,Residual_STD,MBE,Accuracy_exact,F1_macro,Kappa,Kappa_quadratic,Kendall_tau_b,Train_Accuracy,Avg_Num_Features
0.9156006938811249,0.7114089667154495,0.46536952174340196,0.4269717624148004,0.9156006938811249,-6.9186244962035074e-18,0.4269717624148004,0.2530821212992992,0.2231088637777774,0.6157068644396845,0.5776091024170433,0.43159638563143277,7.0
