Feature,Type,Univariate_Score,Perm_DeltaR2,Perm_DeltaMAE,Perm_DeltaAcc,Combined_Score,Stability_Freq,Selected,Rank
Top,numeric,0.3904837324892393,0.18157871747724605,0.11548141936884393,0.05574413731992617,1.0,1.0,True,1
Season,categorical,0.3219969172826624,0.11394623526129358,0.06967579817354981,0.034806325836492,0.6560289424283556,1.0,True,2
RATemp,numeric,0.37829221355013454,0.09173991833301837,0.060644582613565735,0.039836885170597844,0.6373467429593485,1.0,True,3
MRT,numeric,0.377977219324747,0.08240617665157521,0.05469287420055389,0.03148446151460101,0.6039696165535127,1.0,True,4
RH,numeric,0.06690164186702267,0.053079646708124775,0.030979519815403228,0.017528620666151008,0.11137929226128349,1.0,True,5
Air Velo,numeric,0.12182741497089464,0.024777085551308975,0.012161625356292616,0.012739493407541099,0.06790290667662624,1.0,True,6
