RMSE,MAE,R2,Accuracy,Residual_STD,MBE,Accuracy_exact,F1_macro,Kappa,Kappa_quadratic,Kendall_tau_b,Train_Accuracy,Avg_Num_Features
0.9640578070147844,0.7510835042303127,0.4072826514384257,0.4118792599805258,0.9640578070147844,-2.3350357674686838e-17,0.4118792599805258,0.3067353438599586,0.21836675820833085,0.6145311272661931,0.5400922165445983,0.41357729432091306,7.0
