RMSE,MAE,R2,Accuracy,Residual_STD,MBE,Accuracy_exact,F1_macro,Kappa,Kappa_quadratic,Kendall_tau_b,Train_Accuracy,Avg_Num_Features
1.2025304785734376,0.8614021350508045,0.07778183513206804,0.38558909444985395,1.2025304603702431,-0.00020923621138705577,0.38558909444985395,0.3136526173328866,0.20019524982597825,0.5352952144808829,0.4536245692481196,0.385583422981291,7.0
