RMSE,MAE,R2,Accuracy,Residual_STD,MBE,Accuracy_exact,F1_macro,Kappa,Kappa_quadratic,Kendall_tau_b,Train_Accuracy,Avg_Num_Features
0.9311285687573212,0.7243921794519577,0.44708192060699803,0.4206426484907498,0.9311285687573212,-1.2107592868356138e-17,0.4206426484907498,0.2991962220644585,0.22789455437686523,0.6334006966662249,0.5679225442359075,0.42137236946220114,7.0
