Feature,Type,Univariate_Score,Perm_DeltaR2,Perm_DeltaMAE,Perm_DeltaAcc,Combined_Score,Stability_Freq,Selected,Rank
Top,numeric,0.3904837324892393,0.10584475206480633,0.05681543484019388,0.014523166711614114,0.9927282296844989,1.0,True,1
MRT,numeric,0.377977219324747,0.096684090209354,0.051886418662531,0.009898616309704789,0.9297591261652048,1.0,True,2
RATemp,numeric,0.37829221355013454,0.09483674977332485,0.05158191162619426,0.011358470324303331,0.9213254109848616,1.0,True,3
Season,categorical,0.3219969172826624,0.0,0.0,0.0,0.31531895963666184,1.0,True,4
Air Velo,numeric,0.12182741497089464,0.0,0.0,0.0,0.06790290667662624,1.0,True,5
RH,numeric,0.06690164186702267,0.0,0.0,0.0,0.0,1.0,True,6
