Feature,Type,Univariate_Score,Perm_DeltaR2,Perm_DeltaMAE,Perm_DeltaAcc,Combined_Score,Stability_Freq,Selected,Rank
Top,numeric,0.3904563181384947,0.36296134830667565,0.21062733217825888,0.07936032354268971,1.0,1.0,True,1
MRT,numeric,0.3779183933115905,0.07936945463910049,0.05603923070579632,0.030098104007436583,0.5229700357469939,1.0,True,2
RATemp,numeric,0.3782160800199679,0.04491077083288348,0.03424385931236835,0.022558784857743746,0.4412625282529996,1.0,True,3
Season,categorical,0.3219536760873935,0.05305614313679271,0.03729701570081346,0.01777232481109717,0.38254457526059066,1.0,True,4
Air Velo,numeric,0.12183845473664434,0.016196073697291632,0.011074796293468931,0.005436370695045793,0.06819794408662033,1.0,True,5
RH,numeric,0.06669429376286053,0.0387639647755045,0.025744849945837717,0.014689422923995315,0.04088308476985285,1.0,True,6
