Feature,Type,Univariate_Score,Perm_DeltaR2,Perm_DeltaMAE,Perm_DeltaAcc,Combined_Score,Stability_Freq,Selected,Rank
Top,numeric,0.3903962876154401,0.11046247177712831,0.06009420066846444,0.015496797863859556,1.0,1.0,True,1
MRT,numeric,0.3778404744593221,0.09553661317241256,0.04979557469413322,0.008682367654424157,0.90457999788193,1.0,True,2
RATemp,numeric,0.3782328890387331,0.08952795944153683,0.048015962739104454,0.008273493939007767,0.8733596004466294,1.0,True,3
Season,categorical,0.3219087489604848,0.0,0.0,0.0,0.31533723876149755,1.0,True,4
Air Velo,numeric,0.12177096288540865,0.0,0.0,0.0,0.0677570642427264,1.0,True,5
Environment,categorical,0.10381537643479102,0.0,0.0,0.0,0.04549768743283396,1.0,True,6
RH,numeric,0.06687185196040092,0.0,0.0,0.0,0.0,1.0,True,7
