Model,RMSE,MAE,R2,Accuracy,Residual_STD,MBE,Accuracy_exact,F1_macro,Kappa,Kappa_quadratic,Kendall_tau_b,Train_Accuracy,Avg_Num_Features
catboost,0.8821935563301105,0.703450398925637,0.5031226890529875,0.4286831974537016,0.8818291655134083,-0.0020187192534244685,0.4286831974537016,0.25958131493565484,0.22812443921011205,0.636828710739973,0.5922673428982135,0.45216705141207153,7.0
xgboost,1.2536306802226076,0.9395884871482849,-0.0029536962509155275,0.3588120237915307,1.2517643824213394,-0.06454257552735038,0.3588120237915307,0.07544649564090297,0.0,0.0,,0.3588120708647523,7.0
lightgbm,0.9785966244648245,0.7767548604260635,0.38885831195936194,0.40507244444049306,0.9778900683568457,-0.029670582886095937,0.40507244444049306,0.1898008465674771,0.18299292397352615,0.5425059089874941,0.5511226033438885,0.4075592426758726,7.0
elasticnet,1.0146729582856961,0.8083453595686876,0.34296029258958505,0.3928960291141004,1.013767748946995,-0.03621680273059842,0.3928960291141004,0.1636349540003405,0.12526761931453517,0.4181557234170678,0.48747583195639893,0.3925270264590159,7.0
svr_rbf,1.0367128064441746,0.7834633979775487,0.3139647202851424,0.4092051411992378,1.0201800376607584,0.18136339579649602,0.4092051411992378,0.1433540811693502,0.13261710838958204,0.33537940228806606,0.4989396423177411,0.4099322086435414,6.0
