RMSE,MAE,R2,Accuracy,Residual_STD,MBE,Accuracy_exact,F1_macro,Kappa,Kappa_quadratic,Kendall_tau_b,Train_Accuracy,Avg_Num_Features
1.1990504339030412,0.8642295793516628,0.08311178996810464,0.3758519961051607,1.1990504235115167,-0.0001578604551501641,0.3758519961051607,0.306070334839419,0.1876091035126385,0.542071291934423,0.4586855555337898,0.3758507665270826,7.0
