RMSE,MAE,R2,Accuracy,Residual_STD,MBE,Accuracy_exact,F1_macro,Kappa,Kappa_quadratic,Kendall_tau_b,Train_Accuracy,Avg_Num_Features
0.9416002500022606,0.7621359971540114,0.43457550678535295,0.39167478091528724,0.9416002497455924,2.1985392480573337e-05,0.39167478091528724,0.2284800362078407,0.18115144909242542,0.5905566334057519,0.5508000397155457,0.39191538418224764,7.0
