RMSE,MAE,R2,Accuracy,Residual_STD,MBE,Accuracy_exact,F1_macro,Kappa,Kappa_quadratic,Kendall_tau_b,Train_Accuracy,Avg_Num_Features
0.9372654420056831,0.7293126230139382,0.4397695683062979,0.4179649464459591,0.9372654420056831,-2.5944841860763152e-17,0.4179649464459591,0.2946546998499784,0.2232087991902959,0.6223712407114856,0.5557210148378687,0.4169851021394003,7.0
