Feature,Type,Univariate_Score,Perm_DeltaR2,Perm_DeltaMAE,Perm_DeltaAcc,Combined_Score,Stability_Freq,Selected,Rank
MRT,numeric,0.3778404744593221,0.2327473391100793,0.14140542469376755,0.04673972851733639,0.8217906165431508,1.0,True,1
Season,categorical,0.3219087489604848,0.24558372334793424,0.1557970856092643,0.05996544478723058,0.8052171596358437,1.0,True,2
Top,numeric,0.3903962876154401,0.18920400450868038,0.13050448375089013,0.05412721415637568,0.7729234746576171,1.0,True,3
RATemp,numeric,0.3782328890387331,0.1868625161128437,0.11927305553660035,0.035786871982716476,0.7261426549055141,1.0,True,4
Environment,categorical,0.10381537643479102,0.20692009580733997,0.13897932518267048,0.059404638775532384,0.44767302362758227,1.0,True,5
Air Velo,numeric,0.12177096288540865,0.05783459689476609,0.037848687910647036,0.008033543647935926,0.11441109591771889,1.0,True,6
RH,numeric,0.06687185196040092,0.03621159254672074,0.03532591116217351,0.011527196177391326,0.0006571197515317868,1.0,True,7
