Feature,Type,Univariate_Score,Perm_DeltaR2,Perm_DeltaMAE,Perm_DeltaAcc,Combined_Score,Stability_Freq,Selected,Rank
MRT,numeric,0.3779183933115905,0.2518270739820569,0.15930667816946337,0.06142460730243121,0.9038789421035383,1.0,True,1
Top,numeric,0.3904563181384947,0.2199879470879309,0.14487867296611212,0.04949644025988522,0.8552359069673112,1.0,True,2
RATemp,numeric,0.3782160800199679,0.19394692907969274,0.13741633164140943,0.06516077854929353,0.8075226681539178,1.0,True,3
Season,categorical,0.3219536760873935,0.1281032240738382,0.09492610073250696,0.054934885453124735,0.5733323446330306,1.0,True,4
RH,numeric,0.06669429376286053,0.11962803234200718,0.08001637413964285,0.0344877421853159,0.2394214959863333,1.0,True,5
Air Velo,numeric,0.12183845473664434,0.03729317796796279,0.029434839110731952,0.010387210027136403,0.06819794408662033,1.0,True,6
