Feature,Type,Univariate_Score,Perm_DeltaR2,Perm_DeltaMAE,Perm_DeltaAcc,Combined_Score,Stability_Freq,Selected,Rank
Top,numeric,0.3904563181384947,0.10686968107786239,0.057768163902205336,0.01582358072218222,0.9783175812379195,1.0,True,1
MRT,numeric,0.3779183933115905,0.09723329799158675,0.05126530699013314,0.009332772230964759,0.9121428782542914,1.0,True,2
RATemp,numeric,0.3782160800199679,0.0883905081880689,0.047470341042296096,0.011524825322312814,0.8636729280221344,1.0,True,3
Season,categorical,0.3219536760873935,0.0,0.0,0.0,0.3153947876290178,1.0,True,4
Air Velo,numeric,0.12183845473664434,0.0,0.0,0.0,0.06819794408662033,1.0,True,5
RH,numeric,0.06669429376286053,0.0,0.0,0.0,0.0,1.0,True,6
