RMSE,MAE,R2,Accuracy,Residual_STD,MBE,Accuracy_exact,F1_macro,Kappa,Kappa_quadratic,Kendall_tau_b,Train_Accuracy,Avg_Num_Features
0.902425312414164,0.7190784892072478,0.48064535034135847,0.4116358325219085,0.902425312414164,-1.5566905116457892e-17,0.4116358325219085,0.24368736588273648,0.20827619092044636,0.6156263051570214,0.5765805491627596,0.4126188761554214,7.0
