RMSE,MAE,R2,Accuracy,Residual_STD,MBE,Accuracy_exact,F1_macro,Kappa,Kappa_quadratic,Kendall_tau_b,Train_Accuracy,Avg_Num_Features
0.9618885089802985,0.7832606584085859,0.4099470849500514,0.3758519961051607,0.9618885089802985,1.729656124050877e-17,0.3758519961051607,0.21559473649184793,0.1560902382869186,0.5698338720239238,0.5371329778758419,0.3758510628839674,7.0
