Model,RMSE,MAE,R2,Accuracy,Residual_STD,MBE,Accuracy_exact,F1_macro,Kappa,Kappa_quadratic,Kendall_tau_b,Train_Accuracy,Avg_Num_Features
catboost,0.9046100289117293,0.7213026961019455,0.4774643702637345,0.42429563377401597,0.9040874182909544,0.0005932778627333491,0.42429563377401597,0.2573466776346419,0.2226438421036784,0.6181762054290341,0.5756881643648255,0.45667017433994117,6.0
xgboost,0.9031578433170344,0.7185099840164184,0.4792292356491089,0.4230790887618506,0.9026080822749616,0.0008257657425878508,0.4230790887618506,0.24535436622965098,0.21765149934460198,0.6124691881897477,0.5773703534649176,0.4743795297545191,6.0
lightgbm,0.9243750656384586,0.728913499498546,0.45424519613857994,0.41772391985324403,0.9238036518476983,4.911408431854392e-05,0.41772391985324403,0.2963045955653485,0.22042410209211155,0.6216863352700823,0.5597355029710404,0.5231866029718134,6.0
elasticnet,1.0123837057165015,0.8013726743208954,0.34595871857002086,0.39557272449774916,1.0121829353419125,5.0897665229446626e-05,0.39557272449774916,0.16044432056847763,0.12352109753656806,0.3944052968016737,0.4774127666257749,0.3949003442432897,6.0
svr_rbf,0.9455370058363703,0.7270639169021947,0.428921922002484,0.4262480329311771,0.9414071073634626,0.08348581443663582,0.4262480329311771,0.24860116305032162,0.21813587725687392,0.5850821335819232,0.5596068849200722,0.44601987097218593,6.0
