RMSE,MAE,R2,Accuracy,Residual_STD,MBE,Accuracy_exact,F1_macro,Kappa,Kappa_quadratic,Kendall_tau_b,Train_Accuracy,Avg_Num_Features
0.8783640406429335,0.694650600146258,0.5079711333979315,0.43743914313534565,0.8783640406429335,-3.891726279114473e-17,0.43743914313534565,0.270338335499048,0.23984986583496504,0.6415930070170794,0.5942349510778091,0.43743935797244476,7.0
