Feature,Type,Univariate_Score,Perm_DeltaR2,Perm_DeltaMAE,Perm_DeltaAcc,Combined_Score,Stability_Freq,Selected,Rank
MRT,numeric,0.3779183933115905,0.24580888770127554,0.1564091213617393,0.06248161352493793,0.9104304887472161,1.0,True,1
Top,numeric,0.3904563181384947,0.2078448070887516,0.14142745940641194,0.053637533797033066,0.8472701802379236,1.0,True,2
RATemp,numeric,0.3782160800199679,0.19816108333291274,0.13678805473769023,0.06337700645959224,0.8271622714534559,1.0,True,3
Season,categorical,0.3219536760873935,0.13161542973935425,0.09569136190321537,0.048120257672432776,0.5834511144006828,1.0,True,4
RH,numeric,0.06669429376286053,0.11510974328271646,0.07992784037948633,0.0353817521211744,0.22959599430457076,1.0,True,5
Air Velo,numeric,0.12183845473664434,0.0360049533425868,0.029091800910945393,0.01347139612740579,0.06819794408662033,1.0,True,6
