Feature,Type,Univariate_Score,Perm_DeltaR2,Perm_DeltaMAE,Perm_DeltaAcc,Combined_Score,Stability_Freq,Selected,Rank
Top,numeric,0.3904563181384947,0.17384552909553627,0.10690536306712577,0.04771059367199022,1.0,1.0,True,1
MRT,numeric,0.3779183933115905,0.08708778614535252,0.05867037050793489,0.030506681365968142,0.6527339351411182,1.0,True,2
Season,categorical,0.3219536760873935,0.10174648824280523,0.06361723044910642,0.026862479539026735,0.6462677212267582,1.0,True,3
RATemp,numeric,0.3782160800199679,0.07875380080808637,0.0536363110315918,0.03765214221574188,0.6211571261555494,1.0,True,4
RH,numeric,0.06669429376286053,0.044595775784094835,0.025431486506834966,0.012903773907356853,0.10753931122485963,1.0,True,5
Air Velo,numeric,0.12183845473664434,0.01669948431449917,0.008403175017146106,0.009735224880543469,0.06819794408662033,1.0,True,6
