Feature,Type,Univariate_Score,Perm_DeltaR2,Perm_DeltaMAE,Perm_DeltaAcc,Combined_Score,Stability_Freq,Selected,Rank
Top,numeric,0.3903962876154401,0.43701763615657185,0.25091709458928435,0.08584569882435225,1.0,1.0,True,1
MRT,numeric,0.3778404744593221,0.07747081815876927,0.05326762630881854,0.01931249154148059,0.4801959642902894,1.0,True,2
RATemp,numeric,0.3782328890387331,0.03939174203343075,0.03018266901180791,0.013220875774108886,0.4244695001634763,1.0,True,3
Season,categorical,0.3219087489604848,0.07208487059214067,0.051597100537473385,0.02279843879193081,0.40219593135676135,1.0,True,4
Environment,categorical,0.10381537643479102,0.10554394141661427,0.07343492326524334,0.04170887282634574,0.182752765718317,1.0,True,5
Air Velo,numeric,0.12177096288540865,0.01101272312229246,0.007408012393600909,0.006732833280483031,0.06872024509742056,1.0,True,6
RH,numeric,0.06687185196040092,0.01323483634640032,0.010248271207896583,0.011116149178152972,0.0035583169628541625,1.0,True,7
