RMSE,MAE,R2,Accuracy,Residual_STD,MBE,Accuracy_exact,F1_macro,Kappa,Kappa_quadratic,Kendall_tau_b,Train_Accuracy,Avg_Num_Features
0.9218777373159487,0.7233905703560283,0.4580139087565911,0.4208860759493671,0.9218777373159487,-2.14044945351296e-17,0.4208860759493671,0.3046068729102795,0.2275655959290297,0.6344160366882655,0.5627968503939805,0.42258861811748183,7.0
