Feature,Type,Univariate_Score,Perm_DeltaR2,Perm_DeltaMAE,Perm_DeltaAcc,Combined_Score,Stability_Freq,Selected,Rank
MRT,numeric,0.3779183933115905,0.2557681817833547,0.16287683574444878,0.06467238240311846,0.8972680483815374,1.0,True,1
Top,numeric,0.3904563181384947,0.2182879520089291,0.14285675277898188,0.04690321873212598,0.8491727682103096,1.0,True,2
RATemp,numeric,0.3782160800199679,0.20320738839048008,0.14048881707405264,0.0664608962029768,0.8143189841943158,1.0,True,3
Season,categorical,0.3219536760873935,0.11848413168708209,0.08823428850112,0.05136684734558078,0.5252654588466825,1.0,True,4
RH,numeric,0.06669429376286053,0.11535158231433243,0.08211965748193403,0.038872638653038194,0.20975083265643507,1.0,True,5
Air Velo,numeric,0.12183845473664434,0.039673913198669766,0.030626662615517886,0.010630123887056406,0.06819794408662033,1.0,True,6
