RMSE,MAE,R2,Accuracy,Residual_STD,MBE,Accuracy_exact,F1_macro,Kappa,Kappa_quadratic,Kendall_tau_b,Train_Accuracy,Avg_Num_Features
0.8829107633602132,0.6989015098207312,0.502864119038484,0.44474196689386564,0.8829107633602132,-5.534899596962806e-17,0.44474196689386564,0.26716032242707793,0.24806968923400963,0.6409295141393792,0.6007204441922126,0.4444950226861195,7.0
