Feature,Type,Univariate_Score,Perm_DeltaR2,Perm_DeltaMAE,Perm_DeltaAcc,Combined_Score,Stability_Freq,Selected,Rank
Top,numeric,0.3904563181384947,0.19558207194010419,0.12215520938237508,0.04950167589818363,0.9859028698813368,1.0,True,1
MRT,numeric,0.3779183933115905,0.09642806450525919,0.06850463151931763,0.029532556285581334,0.6623413296296217,1.0,True,2
RATemp,numeric,0.3782160800199679,0.05047511259714762,0.03781703313191732,0.023614704438339483,0.49385045697588453,1.0,True,3
Season,categorical,0.3219536760873935,0.04810294707616171,0.03285852670669556,0.014606838138760214,0.41587912169124863,1.0,True,4
Air Velo,numeric,0.12183845473664434,0.017472668488820394,0.010265858968098956,0.004217948755943191,0.06907201208099914,1.0,True,5
RH,numeric,0.06669429376286053,0.028803952534993488,0.01659779946009318,0.008762877941465559,0.038388042727601754,1.0,True,6
