RMSE,MAE,R2,Accuracy,Residual_STD,MBE,Accuracy_exact,F1_macro,Kappa,Kappa_quadratic,Kendall_tau_b,Train_Accuracy,Avg_Num_Features
0.9415669851422082,0.7621287529727352,0.43461545672036794,0.39021421616358326,0.9415669851422082,-6.9186244962035074e-18,0.39021421616358326,0.22675881776599807,0.17886593212139035,0.5895450477727824,0.5497828346181056,0.3906994318838518,7.0
