Feature,Type,Univariate_Score,Perm_DeltaR2,Perm_DeltaMAE,Perm_DeltaAcc,Combined_Score,Stability_Freq,Selected,Rank
Top,numeric,0.3903962876154401,0.18065264277535562,0.10981325919592418,0.040567997605436376,1.0,1.0,True,1
RATemp,numeric,0.3782328890387331,0.10932915244142079,0.06926323552661855,0.03561893641465465,0.7426233149201671,1.0,True,2
Season,categorical,0.3219087489604848,0.10614778446886901,0.06723498166574837,0.023293453575200056,0.659849418566186,1.0,True,3
MRT,numeric,0.3778404744593221,0.06698732497032157,0.04587179637164917,0.02669928568112196,0.5952180130497496,1.0,True,4
Environment,categorical,0.10381537643479102,0.09550135999106817,0.06577661754011195,0.036597901990826756,0.3534435209943872,1.0,True,5
Air Velo,numeric,0.12177096288540865,0.019755789033916105,0.012362483882430528,0.006005277128262265,0.09278312171094356,1.0,True,6
RH,numeric,0.06687185196040092,0.015463886100169532,0.008979953387375495,0.006734710207420176,0.0081703958243774,1.0,True,7
