Feature,Type,Univariate_Score,Perm_DeltaR2,Perm_DeltaMAE,Perm_DeltaAcc,Combined_Score,Stability_Freq,Selected,Rank
Top,numeric,0.3904563181384947,0.19835846424102782,0.12385703722635903,0.051857416775577814,0.9837529152527905,1.0,True,1
MRT,numeric,0.3779183933115905,0.09442555904388429,0.06598018010457357,0.032375804238496154,0.6507091949050835,1.0,True,2
RATemp,numeric,0.3782160800199679,0.055924181143442796,0.04311162233352661,0.027020536544261387,0.5045953820573118,1.0,True,3
Season,categorical,0.3219536760873935,0.04295186599095663,0.03038473129272461,0.018340440959287475,0.39410536377869965,1.0,True,4
Air Velo,numeric,0.12183845473664434,0.01878349383672078,0.011668082078297932,0.005680173625620252,0.06819794408662033,1.0,True,5
RH,numeric,0.06669429376286053,0.028982861836751306,0.016361725330352784,0.00835756050866695,0.03334929318305283,1.0,True,6
