Feature,Type,Univariate_Score,Perm_DeltaR2,Perm_DeltaMAE,Perm_DeltaAcc,Combined_Score,Stability_Freq,Selected,Rank
MRT,numeric,0.377977219324747,0.24005261765209948,0.1569954738155282,0.06296931817171511,0.9346930999458858,1.0,True,1
Top,numeric,0.3904837324892393,0.21315063738172085,0.14391888797529032,0.05582612939139163,0.8851322419353627,1.0,True,2
RATemp,numeric,0.37829221355013454,0.1792304412846855,0.12428685620776622,0.05095145377869846,0.7632759351258132,1.0,True,3
Season,categorical,0.3219969172826624,0.14083904191487032,0.0997557692175612,0.052415753146569224,0.6035124367196215,1.0,True,4
RH,numeric,0.06690164186702267,0.12042560078273298,0.0817390702766162,0.03480790640654434,0.21550515465628842,1.0,True,5
Air Velo,numeric,0.12182741497089464,0.04267221552509613,0.029558567997439923,0.011683672612573633,0.06790290667662624,1.0,True,6
