Model,RMSE,MAE,R2,Accuracy,Residual_STD,MBE,Train_Accuracy,Avg_Num_Features
catboost,0.8951033736210441,0.7143549055956538,0.48724321493323464,0.4306210751235067,0.8934205013286523,-0.0010643501271420635,0.46926726415001757,6.0
xgboost,0.8947975467988618,0.7103616833686829,0.48779762983322145,0.4323266089956169,0.8929285972443062,-0.0037870458265997498,0.4816826314252591,6.0
lightgbm,0.9101783238704719,0.7197828996141737,0.46971921738934286,0.42039735531115985,0.9085367616739399,-0.00012950383870061476,0.523977727416568,6.0
elasticnet,1.01304998834238,0.8016824726303631,0.344356801035532,0.39338383254650583,1.0115453018180471,-1.540624058447848e-05,0.3939876764198254,6.0
svr_rbf,0.9401576298999578,0.7222236371762812,0.43483674078224704,0.4289170230358207,0.9349780251585829,0.08281695911312208,0.44784622503560295,6.0
