feature,importance
xgboost,0.4994655715212567
catboost,0.25517925383168355
elasticnet,0.10336051472979728
lightgbm,0.09376706929340148
svr_rbf,0.04822759062386109
