RMSE,MAE,R2,Accuracy,Residual_STD,MBE
0.9038161427276169,0.7190695563333913,0.47904324362752415,0.4252677702044791,0.9038151046040387,-0.001369870292640031
