RMSE,MAE,R2,Accuracy,Residual_STD,MBE
0.8939516465389352,0.7102804758126046,0.4903529151475141,0.43670886075949367,0.893951218299391,-0.0008750146900863647
