Feature,Type,Univariate_Score,Perm_DeltaR2,Perm_DeltaMAE,Perm_DeltaAcc,Combined_Score,Stability_Freq,Selected,Rank
Top,numeric,0.3904563181384947,0.3784104910272694,0.21431433510874792,0.07295071683791154,1.0,1.0,True,1
MRT,numeric,0.3779183933115905,0.07995975813747976,0.05545103505569253,0.027986956345643004,0.5182540108625817,1.0,True,2
RATemp,numeric,0.3782160800199679,0.04258565613231048,0.034293436526781726,0.027992587126454492,0.436014849276813,1.0,True,3
Season,categorical,0.3219536760873935,0.050512829904747945,0.03490083515823662,0.01322640776929208,0.3775653845448537,1.0,True,4
Air Velo,numeric,0.12183845473664434,0.01719534902578724,0.013695633204600885,0.010389679667843196,0.06827061953175503,1.0,True,5
RH,numeric,0.06669429376286053,0.0368090731556009,0.02265840474042339,0.01038730881276468,0.03915428914773854,1.0,True,6
