Feature,Type,Univariate_Score,Perm_DeltaR2,Perm_DeltaMAE,Perm_DeltaAcc,Combined_Score,Stability_Freq,Selected,Rank
Top,numeric,0.3904563181384947,0.10585521686509283,0.05679337976990421,0.0179368028821695,0.987150366899812,1.0,True,1
MRT,numeric,0.3779183933115905,0.10007819813556758,0.05189390814896614,0.010467621528549544,0.9387982308852025,1.0,True,2
RATemp,numeric,0.3782160800199679,0.08995966873397428,0.05051254290403554,0.012740876406336907,0.8836160387742471,1.0,True,3
Season,categorical,0.3219536760873935,0.0,0.0,0.0,0.3153947876290178,1.0,True,4
Air Velo,numeric,0.12183845473664434,0.0,0.0,0.0,0.06819794408662033,1.0,True,5
RH,numeric,0.06669429376286053,0.0,0.0,0.0,0.0,1.0,True,6
