RMSE,MAE,R2,Accuracy,Residual_STD,MBE,Accuracy_exact,F1_macro,Kappa,Kappa_quadratic,Kendall_tau_b,Train_Accuracy,Avg_Num_Features
0.9183596108213883,0.735539482792371,0.46214273663271,0.41212268743914315,0.9183596108213883,1.2107592868356138e-17,0.41212268743914315,0.22260171146774077,0.1964827644410161,0.582222746258449,0.5670702309071262,0.40117712954648505,7.0
