RMSE,MAE,R2,Accuracy,Residual_STD,MBE,Accuracy_exact,F1_macro,Kappa,Kappa_quadratic,Kendall_tau_b,Train_Accuracy,Avg_Num_Features
0.961553626629105,0.7829245395873813,0.41035786833848276,0.374634858812074,0.961553626629105,-6.9186244962035074e-18,0.374634858812074,0.21455829347959138,0.15474923205452817,0.5687485596522915,0.5359904087461661,0.3746336288011475,7.0
