Feature,Type,Univariate_Score,Perm_DeltaR2,Perm_DeltaMAE,Perm_DeltaAcc,Combined_Score,Stability_Freq,Selected,Rank
Top,numeric,0.3904563181384947,0.16258045083175168,0.10089177644225836,0.04202923461883071,1.0,1.0,True,1
MRT,numeric,0.3779183933115905,0.0871726867556023,0.05979545600041125,0.03472947061769664,0.6685864988663311,1.0,True,2
Season,categorical,0.3219536760873935,0.10169750127175485,0.06472213371829884,0.03051191700426654,0.6656011038205925,1.0,True,3
RATemp,numeric,0.3782160800199679,0.08292963075350504,0.05827614023252814,0.04016643402651207,0.6563283026558682,1.0,True,4
RH,numeric,0.06669429376286053,0.046564038323341723,0.026736958771222685,0.014606838138760214,0.12219770092607991,1.0,True,5
Air Velo,numeric,0.12183845473664434,0.01699117334787859,0.00911126250496994,0.011683672612573621,0.06819794408662033,1.0,True,6
