Feature,Type,Univariate_Score,Perm_DeltaR2,Perm_DeltaMAE,Perm_DeltaAcc,Combined_Score,Stability_Freq,Selected,Rank
Top,numeric,0.3904563181384947,0.10373439200669306,0.05500931807594604,0.012902983622330704,0.9753095354184177,1.0,True,1
MRT,numeric,0.3779183933115905,0.10126920327941102,0.053265314831106844,0.009574599448973767,0.9458971365823018,1.0,True,2
RATemp,numeric,0.3782160800199679,0.08846860694413738,0.048575122624331876,0.011118618818859768,0.8764438661181444,1.0,True,3
Season,categorical,0.3219536760873935,0.0,0.0,0.0,0.3153947876290178,1.0,True,4
Air Velo,numeric,0.12183845473664434,0.0,0.0,0.0,0.06819794408662033,1.0,True,5
RH,numeric,0.06669429376286053,0.0,0.0,0.0,0.0,1.0,True,6
