RMSE,MAE,R2,Accuracy,Residual_STD,MBE,Accuracy_exact,F1_macro,Kappa,Kappa_quadratic,Kendall_tau_b,Train_Accuracy,Avg_Num_Features
0.8838085499783621,0.6964756703345422,0.5018525811100953,0.43378773125608566,0.8838085499783621,3.891726279114473e-18,0.43378773125608566,0.2677985212661413,0.23604081875772798,0.6404562298174519,0.5920807547664895,0.4337926865047965,7.0
