Feature,Type,Univariate_Score,Perm_DeltaR2,Perm_DeltaMAE,Perm_DeltaAcc,Combined_Score,Stability_Freq,Selected,Rank
Top,numeric,0.3904837324892393,0.2620770494143168,0.1622346123059591,0.06994071874447419,1.0,1.0,True,1
MRT,numeric,0.377977219324747,0.08384123643239341,0.058763766288757326,0.031077365940493512,0.5425563088011346,1.0,True,2
RATemp,numeric,0.37829221355013454,0.04416794776916504,0.03434926668802897,0.030106006857698313,0.43964182961793535,1.0,True,3
Season,categorical,0.3219969172826624,0.05283827384312947,0.03663625319798787,0.021828363922303123,0.39166191438399633,1.0,True,4
Air Velo,numeric,0.12182741497089464,0.02437378168106079,0.014021309216817221,0.007222711211082163,0.06894589502596908,1.0,True,5
RH,numeric,0.06690164186702267,0.034069716930389404,0.021239586671193442,0.013310671910207812,0.027691227357482046,1.0,True,6
