RMSE,MAE,R2,Accuracy,Residual_STD,MBE,Accuracy_exact,F1_macro,Kappa,Kappa_quadratic,Kendall_tau_b
0.8828882845703508,0.7037223309969194,0.5028894327422189,0.42843232716650437,0.8828880815289606,-0.000598770146501685,0.42843232716650437,0.2596106677512144,0.22781021436756033,0.6364570673683115,0.5898141628754744
