Environment,friedman_chi2,friedman_p
Classroom,40.11,6.901054705454486e-05
Hostel,155.67,4.0062446968606525e-27
Workshop or laboratory,147.38,1.9263752174715623e-25
