RMSE,MAE,R2,Accuracy,Residual_STD,MBE,Train_Accuracy,Avg_Num_Features
0.9766548516900311,0.7684814248484484,0.43840192156808255,0.40404624277456647,0.9766548516900311,2.6183294453587506e-17,0.40404624277456647,7.0
