feature,importance
catboost,0.641487616244653
elasticnet,0.2786105644617626
svr_rbf,0.039978746277044376
lightgbm,0.03992307301653987
xgboost,0.0
