RMSE,MAE,R2,Accuracy,Residual_STD,MBE,Train_Accuracy,Avg_Num_Features
1.0406257856680952,0.8067628355826428,0.36242312666153476,0.3936416184971098,1.0406257856680952,-1.4375142052950003e-17,0.392485549132948,6.0
