RMSE,MAE,R2,Accuracy,Residual_STD,MBE,Train_Accuracy,Avg_Num_Features
0.9728624084314346,0.7636356917857187,0.4427549305750619,0.40867052023121386,0.9728624084314346,2.4643100662200006e-17,0.40751445086705196,7.0
