RMSE,MAE,R2,Accuracy,Residual_STD,MBE,Accuracy_exact,F1_macro,Kappa,Kappa_quadratic,Kendall_tau_b,Train_Accuracy,Avg_Num_Features
0.9882227340592902,0.7891805598906668,0.42501956024294607,0.3953757225433526,0.9882227340592902,1.4375142052950003e-17,0.3953757225433526,0.24483806246265002,0.20171270162535493,0.5995762366222919,0.5330790647692991,0.3942196531791907,7.0
