Feature,Type,Univariate_Score,Perm_DeltaR2,Perm_DeltaMAE,Perm_DeltaAcc,Combined_Score,Stability_Freq,Selected,Rank
Top,numeric,0.3975279257185437,0.29776331672472733,0.17959850924134255,0.06936416184971098,0.9282678511018947,1.0,True,1
RATemp,numeric,0.37282339494434935,0.05270670599609745,0.03493695692444905,0.010982658959537562,0.5440779887009127,1.0,True,2
MRT,numeric,0.3473739839668494,0.01776921036662258,0.01275053448129213,0.010597302504816943,0.39574683309093417,1.0,True,3
Clothing,categorical,0.28997304150802694,0.009083615283830688,0.006202039430803034,0.0038535645472061605,0.30618208715819833,1.0,True,4
Season,categorical,0.27171269452547675,0.008896364227975342,0.006376678879675109,0.005780346820809246,0.2874931042799279,1.0,True,5
Air Velo,numeric,0.1088656740864341,0.019608366555549667,0.019905482043983798,0.015028901734104035,0.1420333393939846,1.0,True,6
RH,numeric,0.0006633987051930409,0.01921836554899837,0.018134000921609876,0.015606936416184963,0.03745681043370785,0.6,True,7
Activity,categorical,0.0039048364748786334,0.0012058758092514297,0.000987678239575781,0.0036608863198458507,0.006828101604100585,0.4,False,8
