RMSE,MAE,R2,Accuracy,Residual_STD,MBE,Train_Accuracy,Avg_Num_Features
1.0437377282674718,0.8235599302100517,0.35860413746712294,0.37052023121387284,1.0437377220294057,0.00011411314258507132,0.3722543352601156,7.0
