Feature,Type,Univariate_Score,Perm_DeltaR2,Perm_DeltaMAE,Perm_DeltaAcc,Combined_Score,Stability_Freq,Selected,Rank
Top,numeric,0.3975279257185437,0.1797806068157185,0.114910656611413,0.049518304431599235,0.9930154603024526,1.0,True,1
RATemp,numeric,0.37282339494434935,0.16426736055041724,0.1095326190030653,0.050481695568400785,0.9206303328881725,1.0,True,2
MRT,numeric,0.3473739839668494,0.015287695321280825,0.006686225438966324,0.009055876685934494,0.4004781545838956,1.0,True,3
Clothing,categorical,0.28997304150802694,0.0,0.0,0.0,0.29160896741165254,1.0,True,4
Season,categorical,0.27171269452547675,0.0,0.0,0.0,0.2731408455774154,1.0,True,5
Air Velo,numeric,0.1088656740864341,0.0,0.0,0.0,0.10906126227069031,1.0,True,6
Activity,categorical,0.0039048364748786334,0.0,0.0,0.0,0.003292703668585341,1.0,True,7
RH,numeric,0.0006633987051930409,0.0,0.0,0.0,0.0,0.0,False,8
