Feature,Type,Univariate_Score,Perm_DeltaR2,Perm_DeltaMAE,Perm_DeltaAcc,Combined_Score,Stability_Freq,Selected,Rank
Top,numeric,0.3975279257185437,0.24270215034484863,0.15989927450815838,0.07148362235067438,1.0,1.0,True,1
RATemp,numeric,0.37282339494434935,0.09806251128514608,0.06900933583577475,0.03217726396917148,0.6358834470343997,1.0,True,2
MRT,numeric,0.3473739839668494,0.01639735698699951,0.011918767293294271,0.013294797687861269,0.3932282729345039,1.0,True,3
Clothing,categorical,0.28997304150802694,0.003381979465484619,0.0018988490104675294,0.003082851637764931,0.3017176782724318,1.0,True,4
Season,categorical,0.27171269452547675,0.005940469106038412,0.004115760326385498,0.003275529865125237,0.2879929852578069,1.0,True,5
Air Velo,numeric,0.1088656740864341,0.020311482747395835,0.015257604916890464,0.015606936416184963,0.16132388860910285,1.0,True,6
RH,numeric,0.0006633987051930409,0.008300876617431641,0.0068726778030395504,0.012138728323699425,0.021714615951782933,1.0,True,7
Activity,categorical,0.0039048364748786334,8.585453033447266e-05,0.00011006593704223632,0.0017341040462427715,0.0033620625482368533,0.0,False,8
