feature,importance
catboost,0.6088111578451083
elasticnet,0.2363182027460902
xgboost,0.15110841665208447
svr_rbf,0.0037622227567170375
lightgbm,0.0
