Feature,Type,Univariate_Score,Perm_DeltaR2,Perm_DeltaMAE,Perm_DeltaAcc,Combined_Score,Stability_Freq,Selected,Rank
Top,numeric,0.06833100609793122,0.053624483912326756,0.03118122198763118,0.025101513473606486,0.595000610860948,1.0,True,1
Clothing,categorical,0.36107642774840565,0.014990584752152553,0.005572856730416838,0.01111111111111111,0.5602669530003521,1.0,True,2
RH,numeric,0.0027651772560393123,0.02658084043233746,0.01472465901409071,0.011037283130306379,0.3774950694675671,1.0,True,3
MRT,numeric,0.041044797892478044,0.026388652687464542,0.014476109058960898,0.018936877076411958,0.3712001979101146,1.0,True,4
Air Velo,numeric,0.017172946142886843,0.01829109712570569,0.00869915225912831,0.009376153562200068,0.31464470799090316,1.0,True,5
RATemp,numeric,0.018579672702628686,0.015656313855968506,0.013333122378263918,0.023698781838316706,0.19669513489978468,1.0,True,6
Season,categorical,0.0,9.621932880084692e-17,0.0,0.0,4.713726559388087e-16,0.8,True,7
Activity,categorical,0.0,8.141635513917815e-17,0.0,0.0,3.514138440162164e-16,0.2,False,8
