Feature,Type,Univariate_Score,Perm_DeltaR2,Perm_DeltaMAE,Perm_DeltaAcc,Combined_Score,Stability_Freq,Selected,Rank
Top,numeric,0.06833100609793122,0.010869057490832031,0.005726384145266524,0.0,0.41029975511567274,1.0,True,1
Clothing,categorical,0.36107642774840565,0.0,0.0,0.0,0.4,1.0,True,2
MRT,numeric,0.041044797892478044,0.00349978298119602,0.0018385239505104144,0.0,0.308677191205045,1.0,True,3
RATemp,numeric,0.018579672702628686,0.0,0.0,0.0,0.02175633205242011,1.0,True,4
Air Velo,numeric,0.017172946142886843,0.0,0.0,0.0,0.01938760078651162,1.0,True,5
RH,numeric,0.0027651772560393123,0.0,0.0,0.0,0.0030403376133505368,1.0,True,6
Season,categorical,0.0,0.0,0.0,0.0,0.0,1.0,True,7
Activity,categorical,0.0,0.0,0.0,0.0,0.0,0.0,False,8
