RMSE,MAE,R2,Accuracy,Residual_STD,MBE,Accuracy_exact,F1_macro,Kappa,Kappa_quadratic,Kendall_tau_b,Train_Accuracy,Avg_Num_Features
1.0406471339223238,0.8067987783432713,0.36239696683927214,0.3936416184971098,1.0406471339223238,6.160775165550002e-18,0.3936416184971098,0.28242516403786433,0.19957605233804154,0.5795630895900146,0.5190970553229226,0.392485549132948,6.0
