Feature,Type,Univariate_Score,Perm_DeltaR2,Perm_DeltaMAE,Perm_DeltaAcc,Combined_Score,Stability_Freq,Selected,Rank
Top,numeric,0.3975279257185437,0.167248245287555,0.11495090238362901,0.05973025048169557,0.9721953752297786,1.0,True,1
RATemp,numeric,0.37282339494434935,0.12251132594294181,0.09098154231250356,0.05472061657032756,0.8107051156992314,1.0,True,2
MRT,numeric,0.3473739839668494,0.03971078325672421,0.027156653627860194,0.014450867052023123,0.48775237034361973,1.0,True,3
Season,categorical,0.27171269452547675,0.020384191429208325,0.012223822384107826,0.0046242774566474035,0.34025614624601835,1.0,True,4
Clothing,categorical,0.28997304150802694,0.0010694816884809183,0.0014834813727748974,0.0023121387283236983,0.2928402616825022,1.0,True,5
Air Velo,numeric,0.1088656740864341,0.023558134848577446,0.014813825364064628,0.011946050096339119,0.18743782620336238,1.0,True,6
RH,numeric,0.0006633987051930409,0.009319420313819174,0.00829472084580043,0.007707129094412328,0.030501318461876748,1.0,True,7
Activity,categorical,0.0039048364748786334,0.001865460451579115,0.0018414270660888966,0.003853564547206171,0.00738106671224831,0.0,False,8
