RMSE,MAE,R2,Accuracy,Residual_STD,MBE
0.9704332331275802,0.7687382277778955,0.44553426702668475,0.39710982658959537,0.9704328436934302,0.0008693903214203426
