Feature,Type,Univariate_Score,Perm_DeltaR2,Perm_DeltaMAE,Perm_DeltaAcc,Combined_Score,Stability_Freq,Selected,Rank
Top,numeric,0.3975279257185437,0.1884657628912257,0.12678483018576142,0.05684007707129095,1.0,1.0,True,1
RATemp,numeric,0.37282339494434935,0.11588468776055291,0.08366879443486705,0.04296724470134876,0.7620591904731286,1.0,True,2
MRT,numeric,0.3473739839668494,0.03626809702191803,0.02368326826020005,0.01502890173410405,0.46496444684640065,1.0,True,3
Season,categorical,0.27171269452547675,0.023673434821597377,0.013375569333513308,0.007514450867052025,0.34804614418215984,1.0,True,4
Clothing,categorical,0.28997304150802694,0.001573082522194643,0.0015956970027840873,0.0011560693641618491,0.29314701695544365,1.0,True,5
Air Velo,numeric,0.1088656740864341,0.02194046630641176,0.012876485450957067,0.010211946050096343,0.1757709743665674,1.0,True,6
RH,numeric,0.0006633987051930409,0.009962055232496684,0.008365910783444716,0.011753371868978813,0.027873823047664597,0.8,True,7
Activity,categorical,0.0039048364748786334,0.0033953242297283916,0.0026976413531060324,0.004816955684007706,0.010371322905050124,0.2,False,8
