RMSE,MAE,R2,Accuracy,Residual_STD,MBE,Train_Accuracy,Avg_Num_Features
1.0374178257626445,0.8083404615207579,0.3663480120457734,0.37976878612716763,1.0374178257626445,-1.2321550331100003e-17,0.38034682080924853,7.0
