Model,RMSE,MAE,R2,Accuracy,Residual_STD,MBE,Train_Accuracy,Avg_Num_Features
catboost,0.9697669234648568,0.7697989504057683,0.44376064849018154,0.39710982658959537,0.9692441222497072,-0.00035465708174315936,0.41893063583815027,7.0
xgboost,0.9821063413755182,0.7781746029853821,0.4295108437538147,0.39537572254335257,0.9816311020651647,0.006564137874967876,0.4632947976878613,7.0
lightgbm,1.0880697121969385,0.8647067682938194,0.2978755454855801,0.3508670520231214,1.0874655909126738,0.0071783715099099695,0.7031791907514451,6.0
elasticnet,1.0056039375546983,0.8046623021486965,0.40198925472639624,0.3872832369942197,1.0053075673469902,-0.0005010597375559797,0.39060693641618494,7.0
svr_rbf,1.0552339296511746,0.8273928559703059,0.34135478739719516,0.377456647398844,1.0538858280031396,0.029666283119879355,0.5723988439306359,7.0
