feature,importance
catboost,0.7131147988854154
elasticnet,0.2247848176819525
xgboost,0.054536561843898324
svr_rbf,0.005447116009710602
lightgbm,0.0021167055790231944
