Feature,Type,Univariate_Score,Perm_DeltaR2,Perm_DeltaMAE,Perm_DeltaAcc,Combined_Score,Stability_Freq,Selected,Rank
Top,numeric,0.3975279257185437,0.16467980302589927,0.11391395602695953,0.05298651252408478,0.994949898387182,1.0,True,1
RATemp,numeric,0.37282339494434935,0.12039707663846595,0.08889531809388027,0.050096339113680166,0.8394753094219679,1.0,True,2
MRT,numeric,0.3473739839668494,0.04091876478417167,0.02776601765603378,0.016955684007707132,0.5018736847937573,1.0,True,3
Season,categorical,0.27171269452547675,0.021483967116381585,0.012620346063335303,0.005009633911368027,0.34500992275493625,1.0,True,4
Clothing,categorical,0.28997304150802694,0.001372571279737104,0.0017582961801164258,0.0025048169556840085,0.29160896741165254,1.0,True,5
Air Velo,numeric,0.1088656740864341,0.020627264973760443,0.012063073103017987,0.007321772639691718,0.18235219118457158,1.0,True,6
RH,numeric,0.0006633987051930409,0.009152227886415542,0.008202927303956302,0.013294797687861275,0.02879353294454954,1.0,True,7
Activity,categorical,0.0039048364748786334,0.002920665829423526,0.002161929787021507,0.004816955684007706,0.008566381849512686,0.0,False,8
