RMSE,MAE,R2,Accuracy,Residual_STD,MBE,Accuracy_exact,F1_macro,Kappa,Kappa_quadratic,Kendall_tau_b,Train_Accuracy,Avg_Num_Features
0.9728624084314346,0.7636356917857187,0.4427549305750619,0.40867052023121386,0.9728624084314346,2.4643100662200006e-17,0.40867052023121386,0.24257568251241726,0.20967419976716117,0.5911153868289645,0.5519814605291217,0.40751445086705196,7.0
