RMSE,MAE,R2,Accuracy,Residual_STD,MBE
0.997903788934044,0.7858772281044881,0.2429009215503003,0.3939393939393939,0.9976353263488902,0.02314578989069888
