RMSE,MAE,R2,Accuracy,Residual_STD,MBE,Train_Accuracy,Avg_Num_Features
0.9882227340592902,0.7891805598906667,0.42501956024294607,0.3953757225433526,0.9882227340592902,1.7455529635725005e-17,0.3942196531791907,7.0
