feature,importance
catboost,0.5533383103742129
elasticnet,0.2346117098946673
extratrees,0.16977892364148908
xgboost,0.07757024662280192
