RMSE,MAE,R2,Accuracy,Residual_STD,MBE,Train_Accuracy,Avg_Num_Features
1.0064219853844862,0.8028582176590461,0.40364670897500576,0.392485549132948,1.0064219556326628,0.0002447157071851167,0.391907514450867,7.0
