RMSE,MAE,R2,Accuracy,Residual_STD,MBE
0.9308115570008713,0.765996274657453,0.044277979814766,0.37735849056603776,0.9307985313891584,-0.004924287783242548
