Model,RMSE,MAE,R2,Accuracy,Residual_STD,MBE,Accuracy_exact,F1_macro,Kappa,Kappa_quadratic,Kendall_tau_b,Train_Accuracy,Avg_Num_Features
catboost,0.9697669234648568,0.7697989504057683,0.44376064849018154,0.39710982658959537,0.9692441222497072,-0.00035465708174315936,0.39710982658959537,0.23345515360312907,0.19930251902934554,0.5931973738918164,0.5407887129567303,0.41893063583815027,7.0
xgboost,0.9821063413755182,0.7781746029853821,0.4295108437538147,0.39537572254335257,0.9816311020651647,0.006564137874967876,0.39537572254335257,0.2340611781814128,0.19253728597269,0.576456633764741,0.5329499973775479,0.4632947976878613,7.0
lightgbm,1.0835475429815913,0.860302082889717,0.3037584470938615,0.3502890173410405,1.0829076932836454,0.006138582519430153,0.3502890173410405,0.2465982971540781,0.15411532632446384,0.5509151072608884,0.46776584065918225,0.715028901734104,7.0
elasticnet,1.0056039375546983,0.8046623021486965,0.40198925472639624,0.3872832369942197,1.0053075673469902,-0.0005010597375559797,0.3872832369942197,0.1840549804325108,0.1619034863001563,0.4888293157331042,0.5403642121577841,0.39060693641618494,7.0
svr_rbf,1.0531765084719387,0.8282449311686844,0.34458295106105086,0.37341040462427744,1.0516067893170642,0.03213193970436956,0.37341040462427744,0.2652724975108299,0.17286222515308253,0.5657760557012528,0.49497711434280145,0.5497109826589596,6.0
