Model,RMSE,MAE,R2,Accuracy,Residual_STD,MBE,Train_Accuracy,Avg_Num_Features
catboost,0.9701162979589777,0.7691146578297969,0.44438116169382,0.4017341040462428,0.9696463520464527,0.0031650417271669277,0.41242774566473983,7.0
xgboost,0.985610768782081,0.7806117296218872,0.42668009996414186,0.3959537572254336,0.9853505827547483,0.0029341670715807263,0.45404624277456646,7.0
lightgbm,1.0837248528100747,0.8516437223160607,0.3064523346698115,0.3641618497109827,1.0830257527679719,0.003342432113641777,0.7088150289017341,7.0
elasticnet,1.004462477576694,0.8035929586952772,0.4046345779895836,0.38786127167630063,1.00380100039449,-0.0002117301514108258,0.3903179190751445,7.0
svr_rbf,1.0462255108446712,0.8239897458794445,0.35400181240227646,0.37398843930635833,1.0445449222988104,0.04591955319856639,0.5507225433526012,6.0
