RMSE,MAE,R2,Accuracy,Residual_STD,MBE,Accuracy_exact,F1_macro,Kappa,Kappa_quadratic,Kendall_tau_b,Train_Accuracy,Avg_Num_Features
1.0220946307741627,0.798489090848341,0.38492850108887366,0.39075144508670523,1.0220946307741627,2.5669896523125006e-17,0.39075144508670523,0.2718077751577484,0.19814212350604254,0.5812156142279234,0.5078383547987599,0.39595375722543347,7.0
