Model,RMSE,MAE,R2,Accuracy,Residual_STD,MBE,Accuracy_exact,F1_macro,Kappa,Kappa_quadratic,Kendall_tau_b,Train_Accuracy,Avg_Num_Features
catboost,0.9697669234648568,0.7697989504057683,0.44376064849018154,0.39710982658959537,0.9692441222497072,-0.00035465708174315936,0.39710982658959537,0.23345515360312907,0.19930251902934554,0.5931973738918164,0.5407887129567303,0.41893063583815027,7.0
xgboost,0.9821063413755182,0.7781746029853821,0.4295108437538147,0.39537572254335257,0.9816311020651647,0.006564137874967876,0.39537572254335257,0.2340611781814128,0.19253728597269,0.576456633764741,0.5329499973775479,0.4632947976878613,7.0
lightgbm,1.0760340130076902,0.8495089853215421,0.3133247427848297,0.3682080924855491,1.075519712964034,0.007862515660231007,0.3682080924855491,0.2633688445243474,0.17589938023638904,0.5714685306565184,0.49204858456849365,0.7602601156069364,7.0
elasticnet,1.0056039375546983,0.8046623021486965,0.40198925472639624,0.3872832369942197,1.0053075673469902,-0.0005010597375559797,0.3872832369942197,0.1840549804325108,0.1619034863001563,0.4888293157331042,0.5403642121577841,0.39060693641618494,7.0
svr_rbf,1.0552339296511746,0.8273928559703059,0.34135478739719516,0.377456647398844,1.0538858280031396,0.029666283119879355,0.377456647398844,0.26878159328479184,0.17870140709366075,0.5644772485040898,0.49294902924439354,0.5723988439306359,7.0
