RMSE,MAE,R2,Accuracy,Residual_STD,MBE,Accuracy_exact,F1_macro,Kappa,Kappa_quadratic,Kendall_tau_b,Train_Accuracy,Avg_Num_Features
0.9972258277782329,0.797334709579551,0.41449524615967337,0.3913294797687861,0.9972258277782329,2.0535917218500007e-18,0.3913294797687861,0.25831501852586486,0.19536696317713642,0.5837575872990521,0.5191592498605472,0.3913294797687862,7.0
