RMSE,MAE,R2,Accuracy,Residual_STD,MBE,Train_Accuracy,Avg_Num_Features
1.3659059046236839,1.0097497410538274,-0.09846178934099648,0.32716763005780347,1.3659058051715691,0.0005212335861539079,0.32716763005780347,7.0
