RMSE,MAE,R2,Accuracy,Residual_STD,MBE,Train_Accuracy,Avg_Num_Features
1.043737728267472,0.8235599302100518,0.35860413746712283,0.37052023121387284,1.043737722029406,0.00011411314258508569,0.3722543352601156,7.0
