RMSE,MAE,R2,Accuracy,Residual_STD,MBE
0.9737312482961931,0.7730225344949163,0.4417591619630028,0.3988439306358382,0.9736844591026294,0.009545575440091854
