feature,importance
catboost,0.553338310374212
elasticnet,0.23461170989466792
extratrees,0.16977892364148747
xgboost,0.07757024662280024
