Feature,Type,Univariate_Score,Perm_DeltaR2,Perm_DeltaMAE,Perm_DeltaAcc,Combined_Score,Stability_Freq,Selected,Rank
RATemp,numeric,0.25737310816365094,0.11493494943665364,0.06921678001649775,0.04020395460598693,0.9766380392628747,1.0,True,1
Top,numeric,0.2583906156626027,0.1131829672010917,0.06651929671722236,0.04238897573967925,0.9641434275177184,1.0,True,2
MRT,numeric,0.14295464481428105,0.0,0.0,0.0,0.2186967161695994,1.0,True,3
Clothing,categorical,0.13212140341337114,0.0,0.0,0.0,0.2019945585472692,1.0,True,4
Season,categorical,0.024364923877041998,0.0,0.0,0.0,0.03327586507569204,1.0,True,5
Air Velo,numeric,0.021045774083030204,0.0,0.0,0.0,0.02831358591385038,1.0,True,6
Activity,categorical,0.003723005400763959,0.0,0.0,0.0,0.0011142635879514546,0.8,True,7
RH,numeric,0.0034558369527280227,0.0,0.0,0.0,0.000723721532767476,0.2,False,8
