Feature,Type,Univariate_Score,Perm_DeltaR2,Perm_DeltaMAE,Perm_DeltaAcc,Combined_Score,Stability_Freq,Selected,Rank
Top,numeric,0.3975279257185437,0.13405954929036135,0.09233557454457637,0.03275529865125241,1.0,1.0,True,1
RATemp,numeric,0.37282339494434935,0.05916343730163297,0.048048878798943255,0.03583815028901734,0.6561752963049795,1.0,True,2
Season,categorical,0.27171269452547675,0.02984202649473393,0.02211389792422096,0.00847784200385356,0.42179971325247595,1.0,True,3
MRT,numeric,0.3473739839668494,0.0003145983532754082,0.0024380710604273493,0.00462427745664739,0.3499663781620871,1.0,True,4
Clothing,categorical,0.28997304150802694,0.010949646808781868,0.012079717417308903,0.018689788053949902,0.34100982526260626,1.0,True,5
Air Velo,numeric,0.1088656740864341,0.006640508231534667,0.011522294013870858,0.010597302504816957,0.1386354096888966,1.0,True,6
RH,numeric,0.0006633987051930409,0.005336406360566152,0.008741385179740916,0.008092485549132947,0.02199743784298853,0.8,True,7
Activity,categorical,0.0039048364748786334,0.0005384080069747037,0.001990016844301216,0.006358381502890182,0.005517592761987078,0.2,False,8
