Feature,Type,Univariate_Score,Perm_DeltaR2,Perm_DeltaMAE,Perm_DeltaAcc,Combined_Score,Stability_Freq,Selected,Rank
Top,numeric,0.3975279257185437,0.14988360608617085,0.10874424935911116,0.050481695568400764,1.0,1.0,True,1
RATemp,numeric,0.37282339494434935,0.07290447378584133,0.05640730074646948,0.031599229287090566,0.6607494916465853,1.0,True,2
Season,categorical,0.27171269452547675,0.029200754375820027,0.022400437753319635,0.009826589595375714,0.40477262249591417,1.0,True,3
MRT,numeric,0.3473739839668494,0.0004349296905434397,0.002880974792262266,0.005202312138728316,0.3501771485429647,1.0,True,4
Clothing,categorical,0.28997304150802694,0.012538149021962708,0.011682549350904032,0.013680154142581882,0.3362290987765564,1.0,True,5
Air Velo,numeric,0.1088656740864341,0.009663068211089459,0.013439615204944442,0.01502890173410405,0.14662879202316526,1.0,True,6
Activity,categorical,0.0039048364748786334,0.0018935635763427754,0.0031545206327261363,0.006165703275529873,0.009836896624620466,0.6,True,7
RH,numeric,0.0006633987051930409,0.003496484624983265,0.006586936100948774,0.007129094412331405,0.01202649810224086,0.4,False,8
