Model,RMSE,MAE,R2,Accuracy,Residual_STD,MBE,Train_Accuracy,Avg_Num_Features
catboost,0.9754411775724009,0.7684594009772938,0.27379917114690533,0.40976420010422093,0.9749490890069561,-0.0013341563059443742,0.4225968637500763,7.0
extratrees,1.0015069128733847,0.7877638583514882,0.23410849771888328,0.40121373979503205,1.0007503740074557,-0.0009867710802797219,0.5839961762971099,7.0
elasticnet,1.0102879267065272,0.813422369613346,0.22226487500350095,0.3827666319263505,1.009776062357071,6.633112469779656e-05,0.38653026081179115,7.0
xgboost,0.98956562097345,0.7815381407737731,0.2532057285308838,0.400551502518673,0.9891259102335596,-0.0038147432596791946,0.46574382546559007,7.0
