Feature,Type,Univariate_Score,Perm_DeltaR2,Perm_DeltaMAE,Perm_DeltaAcc,Combined_Score,Stability_Freq,Selected,Rank
Top,numeric,0.3975279257185437,0.2355698784192403,0.15596653620402018,0.07090558766859345,1.0,1.0,True,1
RATemp,numeric,0.37282339494434935,0.11233850320180258,0.0812862793604533,0.0464354527938343,0.6939549199562467,1.0,True,2
MRT,numeric,0.3473739839668494,0.01873530149459839,0.013538495699564617,0.011560693641618495,0.4034763032250657,1.0,True,3
Clothing,categorical,0.28997304150802694,0.0034562269846598313,0.0022072553634643554,0.008092485549132944,0.30159141495621966,1.0,True,4
Season,categorical,0.27171269452547675,0.005429653326670329,0.0032358805338541666,0.003082851637764931,0.2875237080344508,1.0,True,5
Air Velo,numeric,0.1088656740864341,0.020378756523132324,0.015566972891489663,0.012331406551059729,0.16534290761566584,1.0,True,6
RH,numeric,0.0006633987051930409,0.0067056854565938325,0.008101145426432293,0.011946050096339107,0.020145169125871817,0.8,True,7
Activity,categorical,0.0039048364748786334,8.095900217692057e-05,6.682475407918294e-05,0.0013487475915221554,0.0033966210052920657,0.2,False,8
