Feature,Type,Univariate_Score,Perm_DeltaR2,Perm_DeltaMAE,Perm_DeltaAcc,Combined_Score,Stability_Freq,Selected,Rank
Top,numeric,0.3975279257185437,0.18193854016033478,0.11567416468597165,0.047398843930635856,0.9689363411062095,1.0,True,1
RATemp,numeric,0.37282339494434935,0.17101830213016841,0.1104694459480847,0.04720616570327554,0.9187749846652362,1.0,True,2
MRT,numeric,0.3473739839668494,0.015379805270986457,0.007464551887659902,0.009826589595375726,0.398737687696158,1.0,True,3
Clothing,categorical,0.28997304150802694,0.0,0.0,0.0,0.29160896741165254,1.0,True,4
Season,categorical,0.27171269452547675,0.0,0.0,0.0,0.2731408455774154,1.0,True,5
Air Velo,numeric,0.1088656740864341,0.0,0.0,0.0,0.10906126227069031,1.0,True,6
Activity,categorical,0.0039048364748786334,0.0,0.0,0.0,0.003292703668585341,1.0,True,7
RH,numeric,0.0006633987051930409,0.0,0.0,0.0,0.0,0.0,False,8
