Feature,Type,Univariate_Score,Perm_DeltaR2,Perm_DeltaMAE,Perm_DeltaAcc,Combined_Score,Stability_Freq,Selected,Rank
Top,numeric,0.06833100609793122,0.02617898561644485,0.020997868430312462,0.025064599483204147,0.4460551984579598,1.0,True,1
Clothing,categorical,0.36107642774840565,0.0009605157638366224,0.00016047823283331651,0.003174603174603178,0.4096610251017835,1.0,True,2
MRT,numeric,0.041044797892478044,0.02959081338287293,0.02093006625664485,0.03148763381321521,0.40094541387781246,1.0,True,3
RH,numeric,0.0027651772560393123,0.026403289286733366,0.014279007016196148,0.02063492063492064,0.28722682547877587,1.0,True,4
RATemp,numeric,0.018579672702628686,0.016365571990845998,0.014002936371941227,0.033111849390919164,0.28250978988930975,1.0,True,5
Air Velo,numeric,0.017172946142886843,0.014274725037529846,0.0054343264348753586,0.029937246216315987,0.24891005176572528,1.0,True,6
Season,categorical,0.0,0.0,0.0,0.0,0.0,1.0,True,7
Activity,categorical,0.0,0.0,0.0,0.0,0.0,0.0,False,8
