feature,importance
catboost,0.6095474898682146
elasticnet,0.2369414859028201
xgboost,0.15351102422896537
lightgbm,0.0
svr_rbf,0.0
