RMSE,MAE,R2,Accuracy,Residual_STD,MBE,Train_Accuracy,Avg_Num_Features
0.9972258277782329,0.797334709579551,0.41449524615967337,0.3913294797687861,0.9972258277782329,2.0535917218500007e-18,0.3913294797687862,7.0
