Model,RMSE,MAE,R2,Accuracy,Residual_STD,MBE,Train_Accuracy,Avg_Num_Features
catboost,0.9694947724904432,0.7672231254280945,0.4451666313640942,0.3976878612716763,0.9690625452643966,-0.0012195053617585687,0.42283236994219653,7.0
xgboost,0.9884957231166576,0.7786039590835572,0.4234439253807068,0.3965317919075145,0.9881497469372584,0.00907429673054896,0.46632947976878614,7.0
lightgbm,1.076321647481181,0.8488268242792705,0.31570637808004653,0.3595375722543353,1.075801556719425,0.006313035966829558,0.7631502890173409,7.0
elasticnet,1.004462477576694,0.8035929586952772,0.4046345779895836,0.38786127167630063,1.00380100039449,-0.0002117301514108258,0.3903179190751445,7.0
svr_rbf,1.044896844784552,0.8220490270354788,0.3555038951788476,0.3815028901734104,1.0433145259358145,0.05129885131073718,0.5723988439306359,7.0
