Feature,Type,Univariate_Score,Perm_DeltaR2,Perm_DeltaMAE,Perm_DeltaAcc,Combined_Score,Stability_Freq,Selected,Rank
Top,numeric,0.3975279257185437,0.2296280781428019,0.15007509390513102,0.06936416184971098,1.0,1.0,True,1
RATemp,numeric,0.37282339494434935,0.10550959507624307,0.0758813738822937,0.04354527938342967,0.679432855852647,1.0,True,2
MRT,numeric,0.3473739839668494,0.01991648674011231,0.012313799063364664,0.00982658959537572,0.40802557313061943,1.0,True,3
Clothing,categorical,0.28997304150802694,0.003636006514231364,0.00409235159556071,0.0059730250481695515,0.3022450806977362,1.0,True,4
Season,categorical,0.27171269452547675,0.004971492290496826,0.0024967034657796226,0.003853564547206164,0.2862478648335561,1.0,True,5
Air Velo,numeric,0.1088656740864341,0.018131534258524575,0.014069755872090658,0.01464354527938343,0.15877660963206494,1.0,True,6
RH,numeric,0.0006633987051930409,0.006119191646575928,0.007326296965281169,0.012909441233140657,0.019399026193838452,1.0,True,7
Activity,categorical,0.0039048364748786334,9.087721506754556e-05,0.00012564261754353842,0.0019267822736030783,0.003397370373562536,0.0,False,8
