Feature,Type,Univariate_Score,Perm_DeltaR2,Perm_DeltaMAE,Perm_DeltaAcc,Combined_Score,Stability_Freq,Selected,Rank
Top,numeric,0.3975279257185437,0.17921632559652434,0.11761103234618298,0.049710982658959534,1.0,1.0,True,1
RATemp,numeric,0.37282339494434935,0.12423236657765575,0.08863267920930992,0.049325626204238915,0.8126267348883285,1.0,True,2
MRT,numeric,0.3473739839668494,0.0426443578798408,0.02734767026821882,0.014643545279383436,0.497475876875279,1.0,True,3
Season,categorical,0.27171269452547675,0.0230888395598004,0.014440425402638684,0.008670520231213872,0.3456715124303792,1.0,True,4
Clothing,categorical,0.28997304150802694,0.0009281469762625044,0.0013946750516822262,0.002504816955684005,0.2920184422841291,1.0,True,5
Air Velo,numeric,0.1088656740864341,0.02470054921979646,0.015500895753537223,0.010019267822736034,0.19380901367399134,1.0,True,6
RH,numeric,0.0006633987051930409,0.008731374860444476,0.007646921493055192,0.007129094412331405,0.026978943983619812,0.8,True,7
Activity,categorical,0.0039048364748786334,0.0031215350881735734,0.0018469980492198245,0.0017341040462427754,0.010576384063308667,0.2,False,8
