Feature,Type,Univariate_Score,Perm_DeltaR2,Perm_DeltaMAE,Perm_DeltaAcc,Combined_Score,Stability_Freq,Selected,Rank
Top,numeric,0.3975279257185437,0.18489465382758388,0.12046403079730332,0.0485549132947977,0.9907216904510646,1.0,True,1
RATemp,numeric,0.37282339494434935,0.17177577155734544,0.10977088089953765,0.05183044315992293,0.9273205431034783,1.0,True,2
MRT,numeric,0.3473739839668494,0.01736194831088072,0.009497396984594435,0.010597302504816967,0.4053491758326895,1.0,True,3
Clothing,categorical,0.28997304150802694,0.0,0.0,0.0,0.29160896741165254,1.0,True,4
Season,categorical,0.27171269452547675,0.0,0.0,0.0,0.2731408455774154,1.0,True,5
Air Velo,numeric,0.1088656740864341,0.0,0.0,0.0,0.10906126227069031,1.0,True,6
Activity,categorical,0.0039048364748786334,0.0,0.0,0.0,0.003292703668585341,1.0,True,7
RH,numeric,0.0006633987051930409,0.0,0.0,0.0,0.0,0.0,False,8
