RMSE,MAE,R2,Accuracy,Residual_STD,MBE,Accuracy_exact,F1_macro,Kappa,Kappa_quadratic,Kendall_tau_b
0.9731253520349691,0.7725880483856233,0.4424536673615401,0.4,0.973080490427954,0.009343977829318607,0.4,0.233734221858201,0.19875351544251407,0.5764187898516852,0.5368756526723927
