Feature,Type,Univariate_Score,Perm_DeltaR2,Perm_DeltaMAE,Perm_DeltaAcc,Combined_Score,Stability_Freq,Selected,Rank
Top,numeric,0.3975279257185437,0.19674262391281533,0.12497019401440643,0.054527938342967264,0.9952825682012831,1.0,True,1
RATemp,numeric,0.37282339494434935,0.18000803627504725,0.11562509520673628,0.04720616570327553,0.9251728683894778,1.0,True,2
MRT,numeric,0.3473739839668494,0.01574495813244506,0.007856097624226573,0.00886319845857419,0.39826894080076947,1.0,True,3
Clothing,categorical,0.28997304150802694,0.0,0.0,0.0,0.29160896741165254,1.0,True,4
Season,categorical,0.27171269452547675,0.0,0.0,0.0,0.2731408455774154,1.0,True,5
Air Velo,numeric,0.1088656740864341,0.0,0.0,0.0,0.10906126227069031,1.0,True,6
Activity,categorical,0.0039048364748786334,0.0,0.0,0.0,0.003292703668585341,1.0,True,7
RH,numeric,0.0006633987051930409,0.0,0.0,0.0,0.0,0.0,False,8
