RMSE,MAE,R2,Accuracy,Residual_STD,MBE
0.971610166794319,0.7699309991196543,0.44418854826651144,0.40404624277456647,0.9715801288960734,0.007639983794083407
