Feature,Type,Univariate_Score,Perm_DeltaR2,Perm_DeltaMAE,Perm_DeltaAcc,Combined_Score,Stability_Freq,Selected,Rank
RATemp,numeric,0.25737310816365094,0.11371519446771675,0.07360835151037057,0.04391248335359852,0.9671358906408292,1.0,True,1
Top,numeric,0.2583906156626027,0.10749175083794485,0.07361027545343564,0.04983425974176366,0.938376568287741,1.0,True,2
MRT,numeric,0.14295464481428105,0.02867406436138011,0.018446222982672518,0.020648775403856172,0.3517044012052536,1.0,True,3
Clothing,categorical,0.13212140341337114,0.002899493869580394,0.0014404045540029387,0.003071622951768864,0.20557190216030286,1.0,True,4
Season,categorical,0.024364923877041998,0.018003672959272285,0.013264528694814154,0.006806206936483117,0.1150710841566777,1.0,True,5
RH,numeric,0.0034558369527280227,0.013118130244122917,0.010298024619315801,0.011633663366336637,0.05553963773505628,1.0,True,6
Air Velo,numeric,0.021045774083030204,0.006809182090270978,0.007093048050719449,0.01647052863181056,0.05372546823389703,1.0,True,7
Activity,categorical,0.003723005400763959,0.003084793321916016,0.002679930031966294,0.005276185513288174,0.005823487951176478,0.0,False,8
