Feature,Type,Univariate_Score,Perm_DeltaR2,Perm_DeltaMAE,Perm_DeltaAcc,Combined_Score,Stability_Freq,Selected,Rank
Top,numeric,0.3975279257185437,0.13863254285645024,0.09925414987439324,0.05086705202312138,1.0,1.0,True,1
RATemp,numeric,0.37282339494434935,0.05623088270521539,0.042655228041059354,0.025048169556840073,0.6160146991745308,1.0,True,2
Season,categorical,0.27171269452547675,0.03384277251110551,0.028852887993798933,0.015028901734104044,0.4191062152046031,1.0,True,3
MRT,numeric,0.3473739839668494,5.735929486679522e-06,0.0019079854981067866,0.004238921001926776,0.3494317404695185,1.0,True,4
Clothing,categorical,0.28997304150802694,0.014368165081835296,0.01246623881181262,0.01425818882466281,0.3477536553304307,1.0,True,5
Air Velo,numeric,0.1088656740864341,0.006127261931348863,0.00939494144068381,0.00809248554913294,0.13484094947824093,1.0,True,6
RH,numeric,0.0006633987051930409,0.006597186504198634,0.009846123313625013,0.007899807321772642,0.02794409052346767,0.6,True,7
Activity,categorical,0.0039048364748786334,0.0013163733039174286,0.0022589911244723206,0.004624277456647401,0.010866910691490555,0.4,False,8
