RMSE,MAE,R2,Accuracy,Residual_STD,MBE,Train_Accuracy,Avg_Num_Features
0.9890982763405857,0.7933011119053069,0.4240002704055158,0.3878612716763006,0.9890982763405857,1.9509121357575005e-17,0.38439306358381503,7.0
