RMSE,MAE,R2,Accuracy,Residual_STD,MBE,Accuracy_exact,F1_macro,Kappa,Kappa_quadratic,Kendall_tau_b
0.9735435651150486,0.7728968699616223,0.441974339034209,0.39942196531791907,0.9734934977185238,0.009873351845916515,0.39942196531791907,0.23260195520216614,0.19651673575173534,0.5737769522148515,0.5391264016411345
