Model,RMSE,MAE,R2,Accuracy,Residual_STD,MBE,Train_Accuracy,Avg_Num_Features
catboost,0.9113259653662518,0.7449761417744268,0.0649864805557177,0.3965669988925803,0.9021462709847998,-0.0017382247121233512,0.4728367560041768,7.0
extratrees,0.9569440065236681,0.7720256913157714,-0.04067954493542007,0.3637873754152824,0.9490043754312445,0.00346508591102634,0.6379672815871911,7.0
elasticnet,0.9459337224019828,0.8020084222876516,-0.005691039039841339,0.3446290143964562,0.9368417474237164,0.00013181491456490808,0.34435781413156974,7.0
xgboost,0.9257948631151935,0.765339457988739,0.03809916973114014,0.37785160575858256,0.9171914126774323,0.002034854123230656,0.43386703793943615,7.0
