RMSE,MAE,R2,Accuracy,Residual_STD,MBE,Train_Accuracy,Avg_Num_Features
1.0406471339223238,0.8067987783432713,0.36239696683927214,0.3936416184971098,1.0406471339223238,6.160775165550002e-18,0.392485549132948,6.0
