RMSE,MAE,R2,Accuracy,Residual_STD,MBE,Accuracy_exact,F1_macro,Kappa,Kappa_quadratic,Kendall_tau_b,Train_Accuracy,Avg_Num_Features
0.9868291221687705,0.7902928979039864,0.4266401150946938,0.37976878612716763,0.9868291221687705,-1.2321550331100003e-17,0.37976878612716763,0.2379047593085811,0.18329375097342704,0.5984824660730093,0.5265720731703202,0.3803468208092486,7.0
