RMSE,MAE,R2,Accuracy,Residual_STD,MBE,Train_Accuracy,Avg_Num_Features
0.9729035132141493,0.7673895053633434,0.44270784083001213,0.4115606936416185,0.9729035132141493,8.214366887400003e-18,0.4046242774566474,7.0
