Feature,Type,Univariate_Score,Perm_DeltaR2,Perm_DeltaMAE,Perm_DeltaAcc,Combined_Score,Stability_Freq,Selected,Rank
Top,numeric,0.2583906156626027,0.09166097153170158,0.06177150535831806,0.0439370910775288,0.9153774838023541,1.0,True,1
RATemp,numeric,0.25737310816365094,0.07590687091181633,0.05388731768764356,0.03909443575936541,0.8615707433079495,1.0,True,2
Clothing,categorical,0.13212140341337114,0.014170597714028229,0.010972065503625743,0.01272725956806206,0.3030550591357029,1.0,True,3
MRT,numeric,0.14295464481428105,0.0024357884405371267,0.0014037941799652195,0.006595593769903305,0.2292743510946143,1.0,True,4
Season,categorical,0.024364923877041998,0.02560553821911311,0.01449223648612145,0.002854495975913385,0.1868739441165789,1.0,True,5
Air Velo,numeric,0.021045774083030204,0.0027116994719269096,0.0024955149942022634,0.004398268774245843,0.04606668640757609,1.0,True,6
RH,numeric,0.0034558369527280227,0.0014320812110701314,0.0016774481054227409,0.0019736842105263198,0.0070591455302808585,0.6,True,7
Activity,categorical,0.003723005400763959,0.0009367920702580893,0.0029842462840854824,0.006363991662324131,0.006596814986438407,0.4,False,8
