feature,importance
catboost,0.6134059391810036
elasticnet,0.25258432010084
lightgbm,0.06731752409572371
xgboost,0.06274879913286419
svr_rbf,0.003943417489568414
