Feature,Type,Univariate_Score,Perm_DeltaR2,Perm_DeltaMAE,Perm_DeltaAcc,Combined_Score,Stability_Freq,Selected,Rank
Clothing,categorical,0.36107642774840565,0.0022617220878601075,0.0010819474856058756,0.0031746031746031746,0.44420528687544963,1.0,True,1
MRT,numeric,0.041044797892478044,0.05896408160527548,0.02733023961385091,0.02857142857142857,0.44137085475243476,1.0,True,2
Top,numeric,0.06833100609793122,0.02743452787399292,0.018312939008076984,0.02373569582871909,0.35316674998687764,1.0,True,3
RATemp,numeric,0.018579672702628686,0.02204115390777588,0.01290593147277832,0.017460317460317464,0.2522829098113759,1.0,True,4
Air Velo,numeric,0.017172946142886843,0.01975716749827067,0.010666998227437339,0.01587301587301588,0.15055026065653715,1.0,True,5
RH,numeric,0.0027651772560393123,0.012688299020131428,0.004179660479227703,0.015873015873015876,0.0897812081657518,1.0,True,6
Season,categorical,0.0,0.0,0.0,0.0,0.0,1.0,True,7
Activity,categorical,0.0,0.0,0.0,0.0,0.0,0.0,False,8
