RMSE,MAE,R2,Accuracy,Residual_STD,MBE,Train_Accuracy,Avg_Num_Features
1.074902561364163,0.839989097719173,0.31972958326676015,0.3745664739884393,1.074902561364163,1.5401937913875002e-17,0.37398843930635833,7.0
