RMSE,MAE,R2,Accuracy,Residual_STD,MBE
0.9742119012561641,0.7730969254347156,0.44120790855360514,0.4046242774566474,0.9741781487824026,0.008109437960864165
