RMSE,MAE,R2,Accuracy,Residual_STD,MBE,Train_Accuracy,Avg_Num_Features
1.0220946307741627,0.798489090848341,0.38492850108887366,0.39075144508670523,1.0220946307741627,2.5669896523125006e-17,0.39595375722543347,7.0
