Model,RMSE,MAE,R2,Accuracy,Residual_STD,MBE,Train_Accuracy,Avg_Num_Features
catboost,0.9694947724904432,0.7672231254280945,0.4451666313640942,0.3976878612716763,0.9690625452643966,-0.0012195053617585687,0.42283236994219653,7.0
extratrees,1.0002632791527533,0.7860869645072144,0.4093460853538843,0.4023121387283237,1.0000486679768126,0.0007994025714948185,0.5692196531791908,7.0
elasticnet,1.004462477576694,0.8035929586952772,0.4046345779895836,0.38786127167630063,1.00380100039449,-0.0002117301514108258,0.3903179190751445,7.0
xgboost,0.9884957231166576,0.7786039590835572,0.4234439253807068,0.3965317919075145,0.9881497469372584,0.00907429673054896,0.46632947976878614,7.0
