Feature,Type,Univariate_Score,Perm_DeltaR2,Perm_DeltaMAE,Perm_DeltaAcc,Combined_Score,Stability_Freq,Selected,Rank
Top,numeric,0.3975279257185437,0.22868167559305824,0.15029611984888713,0.06300578034682082,1.0,1.0,True,1
RATemp,numeric,0.37282339494434935,0.10857457717259725,0.07810219128926595,0.044508670520231206,0.6841154604062443,1.0,True,2
MRT,numeric,0.3473739839668494,0.021764985720316567,0.015866533915201826,0.016377649325626197,0.4102771322203508,1.0,True,3
Clothing,categorical,0.28997304150802694,0.004238454500834148,0.002832984924316406,0.006165703275529862,0.30343901204874346,1.0,True,4
Season,categorical,0.27171269452547675,0.004793818791707356,0.0031254053115844726,0.002890173410404617,0.28501258272053537,1.0,True,5
Air Velo,numeric,0.1088656740864341,0.02077928384145101,0.01667458216349284,0.016377649325626204,0.16445573950249612,1.0,True,6
RH,numeric,0.0006633987051930409,0.005133211612701416,0.00549838145573934,0.008477842003853568,0.015100258253684481,1.0,True,7
Activity,categorical,0.0039048364748786334,0.00017137130101521806,0.00022427638371785483,0.001348747591522152,0.003293989472090074,0.0,False,8
