RMSE,MAE,R2,Accuracy,Residual_STD,MBE
0.9725193649869054,0.7710918480499521,0.44314784444208455,0.40635838150289016,0.9724879847219329,0.00781248014443859
