Feature,Type,Univariate_Score,Perm_DeltaR2,Perm_DeltaMAE,Perm_DeltaAcc,Combined_Score,Stability_Freq,Selected,Rank
Top,numeric,0.2583906156626027,0.13389345010121662,0.08722782532374065,0.04043193793063517,0.9320426122798509,1.0,True,1
RATemp,numeric,0.25737310816365094,0.09164577722549438,0.0614074190457662,0.033843581726593706,0.8246448757553345,1.0,True,2
MRT,numeric,0.14295464481428105,0.01812288761138916,0.015268059571584064,0.012532569046378316,0.2831881533805968,1.0,True,3
Clothing,categorical,0.13212140341337114,0.007857203483581543,0.005996207396189371,0.005709715708412944,0.235518443999808,1.0,True,4
Season,categorical,0.024364923877041998,0.008370661735534668,0.004288697242736816,0.0004393202478142566,0.0654497836107657,1.0,True,5
Air Velo,numeric,0.021045774083030204,0.004053362210591634,0.004922990004221599,0.006810549476000227,0.0475535232641721,1.0,True,6
RH,numeric,0.0034558369527280227,0.004611742496490478,0.0036204020182291664,0.007472062995773257,0.01478219948779452,0.8,True,7
Activity,categorical,0.003723005400763959,0.0011898597081502278,0.0010364214579264325,0.0010979387412425508,0.0030366672383643823,0.2,False,8
