RMSE,MAE,R2,Accuracy,Residual_STD,MBE
0.9737743308194146,0.7730333733507841,0.44170976238593707,0.39942196531791907,0.9737273287728081,0.009567474262837994
