Environment,RMSE,MAE,R2,Accuracy,Residual_STD,MBE
Classroom,0.781544579526697,0.6367636666668545,0.20125585354461661,0.477124183006536,0.7806923823334461,0.03648744926807239
Hostel,0.997903788934044,0.7858772281044881,0.2429009215503003,0.3939393939393939,0.9976353263488902,0.02314578989069888
Hostel_Winter Data,0.9308115570008713,0.765996274657453,0.044277979814766,0.37735849056603776,0.9307985313891584,-0.004924287783242548
Workshop or laboratory,0.865603362809689,0.6856492732812471,0.4871064887528056,0.4404109589041096,0.8654539031685732,0.01608487481219257
