Environment,RMSE,MAE,R2,Accuracy,Residual_STD,MBE,Accuracy_exact,F1_macro,Kappa,Kappa_quadratic,Kendall_tau_b
Classroom,0.7608497369022722,0.6217415438128796,0.24299636075951248,0.4651416122004357,0.7519557408144716,0.11599519817826921,0.4651416122004357,0.15457065487122512,0.0779738818793263,0.36908072326745434,0.36615745213403206
Hostel,0.9735435651150486,0.7728968699616223,0.441974339034209,0.39942196531791907,0.9734934977185238,0.009873351845916515,0.39942196531791907,0.23260195520216614,0.19651673575173534,0.5737769522148515,0.5391264016411345
Workshop or laboratory,0.8479130675717553,0.667465342548589,0.5078562301698386,0.4383561643835616,0.8479061303472463,-0.003429909401512425,0.4383561643835616,0.27776653586424077,0.23060510479245888,0.6331975213152059,0.559432211885453
Combined,0.9038161427276169,0.7190695563333913,0.47904324362752415,0.4252677702044791,0.9038151046040387,-0.001369870292640031,0.4252677702044791,0.24153641279686672,0.21709279290201988,0.6077774600668329,0.5779493244338502
Combined Enviroment Wise,0.8828882845703508,0.7037223309969194,0.5028894327422189,0.42843232716650437,0.8828880815289606,-0.000598770146501685,0.42843232716650437,0.2596106677512144,0.22781021436756033,0.6364570673683115,0.5898141628754744
