Environment,RMSE,MAE,R2,Accuracy,Residual_STD,MBE,Accuracy_exact,F1_macro,Kappa,Kappa_quadratic,Kendall_tau_b
Classroom,0.7608497369022722,0.6217415438128796,0.24299636075951248,0.4651416122004357,0.7519557408144716,0.11599519817826921,0.4651416122004357,0.15457065487122512,0.0779738818793263,0.36908072326745434,0.36615745213403206
Hostel,0.9731253520349691,0.7725880483856233,0.4424536673615401,0.4,0.973080490427954,0.009343977829318607,0.4,0.233734221858201,0.19875351544251407,0.5764187898516852,0.5368756526723927
Workshop or laboratory,0.8479130675717553,0.667465342548589,0.5078562301698386,0.4383561643835616,0.8479061303472463,-0.003429909401512425,0.4383561643835616,0.27776653586424077,0.23060510479245888,0.6331975213152059,0.559432211885453
Combined,0.9038161427276169,0.7190695563333913,0.47904324362752415,0.4252677702044791,0.9038151046040387,-0.001369870292640031,0.4252677702044791,0.24153641279686672,0.21709279290201988,0.6077774600668329,0.5779493244338502
Combined Enviroment Wise,0.8828872898346267,0.7037181589239055,0.5028905529142047,0.4286757546251217,0.8828870943536729,-0.0005875161792617354,0.4286757546251217,0.26004249110554895,0.22817461461069122,0.6366697596575093,0.5898891344188479
