Environment,RMSE,MAE,R2,Accuracy,Residual_STD,MBE
Classroom,0.756315852090722,0.6333927335312259,0.2519914120452831,0.4357298474945534,0.7563157940608163,0.0002962733061695424
Hostel,0.9704332331275803,0.7687382277778955,0.44553426702668464,0.39710982658959537,0.9704328436934302,0.0008693903214203201
Workshop or laboratory,0.8453706934609362,0.663602905568923,0.5108030836005036,0.46095890410958906,0.845368041320195,-0.002117563949718924
