Environment,RMSE,MAE,R2,Accuracy,Residual_STD,MBE
Classroom,0.7611697611926608,0.629510176803673,0.24235941369983738,0.4564270152505447,0.7564565919563226,0.0845744041653137
Hostel,0.9742119012561641,0.7730969254347156,0.44120790855360514,0.4046242774566474,0.9741781487824026,0.008109437960864165
Workshop or laboratory,0.8404964410055877,0.6601132090939238,0.5164280599166645,0.46095890410958906,0.8404958020242285,-0.001036398913774418
Combined,0.8939516465389352,0.7102804758126046,0.4903529151475141,0.43670886075949367,0.893951218299391,-0.0008750146900863647
Combined Enviroment Wise,0.8837923550558895,0.7028353189695696,0.5018708370659015,0.4279454722492697,0.8837923168606245,-0.0002598333403710802
