Environment,RMSE,MAE,R2,Accuracy,Residual_STD,MBE
Classroom,0.7610207945165015,0.629075308660417,0.2426559366610147,0.4553376906318083,0.7566561711774551,0.08138850229363541
Hostel,0.971610166794319,0.7699309991196543,0.44418854826651144,0.40404624277456647,0.9715801288960734,0.007639983794083407
Workshop or laboratory,0.8453706934609362,0.663602905568923,0.5108030836005035,0.46095890410958906,0.845368041320195,-0.0021175639497188438
