Environment,RMSE,MAE,R2,Accuracy,Residual_STD,MBE
Classroom,0.7608497369022722,0.6217415438128796,0.24299636075951248,0.4651416122004357,0.7519557408144716,0.11599519817826921
Hostel,0.9737743308194146,0.7730333733507841,0.44170976238593707,0.39942196531791907,0.9737273287728081,0.009567474262837994
Workshop or laboratory,0.8479130675717553,0.667465342548589,0.5078562301698386,0.4383561643835616,0.8479061303472463,-0.003429909401512425
Combined,0.9038161427276169,0.7190695563333913,0.47904324362752415,0.4252677702044791,0.9038151046040387,-0.001369870292640031
Combined Enviroment Wise,0.8828872898346267,0.7037181589239055,0.5028905529142047,0.4286757546251217,0.8828870943536729,-0.0005875161792617354
