Environment,RMSE,MAE,R2,Accuracy,Residual_STD,MBE
Classroom,0.756315852090722,0.6333927335312262,0.2519914120452831,0.4357298474945534,0.7563157940608163,0.00029627330616953466
Hostel,0.9704332331275802,0.7687382277778955,0.44553426702668475,0.39710982658959537,0.9704328436934302,0.0008693903214203426
Workshop or laboratory,0.8453930838030969,0.663616208573135,0.5107771696872812,0.4602739726027397,0.8453901224975612,-0.002237616068128465
