Environment,RMSE,MAE,R2,Accuracy,Residual_STD,MBE
Classroom,0.7610627461349345,0.6290832739157496,0.24257243648568616,0.4564270152505447,0.7566834876750064,0.08152670135873472
Hostel,0.9725193649869054,0.7710918480499521,0.44314784444208455,0.40635838150289016,0.9724879847219329,0.00781248014443859
Workshop or laboratory,0.840527271305478,0.6593508712803111,0.5163925834038876,0.4636986301369863,0.8405238749327638,-0.0023894510340814637
