Environment,Model,RMSE,MAE,R2,Accuracy
Classroom,stacked_ensemble,0.756656171177455,0.6401569538096119,0.25131809845203057,0.4324618736383442
Hostel,stacked_ensemble,0.9715801288960734,0.7703839129253369,0.44422291420941185,0.4046242774566474
Workshop or laboratory,stacked_ensemble,0.845368041320195,0.6636178729730261,0.510806153063515,0.4602739726027397
