Environment,Model,RMSE,MAE,R2,Accuracy
Classroom,stacked_ensemble,0.7566834876750063,0.6401854039172009,0.25126404024891824,0.4324618736383442
Hostel,stacked_ensemble,0.972487984721933,0.7715043335645995,0.4431837797394197,0.40578034682080927
Workshop or laboratory,stacked_ensemble,0.8405238749327638,0.659371849335442,0.5163964916833015,0.4636986301369863
