Feature,Type,Univariate_Score,Perm_DeltaR2,Perm_DeltaMAE,Perm_DeltaAcc,Combined_Score,Stability_Freq,Selected,Rank
MRT,numeric,0.33427764517134434,0.24503147999445601,0.15129059950510662,0.07922374429223744,0.9161977661471088,1.0,True,1
RATemp,numeric,0.35396998660550694,0.07077347040176392,0.047417501608530685,0.025799086757990863,0.5345300397639774,1.0,True,2
Top,numeric,0.34820425437285063,0.04178052345911662,0.03416481415430705,0.023059360730593607,0.4433889500140791,1.0,True,3
RH,numeric,0.325604547468956,0.0490990161895752,0.03607590595881144,0.031050228310502286,0.4252258742155147,1.0,True,4
Season,categorical,0.3423220618313034,0.033617516358693436,0.023492856820424398,0.01780821917808219,0.4115398632857147,1.0,True,5
Clothing,categorical,0.39075433617284083,0.0039116819699605305,0.005546732743581136,0.011187214611872146,0.40971590813163206,1.0,True,6
Air Velo,numeric,0.12181591040826834,0.027307788530985515,0.01469986836115519,0.00616438356164383,0.0647091481412426,0.6,True,7
Activity,categorical,0.16546141439178608,0.0005676587422688802,0.00037448008855183915,0.0018264840182648438,0.0633595207151448,0.4,False,8
