Feature,Type,Univariate_Score,Perm_DeltaR2,Perm_DeltaMAE,Perm_DeltaAcc,Combined_Score,Stability_Freq,Selected,Rank
MRT,numeric,0.33427764517134434,0.23448388973871864,0.14271768331527707,0.07168949771689496,0.9161977661471088,1.0,True,1
RATemp,numeric,0.35396998660550694,0.07266788880030314,0.04676447709401449,0.021232876712328767,0.5452885891205801,1.0,True,2
Top,numeric,0.34820425437285063,0.03945408662160237,0.031768242518107094,0.023287671232876707,0.44153239694786334,1.0,True,3
RH,numeric,0.325604547468956,0.05154490868250529,0.038439702987670896,0.0319634703196347,0.4375125009865914,1.0,True,4
Season,categorical,0.3423220618313034,0.03366533120473226,0.024211219946543374,0.01484018264840183,0.41594978605971916,1.0,True,5
Clothing,categorical,0.39075433617284083,0.006113032499949137,0.007370785872141521,0.013926940639269414,0.4154034413888832,1.0,True,6
Air Velo,numeric,0.12181591040826834,0.028411201635996496,0.015976798534393315,0.008904109589041097,0.07245257376328453,0.6,True,7
Activity,categorical,0.16546141439178608,0.00033410390218098957,0.00027356545130411786,0.0025114155251141656,0.06319194949150776,0.4,False,8
