Model,RMSE,MAE,R2,Accuracy,Residual_STD,MBE,Train_Accuracy,Avg_Num_Features
catboost,0.8525893800691614,0.6703041705089904,0.501848467227662,0.4397260273972602,0.8524103304028067,0.0006892198746028609,0.47226027397260273,7.0
xgboost,0.8611162159200962,0.6795489430427551,0.49152464866638185,0.4390410958904109,0.8609088479364969,0.007428380540788991,0.5116438356164383,7.0
lightgbm,0.887233714532964,0.6990444000467583,0.4600386419900372,0.4273972602739726,0.8868488087676735,0.0033116466047892284,0.5688356164383561,7.0
elasticnet,0.9938917120508224,0.7779393162905975,0.3235736622564721,0.38767123287671235,0.9938609824461053,-0.0012849127929398512,0.38647260273972595,7.0
svr_rbf,0.9572334862906648,0.7274988325230317,0.37124777734477815,0.43561643835616437,0.956366662574179,0.03434321575865818,0.5984589041095891,7.0
