RMSE,MAE,R2,Accuracy,Residual_STD,MBE,Accuracy_exact,F1_macro,Kappa,Kappa_quadratic,Kendall_tau_b,Train_Accuracy,Avg_Num_Features
0.975550996695981,0.7327349950509872,0.3485376992834328,0.4397260273972603,0.975550996695981,-2.5550338100962506e-17,0.4397260273972603,0.35637292245353397,0.24229418105430922,0.6033041055381616,0.5174337154851203,0.45890410958904104,6.0
