RMSE,MAE,R2,Accuracy,Residual_STD,MBE,Accuracy_exact,F1_macro,Kappa,Kappa_quadratic,Kendall_tau_b,Train_Accuracy,Avg_Num_Features
0.8642454128315316,0.6685227051055557,0.4887144709855624,0.45821917808219176,0.8642454128315316,1.2166827667125003e-17,0.45821917808219176,0.3479549069943257,0.26004427457927937,0.6337493305112636,0.5670958801122629,0.4575342465753424,7.0
