Model,RMSE,MAE,R2,Accuracy,Residual_STD,MBE,Train_Accuracy,Avg_Num_Features
catboost,0.8454247078294943,0.6634700987710616,0.5089552765560904,0.4479452054794521,0.8445057248905264,0.006425209641882802,0.47996575342465747,7.0
xgboost,0.8561412035719661,0.6707858681678772,0.4967339038848877,0.46506849315068494,0.8549062965799143,0.010432845605409719,0.5292808219178082,7.0
lightgbm,0.8739831323152625,0.6849460245557994,0.4755110417118559,0.4390410958904109,0.8728364210431918,0.004901346307037287,0.561986301369863,7.0
elasticnet,0.9944496578683646,0.7787980165507029,0.3211724128608262,0.38904109589041097,0.9928980411254212,-8.155604701773344e-06,0.38715753424657534,7.0
svr_rbf,0.9557736952202159,0.7247107272960263,0.3721425947324904,0.4431506849315069,0.9529742689708449,0.026920338125681696,0.6263698630136987,7.0
