Feature,Type,Univariate_Score,Perm_DeltaR2,Perm_DeltaMAE,Perm_DeltaAcc,Combined_Score,Stability_Freq,Selected,Rank
Season,categorical,0.3423220618313034,0.31875066921616224,0.18819406483680898,0.08904109589041097,0.9287262904412457,1.0,True,1
Clothing,categorical,0.39075433617284083,0.005182133561873744,0.006720308207798467,0.01598173515981735,0.4095914864009999,1.0,True,2
MRT,numeric,0.33427764517134434,0.03392175282616,0.02923322903756211,0.018036529680365298,0.3907075446981333,1.0,True,3
RATemp,numeric,0.35396998660550694,0.008409926460066856,0.006765771858772926,0.008219178082191783,0.36481977295039525,1.0,True,4
Top,numeric,0.34820425437285063,0.008720353671632692,0.00938755873827443,0.01278538812785388,0.3549181422601707,1.0,True,5
RH,numeric,0.325604547468956,0.01966824852540433,0.015658615760937238,0.008904109589041097,0.34365253199117396,1.0,True,6
Activity,categorical,0.16546141439178608,0.0040549838812554695,0.002608687627431072,0.0011415525114155222,0.0671034225161101,0.6,True,7
Air Velo,numeric,0.12181591040826834,0.02854095342480844,0.016735146580007507,0.010730593607305935,0.07137426359662082,0.4,False,8
