Feature,Type,Univariate_Score,Perm_DeltaR2,Perm_DeltaMAE,Perm_DeltaAcc,Combined_Score,Stability_Freq,Selected,Rank
MRT,numeric,0.33427764517134434,0.1916980393293002,0.12150817347585299,0.05593607305936073,0.8544413989776928,1.0,True,1
RATemp,numeric,0.35396998660550694,0.09117940699461333,0.05985107286796478,0.031278538812785375,0.5889281647784834,1.0,True,2
RH,numeric,0.325604547468956,0.03859557119240409,0.027060045724186237,0.015296803652968021,0.4209186101959448,1.0,True,3
Clothing,categorical,0.39075433617284083,0.003703226580854276,0.004942181078874305,0.00570776255707762,0.409684268310066,1.0,True,4
Season,categorical,0.3423220618313034,0.029779916002782996,0.020152164623679823,0.015525114155251128,0.40933801797396646,1.0,True,5
Top,numeric,0.34820425437285063,0.016338540594974187,0.01374022290254319,0.01621004566210045,0.38784232904729266,1.0,True,6
Activity,categorical,0.16546141439178608,0.0005183413103463078,0.00033827213720977564,0.0004566210045662118,0.06411927909742263,0.8,True,7
Air Velo,numeric,0.12181591040826834,0.01703646886876824,0.009749170092451274,0.0073059360730593536,0.04043366464333571,0.2,False,8
