Model,RMSE,MAE,R2,Accuracy,Residual_STD,MBE,Train_Accuracy,Avg_Num_Features
catboost,0.8447921565577043,0.6633413123409412,0.5096362970618392,0.4547945205479452,0.8439167113885289,0.0085401797399754,0.49075342465753424,7.0
xgboost,0.853792185972112,0.671711540222168,0.4994926691055298,0.4602739726027397,0.8525432457854409,0.011504916804651284,0.5248287671232876,7.0
lightgbm,0.8739831323152625,0.6849460245557994,0.4755110417118559,0.4390410958904109,0.8728364210431918,0.004901346307037287,0.561986301369863,7.0
elasticnet,0.9944490272395065,0.7787972482554418,0.3211732822945064,0.38904109589041097,0.9928974063976636,-8.108764348632724e-06,0.38715753424657534,7.0
svr_rbf,0.9557736952202165,0.7247107272960268,0.37214259473248984,0.4431506849315069,0.9529742689708453,0.026920338125681342,0.6263698630136987,7.0
