Feature,Type,Univariate_Score,Perm_DeltaR2,Perm_DeltaMAE,Perm_DeltaAcc,Combined_Score,Stability_Freq,Selected,Rank
MRT,numeric,0.33427764517134434,0.2576548377672831,0.15619768301645917,0.07191780821917806,0.9161977661471088,1.0,True,1
RATemp,numeric,0.35396998660550694,0.0648759126663208,0.0416872501373291,0.023059360730593604,0.5103252019405808,1.0,True,2
Top,numeric,0.34820425437285063,0.042087189356486004,0.03230143785476684,0.021461187214611877,0.44093436990302204,1.0,True,3
RH,numeric,0.325604547468956,0.05199573040008545,0.03837227821350098,0.031506849315068496,0.4272500842447705,1.0,True,4
Season,categorical,0.3423220618313034,0.036865973472595216,0.027557671070098877,0.020319634703196348,0.4175950760194841,1.0,True,5
Clothing,categorical,0.39075433617284083,0.003181318442026774,0.004225583871205648,0.007534246575342467,0.4067234983491675,1.0,True,6
Activity,categorical,0.16546141439178608,0.00043927828470865886,0.0003310283025105794,0.0018264840182648436,0.0634769258506456,0.6,True,7
Air Velo,numeric,0.12181591040826834,0.020153295993804932,0.011164939403533934,0.009132420091324197,0.045823402588543,0.4,False,8
