RMSE,MAE,R2,Accuracy,Residual_STD,MBE,Accuracy_exact,F1_macro,Kappa,Kappa_quadratic,Kendall_tau_b,Train_Accuracy,Avg_Num_Features
0.8826134293898613,0.6917494210195515,0.46675057342299786,0.4438356164383562,0.8826134293898613,-3.6500483001375006e-18,0.4438356164383562,0.32920402148400907,0.25136526443947105,0.6484138133351882,0.5619516326051345,0.4486301369863014,7.0
