RMSE,MAE,R2,Accuracy,Residual_STD,MBE,Train_Accuracy,Avg_Num_Features
0.9238176661273328,0.7162341291777932,0.41579958552816376,0.4363013698630137,0.9238176661273328,1.9466924267400005e-17,0.43630136986301365,7.0
