RMSE,MAE,R2,Accuracy,Residual_STD,MBE,Train_Accuracy,Avg_Num_Features
0.8544569387963414,0.667345465785766,0.50023055962899,0.46986301369863015,0.8544569387963414,5.3534041735350016e-17,0.4684931506849315,7.0
