RMSE,MAE,R2,Accuracy,Residual_STD,MBE,Train_Accuracy,Avg_Num_Features
0.930121573581003,0.7285606953517214,0.40779949944459204,0.4397260273972603,0.930121573581003,-3.406711746795001e-17,0.4390410958904109,7.0
