RMSE,MAE,R2,Accuracy,Residual_STD,MBE,Accuracy_exact,F1_macro,Kappa,Kappa_quadratic,Kendall_tau_b
0.8479130675717553,0.667465342548589,0.5078562301698386,0.4383561643835616,0.8479061303472463,-0.003429909401512425,0.4383561643835616,0.27776653586424077,0.23060510479245888,0.6331975213152059,0.559432211885453
