Feature,Type,Univariate_Score,Perm_DeltaR2,Perm_DeltaMAE,Perm_DeltaAcc,Combined_Score,Stability_Freq,Selected,Rank
MRT,numeric,0.33427764517134434,0.08916198964283216,0.061919554040670344,0.029908675799086744,0.8438719436575723,1.0,True,1
Top,numeric,0.34820425437285063,0.08869589758555965,0.06248721644662982,0.03150684931506848,0.837814489578087,1.0,True,2
RH,numeric,0.325604547468956,0.06584548674121085,0.04385071620876019,0.02602739726027396,0.6925740372622874,1.0,True,3
RATemp,numeric,0.35396998660550694,0.05079646057441763,0.03641470580744513,0.02876712328767122,0.650339177054742,1.0,True,4
Season,categorical,0.3423220618313034,0.05430413504503112,0.0365472907527407,0.018721461187214607,0.6459027387351461,1.0,True,5
Clothing,categorical,0.39075433617284083,0.007752286395164261,0.006736813062913923,0.009132420091324193,0.4186890924416174,1.0,True,6
Air Velo,numeric,0.12181591040826834,0.054503357493290674,0.0337542577122457,0.007305936073059352,0.3203040816924682,1.0,True,7
Activity,categorical,0.16546141439178608,0.0122668029894582,0.006599684168077939,0.0025114155251141504,0.12023022305164807,0.0,False,8
