RMSE,MAE,R2,Accuracy,Residual_STD,MBE
0.840527271305478,0.6593508712803111,0.5163925834038876,0.4636986301369863,0.8405238749327638,-0.0023894510340814637
