RMSE,MAE,R2,Accuracy,Residual_STD,MBE,Train_Accuracy,Avg_Num_Features
1.101032848507188,0.7605202664665038,0.17016855652719076,0.4267123287671233,1.1010328222049295,-0.00024066428973541193,0.42671232876712323,7.0
