Feature,Type,Univariate_Score,Perm_DeltaR2,Perm_DeltaMAE,Perm_DeltaAcc,Combined_Score,Stability_Freq,Selected,Rank
MRT,numeric,0.33427764517134434,0.24837017854054771,0.15571835438410442,0.08219178082191779,0.9161977661471088,1.0,True,1
RATemp,numeric,0.35396998660550694,0.068484361966451,0.04380349318186441,0.025799086757990863,0.5322578819563468,1.0,True,2
Top,numeric,0.34820425437285063,0.04055795272191366,0.03411167860031128,0.02557077625570776,0.4421197738278225,1.0,True,3
RH,numeric,0.325604547468956,0.05119389295578003,0.03566912015279134,0.02488584474885844,0.4336493153710713,1.0,True,4
Season,categorical,0.3423220618313034,0.03678186734517415,0.025058813889821376,0.013926940639269397,0.42562150441728674,1.0,True,5
Clothing,categorical,0.39075433617284083,0.004660844802856445,0.004705564181009928,0.009360730593607303,0.41221197740251,1.0,True,6
Activity,categorical,0.16546141439178608,0.0003698547681172689,0.00012087424596150715,0.002739726027397257,0.06365851984291879,0.8,True,7
Air Velo,numeric,0.12181591040826834,0.021223080158233643,0.01320825417836507,0.010958904109589045,0.04767319948582811,0.2,False,8
