RMSE,MAE,R2,Accuracy,Residual_STD,MBE,Accuracy_exact,F1_macro,Kappa,Kappa_quadratic,Kendall_tau_b,Train_Accuracy,Avg_Num_Features
0.9055502471046405,0.6865762119221868,0.4386749268568282,0.4541095890410959,0.9055502471046405,-3.771716576808751e-17,0.4541095890410959,0.3600933750237897,0.264731808017167,0.6302451970281577,0.5399503919756771,0.45410958904109594,7.0
