Feature,Type,Univariate_Score,Perm_DeltaR2,Perm_DeltaMAE,Perm_DeltaAcc,Combined_Score,Stability_Freq,Selected,Rank
MRT,numeric,0.33427764517134434,0.2577173511187235,0.16093964179356893,0.0817351598173516,0.9161977661471088,1.0,True,1
RATemp,numeric,0.35396998660550694,0.07699682315190634,0.04925072987874349,0.025570776255707767,0.5378222639087704,1.0,True,2
Top,numeric,0.34820425437285063,0.04125123023986817,0.03393146594365438,0.0319634703196347,0.435287372463645,1.0,True,3
RH,numeric,0.325604547468956,0.04942704836527506,0.03512946367263794,0.022374429223744288,0.42200492788883415,1.0,True,4
Season,categorical,0.3423220618313034,0.0372092326482137,0.026007413864135742,0.015068493150684934,0.41619566896757326,1.0,True,5
Clothing,categorical,0.39075433617284083,0.0036801775296529137,0.005225125948588053,0.011643835616438359,0.40857617665253576,1.0,True,6
Air Velo,numeric,0.12181591040826834,0.026573491096496583,0.016264720757802324,0.009360730593607305,0.06035268707435263,0.6,True,7
Activity,categorical,0.16546141439178608,0.00033922990163167316,0.00015672842661539714,0.0020547945205479498,0.06321845138536407,0.4,False,8
