RMSE,MAE,R2,Accuracy,Residual_STD,MBE,Train_Accuracy,Avg_Num_Features
0.9460444345608778,0.7186718340931947,0.3873500461710936,0.4397260273972603,0.9460444316204493,7.458922304906576e-05,0.44246575342465755,7.0
