RMSE,MAE,R2,Accuracy,Residual_STD,MBE,Accuracy_exact,F1_macro,Kappa,Kappa_quadratic,Kendall_tau_b,Train_Accuracy,Avg_Num_Features
0.9187973628029845,0.7235426943505453,0.4221317750046719,0.4363013698630137,0.9187973628029845,2.9200386401100005e-17,0.4363013698630137,0.26148809576489834,0.21886711743776865,0.5816059630439054,0.5244302089065707,0.43767123287671234,7.0
