Feature,Type,Univariate_Score,Perm_DeltaR2,Perm_DeltaMAE,Perm_DeltaAcc,Combined_Score,Stability_Freq,Selected,Rank
Top,numeric,0.34820425437285063,0.09596478135218203,0.06700798045844623,0.03607305936073057,0.8618809180842479,1.0,True,1
MRT,numeric,0.33427764517134434,0.09172986190624885,0.06367584472342949,0.03630136986301368,0.8402886722592955,1.0,True,2
RATemp,numeric,0.35396998660550694,0.057103938556776354,0.037829542756156374,0.029908675799086747,0.6844831148671344,1.0,True,3
Season,categorical,0.3423220618313034,0.06141479237100798,0.04005197918354946,0.016438356164383557,0.6768672216523927,1.0,True,4
RH,numeric,0.325604547468956,0.06369332478019452,0.044742175317111076,0.03150684931506848,0.6696520310575871,1.0,True,5
Clothing,categorical,0.39075433617284083,0.009570915830322902,0.0069841024223611155,0.003881278538812775,0.42843030634860535,1.0,True,6
Air Velo,numeric,0.12181591040826834,0.06022206375807711,0.03857530732067673,0.009360730593607303,0.36239759563215757,1.0,True,7
Activity,categorical,0.16546141439178608,0.011230166503614303,0.006366175946597548,0.004109589041095889,0.11144741165230174,0.0,False,8
