RMSE,MAE,R2,Accuracy,Residual_STD,MBE,Accuracy_exact,F1_macro,Kappa,Kappa_quadratic,Kendall_tau_b,Train_Accuracy,Avg_Num_Features
0.8878537336056653,0.6963153507305248,0.4603996962878547,0.4315068493150685,0.8878537336056653,0.0,0.4315068493150685,0.23350937549638265,0.20492555116544886,0.5827045608791863,0.5327901963023861,0.4301369863013698,7.0
