RMSE,MAE,R2,Accuracy,Residual_STD,MBE,Train_Accuracy,Avg_Num_Features
0.9202524756649947,0.7170134339719305,0.4202999688530086,0.4397260273972603,0.9202524756649947,2.6767020867675008e-17,0.439041095890411,7.0
