Feature,Type,Univariate_Score,Perm_DeltaR2,Perm_DeltaMAE,Perm_DeltaAcc,Combined_Score,Stability_Freq,Selected,Rank
Top,numeric,0.34820425437285063,0.09118859765236671,0.06538735793988808,0.03493150684931505,0.8031780756904892,1.0,True,1
MRT,numeric,0.33427764517134434,0.08700657092582717,0.06076053839550244,0.03310502283105022,0.7958514100408667,1.0,True,2
RH,numeric,0.325604547468956,0.07216465426420458,0.04752838801606653,0.029223744292237425,0.7012327723333822,1.0,True,3
Season,categorical,0.3423220618313034,0.057291274068967335,0.036999175144999966,0.01963470319634702,0.6426322348438441,1.0,True,4
RATemp,numeric,0.35396998660550694,0.05231162494600748,0.036081554024389985,0.025570776255707757,0.6341278346659573,1.0,True,5
Clothing,categorical,0.39075433617284083,0.011334239499275573,0.006602329078483675,0.005022831050228297,0.4384421500951718,1.0,True,6
Air Velo,numeric,0.12181591040826834,0.059432355901190684,0.036079114253454815,0.017123287671232872,0.33703213455582715,1.0,True,7
Activity,categorical,0.16546141439178608,0.011083652431954518,0.005865925607151312,0.0029680365296803585,0.1108774365789782,0.0,False,8
