RMSE,MAE,R2,Accuracy,Residual_STD,MBE,Train_Accuracy,Avg_Num_Features
0.8642454128315316,0.6685227051055557,0.4887144709855624,0.45821917808219176,0.8642454128315316,1.2166827667125003e-17,0.4575342465753424,7.0
