Feature,Type,Univariate_Score,Perm_DeltaR2,Perm_DeltaMAE,Perm_DeltaAcc,Combined_Score,Stability_Freq,Selected,Rank
Season,categorical,0.3423220618313034,0.3008628144996792,0.17547174876295446,0.08036529680365297,0.9287262904412457,1.0,True,1
Clothing,categorical,0.39075433617284083,0.003641331515462546,0.005525374059190683,0.010502283105022828,0.4062986939323703,1.0,True,2
MRT,numeric,0.33427764517134434,0.03069243727317377,0.021917393854024782,0.0063926940639269444,0.3906523203399147,1.0,True,3
RATemp,numeric,0.35396998660550694,0.007476338599495836,0.009010996558093157,0.010502283105022828,0.3617224010444655,1.0,True,4
Top,numeric,0.34820425437285063,0.01168144627992027,0.0087794745218957,0.008675799086757998,0.35940727489172797,1.0,True,5
RH,numeric,0.325604547468956,0.017385451588492983,0.014454454072855158,0.0063926940639269444,0.3461949323335215,1.0,True,6
Activity,categorical,0.16546141439178608,0.003913682179958126,0.003177372746353606,0.0020547945205479498,0.0683524024670391,0.6,True,7
Air Velo,numeric,0.12181591040826834,0.025231987500897585,0.014949076920891055,0.008447488584474886,0.07042261844561064,0.4,False,8
