Feature,Type,Univariate_Score,Perm_DeltaR2,Perm_DeltaMAE,Perm_DeltaAcc,Combined_Score,Stability_Freq,Selected,Rank
MRT,numeric,0.33427764517134434,0.0923725015528325,0.06548360247367763,0.030821917808219162,0.8280789505443493,1.0,True,1
Top,numeric,0.34820425437285063,0.09095881411186828,0.06504873573927468,0.04246575342465751,0.8072890761400814,1.0,True,2
RH,numeric,0.325604547468956,0.06996907548516659,0.04657227138231543,0.02853881278538812,0.6813858070466947,1.0,True,3
Season,categorical,0.3423220618313034,0.05957905095044473,0.0416180073217642,0.02237442922374428,0.6494797942731455,1.0,True,4
RATemp,numeric,0.35396998660550694,0.053333776513023956,0.03746584751337219,0.02602739726027396,0.6415660275514323,1.0,True,5
Clothing,categorical,0.39075433617284083,0.008478067184054897,0.007650908587033138,0.00821917808219177,0.42327248647920096,1.0,True,6
Air Velo,numeric,0.12181591040826834,0.04974697816426282,0.030886849341753324,0.007762557077625562,0.26699649146546145,1.0,True,7
Activity,categorical,0.16546141439178608,0.012360762163458397,0.007046737994896737,0.005936073059360722,0.10806884733123232,0.0,False,8
