Feature,Type,Univariate_Score,Perm_DeltaR2,Perm_DeltaMAE,Perm_DeltaAcc,Combined_Score,Stability_Freq,Selected,Rank
MRT,numeric,0.33427764517134434,0.08005710867945134,0.05223553112753758,0.015981735159817347,0.9161977661471088,1.0,True,1
RH,numeric,0.325604547468956,0.042332063162759205,0.029497270096919503,0.009817351598173516,0.6270208740110028,1.0,True,2
Top,numeric,0.34820425437285063,0.036789012525722795,0.025590309472911348,0.004794520547945202,0.6159655476269938,1.0,True,3
RATemp,numeric,0.35396998660550694,0.02374415200988043,0.01680644222369816,0.0027397260273972638,0.5250435171400579,1.0,True,4
Season,categorical,0.3423220618313034,0.013187546438793949,0.008719452079163307,0.0031963470319634757,0.42990599091818255,1.0,True,5
Clothing,categorical,0.39075433617284083,0.0,0.0,0.0,0.4,1.0,True,6
Air Velo,numeric,0.12181591040826834,0.05103203237726771,0.029085665266223415,0.007305936073059368,0.380838115182176,1.0,True,7
Activity,categorical,0.16546141439178608,0.0,0.0,0.0,0.06319194949150776,0.0,False,8
