RMSE,MAE,R2,Accuracy,Residual_STD,MBE,Train_Accuracy,Avg_Num_Features
0.94942334910158,0.714553502244896,0.38296592095260096,0.45616438356164385,0.94942334910158,-2.6767020867675008e-17,0.4547945205479452,7.0
