Feature,Type,Univariate_Score,Perm_DeltaR2,Perm_DeltaMAE,Perm_DeltaAcc,Combined_Score,Stability_Freq,Selected,Rank
MRT,numeric,0.33427764517134434,0.08147216569441364,0.05227463296942009,0.013013698630136988,0.9161977661471088,1.0,True,1
RH,numeric,0.325604547468956,0.0423525772450503,0.029501425782462842,0.009360730593607305,0.6187714620869135,1.0,True,2
Top,numeric,0.34820425437285063,0.03634653737484676,0.02498755870699612,0.0027397260273972603,0.6023875401550195,1.0,True,3
RATemp,numeric,0.35396998660550694,0.026295177136725235,0.018872051992352867,0.004566210045662104,0.5391832654649319,1.0,True,4
Season,categorical,0.3423220618313034,0.011827422513994032,0.008033977156611952,0.0034246575342465743,0.4161326792843926,1.0,True,5
Clothing,categorical,0.39075433617284083,0.0,0.0,0.0,0.4,1.0,True,6
Air Velo,numeric,0.12181591040826834,0.05431799986169121,0.030859920006614434,0.0057077625570776305,0.39764200457107857,1.0,True,7
Activity,categorical,0.16546141439178608,0.0,0.0,0.0,0.06319194949150776,0.0,False,8
