Feature,Type,Univariate_Score,Perm_DeltaR2,Perm_DeltaMAE,Perm_DeltaAcc,Combined_Score,Stability_Freq,Selected,Rank
MRT,numeric,0.33427764517134434,0.09431574947481065,0.06629901892222353,0.03515981735159815,0.8373085363571869,1.0,True,1
Top,numeric,0.34820425437285063,0.09060254943352535,0.0662256245154362,0.03835616438356164,0.8104326839325916,1.0,True,2
Season,categorical,0.3423220618313034,0.06143555768209478,0.039368009877562594,0.01917808219178081,0.651780644513356,1.0,True,3
RH,numeric,0.325604547468956,0.06307467810631734,0.04205537655243487,0.022374429223744278,0.6513793789112095,1.0,True,4
RATemp,numeric,0.35396998660550694,0.05040421525281431,0.033179845724363,0.015525114155251133,0.6273884304607784,1.0,True,5
Clothing,categorical,0.39075433617284083,0.009259981794161114,0.00812328045513971,0.008219178082191771,0.42784359154666374,1.0,True,6
Air Velo,numeric,0.12181591040826834,0.056922140374845755,0.033754801159883684,0.009589041095890396,0.3310304820274689,1.0,True,7
Activity,categorical,0.16546141439178608,0.011593419954267044,0.0066398556359343,0.005936073059360721,0.10811972393156614,0.0,False,8
