RMSE,MAE,R2,Accuracy,Residual_STD,MBE,Train_Accuracy,Avg_Num_Features
0.9494527228902587,0.7145649836710042,0.38292774007357044,0.45616438356164385,0.9494527228902587,-7.300096600275001e-18,0.4547945205479452,7.0
