RMSE,MAE,R2,Accuracy,Residual_STD,MBE
0.865603362809689,0.6856492732812471,0.4871064887528056,0.4404109589041096,0.8654539031685732,0.01608487481219257
