Feature,Type,Univariate_Score,Perm_DeltaR2,Perm_DeltaMAE,Perm_DeltaAcc,Combined_Score,Stability_Freq,Selected,Rank
MRT,numeric,0.33427764517134434,0.08467078900389853,0.05373102740928194,0.013926940639269409,0.9161977661471088,1.0,True,1
RH,numeric,0.325604547468956,0.044876244395394824,0.029715418082667328,0.01232876712328767,0.6244868918331253,1.0,True,2
Top,numeric,0.34820425437285063,0.033996266068601524,0.023427892158047605,0.004337899543378999,0.5773998688116818,1.0,True,3
RATemp,numeric,0.35396998660550694,0.024267748638105137,0.017601656777059493,0.004109589041095896,0.5174452895390029,1.0,True,4
Season,categorical,0.3423220618313034,0.012379499161100052,0.008696969522658,0.0031963470319634722,0.4165507079671503,1.0,True,5
Air Velo,numeric,0.12181591040826834,0.0585454182535079,0.033254332215599605,0.0066210045662100534,0.4160518160907613,1.0,True,6
Clothing,categorical,0.39075433617284083,0.0,0.0,0.0,0.4,1.0,True,7
Activity,categorical,0.16546141439178608,0.0,0.0,0.0,0.06319194949150776,0.0,False,8
