RMSE,MAE,R2,Accuracy,Residual_STD,MBE,Train_Accuracy,Avg_Num_Features
0.9520155400870347,0.7399895349536094,0.3795919704822307,0.43904109589041096,0.9520154112071979,-0.0004953697591538499,0.4390410958904109,7.0
