RMSE,MAE,R2,Accuracy,Residual_STD,MBE
0.8404964410055877,0.6601132090939238,0.5164280599166645,0.46095890410958906,0.8404958020242285,-0.001036398913774418
