RMSE,MAE,R2,Accuracy,Residual_STD,MBE
0.8453930838030969,0.663616208573135,0.5107771696872812,0.4602739726027397,0.8453901224975612,-0.002237616068128465
