Model,RMSE,MAE,R2,Accuracy,Residual_STD,MBE,Accuracy_exact,F1_macro,Kappa,Kappa_quadratic,Kendall_tau_b,Train_Accuracy,Avg_Num_Features
catboost,0.8525893800691614,0.6703041705089904,0.501848467227662,0.4397260273972602,0.8524103304028067,0.0006892198746028609,0.4397260273972602,0.2751236217725871,0.23275186332459613,0.6282364084368358,0.5542228372311351,0.47226027397260273,7.0
xgboost,0.8611162159200962,0.6795489430427551,0.49152464866638185,0.4390410958904109,0.8609088479364969,0.007428380540788991,0.4390410958904109,0.2666601961615347,0.2243765238586141,0.6074755517236982,0.5526620075430808,0.5116438356164383,7.0
lightgbm,0.887233714532964,0.6990444000467583,0.4600386419900372,0.4273972602739726,0.8868488087676735,0.0033116466047892284,0.4273972602739726,0.31751129581093407,0.22714388531949412,0.6395325526353405,0.55019134878873,0.5688356164383561,7.0
elasticnet,0.9938917120508224,0.7779393162905975,0.3235736622564721,0.38767123287671235,0.9938609824461053,-0.0012849127929398512,0.38767123287671235,0.14334692331677185,0.10568245256875648,0.3678691212980534,0.4486901681825633,0.38647260273972595,7.0
svr_rbf,0.9588014704649961,0.7303601125524017,0.3697060306546447,0.42671232876712334,0.9580677726575495,0.022079349345314272,0.42671232876712334,0.3175260200146159,0.21337867192390383,0.5711215569252934,0.4852000134456729,0.6291095890410959,7.0
