RMSE,MAE,R2,Accuracy,Residual_STD,MBE,Accuracy_exact,F1_macro,Kappa,Kappa_quadratic,Kendall_tau_b,Train_Accuracy,Avg_Num_Features
1.1033003700873705,0.7701679489585287,0.1667470449870604,0.4191780821917808,1.1033002997115609,-0.00039407018202291345,0.4191780821917808,0.366804345703616,0.23464000731928647,0.5751584809642918,0.4816345123454471,0.4191780821917808,7.0
