RMSE,MAE,R2,Accuracy,Residual_STD,MBE,Accuracy_exact,F1_macro,Kappa,Kappa_quadratic,Kendall_tau_b,Train_Accuracy,Avg_Num_Features
0.9460444345608789,0.7186718340931953,0.38735004617109225,0.4397260273972603,0.9460444316204504,7.458922304906942e-05,0.4397260273972603,0.2813775604239246,0.23694468634853738,0.5985004256179234,0.5213856828415465,0.44246575342465755,7.0
