Feature,Type,Univariate_Score,Perm_DeltaR2,Perm_DeltaMAE,Perm_DeltaAcc,Combined_Score,Stability_Freq,Selected,Rank
Season,categorical,0.3423220618313034,0.30390375972516115,0.17968642543784213,0.08082191780821917,0.9287262904412457,1.0,True,1
Clothing,categorical,0.39075433617284083,0.0029659405361222393,0.004569485038633437,0.009360730593607303,0.4037503859947516,1.0,True,2
MRT,numeric,0.33427764517134434,0.029271154896153985,0.02406906742932982,0.011872146118721462,0.3859730796726534,1.0,True,3
RATemp,numeric,0.35396998660550694,0.00922442380124726,0.007569869195532939,0.00570776255707763,0.3631842370830414,1.0,True,4
Top,numeric,0.34820425437285063,0.009737015515684297,0.010120055719843934,0.010958904109589045,0.35976283722371394,1.0,True,5
RH,numeric,0.325604547468956,0.020859107602759504,0.015378791366474095,0.008447488584474883,0.3501624360952064,1.0,True,6
Activity,categorical,0.16546141439178608,0.003032930795924423,0.002119988135804918,0.0011415525114155296,0.06548030750241861,0.6,True,7
Air Velo,numeric,0.12181591040826834,0.02296960630038437,0.015051672553936158,0.009589041095890411,0.05659204720938833,0.4,False,8
