RMSE,MAE,R2,Accuracy,Residual_STD,MBE
0.8453706934609362,0.663602905568923,0.5108030836005036,0.46095890410958906,0.845368041320195,-0.002117563949718924
