RMSE,MAE,R2,Accuracy,Residual_STD,MBE,Train_Accuracy,Avg_Num_Features
1.106547608382049,0.770594858322387,0.1618349597629486,0.41986301369863016,1.106547573293826,-0.00027866391443041036,0.4198630136986301,7.0
