RMSE,MAE,R2,Accuracy,Residual_STD,MBE
0.8479130675717553,0.667465342548589,0.5078562301698386,0.4383561643835616,0.8479061303472463,-0.003429909401512425
