Feature,Type,Univariate_Score,Perm_DeltaR2,Perm_DeltaMAE,Perm_DeltaAcc,Combined_Score,Stability_Freq,Selected,Rank
Season,categorical,0.3423220618313034,0.2767958196768371,0.1714697815635634,0.08584474885844749,0.9287262904412457,1.0,True,1
Clothing,categorical,0.39075433617284083,0.004957185442332701,0.00702712223701718,0.013242009132420091,0.4155096332685175,1.0,True,2
MRT,numeric,0.33427764517134434,0.028231685167993525,0.023659730492520865,0.013926940639269409,0.3949952024678568,1.0,True,3
Top,numeric,0.34820425437285063,0.011175812005165695,0.009286096330718589,0.007762557077625573,0.36689685647094866,1.0,True,4
RATemp,numeric,0.35396998660550694,0.004021636173503825,0.00596171954482898,0.007305936073059363,0.35837168825143484,1.0,True,5
RH,numeric,0.325604547468956,0.0188281937408929,0.013971325555896117,0.012557077625570779,0.35622519115162576,1.0,True,6
Activity,categorical,0.16546141439178608,0.0031134580431899576,0.0015904253499421594,0.0002283105022831059,0.06904272367864464,0.6,True,7
Air Velo,numeric,0.12181591040826834,0.021860065010225496,0.013416801854295723,0.010502283105022828,0.06599076159621506,0.4,False,8
