RMSE,MAE,R2,Accuracy,Residual_STD,MBE,Train_Accuracy,Avg_Num_Features
0.9161653295369638,0.7165578610006325,0.4254378138151178,0.4417808219178082,0.9161653295369638,2.9200386401100005e-17,0.4404109589041096,7.0
