Feature,Type,Univariate_Score,Perm_DeltaR2,Perm_DeltaMAE,Perm_DeltaAcc,Combined_Score,Stability_Freq,Selected,Rank
MRT,numeric,0.33427764517134434,0.07968911605314859,0.04979676275088809,0.010273972602739722,0.9161977661471088,1.0,True,1
RH,numeric,0.325604547468956,0.04294943972934937,0.029228323467453365,0.005251141552511414,0.6348728524665272,1.0,True,2
Top,numeric,0.34820425437285063,0.032950381480167726,0.023172821403426212,0.0022831050228310557,0.5841198312071938,1.0,True,3
RATemp,numeric,0.35396998660550694,0.02393170485677052,0.017540725452514713,0.0045662100456621,0.5290435227133393,1.0,True,4
Air Velo,numeric,0.12181591040826834,0.05649891518286333,0.03223511645991532,0.0036529680365296802,0.42961887730298054,1.0,True,5
Season,categorical,0.3423220618313034,0.012003591497604533,0.00830699405480133,0.002054794520547946,0.4198610626516944,1.0,True,6
Clothing,categorical,0.39075433617284083,0.0,0.0,0.0,0.4,1.0,True,7
Activity,categorical,0.16546141439178608,0.0,0.0,0.0,0.06319194949150776,0.0,False,8
