RMSE,MAE,R2,Accuracy,Residual_STD,MBE,Train_Accuracy,Avg_Num_Features
0.8878537336056653,0.6963153507305248,0.4603996962878547,0.4315068493150685,0.8878537336056653,0.0,0.4301369863013698,7.0
