RMSE,MAE,R2,Accuracy,Residual_STD,MBE,Train_Accuracy,Avg_Num_Features
0.9460444345608789,0.7186718340931953,0.38735004617109225,0.4397260273972603,0.9460444316204504,7.458922304906942e-05,0.44246575342465755,7.0
