RMSE,MAE,R2,Accuracy,Residual_STD,MBE,Accuracy_exact,F1_macro,Kappa,Kappa_quadratic,Kendall_tau_b,Train_Accuracy,Avg_Num_Features
0.9520155400870347,0.7399895349536094,0.3795919704822307,0.43904109589041096,0.9520154112071979,-0.0004953697591538499,0.43904109589041096,0.27353186560536813,0.2281006630998368,0.5614341781938337,0.5027026348468965,0.4390410958904109,7.0
