Feature,Type,Univariate_Score,Perm_DeltaR2,Perm_DeltaMAE,Perm_DeltaAcc,Combined_Score,Stability_Freq,Selected,Rank
MRT,numeric,0.33427764517134434,0.08202994221104436,0.05188110854578576,0.014840182648401817,0.9161977661471088,1.0,True,1
RH,numeric,0.325604547468956,0.039726216352070944,0.0263570124905222,0.008904109589041103,0.5942874520503311,1.0,True,2
Top,numeric,0.34820425437285063,0.03341345286819116,0.02413352187794595,0.002511415525114158,0.579420101405234,1.0,True,3
RATemp,numeric,0.35396998660550694,0.026542787279670927,0.019703963219711185,0.003652968036529684,0.5400384219912479,1.0,True,4
Air Velo,numeric,0.12181591040826834,0.060386773914593725,0.03394738981717113,0.005936073059360732,0.44221651860403616,1.0,True,5
Season,categorical,0.3423220618313034,0.012011733051036673,0.00828834584614527,0.005707762557077627,0.41664865058092815,1.0,True,6
Clothing,categorical,0.39075433617284083,0.0,0.0,0.0,0.4,1.0,True,7
Activity,categorical,0.16546141439178608,0.0,0.0,0.0,0.06319194949150776,0.0,False,8
