Model,RMSE,MAE,R2,Accuracy,Residual_STD,MBE,Train_Accuracy,Avg_Num_Features
catboost,0.8454247078294943,0.6634700987710616,0.5089552765560904,0.4479452054794521,0.8445057248905264,0.006425209641882802,0.47996575342465747,7.0
extratrees,0.8798716833526875,0.6872224227227504,0.46859253097093384,0.4397260273972603,0.8787169283491603,0.006018558618767847,0.5691780821917809,7.0
elasticnet,0.9944496578683646,0.7787980165507029,0.3211724128608262,0.38904109589041097,0.9928980411254212,-8.155604701773344e-06,0.38715753424657534,7.0
xgboost,0.8545512008534756,0.6726470708847045,0.49861654043197634,0.45479452054794517,0.8533217724605964,0.010476488053275605,0.5188356164383562,7.0
