RMSE,MAE,R2,Accuracy,Residual_STD,MBE,Accuracy_exact,F1_macro,Kappa,Kappa_quadratic,Kendall_tau_b,Train_Accuracy,Avg_Num_Features
0.9202524756649947,0.7170134339719305,0.4202999688530086,0.4397260273972603,0.9202524756649947,2.9200386401100005e-17,0.4397260273972603,0.2673567098579327,0.22614974703491741,0.5762444375235574,0.5176831875098281,0.439041095890411,7.0
