RMSE,MAE,R2,Accuracy,Residual_STD,MBE,Train_Accuracy,Avg_Num_Features
0.9055502471046405,0.6865762119221868,0.4386749268568282,0.4541095890410959,0.9055502471046405,-3.771716576808751e-17,0.45410958904109594,7.0
