Feature,Type,Univariate_Score,Perm_DeltaR2,Perm_DeltaMAE,Perm_DeltaAcc,Combined_Score,Stability_Freq,Selected,Rank
MRT,numeric,0.19961525576076694,0.013173453346112774,0.007471791783367529,0.014884770729389402,1.0,1.0,True,1
RH,numeric,0.005344435399548221,0.0,0.0,0.0,1.0,1.0,True,2
Top,numeric,0.22641087588146216,0.07093854130826151,0.030356064728691623,0.022164805575354392,1.0,1.0,True,3
RATemp,numeric,0.2118439991855703,0.06688212346526363,0.027916095406586527,0.010158786726855152,1.0,1.0,False,4
Air Velo,numeric,0.018771042586310023,0.0,0.0,0.0,1.0,1.0,False,5
