Feature,Type,Univariate_Score,Perm_DeltaR2,Perm_DeltaMAE,Perm_DeltaAcc,Combined_Score,Stability_Freq,Selected,Rank
MRT,numeric,0.19961525576076694,0.0526108712920517,0.03621555141457058,0.046814366041023216,1.0,1.0,True,1
RH,numeric,0.005344435399548221,0.01726726035646204,0.007539644774770493,0.019244476122594438,1.0,1.0,True,2
Top,numeric,0.22641087588146216,0.21004967922227916,0.09212207114530627,0.08023481428684566,1.0,1.0,True,3
RATemp,numeric,0.2118439991855703,0.07185365252706286,0.048602463675270866,0.06174071434228241,1.0,1.0,False,4
Air Velo,numeric,0.018771042586310023,0.01600748017331021,0.010215987839245814,0.014516512235685439,1.0,1.0,False,5
