Feature,Type,Univariate_Score,Perm_DeltaR2,Perm_DeltaMAE,Perm_DeltaAcc,Combined_Score,Stability_Freq,Selected,Rank
MRT,numeric,0.19961525576076694,0.03722141186396281,0.02846885522206625,0.030510018214936246,1.0,1.0,True,1
RH,numeric,0.005344435399548221,0.008102810382843018,0.007225183645884195,0.01852379821018451,1.0,1.0,True,2
Top,numeric,0.22641087588146216,0.34070486227671304,0.1389482339223226,0.08968678229191414,1.0,1.0,True,3
RATemp,numeric,0.2118439991855703,0.04626485904057821,0.04457591772079468,0.07845687811831789,1.0,1.0,False,4
Air Velo,numeric,0.018771042586310023,0.007129645347595215,0.004676536719004314,0.009428209392571472,1.0,1.0,False,5
