Feature,Type,Univariate_Score,Perm_DeltaR2,Perm_DeltaMAE,Perm_DeltaAcc,Combined_Score,Stability_Freq,Selected,Rank
MRT,numeric,0.19961525576076694,0.004752089552996123,0.022426044287027443,0.05191256830601093,1.0,1.0,True,1
RH,numeric,0.005344435399548221,0.00046333796323279797,0.004982819466602802,0.019246456006969195,1.0,1.0,True,2
Top,numeric,0.22641087588146216,0.14430629379404214,0.08454107348818105,0.0780648610121169,1.0,1.0,True,3
RATemp,numeric,0.2118439991855703,0.02991702798022695,0.04398646332211844,0.06754573532905679,1.0,1.0,False,4
Air Velo,numeric,0.018771042586310023,0.0009951461473285332,0.0010943531399485228,0.008357091945830364,1.0,1.0,False,5
