Feature,Type,Univariate_Score,Perm_DeltaR2,Perm_DeltaMAE,Perm_DeltaAcc,Combined_Score,Stability_Freq,Selected,Rank
Clothing,categorical,0.36107642774840565,0.002053964138031006,0.0009404818216959635,0.001587301587301589,1.0,1.0,True,1
Season,categorical,0.0,0.0,0.0,0.0,1.0,1.0,True,2
Activity,categorical,0.0,0.0,0.0,0.0,1.0,1.0,True,3
MRT,numeric,0.041044797892478044,0.04265938599904378,0.027888766924540204,0.03650793650793651,1.0,1.0,False,4
RH,numeric,0.0027651772560393123,0.01695591608683268,0.003607523441314697,0.01897379106681432,1.0,1.0,False,5
Top,numeric,0.06833100609793122,0.02575712203979492,0.0201091210047404,0.03141380583241049,1.0,1.0,False,6
RATemp,numeric,0.018579672702628686,0.012007490793863932,0.011555830637613932,0.02222222222222222,1.0,1.0,False,7
Air Velo,numeric,0.017172946142886843,0.00941527287165324,0.007108350594838461,0.01587301587301588,1.0,1.0,False,8
