Feature,Type,Univariate_Score,Perm_DeltaR2,Perm_DeltaMAE,Perm_DeltaAcc,Combined_Score,Stability_Freq,Selected,Rank
Clothing,categorical,0.13212140341337114,0.01271708204983876,0.010018816923682065,0.015372589890567997,1.0,1.0,True,1
Season,categorical,0.024364923877041998,0.02311149462950391,0.014324044119221812,0.005048925945226098,1.0,1.0,True,2
Activity,categorical,0.003723005400763959,0.002243870598208201,0.0025470179570890633,0.005706096925482022,1.0,1.0,True,3
MRT,numeric,0.14295464481428105,0.003302812061080466,0.0019223567587146977,0.006375571767703085,1.0,1.0,False,4
RH,numeric,0.0034558369527280227,0.0009415000125464923,0.003941261369245345,0.005272566730357243,1.0,1.0,False,5
Top,numeric,0.2583906156626027,0.09375116617019277,0.059726782789313794,0.039115424700364776,1.0,1.0,False,6
RATemp,numeric,0.25737310816365094,0.08247638118108781,0.05266231763334907,0.031186671298708817,1.0,1.0,False,7
Air Velo,numeric,0.021045774083030204,0.0012741382909843353,0.0026523095776546323,0.006151930982571936,1.0,1.0,False,8
