Feature,Type,Univariate_Score,Perm_DeltaR2,Perm_DeltaMAE,Perm_DeltaAcc,Combined_Score,Stability_Freq,Selected,Rank
Clothing,categorical,0.13212140341337114,0.007163568337758383,0.006554508209228515,0.006591251230386193,1.0,1.0,True,1
Season,categorical,0.024364923877041998,0.007554129759470622,0.0038405021031697587,0.001097214984656362,1.0,1.0,True,2
Activity,categorical,0.003723005400763959,0.0011136889457702636,0.0010815898577372235,0.0008793642522146947,1.0,1.0,True,3
MRT,numeric,0.14295464481428105,0.021527894337972007,0.014609448115030923,0.010770221759018006,1.0,1.0,False,4
RH,numeric,0.0034558369527280227,0.0042089343070983885,0.0033600052197774255,0.0061512072259857584,1.0,1.0,False,5
Top,numeric,0.2583906156626027,0.135639226436615,0.08354066610336305,0.03799794453129524,1.0,1.0,False,6
RATemp,numeric,0.25737310816365094,0.08920419613520304,0.06091250181198119,0.03316252677899369,1.0,1.0,False,7
Air Velo,numeric,0.021045774083030204,0.011972546577453613,0.006362334887186685,0.0046117769671704,1.0,1.0,False,8
