Feature,Type,Univariate_Score,Perm_DeltaR2,Perm_DeltaMAE,Perm_DeltaAcc,Combined_Score,Stability_Freq,Selected,Rank
Clothing,categorical,0.13212140341337114,0.0,0.0,0.0,1.0,1.0,True,1
Season,categorical,0.024364923877041998,0.0,0.0,0.0,1.0,1.0,True,2
Activity,categorical,0.003723005400763959,0.0,0.0,0.0,1.0,1.0,True,3
MRT,numeric,0.14295464481428105,0.0,0.0,0.0,1.0,1.0,False,4
RH,numeric,0.0034558369527280227,0.0,0.0,0.0,1.0,1.0,False,5
Top,numeric,0.2583906156626027,0.10438301551690306,0.06230768589723372,0.04128669445891959,1.0,1.0,False,6
RATemp,numeric,0.25737310816365094,0.12265838921300373,0.07123262751228783,0.035364194314168276,1.0,1.0,False,7
Air Velo,numeric,0.021045774083030204,0.0,0.0,0.0,1.0,1.0,False,8
