Feature,Type,Univariate_Score,Perm_DeltaR2,Perm_DeltaMAE,Perm_DeltaAcc,Combined_Score,Stability_Freq,Selected,Rank
Clothing,categorical,0.13212140341337114,0.003090681231936691,0.0016284382328761282,0.0028523247061548298,1.0,1.0,True,1
Season,categorical,0.024364923877041998,0.01726170161365054,0.012954883413903976,0.008121272653581145,1.0,1.0,True,2
Activity,categorical,0.003723005400763959,0.003942863626461545,0.0036611649375051015,0.004616119506687518,1.0,1.0,True,3
MRT,numeric,0.14295464481428105,0.027751452233010017,0.018962613632714558,0.019107897631868452,1.0,1.0,False,4
RH,numeric,0.0034558369527280227,0.009110640571946393,0.008656316963967493,0.013170922355393433,1.0,1.0,False,5
Top,numeric,0.2583906156626027,0.10442300256764078,0.06817802602188208,0.04412454403335071,1.0,1.0,False,6
RATemp,numeric,0.25737310816365094,0.10658374331391977,0.07056798648051259,0.04854307799200972,1.0,1.0,False,7
Air Velo,numeric,0.021045774083030204,0.00855068798692773,0.007495414008020051,0.01185440912512304,1.0,1.0,False,8
