Feature,Type,Univariate_Score,Perm_DeltaR2,Perm_DeltaMAE,Perm_DeltaAcc,Combined_Score,Stability_Freq,Selected,Rank
Clothing,categorical,0.36107642774840565,0.0012384408575296507,0.0003326487588618014,0.0031007751937984517,1.0,1.0,True,1
Season,categorical,0.0,0.0,0.0,0.0,1.0,1.0,True,2
Activity,categorical,0.0,0.0,0.0,0.0,1.0,1.0,True,3
MRT,numeric,0.041044797892478044,0.0379862604685172,0.02759044780789796,0.034625322997416025,1.0,1.0,False,4
RH,numeric,0.0027651772560393123,0.011866947938829631,0.006459042882705246,0.019010705057216686,1.0,1.0,False,5
Top,numeric,0.06833100609793122,0.031389380179385355,0.021437674398024065,0.03610188261351052,1.0,1.0,False,6
RATemp,numeric,0.018579672702628686,0.01699381818905517,0.014739421921281814,0.04577334809892949,1.0,1.0,False,7
Air Velo,numeric,0.017172946142886843,0.015596461759790615,0.007759644441904941,0.04422296050203027,1.0,1.0,False,8
