Feature,Type,Univariate_Score,Perm_DeltaR2,Perm_DeltaMAE,Perm_DeltaAcc,Combined_Score,Stability_Freq,Selected,Rank
Clothing,categorical,0.36107642774840565,0.02044787137525208,0.006310299503949554,0.009523809523809521,1.0,1.0,True,1
Season,categorical,0.0,6.661338147750939e-17,0.0,0.0,1.0,1.0,True,2
Activity,categorical,0.0,3.700743415417188e-17,5.181040781584064e-17,0.0,1.0,1.0,True,3
MRT,numeric,0.041044797892478044,0.030335510641027085,0.01481867641934483,0.019010705057216675,1.0,1.0,False,4
RH,numeric,0.0027651772560393123,0.03323780207300756,0.012769555443964692,0.01269841269841269,1.0,1.0,False,5
Top,numeric,0.06833100609793122,0.04818295635371251,0.030558532009560168,0.03167220376522701,1.0,1.0,False,6
RATemp,numeric,0.018579672702628686,0.013517630093021088,0.01122867297725787,0.03639719453672941,1.0,1.0,False,7
Air Velo,numeric,0.017172946142886843,0.04337856698901142,0.014802987755318098,0.012661498708010328,1.0,1.0,False,8
