Feature,Type,Univariate_Score,Perm_DeltaR2,Perm_DeltaMAE,Perm_DeltaAcc,Combined_Score,Stability_Freq,Selected,Rank
Clothing,categorical,0.39075433617284083,0.003851242860158284,0.0053874731063842775,0.0089041095890411,1.0,1.0,True,1
Season,categorical,0.3423220618313034,0.03304311434427897,0.02239088217417399,0.022146118721461192,1.0,1.0,True,2
Activity,categorical,0.16546141439178608,0.00016550223032633463,6.182591120402018e-05,0.0022831050228310557,1.0,1.0,True,3
MRT,numeric,0.33427764517134434,0.24877262512842813,0.15001038710276288,0.07168949771689498,1.0,1.0,False,4
RH,numeric,0.325604547468956,0.051318001747131345,0.03717614809672038,0.03287671232876711,1.0,1.0,False,5
Top,numeric,0.34820425437285063,0.03853412469228108,0.03155033191045125,0.025342465753424658,1.0,1.0,False,6
RATemp,numeric,0.35396998660550694,0.07691298723220824,0.04922660191853841,0.027397260273972608,1.0,1.0,False,7
Air Velo,numeric,0.12181591040826834,0.0246871550877889,0.01313768227895101,0.006621004566210042,1.0,1.0,False,8
