Feature,Type,Univariate_Score,Perm_DeltaR2,Perm_DeltaMAE,Perm_DeltaAcc,Combined_Score,Stability_Freq,Selected,Rank
Clothing,categorical,0.39075433617284083,0.009766731728738556,0.007030804691317701,0.0052511415525114,1.0,1.0,True,1
Season,categorical,0.3423220618313034,0.06026084548478987,0.040440288480619875,0.018036529680365284,1.0,1.0,True,2
Activity,categorical,0.16546141439178608,0.01081014195833382,0.006165161826095366,0.004337899543378987,1.0,1.0,True,3
MRT,numeric,0.33427764517134434,0.09442820277727018,0.06569720852782682,0.034018264840182624,1.0,1.0,False,4
RH,numeric,0.325604547468956,0.0718457600409805,0.04823478494172788,0.024657534246575328,1.0,1.0,False,5
Top,numeric,0.34820425437285063,0.09341438418383861,0.06942493604259047,0.042694063926940626,1.0,1.0,False,6
RATemp,numeric,0.35396998660550694,0.05195351066468544,0.03473854644270917,0.015068493150684915,1.0,1.0,False,7
Air Velo,numeric,0.12181591040826834,0.05639494323989179,0.03751963457824344,0.01575342465753423,1.0,1.0,False,8
