Feature,Type,Univariate_Score,Perm_DeltaR2,Perm_DeltaMAE,Perm_DeltaAcc,Combined_Score,Stability_Freq,Selected,Rank
Clothing,categorical,0.39075433617284083,0.0038832724391536138,0.0056953329753968674,0.007990867579908674,1.0,1.0,True,1
Season,categorical,0.3423220618313034,0.30465967757519025,0.18245110989440577,0.08470319634703197,1.0,1.0,True,2
Activity,categorical,0.16546141439178608,0.0053931760608238715,0.003943866740735369,0.0006849315068493178,1.0,1.0,True,3
MRT,numeric,0.33427764517134434,0.03157997939414541,0.02725957130981103,0.017123287671232872,1.0,1.0,False,4
RH,numeric,0.325604547468956,0.018725119592186767,0.014608683838580109,0.007077625570776261,1.0,1.0,False,5
Top,numeric,0.34820425437285063,0.009340781048875695,0.009579045058767286,0.01004566210045662,1.0,1.0,False,6
RATemp,numeric,0.35396998660550694,0.005276721969465818,0.005961958648426953,0.009817351598173518,1.0,1.0,False,7
Air Velo,numeric,0.12181591040826834,0.023181640996740034,0.015750608856987248,0.012100456621004566,1.0,1.0,False,8
