Feature,Type,Univariate_Score,Perm_DeltaR2,Perm_DeltaMAE,Perm_DeltaAcc,Combined_Score,Stability_Freq,Selected,Rank
Clothing,categorical,0.39075433617284083,0.0,0.0,0.0,1.0,1.0,True,1
Season,categorical,0.3423220618313034,0.012455623086069942,0.00835460871066609,0.0041095890410958996,1.0,1.0,True,2
Activity,categorical,0.16546141439178608,0.0,0.0,0.0,1.0,1.0,True,3
MRT,numeric,0.33427764517134434,0.08195702107083001,0.05166081056321513,0.009817351598173518,1.0,1.0,False,4
RH,numeric,0.325604547468956,0.03924973761919463,0.028125241827237697,0.006621004566210049,1.0,1.0,False,5
Top,numeric,0.34820425437285063,0.03530528913818476,0.024435061379597906,0.005022831050228319,1.0,1.0,False,6
RATemp,numeric,0.35396998660550694,0.026858300956897573,0.019998954991152208,0.0027397260273972603,1.0,1.0,False,7
Air Velo,numeric,0.12181591040826834,0.05061442260629688,0.02660726035960667,0.005022831050228304,1.0,1.0,False,8
