Feature,Type,Univariate_Score,Perm_DeltaR2,Perm_DeltaMAE,Perm_DeltaAcc,Combined_Score,Stability_Freq,Selected,Rank
MRT,numeric,0.19961525576076694,0.0128559218945264,0.007770755426324645,0.011255642670468038,1.0,1.0,True,1
RH,numeric,0.005344435399548221,0.0,0.0,0.0,1.0,1.0,True,2
Top,numeric,0.22641087588146216,0.07916110411610083,0.03403529270456894,0.021444127662944474,1.0,1.0,True,3
RATemp,numeric,0.2118439991855703,0.06806912709191798,0.02989099889861535,0.014185871545101763,1.0,1.0,False,4
Air Velo,numeric,0.018771042586310023,0.0,0.0,0.0,1.0,1.0,False,5
