Feature,Type,Univariate_Score,Perm_DeltaR2,Perm_DeltaMAE,Perm_DeltaAcc,Combined_Score,Stability_Freq,Selected,Rank
MRT,numeric,0.19961525576076694,0.008245989328045855,0.02992517081630842,0.0631800902827275,1.0,1.0,True,1
RH,numeric,0.005344435399548221,0.0,0.0039176096315274665,0.025791953749901,1.0,1.0,True,2
Top,numeric,0.22641087588146216,0.15213526002348537,0.08033984463766322,0.06354438900768196,1.0,1.0,True,3
RATemp,numeric,0.2118439991855703,0.022491832009991657,0.040379148619578864,0.059584620258176936,1.0,1.0,False,4
Air Velo,numeric,0.018771042586310023,0.00046365646719016926,0.0010862021807285164,0.013447374673319084,1.0,1.0,False,5
