Feature,Type,Univariate_Score,Perm_DeltaR2,Perm_DeltaMAE,Perm_DeltaAcc,Combined_Score,Stability_Freq,Selected,Rank
MRT,numeric,0.19961525576076694,0.04994936215212394,0.03675206760805136,0.042799160529025104,1.0,1.0,True,1
RH,numeric,0.005344435399548221,0.013957060547299616,0.007028945276969392,0.02142432881919696,1.0,1.0,True,2
Top,numeric,0.22641087588146216,0.19921889966022865,0.09023326179330063,0.08242456640532193,1.0,1.0,True,3
RATemp,numeric,0.2118439991855703,0.06713708415070038,0.04768714726032759,0.05810762651461154,1.0,1.0,False,4
Air Velo,numeric,0.018771042586310023,0.020655963503098246,0.010763543010419412,0.008703571711412051,1.0,1.0,False,5
