Feature,Type,Univariate_Score,Perm_DeltaR2,Perm_DeltaMAE,Perm_DeltaAcc,Combined_Score,Stability_Freq,Selected,Rank
MRT,numeric,0.19961525576076694,0.0472038189570109,0.03292643626530965,0.034162904886354636,1.0,1.0,True,1
RH,numeric,0.005344435399548221,0.005259859561920166,0.0041426102320353195,0.015983606557377038,1.0,1.0,True,2
Top,numeric,0.22641087588146216,0.30757516622543335,0.12868652741114298,0.08206818721786648,1.0,1.0,True,3
RATemp,numeric,0.2118439991855703,0.048905845483144125,0.04342544476191203,0.07882513661202187,1.0,1.0,False,4
Air Velo,numeric,0.018771042586310023,0.013564256827036542,0.0057155410448710125,0.01306327710461708,1.0,1.0,False,5
