Feature,Type,Univariate_Score,Perm_DeltaR2,Perm_DeltaMAE,Perm_DeltaAcc,Combined_Score,Stability_Freq,Selected,Rank
Clothing,categorical,0.13212140341337114,0.01804331138113106,0.012057784391260552,0.01536824735105089,1.0,1.0,True,1
Season,categorical,0.024364923877041998,0.026885551724179235,0.01615278145980783,0.004831798969370622,1.0,1.0,True,2
Activity,categorical,0.003723005400763959,0.00222943627057283,0.0042197627921354945,0.01031208383996295,1.0,1.0,True,3
MRT,numeric,0.14295464481428105,0.006482395464945163,0.0046517468345782,0.004180418041804179,1.0,1.0,False,4
RH,numeric,0.0034558369527280227,0.0011094941733900282,0.0029102327632199777,0.004175351745700885,1.0,1.0,False,5
Top,numeric,0.2583906156626027,0.09168728881217977,0.0615247009367225,0.04412816281628161,1.0,1.0,False,6
RATemp,numeric,0.25737310816365094,0.07829087192004769,0.04837501226424655,0.02546827051126165,1.0,1.0,False,7
Air Velo,numeric,0.021045774083030204,0.003537964940074856,0.003385731906596612,0.0035138382259278567,1.0,1.0,False,8
