Feature,Type,Univariate_Score,Perm_DeltaR2,Perm_DeltaMAE,Perm_DeltaAcc,Combined_Score,Stability_Freq,Selected,Rank
Clothing,categorical,0.13212140341337114,0.0034010722725723508,0.002356039631065573,0.0021937062127265388,1.0,1.0,True,1
Season,categorical,0.024364923877041998,0.020030730829539458,0.0147424710976337,0.009659979155810319,1.0,1.0,True,2
Activity,categorical,0.003723005400763959,0.0029529232911705023,0.002188721395697361,0.004836141508887737,1.0,1.0,True,3
MRT,numeric,0.14295464481428105,0.02889606948065703,0.01913170287849531,0.019544322853337976,1.0,1.0,False,4
RH,numeric,0.0034558369527280227,0.013260535909640565,0.010377475854560251,0.012075878640495632,1.0,1.0,False,5
Top,numeric,0.2583906156626027,0.09972674392103376,0.06866122567076685,0.041499478895257944,1.0,1.0,False,6
RATemp,numeric,0.25737310816365094,0.11406105921113385,0.07767712900149931,0.051158734294482075,1.0,1.0,False,7
Air Velo,numeric,0.021045774083030204,0.008663874136056418,0.00788144187018221,0.015154015401540152,1.0,1.0,False,8
