Feature,Type,Univariate_Score,Perm_DeltaR2,Perm_DeltaMAE,Perm_DeltaAcc,Combined_Score,Stability_Freq,Selected,Rank
Clothing,categorical,0.13212140341337114,0.0066006461779276535,0.00498969554901123,0.00526460540790921,1.0,1.0,True,1
Season,categorical,0.024364923877041998,0.008743683497111004,0.00354378620783488,0.000659342250014483,1.0,1.0,True,2
Activity,categorical,0.003723005400763959,0.0014233827590942384,0.0012752413749694824,0.001318684500028951,1.0,1.0,True,3
MRT,numeric,0.14295464481428105,0.018917588392893474,0.014654640356699625,0.00901294076776098,1.0,1.0,False,4
RH,numeric,0.0034558369527280227,0.007927878697713216,0.005779433250427247,0.006810549476000243,1.0,1.0,False,5
Top,numeric,0.2583906156626027,0.13617990811665853,0.08563050031661987,0.0426169590643275,1.0,1.0,False,6
RATemp,numeric,0.25737310816365094,0.08522628943125407,0.05810054937998453,0.03295770366510336,1.0,1.0,False,7
Air Velo,numeric,0.021045774083030204,0.008523821830749512,0.006084175904591879,0.009231515256788825,1.0,1.0,False,8
