Feature,Type,Univariate_Score,Perm_DeltaR2,Perm_DeltaMAE,Perm_DeltaAcc,Combined_Score,Stability_Freq,Selected,Rank
Clothing,categorical,0.36107642774840565,0.0009223904950811379,0.0004695458232979011,0.001550387596899224,1.0,1.0,True,1
Season,categorical,0.0,0.0,0.0,0.0,1.0,1.0,True,2
Activity,categorical,0.0,0.0,0.0,0.0,1.0,1.0,True,3
MRT,numeric,0.041044797892478044,0.026918586460876782,0.023007907735004073,0.03307493540051679,1.0,1.0,False,4
RH,numeric,0.0027651772560393123,0.015322192373927668,0.009743846681587764,0.02535991140642304,1.0,1.0,False,5
Top,numeric,0.06833100609793122,0.010887256074600591,0.012180624654051364,0.029826504245108902,1.0,1.0,False,6
RATemp,numeric,0.018579672702628686,0.02442411702575586,0.016752767115867078,0.03783684016242156,1.0,1.0,False,7
Air Velo,numeric,0.017172946142886843,0.015197082576938423,0.008436879996960219,0.03949796973052787,1.0,1.0,False,8
