Feature,Type,Univariate_Score,Perm_DeltaR2,Perm_DeltaMAE,Perm_DeltaAcc,Combined_Score,Stability_Freq,Selected,Rank
Clothing,categorical,0.36107642774840565,0.002693581581115723,0.0014206369717915852,0.001587301587301589,1.0,1.0,True,1
Season,categorical,0.0,0.0,0.0,0.0,1.0,1.0,True,2
Activity,categorical,0.0,0.0,0.0,0.0,1.0,1.0,True,3
MRT,numeric,0.041044797892478044,0.05235399405161539,0.028609363238016765,0.03322259136212625,1.0,1.0,False,4
RH,numeric,0.0027651772560393123,0.009275261561075847,0.004742177327473959,0.02059800664451828,1.0,1.0,False,5
Top,numeric,0.06833100609793122,0.025102134545644122,0.014260931809743244,0.01882613510520488,1.0,1.0,False,6
RATemp,numeric,0.018579672702628686,0.017405323187510174,0.011189091205596923,0.011111111111111112,1.0,1.0,False,7
Air Velo,numeric,0.017172946142886843,0.00969572861989339,0.005783299605051676,0.004761904761904763,1.0,1.0,False,8
