Feature,Type,Univariate_Score,Perm_DeltaR2,Perm_DeltaMAE,Perm_DeltaAcc,Combined_Score,Stability_Freq,Selected,Rank
Clothing,categorical,0.36107642774840565,0.019477403865113953,0.010813962696487777,0.014285714285714282,1.0,1.0,True,1
Season,categorical,0.0,7.401486830834377e-17,1.4802973661668754e-17,0.0,1.0,1.0,True,2
Activity,categorical,0.0,7.401486830834377e-17,1.4802973661668754e-17,0.0,1.0,1.0,True,3
MRT,numeric,0.041044797892478044,0.02684772116062817,0.01142147382638059,0.015799187892211148,1.0,1.0,False,4
RH,numeric,0.0027651772560393123,0.02626669935536933,0.020037021934044975,0.0158361018826135,1.0,1.0,False,5
Top,numeric,0.06833100609793122,0.05655966741378399,0.03443415411975511,0.030047988187523068,1.0,1.0,False,6
RATemp,numeric,0.018579672702628686,0.020087568693936624,0.012946664674578686,0.022148394241417485,1.0,1.0,False,7
Air Velo,numeric,0.017172946142886843,0.02880267361117849,0.010433933528803056,0.012587670727205605,1.0,1.0,False,8
