Feature,Type,Univariate_Score,Perm_DeltaR2,Perm_DeltaMAE,Perm_DeltaAcc,Combined_Score,Stability_Freq,Selected,Rank
Clothing,categorical,0.39075433617284083,0.0035011369521203393,0.006497464880470856,0.0075342465753424626,1.0,1.0,True,1
Season,categorical,0.3423220618313034,0.3020194478781939,0.1760314267768161,0.07648401826484016,1.0,1.0,True,2
Activity,categorical,0.16546141439178608,0.004557280899434879,0.0024086154189590556,0.0009132420091324236,1.0,1.0,True,3
MRT,numeric,0.33427764517134434,0.030430512002435923,0.026427370419946722,0.015296803652968038,1.0,1.0,False,4
RH,numeric,0.325604547468956,0.023853238047018964,0.017269427386940837,0.0070776255707762584,1.0,1.0,False,5
Top,numeric,0.34820425437285063,0.008609609207660674,0.010079782698533194,0.014611872146118723,1.0,1.0,False,6
RATemp,numeric,0.35396998660550694,0.007789509220358333,0.008402769696561374,0.00936073059360731,1.0,1.0,False,7
Air Velo,numeric,0.12181591040826834,0.026510588279681835,0.01579852625924027,0.009589041095890408,1.0,1.0,False,8
