Feature,Type,Univariate_Score,Perm_DeltaR2,Perm_DeltaMAE,Perm_DeltaAcc,Combined_Score,Stability_Freq,Selected,Rank
Clothing,categorical,0.39075433617284083,0.008593256584119491,0.007038604745730423,0.00776255707762556,1.0,1.0,True,1
Season,categorical,0.3423220618313034,0.056495163407737456,0.038239892339692085,0.023515981735159806,1.0,1.0,True,2
Activity,categorical,0.16546141439178608,0.01470289076953099,0.007881702324997231,0.004109589041095885,1.0,1.0,True,3
MRT,numeric,0.33427764517134434,0.09591095015854115,0.06663753459721902,0.035159817351598156,1.0,1.0,False,4
RH,numeric,0.325604547468956,0.06718199405989625,0.04549628969921034,0.02945205479452053,1.0,1.0,False,5
Top,numeric,0.34820425437285063,0.08392212299622823,0.0611295567642541,0.03561643835616436,1.0,1.0,False,6
RATemp,numeric,0.35396998660550694,0.05727761039190432,0.03842147226786603,0.023972602739726016,1.0,1.0,False,7
Air Velo,numeric,0.12181591040826834,0.056067622691839805,0.033081598301121506,0.009817351598173507,1.0,1.0,False,8
