Feature,Type,Univariate_Score,Perm_DeltaR2,Perm_DeltaMAE,Perm_DeltaAcc,Combined_Score,Stability_Freq,Selected,Rank
Clothing,categorical,0.39075433617284083,0.0,0.0,0.0,1.0,1.0,True,1
Season,categorical,0.3423220618313034,0.013391861951047601,0.008923114334158518,0.002283105022831041,1.0,1.0,True,2
Activity,categorical,0.16546141439178608,0.0,0.0,0.0,1.0,1.0,True,3
MRT,numeric,0.33427764517134434,0.08219403925339175,0.05154717289292652,0.012100456621004566,1.0,1.0,False,4
RH,numeric,0.325604547468956,0.04025799674344664,0.0269609897837217,0.007534246575342465,1.0,1.0,False,5
Top,numeric,0.34820425437285063,0.033990685148118115,0.02290438959818184,0.005022831050228312,1.0,1.0,False,6
RATemp,numeric,0.35396998660550694,0.026143930128953913,0.017809716234130878,0.003196347031963479,1.0,1.0,False,7
Air Velo,numeric,0.12181591040826834,0.05010724425712239,0.029204958759001642,0.007990867579908675,1.0,1.0,False,8
