Feature,Type,Univariate_Score,Perm_DeltaR2,Perm_DeltaMAE,Perm_DeltaAcc,Combined_Score,Stability_Freq,Selected,Rank
Clothing,categorical,0.39075433617284083,0.003475979963938396,0.004514257113138834,0.009817351598173514,1.0,1.0,True,1
Season,categorical,0.3423220618313034,0.03262184063593547,0.02316333850224813,0.021689497716894972,1.0,1.0,True,2
Activity,categorical,0.16546141439178608,0.0005114197731018067,0.0002673665682474772,0.0031963470319634722,1.0,1.0,True,3
MRT,numeric,0.33427764517134434,0.24390668869018556,0.15010929107666016,0.07420091324200914,1.0,1.0,False,4
RH,numeric,0.325604547468956,0.049260004361470544,0.03752157688140868,0.03059360730593607,1.0,1.0,False,5
Top,numeric,0.34820425437285063,0.03813237349192301,0.030674835046132404,0.024429223744292235,1.0,1.0,False,6
RATemp,numeric,0.35396998660550694,0.06556028127670287,0.04512490034103393,0.027168949771689488,1.0,1.0,False,7
Air Velo,numeric,0.12181591040826834,0.024392632643381755,0.015235892931620282,0.005707762557077619,1.0,1.0,False,8
