Feature,Type,Univariate_Score,Perm_DeltaR2,Perm_DeltaMAE,Perm_DeltaAcc,Combined_Score,Stability_Freq,Selected,Rank
MRT,numeric,0.19961525576076694,0.008265047816147734,0.02857777107193482,0.05411221984636098,1.0,1.0,True,1
RH,numeric,0.005344435399548221,0.0,0.006280389366614592,0.02796388690900451,1.0,1.0,True,2
Top,numeric,0.22641087588146216,0.16746596266788244,0.09111966194499588,0.07989427417438823,1.0,1.0,True,3
RATemp,numeric,0.2118439991855703,0.04235703609866561,0.04943305653571267,0.08280866397402392,1.0,1.0,False,4
Air Velo,numeric,0.018771042586310023,0.0,0.0009426711467935686,0.009093608933238299,1.0,1.0,False,5
