Feature,Type,Univariate_Score,Perm_DeltaR2,Perm_DeltaMAE,Perm_DeltaAcc,Combined_Score,Stability_Freq,Selected,Rank
MRT,numeric,0.19961525576076694,0.04649142938356412,0.03444115773916902,0.03991050922626119,1.0,1.0,True,1
RH,numeric,0.005344435399548221,0.01388489267251034,0.005184966923110589,0.015603468757424568,1.0,1.0,True,2
Top,numeric,0.22641087588146216,0.19270445433631886,0.08770395916826258,0.07628494495921438,1.0,1.0,True,3
RATemp,numeric,0.2118439991855703,0.0668322163090556,0.044488203595394564,0.04684604419101925,1.0,1.0,False,4
Air Velo,numeric,0.018771042586310023,0.01442009187201842,0.008754864804560468,0.007974974261503131,1.0,1.0,False,5
