Feature,Type,Univariate_Score,Perm_DeltaR2,Perm_DeltaMAE,Perm_DeltaAcc,Combined_Score,Stability_Freq,Selected,Rank
MRT,numeric,0.19961525576076694,0.03832995891571045,0.028286091486612958,0.03267799160529024,1.0,1.0,True,1
RH,numeric,0.005344435399548221,0.006175498167673746,0.0053237001101175945,0.016336025976082986,1.0,1.0,True,2
Top,numeric,0.22641087588146216,0.30939413309097297,0.12586666742960612,0.07769858240278768,1.0,1.0,True,3
RATemp,numeric,0.2118439991855703,0.036415096124013266,0.03754806518554687,0.06575987962303002,1.0,1.0,False,4
Air Velo,numeric,0.018771042586310023,0.012947916984558105,0.006382004419962564,0.013425595945196794,1.0,1.0,False,5
