Feature,Type,Univariate_Score,Perm_DeltaR2,Perm_DeltaMAE,Perm_DeltaAcc,Combined_Score,Stability_Freq,Selected,Rank
MRT,numeric,0.19961525576076694,0.013078534338237153,0.007947626678638554,0.01162192127979726,1.0,1.0,True,1
RH,numeric,0.005344435399548221,0.0,0.0,0.0,1.0,1.0,True,2
Top,numeric,0.22641087588146216,0.07449787646925968,0.03249128986367395,0.02105805020986774,1.0,1.0,True,3
RATemp,numeric,0.2118439991855703,0.05798094311850528,0.025623653653173206,0.013431535598321059,1.0,1.0,False,4
Air Velo,numeric,0.018771042586310023,0.0,0.0,0.0,1.0,1.0,False,5
