Feature,Type,Univariate_Score,Perm_DeltaR2,Perm_DeltaMAE,Perm_DeltaAcc,Combined_Score,Stability_Freq,Selected,Rank
Clothing,categorical,0.13212140341337114,0.003032741989562678,0.001444752131474547,0.004828903943025893,1.0,1.0,True,1
Season,categorical,0.024364923877041998,0.01589180562986693,0.011863010131146382,0.008559145388223036,1.0,1.0,True,2
Activity,categorical,0.003723005400763959,0.0037703028290821507,0.002780767748038104,0.00373820276764519,1.0,1.0,True,3
MRT,numeric,0.14295464481428105,0.02426967974268994,0.01583201178555714,0.018441317815992127,1.0,1.0,False,4
RH,numeric,0.0034558369527280227,0.009195085040406618,0.006995173875191545,0.010320768918997166,1.0,1.0,False,5
Top,numeric,0.2583906156626027,0.10946791605995738,0.07023846204270032,0.03995715361009785,1.0,1.0,False,6
RATemp,numeric,0.25737310816365094,0.11143054034488772,0.07115001781891381,0.042605378958948524,1.0,1.0,False,7
Air Velo,numeric,0.021045774083030204,0.010526238653258597,0.008019975377852335,0.008339847142608995,1.0,1.0,False,8
