Feature,Type,Univariate_Score,Perm_DeltaR2,Perm_DeltaMAE,Perm_DeltaAcc,Combined_Score,Stability_Freq,Selected,Rank
Clothing,categorical,0.36107642774840565,0.0013390825797916727,0.0005638932361792322,0.0031376891842008125,1.0,1.0,True,1
Season,categorical,0.0,0.0,0.0,0.0,1.0,1.0,True,2
Activity,categorical,0.0,0.0,0.0,0.0,1.0,1.0,True,3
MRT,numeric,0.041044797892478044,0.03315268102293622,0.026311484170166332,0.03145071982281285,1.0,1.0,False,4
RH,numeric,0.0027651772560393123,0.01831269256274528,0.010771351470936077,0.03167220376522702,1.0,1.0,False,5
Top,numeric,0.06833100609793122,0.029064632408921078,0.01970662929228856,0.028423772609819133,1.0,1.0,False,6
RATemp,numeric,0.018579672702628686,0.01603858946322758,0.010450787455672125,0.025175341454411214,1.0,1.0,False,7
Air Velo,numeric,0.017172946142886843,0.006220774048718191,0.005091225750912084,0.030084902177925442,1.0,1.0,False,8
