Feature,Type,Univariate_Score,Perm_DeltaR2,Perm_DeltaMAE,Perm_DeltaAcc,Combined_Score,Stability_Freq,Selected,Rank
Clothing,categorical,0.36107642774840565,0.0029479225476582846,0.0010547399520874023,0.004761904761904763,1.0,1.0,True,1
Season,categorical,0.0,0.0,0.0,0.0,1.0,1.0,True,2
Activity,categorical,0.0,0.0,0.0,0.0,1.0,1.0,True,3
MRT,numeric,0.041044797892478044,0.0425448218981425,0.02626216808954875,0.028534514581026203,1.0,1.0,False,4
RH,numeric,0.0027651772560393123,0.01602279742558797,0.006184140841166178,0.019047619047619053,1.0,1.0,False,5
Top,numeric,0.06833100609793122,0.029436282316843664,0.016225556532541912,0.01258767072720562,1.0,1.0,False,6
RATemp,numeric,0.018579672702628686,0.016614675521850586,0.011187144120534263,0.019047619047619053,1.0,1.0,False,7
Air Velo,numeric,0.017172946142886843,0.015544700622558593,0.009864783287048338,0.007936507936507933,1.0,1.0,False,8
