Feature,Type,Univariate_Score,Perm_DeltaR2,Perm_DeltaMAE,Perm_DeltaAcc,Combined_Score,Stability_Freq,Selected,Rank
Clothing,categorical,0.13212140341337114,0.008333667119344076,0.005511124928792317,0.005487522436454165,1.0,1.0,True,1
Season,categorical,0.024364923877041998,0.008000167210896811,0.003207190831502279,0.0008779167390423317,1.0,1.0,True,2
Activity,categorical,0.003723005400763959,0.001136465867360433,0.0008458137512207031,0.0013172369868565848,1.0,1.0,True,3
MRT,numeric,0.14295464481428105,0.02173260450363159,0.013505971431732178,0.006593422500144752,1.0,1.0,False,4
RH,numeric,0.0034558369527280227,0.0034950812657674156,0.0022936662038167315,0.004832522725956807,1.0,1.0,False,5
Top,numeric,0.2583906156626027,0.1421555201212565,0.08652447859446208,0.04173904232528516,1.0,1.0,False,6
RATemp,numeric,0.25737310816365094,0.08718125820159912,0.05825972557067871,0.030323229691390195,1.0,1.0,False,7
Air Velo,numeric,0.021045774083030204,0.011632470289866128,0.007760222752888998,0.007475681778704184,1.0,1.0,False,8
