Feature,Type,Univariate_Score,Perm_DeltaR2,Perm_DeltaMAE,Perm_DeltaAcc,Combined_Score,Stability_Freq,Selected,Rank
Clothing,categorical,0.36107642774840565,0.016842941920894913,0.005196387252168881,0.004761904761904756,1.0,1.0,True,1
Season,categorical,0.0,5.181040781584064e-17,1.4802973661668754e-17,0.0,1.0,1.0,True,2
Activity,categorical,0.0,0.0,1.4802973661668754e-17,0.0,1.0,1.0,True,3
MRT,numeric,0.041044797892478044,0.03134367976242193,0.01574395893565319,0.023735695828719074,1.0,1.0,False,4
RH,numeric,0.0027651772560393123,0.016259515285650505,0.00978852081403212,0.006349206349206346,1.0,1.0,False,5
Top,numeric,0.06833100609793122,0.07086897199931792,0.03878518780281678,0.03311184939091916,1.0,1.0,False,6
RATemp,numeric,0.018579672702628686,0.016889793137224444,0.014295423596122672,0.028534514581026203,1.0,1.0,False,7
Air Velo,numeric,0.017172946142886843,0.024727626211097385,0.011127195901675827,0.02200073827980804,1.0,1.0,False,8
