Feature,Type,Univariate_Score,Perm_DeltaR2,Perm_DeltaMAE,Perm_DeltaAcc,Combined_Score,Stability_Freq,Selected,Rank
Clothing,categorical,0.13212140341337114,0.0167272964377465,0.014261865706609722,0.019754212263331593,1.0,1.0,True,1
Season,categorical,0.024364923877041998,0.02290475118774544,0.01333770210583165,0.004173904232528522,1.0,1.0,True,2
Activity,categorical,0.003723005400763959,0.0012099884638412976,0.0028999556211750733,0.00789907938162238,1.0,1.0,True,3
MRT,numeric,0.14295464481428105,0.0025025229202511783,0.0014456417489470722,0.004837589022060096,1.0,1.0,False,4
RH,numeric,0.0034558369527280227,0.00153037153031416,0.0026659015259156227,0.004391031208383996,1.0,1.0,False,5
Top,numeric,0.2583906156626027,0.10286849042396522,0.06498978244287754,0.04260103641943141,1.0,1.0,False,6
RATemp,numeric,0.25737310816365094,0.077436513851391,0.051792417018384364,0.03360257078339411,1.0,1.0,False,7
Air Velo,numeric,0.021045774083030204,0.0023452980416292773,0.003315954394040177,0.00834346592553992,1.0,1.0,False,8
