Feature,Type,Univariate_Score,Perm_DeltaR2,Perm_DeltaMAE,Perm_DeltaAcc,Combined_Score,Stability_Freq,Selected,Rank
Clothing,categorical,0.39075433617284083,0.0013018519182347236,0.003303199314023031,0.00570776255707763,1.0,1.0,True,1
Season,categorical,0.3423220618313034,0.3111976676571656,0.18300304921492414,0.08356164383561644,1.0,1.0,True,2
Activity,categorical,0.16546141439178608,0.004647962072540998,0.003347810578037399,0.0009132420091324236,1.0,1.0,True,3
MRT,numeric,0.33427764517134434,0.030875731901763775,0.02514731828895193,0.016438356164383567,1.0,1.0,False,4
RH,numeric,0.325604547468956,0.01775630729475543,0.015742165203143775,0.010502283105022835,1.0,1.0,False,5
Top,numeric,0.34820425437285063,0.0073314131682775605,0.008514301423484652,0.012100456621004566,1.0,1.0,False,6
RATemp,numeric,0.35396998660550694,0.010684563080403043,0.00850102158582892,0.004794520547945206,1.0,1.0,False,7
Air Velo,numeric,0.12181591040826834,0.025237825497500227,0.01356860396737091,0.010730593607305935,1.0,1.0,False,8
