Feature,Type,Univariate_Score,Perm_DeltaR2,Perm_DeltaMAE,Perm_DeltaAcc,Combined_Score,Stability_Freq,Selected,Rank
Clothing,categorical,0.39075433617284083,0.004158174991607666,0.0036652882893880205,0.00799086757990867,1.0,1.0,True,1
Season,categorical,0.3423220618313034,0.03633909622828165,0.025355835755666096,0.018036529680365294,1.0,1.0,True,2
Activity,categorical,0.16546141439178608,0.000668172041575114,0.00029416879018147785,0.0022831050228310557,1.0,1.0,True,3
MRT,numeric,0.33427764517134434,0.25621976852416994,0.15534642934799198,0.07625570776255707,1.0,1.0,False,4
RH,numeric,0.325604547468956,0.04795100291570028,0.03564434846242269,0.029223744292237435,1.0,1.0,False,5
Top,numeric,0.34820425437285063,0.045853594938913986,0.035483372211456296,0.02557077625570777,1.0,1.0,False,6
RATemp,numeric,0.35396998660550694,0.05830117464065552,0.03805869023005168,0.02031963470319634,1.0,1.0,False,7
Air Velo,numeric,0.12181591040826834,0.021158536275227867,0.011105052630106608,0.007077625570776254,1.0,1.0,False,8
