Feature,Type,Univariate_Score,Perm_DeltaR2,Perm_DeltaMAE,Perm_DeltaAcc,Combined_Score,Stability_Freq,Selected,Rank
Clothing,categorical,0.39075433617284083,0.0,0.0,0.0,1.0,1.0,True,1
Season,categorical,0.3423220618313034,0.01167681884964012,0.008098681033562682,0.0020547945205479498,1.0,1.0,True,2
Activity,categorical,0.16546141439178608,0.0,0.0,0.0,1.0,1.0,True,3
MRT,numeric,0.33427764517134434,0.0805439922975893,0.05179808487316895,0.016210045662100464,1.0,1.0,False,4
RH,numeric,0.325604547468956,0.041565567498517274,0.028096509317462364,0.008675799086757995,1.0,1.0,False,5
Top,numeric,0.34820425437285063,0.03636112191339417,0.02479440542666722,0.0029680365296803663,1.0,1.0,False,6
RATemp,numeric,0.35396998660550694,0.023842345707098762,0.017423898545608617,0.0020547945205479498,1.0,1.0,False,7
Air Velo,numeric,0.12181591040826834,0.05844539320914469,0.033109378429847236,0.005022831050228311,1.0,1.0,False,8
