Feature,Type,Univariate_Score,Perm_DeltaR2,Perm_DeltaMAE,Perm_DeltaAcc,Combined_Score,Stability_Freq,Selected,Rank
Clothing,categorical,0.39075433617284083,0.011188897754427106,0.008203137315375298,0.007762557077625562,1.0,1.0,True,1
Season,categorical,0.3423220618313034,0.06142268239016877,0.039923668598785225,0.022374429223744288,1.0,1.0,True,2
Activity,categorical,0.16546141439178608,0.014530014355852461,0.008292722801408223,0.004109589041095888,1.0,1.0,True,3
MRT,numeric,0.33427764517134434,0.09566287703986498,0.06692940277810035,0.03607305936073059,1.0,1.0,False,4
RH,numeric,0.325604547468956,0.06414190253870755,0.043521320721709986,0.02716894977168948,1.0,1.0,False,5
Top,numeric,0.34820425437285063,0.09225936641903243,0.06223030726452041,0.030821917808219162,1.0,1.0,False,6
RATemp,numeric,0.35396998660550694,0.05144890252738099,0.035852804917303034,0.021917808219178065,1.0,1.0,False,7
Air Velo,numeric,0.12181591040826834,0.05220509487026111,0.03140311880752292,0.010273972602739719,1.0,1.0,False,8
