Feature,Type,Univariate_Score,Perm_DeltaR2,Perm_DeltaMAE,Perm_DeltaAcc,Combined_Score,Stability_Freq,Selected,Rank
MRT,numeric,0.19961525576076694,0.012364973926663091,0.0074969661769269825,0.01161796151104775,1.0,1.0,True,1
RH,numeric,0.005344435399548221,0.0,0.0,0.0,1.0,1.0,True,2
Top,numeric,0.22641087588146216,0.07355066182694213,0.03195276282581498,0.024693117921913352,1.0,1.0,True,3
RATemp,numeric,0.2118439991855703,0.06755320250521413,0.029958382256350457,0.02033737229745782,1.0,1.0,False,4
Air Velo,numeric,0.018771042586310023,0.0,0.0,0.0,1.0,1.0,False,5
