Feature,Type,Univariate_Score,Perm_DeltaR2,Perm_DeltaMAE,Perm_DeltaAcc,Combined_Score,Stability_Freq,Selected,Rank
MRT,numeric,0.19961525576076694,0.03703254063924154,0.028646771113077795,0.03090203532113724,1.0,1.0,True,1
RH,numeric,0.005344435399548221,0.008338956038157144,0.007056001822153728,0.01742694226657162,1.0,1.0,True,2
Top,numeric,0.22641087588146216,0.30448875029881795,0.12580206394195556,0.07809257939336342,1.0,1.0,True,3
RATemp,numeric,0.2118439991855703,0.047108352184295654,0.039212552706400554,0.06502138275124733,1.0,1.0,False,4
Air Velo,numeric,0.018771042586310023,0.006298653284708658,0.005131737391153972,0.01452641165755919,1.0,1.0,False,5
