Feature,Type,Univariate_Score,Perm_DeltaR2,Perm_DeltaMAE,Perm_DeltaAcc,Combined_Score,Stability_Freq,Selected,Rank
MRT,numeric,0.19961525576076694,0.005984280196652655,0.025603006196304318,0.0508295715530213,1.0,1.0,True,1
RH,numeric,0.005344435399548221,0.0,0.004615164933784066,0.020335392413083072,1.0,1.0,True,2
Top,numeric,0.22641087588146216,0.1576798467756016,0.08991182552565305,0.08023481428684566,1.0,1.0,True,3
RATemp,numeric,0.2118439991855703,0.0315990096093617,0.04279812281754813,0.06760117209154987,1.0,1.0,False,4
Air Velo,numeric,0.018771042586310023,0.0,0.0013298345394639438,0.007266175655341729,1.0,1.0,False,5
