Feature,Type,Univariate_Score,Perm_DeltaR2,Perm_DeltaMAE,Perm_DeltaAcc,Combined_Score,Stability_Freq,Selected,Rank
MRT,numeric,0.19961525576076694,0.050408831260689665,0.03964560587614641,0.054801219608774855,1.0,1.0,True,1
RH,numeric,0.005344435399548221,0.010760391610388501,0.005435525639204493,0.013789894670151265,1.0,1.0,True,2
Top,numeric,0.22641087588146216,0.20092368126757884,0.09211733936166897,0.07479013225627625,1.0,1.0,True,3
RATemp,numeric,0.2118439991855703,0.0671197729263304,0.045826615329318456,0.05553971648055754,1.0,1.0,False,4
Air Velo,numeric,0.018771042586310023,0.015052290485408229,0.008755734828853612,0.0036251682901718577,1.0,1.0,False,5
