Feature,Type,Univariate_Score,Perm_DeltaR2,Perm_DeltaMAE,Perm_DeltaAcc,Combined_Score,Stability_Freq,Selected,Rank
Clothing,categorical,0.36107642774840565,0.0017340421676635743,0.001513846715291341,0.006349206349206352,1.0,1.0,True,1
Season,categorical,0.0,0.0,0.0,0.0,1.0,1.0,True,2
Activity,categorical,0.0,0.0,0.0,0.0,1.0,1.0,True,3
MRT,numeric,0.041044797892478044,0.06725489695866903,0.037974162896474206,0.030158730158730163,1.0,1.0,False,4
RH,numeric,0.0027651772560393123,0.0186408797899882,0.006157644589742025,0.020561092654115914,1.0,1.0,False,5
Top,numeric,0.06833100609793122,0.02813352743784587,0.01745005448659261,0.014138058324104844,1.0,1.0,False,6
RATemp,numeric,0.018579672702628686,0.010791416962941487,0.009645092487335204,0.023809523809523808,1.0,1.0,False,7
Air Velo,numeric,0.017172946142886843,0.027286414305369062,0.01633722384770711,0.017423403469915097,1.0,1.0,False,8
