Feature,Type,Univariate_Score,Perm_DeltaR2,Perm_DeltaMAE,Perm_DeltaAcc,Combined_Score,Stability_Freq,Selected,Rank
Clothing,categorical,0.13212140341337114,0.0029597778854671963,0.0019669100313241426,0.0035116669561693057,1.0,1.0,True,1
Season,categorical,0.024364923877041998,0.016440602925946256,0.012703304403953989,0.006145417173296267,1.0,1.0,True,2
Activity,categorical,0.003723005400763959,0.003819241740973507,0.0030389724439226235,0.00571333449134388,1.0,1.0,True,3
MRT,numeric,0.14295464481428105,0.02648648906198191,0.017933572452022036,0.018001273811591684,1.0,1.0,False,4
RH,numeric,0.0034558369527280227,0.01320502154555662,0.009706467236864176,0.013614585142724797,1.0,1.0,False,5
Top,numeric,0.2583906156626027,0.1072498965857083,0.07126756427365212,0.045883272537780094,1.0,1.0,False,6
RATemp,numeric,0.25737310816365094,0.10410316449631862,0.06922336677921845,0.04590498523536564,1.0,1.0,False,7
Air Velo,numeric,0.021045774083030204,0.00802333418192019,0.007724937196031978,0.014925308320305714,1.0,1.0,False,8
