RMSE,MAE,R2,Accuracy,Residual_STD,MBE
0.9741963522150067,0.7662076662164663,0.27844677438667254,0.41106719367588934,0.9741961905332754,-0.0005612659613847083
