Feature,Type,Univariate_Score,Perm_DeltaR2,Perm_DeltaMAE,Perm_DeltaAcc,Combined_Score,Stability_Freq,Selected,Rank
Clothing,categorical,0.13212140341337114,0.016743392586792118,0.014805989293131667,0.021508598228243872,1.0,1.0,True,1
Season,categorical,0.024364923877041998,0.021849398256517178,0.014279237230156347,0.006582566151351976,1.0,1.0,True,2
Activity,categorical,0.003723005400763959,0.004010740499163398,0.004892818935638576,0.008777719877250885,1.0,1.0,True,3
MRT,numeric,0.14295464481428105,0.0032498561572740004,0.0020142109074075066,0.006157721035261421,1.0,1.0,False,4
RH,numeric,0.0034558369527280227,0.0014323344044494017,0.0029319963036345724,0.005273290486943427,1.0,1.0,False,5
Top,numeric,0.2583906156626027,0.08311011926587981,0.056097694045980494,0.03756586184934282,1.0,1.0,False,6
RATemp,numeric,0.25737310816365094,0.09112946859973985,0.05718066346047599,0.03821290023739216,1.0,1.0,False,7
Air Velo,numeric,0.021045774083030204,0.002733570228541112,0.003785868183023274,0.0072527647501592326,1.0,1.0,False,8
