Feature,Type,Univariate_Score,Perm_DeltaR2,Perm_DeltaMAE,Perm_DeltaAcc,Combined_Score,Stability_Freq,Selected,Rank
Clothing,categorical,0.13212140341337114,0.005930960178375244,0.004932638009389242,0.005268947947426313,1.0,1.0,True,1
Season,categorical,0.024364923877041998,0.007433454195658366,0.0032429893811543784,0.0,1.0,1.0,True,2
Activity,categorical,0.003723005400763959,0.0009057958920796711,0.0008889754613240561,0.001317960743442766,1.0,1.0,True,3
MRT,numeric,0.14295464481428105,0.021008992195129392,0.01526614824930827,0.0112073707370737,1.0,1.0,False,4
RH,numeric,0.0034558369527280227,0.006580694516499837,0.004675467809041342,0.007474234265531806,1.0,1.0,False,5
Top,numeric,0.2583906156626027,0.13353982766469322,0.08465476830800375,0.04504950495049505,1.0,1.0,False,6
RATemp,numeric,0.25737310816365094,0.08764990568161012,0.060027015209197995,0.027024347171559264,1.0,1.0,False,7
Air Velo,numeric,0.021045774083030204,0.010082658131917319,0.007275434335072835,0.005053268484743204,1.0,1.0,False,8
