Feature,Type,Univariate_Score,Perm_DeltaR2,Perm_DeltaMAE,Perm_DeltaAcc,Combined_Score,Stability_Freq,Selected,Rank
Clothing,categorical,0.36107642774840565,0.020910816090099944,0.0067620758008565636,0.00793650793650793,1.0,1.0,True,1
Season,categorical,0.0,3.700743415417188e-17,1.4802973661668754e-17,0.0,1.0,1.0,True,2
Activity,categorical,0.0,7.401486830834377e-18,1.4802973661668754e-17,0.0,1.0,1.0,True,3
MRT,numeric,0.041044797892478044,0.020684908158420626,0.013509015989873677,0.02524916943521594,1.0,1.0,False,4
RH,numeric,0.0027651772560393123,0.022893980354698917,0.013748220690638607,0.011111111111111105,1.0,1.0,False,5
Top,numeric,0.06833100609793122,0.032612443179574166,0.024819484683736886,0.026873385012919887,1.0,1.0,False,6
RATemp,numeric,0.018579672702628686,0.007279391632342547,0.007355523456520694,0.01738648947951273,1.0,1.0,False,7
Air Velo,numeric,0.017172946142886843,0.04921220546551246,0.019024570783126263,0.017238833517903278,1.0,1.0,False,8
