Feature,Type,Univariate_Score,Perm_DeltaR2,Perm_DeltaMAE,Perm_DeltaAcc,Combined_Score,Stability_Freq,Selected,Rank
Clothing,categorical,0.39075433617284083,0.0,0.0,0.0,1.0,1.0,True,1
Season,categorical,0.3423220618313034,0.012456042124101275,0.008556126031883566,0.00388127853881279,1.0,1.0,True,2
Activity,categorical,0.16546141439178608,0.0,0.0,0.0,1.0,1.0,True,3
MRT,numeric,0.33427764517134434,0.07665344888439096,0.049859938151443496,0.017808219178082195,1.0,1.0,False,4
RH,numeric,0.325604547468956,0.04071266839318351,0.029192814467967853,0.00936073059360731,1.0,1.0,False,5
Top,numeric,0.34820425437285063,0.03459840027144023,0.02458035795369117,0.004109589041095888,1.0,1.0,False,6
RATemp,numeric,0.35396998660550694,0.027413952942828536,0.01910431629455994,0.004566210045662101,1.0,1.0,False,7
Air Velo,numeric,0.12181591040826834,0.05513385088996705,0.0303218320937865,0.0027397260273972638,1.0,1.0,False,8
