Feature,Type,Univariate_Score,Perm_DeltaR2,Perm_DeltaMAE,Perm_DeltaAcc,Combined_Score,Stability_Freq,Selected,Rank
Clothing,categorical,0.39075433617284083,0.006354782488773902,0.009690884974233776,0.01164383561643836,1.0,1.0,True,1
Season,categorical,0.3423220618313034,0.29686079509355745,0.17696922519787497,0.08515981735159818,1.0,1.0,True,2
Activity,categorical,0.16546141439178608,0.003355497443980937,0.0026424985687666974,0.001141552511415526,1.0,1.0,True,3
MRT,numeric,0.33427764517134434,0.037923345783952504,0.02889543534376609,0.014383561643835616,1.0,1.0,False,4
RH,numeric,0.325604547468956,0.02410296109254832,0.0202726352789823,0.010502283105022834,1.0,1.0,False,5
Top,numeric,0.34820425437285063,0.011170504378739166,0.010766812662185243,0.011872146118721465,1.0,1.0,False,6
RATemp,numeric,0.35396998660550694,0.009868568607996859,0.007527408044173897,0.006621004566210049,1.0,1.0,False,7
Air Velo,numeric,0.12181591040826834,0.022344028351260103,0.015142493338523088,0.013013698630136983,1.0,1.0,False,8
