Feature,Type,Univariate_Score,Perm_DeltaR2,Perm_DeltaMAE,Perm_DeltaAcc,Combined_Score,Stability_Freq,Selected,Rank
Clothing,categorical,0.39075433617284083,0.0037318865458170576,0.0046157320340474445,0.0038812785388127892,1.0,1.0,True,1
Season,categorical,0.3423220618313034,0.03360792398452759,0.022680914402008055,0.015525114155251147,1.0,1.0,True,2
Activity,categorical,0.16546141439178608,0.0007624983787536622,0.0005893945693969726,0.002054794520547946,1.0,1.0,True,3
MRT,numeric,0.33427764517134434,0.24763689438501993,0.1536076307296753,0.07214611872146118,1.0,1.0,False,4
RH,numeric,0.325604547468956,0.05002782742182414,0.03590341806411743,0.024657534246575342,1.0,1.0,False,5
Top,numeric,0.34820425437285063,0.04018927812576294,0.033552360534667966,0.024429223744292242,1.0,1.0,False,6
RATemp,numeric,0.35396998660550694,0.06379625002543132,0.04214900732040405,0.022602739726027395,1.0,1.0,False,7
Air Velo,numeric,0.12181591040826834,0.02532658179601034,0.014601282278696694,0.005707762557077618,1.0,1.0,False,8
