Feature,Type,Univariate_Score,Perm_DeltaR2,Perm_DeltaMAE,Perm_DeltaAcc,Combined_Score,Stability_Freq,Selected,Rank
Clothing,categorical,0.39075433617284083,0.009439754693423175,0.007003389038763757,0.0073059360730593536,1.0,1.0,True,1
Season,categorical,0.3423220618313034,0.05914935572427628,0.039748490172354135,0.022146118721461175,1.0,1.0,True,2
Activity,categorical,0.16546141439178608,0.011565826813551205,0.006266162282802701,0.0038812785388127823,1.0,1.0,True,3
MRT,numeric,0.33427764517134434,0.09773347565331121,0.06832920743477153,0.03767123287671233,1.0,1.0,False,4
RH,numeric,0.325604547468956,0.07008062065078886,0.04807386833582386,0.02945205479452053,1.0,1.0,False,5
Top,numeric,0.34820425437285063,0.09178142516534936,0.0635765714071287,0.030136986301369843,1.0,1.0,False,6
RATemp,numeric,0.35396998660550694,0.0577759285802253,0.038186584364219504,0.018949771689497706,1.0,1.0,False,7
Air Velo,numeric,0.12181591040826834,0.05114900913076119,0.03243534907375346,0.009817351598173506,1.0,1.0,False,8
