Feature,Type,Univariate_Score,Perm_DeltaR2,Perm_DeltaMAE,Perm_DeltaAcc,Combined_Score,Stability_Freq,Selected,Rank
MRT,numeric,0.19961525576076694,0.04112707773844402,0.029338916142781578,0.03816821097647897,1.0,1.0,True,1
RH,numeric,0.005344435399548221,0.0056855122248331705,0.004963123798370361,0.01779124099152609,1.0,1.0,True,2
Top,numeric,0.22641087588146216,0.3119539022445678,0.12835652828216554,0.08679615110477548,1.0,1.0,True,3
RATemp,numeric,0.2118439991855703,0.03889151016871135,0.037564992904663086,0.06611427892611071,1.0,1.0,False,4
Air Velo,numeric,0.018771042586310023,0.015782272815704344,0.007726975282033285,0.010889364061138822,1.0,1.0,False,5
