Feature,Type,Univariate_Score,Perm_DeltaR2,Perm_DeltaMAE,Perm_DeltaAcc,Combined_Score,Stability_Freq,Selected,Rank
MRT,numeric,0.19961525576076694,0.05315559989895805,0.038278834898060145,0.044646392650669206,1.0,1.0,True,1
RH,numeric,0.005344435399548221,0.012068119214440991,0.007182936218471733,0.018884137166389488,1.0,1.0,True,2
Top,numeric,0.22641087588146216,0.19687245333718387,0.09280365271388126,0.08897204403262851,1.0,1.0,True,3
RATemp,numeric,0.2118439991855703,0.07538379572408958,0.04839044075366729,0.060651777936168536,1.0,1.0,False,4
Air Velo,numeric,0.018771042586310023,0.018903275667307887,0.011566627136924882,0.010160766611229903,1.0,1.0,False,5
