Feature,Type,Univariate_Score,Perm_DeltaR2,Perm_DeltaMAE,Perm_DeltaAcc,Combined_Score,Stability_Freq,Selected,Rank
MRT,numeric,0.19961525576076694,0.0032313596869069836,0.023503248642784694,0.050483091787439614,1.0,1.0,True,1
RH,numeric,0.005344435399548221,0.0,0.005581819350783923,0.03160291438979963,1.0,1.0,True,2
Top,numeric,0.22641087588146216,0.15531475132204497,0.08552741341804868,0.07225786014096777,1.0,1.0,True,3
RATemp,numeric,0.2118439991855703,0.03630139614655695,0.04708092076992221,0.07485348855626832,1.0,1.0,False,4
Air Velo,numeric,0.018771042586310023,0.0,0.0015894288685747975,0.007998732874000162,1.0,1.0,False,5
