Feature,Type,Univariate_Score,Perm_DeltaR2,Perm_DeltaMAE,Perm_DeltaAcc,Combined_Score,Stability_Freq,Selected,Rank
MRT,numeric,0.19961525576076694,0.012660958831135698,0.0074527243235958645,0.01124574324859428,1.0,1.0,True,1
RH,numeric,0.005344435399548221,0.0,0.0,0.0,1.0,1.0,True,2
Top,numeric,0.22641087588146216,0.07382339779766457,0.03192881694714754,0.02759760829967529,1.0,1.0,True,3
RATemp,numeric,0.2118439991855703,0.06805127655630663,0.029469169604694073,0.013063277104617087,1.0,1.0,False,4
Air Velo,numeric,0.018771042586310023,0.0,0.0,0.0,1.0,1.0,False,5
