Feature,Type,Univariate_Score,Perm_DeltaR2,Perm_DeltaMAE,Perm_DeltaAcc,Combined_Score,Stability_Freq,Selected,Rank
Clothing,categorical,0.13212140341337114,0.009855314095815023,0.006927724679311116,0.0046139482369289475,1.0,1.0,True,1
Season,categorical,0.024364923877041998,0.00888778765996297,0.0039902170499165855,0.0002200220022002227,1.0,1.0,True,2
Activity,categorical,0.003723005400763959,0.0011939565340677897,0.0009835124015808105,0.0008779167390423282,1.0,1.0,True,3
MRT,numeric,0.14295464481428105,0.030195931593577068,0.020351767539978027,0.011207370737073707,1.0,1.0,False,4
RH,numeric,0.0034558369527280227,0.006175355116526285,0.005804427464803059,0.009222830177754614,1.0,1.0,False,5
Top,numeric,0.2583906156626027,0.13559706608454386,0.08516708215077719,0.04261551155115512,1.0,1.0,False,6
RATemp,numeric,0.25737310816365094,0.09090109666188559,0.06010708014170328,0.03164553297435006,1.0,1.0,False,7
Air Velo,numeric,0.021045774083030204,0.004465250174204508,0.004779990514119466,0.005273290486943427,1.0,1.0,False,8
