Feature,Type,Univariate_Score,Perm_DeltaR2,Perm_DeltaMAE,Perm_DeltaAcc,Combined_Score,Stability_Freq,Selected,Rank
Clothing,categorical,0.36107642774840565,0.0020666082700093588,0.0016085346539815265,0.001587301587301589,1.0,1.0,True,1
Season,categorical,0.0,0.0,0.0,0.0,1.0,1.0,True,2
Activity,categorical,0.0,0.0,0.0,0.0,1.0,1.0,True,3
MRT,numeric,0.041044797892478044,0.051789140701293944,0.025463159879048663,0.02698412698412699,1.0,1.0,False,4
RH,numeric,0.0027651772560393123,0.01035159428914388,0.00406956672668457,0.026836471022517544,1.0,1.0,False,5
Top,numeric,0.06833100609793122,0.025755099455515545,0.01794412136077881,0.025138427464008867,1.0,1.0,False,6
RATemp,numeric,0.018579672702628686,0.021162140369415283,0.013145506381988525,0.01746031746031746,1.0,1.0,False,7
Air Velo,numeric,0.017172946142886843,0.01236814260482788,0.008888208866119384,0.017423403469915097,1.0,1.0,False,8
