Feature,Type,Univariate_Score,Perm_DeltaR2,Perm_DeltaMAE,Perm_DeltaAcc,Combined_Score,Stability_Freq,Selected,Rank
Clothing,categorical,0.36107642774840565,0.0018226687472125747,0.0013182953540816556,0.003174603174603178,1.0,1.0,True,1
Season,categorical,0.0,0.0,0.0,0.0,1.0,1.0,True,2
Activity,categorical,0.0,0.0,0.0,0.0,1.0,1.0,True,3
MRT,numeric,0.041044797892478044,0.03875763014330118,0.028528103497839075,0.037799926172019195,1.0,1.0,False,4
RH,numeric,0.0027651772560393123,0.020465098551675363,0.011527277785526749,0.02535991140642304,1.0,1.0,False,5
Top,numeric,0.06833100609793122,0.03741823043005212,0.02369556925618736,0.03610188261351052,1.0,1.0,False,6
RATemp,numeric,0.018579672702628686,0.025844981001652917,0.015857872977370298,0.03322259136212625,1.0,1.0,False,7
Air Velo,numeric,0.017172946142886843,0.013737603103989606,0.008061878674607741,0.033185677371723885,1.0,1.0,False,8
