Feature,Type,Univariate_Score,Perm_DeltaR2,Perm_DeltaMAE,Perm_DeltaAcc,Combined_Score,Stability_Freq,Selected,Rank
Clothing,categorical,0.13212140341337114,0.0182563931716258,0.013643900239890358,0.016461843552776325,1.0,1.0,True,1
Season,categorical,0.024364923877041998,0.022910148863129687,0.014382714936199461,0.009006426958485327,1.0,1.0,True,2
Activity,categorical,0.003723005400763959,0.0017354386619763407,0.0031323701795580973,0.007461930403566674,1.0,1.0,True,3
MRT,numeric,0.14295464481428105,0.0027553241762675153,0.0016805294628118674,0.007258554802848707,1.0,1.0,False,4
RH,numeric,0.0034558369527280227,0.0005830778713908987,0.001342593969434754,0.004393202478142547,1.0,1.0,False,5
Top,numeric,0.2583906156626027,0.08452463412143243,0.05474955281488012,0.03250463204215158,1.0,1.0,False,6
RATemp,numeric,0.25737310816365094,0.07809418371744638,0.052293682371476136,0.031843118522378554,1.0,1.0,False,7
Air Velo,numeric,0.021045774083030204,0.003635419864200462,0.003756822932987159,0.006151207225985759,1.0,1.0,False,8
