Feature,Type,Univariate_Score,Perm_DeltaR2,Perm_DeltaMAE,Perm_DeltaAcc,Combined_Score,Stability_Freq,Selected,Rank
Clothing,categorical,0.13212140341337114,0.0032404641032843504,0.0016862460617845499,0.004608881940825668,1.0,1.0,True,1
Season,categorical,0.024364923877041998,0.019059211704403677,0.0141447946499594,0.00790125065138092,1.0,1.0,True,2
Activity,categorical,0.003723005400763959,0.003230545351328029,0.002929727339780031,0.0046190145330322575,1.0,1.0,True,3
MRT,numeric,0.14295464481428105,0.02772404108262704,0.018969088151811034,0.022622459614382494,1.0,1.0,False,4
RH,numeric,0.0034558369527280227,0.011890600536469717,0.008313254460696343,0.00636688668866886,1.0,1.0,False,5
Top,numeric,0.2583906156626027,0.11023242053526883,0.07079035266406436,0.04017789936888426,1.0,1.0,False,6
RATemp,numeric,0.25737310816365094,0.11160949949996332,0.07495671248655898,0.05337849574431127,1.0,1.0,False,7
Air Velo,numeric,0.021045774083030204,0.010962923045370833,0.009243996662739663,0.014271756122980723,1.0,1.0,False,8
