Feature,Type,Univariate_Score,Perm_DeltaR2,Perm_DeltaMAE,Perm_DeltaAcc,Combined_Score,Stability_Freq,Selected,Rank
Clothing,categorical,0.36107642774840565,0.007373264965427953,0.005750519426650754,0.006349206349206345,1.0,1.0,True,1
Season,categorical,0.0,9.621932880084689e-17,1.4802973661668754e-17,0.0,1.0,1.0,True,2
Activity,categorical,0.0,5.921189464667501e-17,1.4802973661668754e-17,0.0,1.0,1.0,True,3
MRT,numeric,0.041044797892478044,0.016740796709084675,0.008885695430478145,0.012661498708010324,1.0,1.0,False,4
RH,numeric,0.0027651772560393123,0.02507156578437376,0.018934411572644305,0.01269841269841269,1.0,1.0,False,5
Top,numeric,0.06833100609793122,0.07157626358410704,0.04057632773050075,0.03311184939091914,1.0,1.0,False,6
RATemp,numeric,0.018579672702628686,0.006685814797857378,0.0063298753509222205,0.01738648947951273,1.0,1.0,False,7
Air Velo,numeric,0.017172946142886843,0.05318261444947603,0.0239608312792071,0.026762643041712796,1.0,1.0,False,8
