Environment,RMSE,MAE,R2,Accuracy,Residual_STD,MBE
Classroom,0.781544579526697,0.6367636666668545,0.20125585354461661,0.477124183006536,0.7806923823334461,0.03648744926807239
Hostel,0.9928702600102467,0.7826867049819144,0.2505194293000549,0.391304347826087,0.9928306751426246,0.008865873259608609
Hostel_Winter Data,0.9297495652482773,0.7622431262038529,0.04645756147303193,0.39622641509433965,0.9296889958515465,-0.01061249602610491
Workshop or laboratory,0.8738356620082637,0.6895475596231861,0.4773043760779693,0.44726027397260276,0.873713340200052,0.014620648203429659
