Feature,Type,Univariate_Score,Perm_DeltaR2,Perm_DeltaMAE,Perm_DeltaAcc,Combined_Score,Stability_Freq,Selected,Rank
Clothing,categorical,0.39075433617284083,0.0035791868073078506,0.0061629699754692634,0.009132420091324197,1.0,1.0,True,1
Season,categorical,0.3423220618313034,0.32127853524760935,0.18723067827084572,0.08378995433789954,1.0,1.0,True,2
Activity,categorical,0.16546141439178608,0.003913417365585059,0.0027174455706662436,0.0018264840182648401,1.0,1.0,True,3
MRT,numeric,0.33427764517134434,0.028429926321051558,0.023604684148175504,0.012100456621004571,1.0,1.0,False,4
RH,numeric,0.325604547468956,0.01984327608045285,0.014330310955730074,0.007077625570776262,1.0,1.0,False,5
Top,numeric,0.34820425437285063,0.006321997236168974,0.007589040833516405,0.00958904109589042,1.0,1.0,False,6
RATemp,numeric,0.35396998660550694,0.006386231553397614,0.006591696990176632,0.011187214611872146,1.0,1.0,False,7
Air Velo,numeric,0.12181591040826834,0.02666428425692343,0.01637241788909008,0.008219178082191782,1.0,1.0,False,8
