Feature,Type,Univariate_Score,Perm_DeltaR2,Perm_DeltaMAE,Perm_DeltaAcc,Combined_Score,Stability_Freq,Selected,Rank
Clothing,categorical,0.39075433617284083,0.005274713039398193,0.005498810609181721,0.00958904109589041,1.0,1.0,True,1
Season,categorical,0.3423220618313034,0.03730092446009318,0.02677591641743978,0.01712328767123287,1.0,1.0,True,2
Activity,categorical,0.16546141439178608,0.0007572452227274577,0.0004277149836222331,0.0022831050228310523,1.0,1.0,True,3
MRT,numeric,0.33427764517134434,0.25147886673609415,0.15204050540924072,0.07488584474885843,1.0,1.0,False,4
RH,numeric,0.325604547468956,0.04469566742579142,0.03175944487253825,0.023744292237442927,1.0,1.0,False,5
Top,numeric,0.34820425437285063,0.04148813486099243,0.03361515998840332,0.024657534246575345,1.0,1.0,False,6
RATemp,numeric,0.35396998660550694,0.06574764251708984,0.04689403772354126,0.033105022831050226,1.0,1.0,False,7
Air Velo,numeric,0.12181591040826834,0.024782514572143557,0.01556488275527954,0.012785388127853875,1.0,1.0,False,8
