Feature,Type,Univariate_Score,Perm_DeltaR2,Perm_DeltaMAE,Perm_DeltaAcc,Combined_Score,Stability_Freq,Selected,Rank
Clothing,categorical,0.39075433617284083,0.007959018284665113,0.007850170114387852,0.006164383561643827,1.0,1.0,True,1
Season,categorical,0.3423220618313034,0.06087496814853719,0.04405124829061687,0.019863013698630118,1.0,1.0,True,2
Activity,categorical,0.16546141439178608,0.01166106351617903,0.006432982222958103,0.0038812785388127823,1.0,1.0,True,3
MRT,numeric,0.33427764517134434,0.10038827134333776,0.06744235892253948,0.025570776255707757,1.0,1.0,False,4
RH,numeric,0.325604547468956,0.06637882871489763,0.04612902201844126,0.031050228310502265,1.0,1.0,False,5
Top,numeric,0.34820425437285063,0.09082338541629924,0.06677426367407215,0.043150684931506825,1.0,1.0,False,6
RATemp,numeric,0.35396998660550694,0.050740921491185406,0.03408557288581982,0.01940639269406392,1.0,1.0,False,7
Air Velo,numeric,0.12181591040826834,0.06017731558260694,0.03624439845637174,0.014383561643835594,1.0,1.0,False,8
