Feature,Type,Univariate_Score,Perm_DeltaR2,Perm_DeltaMAE,Perm_DeltaAcc,Combined_Score,Stability_Freq,Selected,Rank
Clothing,categorical,0.39075433617284083,0.0,0.0,0.0,1.0,1.0,True,1
Season,categorical,0.3423220618313034,0.012988618624133941,0.00859927333292015,0.0036529680365296837,1.0,1.0,True,2
Activity,categorical,0.16546141439178608,0.0,0.0,0.0,1.0,1.0,True,3
MRT,numeric,0.33427764517134434,0.07966873864586412,0.049136326051825954,0.007534246575342471,1.0,1.0,False,4
RH,numeric,0.325604547468956,0.03974504184705229,0.027787969663303314,0.01027397260273973,1.0,1.0,False,5
Top,numeric,0.34820425437285063,0.03592420521513479,0.024545472402432284,0.003652968036529691,1.0,1.0,False,6
RATemp,numeric,0.35396998660550694,0.024787867886108397,0.017746638989385683,0.00388127853881279,1.0,1.0,False,7
Air Velo,numeric,0.12181591040826834,0.05673827828591475,0.03112957798131351,0.008219178082191789,1.0,1.0,False,8
