Feature,Type,Univariate_Score,Perm_DeltaR2,Perm_DeltaMAE,Perm_DeltaAcc,Combined_Score,Stability_Freq,Selected,Rank
MRT,numeric,0.19961525576076694,0.006119344138876078,0.02670977988370975,0.05336184366832978,1.0,1.0,True,1
RH,numeric,0.005344435399548221,0.0,0.004149123570358852,0.02505939653124258,1.0,1.0,True,2
Top,numeric,0.22641087588146216,0.12951281265141398,0.07973508278041092,0.06790607428526174,1.0,1.0,True,3
RATemp,numeric,0.2118439991855703,0.03253782407432997,0.04093245082667766,0.06029737863308784,1.0,1.0,False,4
Air Velo,numeric,0.018771042586310023,0.0,0.0,0.004371584699453554,1.0,1.0,False,5
