Feature,Type,Univariate_Score,Perm_DeltaR2,Perm_DeltaMAE,Perm_DeltaAcc,Combined_Score,Stability_Freq,Selected,Rank
MRT,numeric,0.19961525576076694,0.03918813467025757,0.030028164386749268,0.03922942900134631,1.0,1.0,True,1
RH,numeric,0.005344435399548221,0.007704710960388184,0.005869340896606445,0.014880810960639892,1.0,1.0,True,2
Top,numeric,0.22641087588146216,0.3122618993123372,0.1270305752754211,0.07554446820305692,1.0,1.0,True,3
RATemp,numeric,0.2118439991855703,0.051411279042561854,0.040408841768900555,0.05595351231488081,1.0,1.0,False,4
Air Velo,numeric,0.018771042586310023,0.010109702746073404,0.004922906557718913,0.011619941395422499,1.0,1.0,False,5
