Feature,Type,Univariate_Score,Perm_DeltaR2,Perm_DeltaMAE,Perm_DeltaAcc,Combined_Score,Stability_Freq,Selected,Rank
MRT,numeric,0.19961525576076694,0.056588942641279484,0.04088564617971897,0.04899421873762573,1.0,1.0,True,1
RH,numeric,0.005344435399548221,0.014429687334005847,0.007348453219531423,0.023622000475172256,1.0,1.0,True,2
Top,numeric,0.22641087588146216,0.17981171777173105,0.07835633247812754,0.06898907103825136,1.0,1.0,True,3
RATemp,numeric,0.2118439991855703,0.07603974386658735,0.05212868160404922,0.06138037538607745,1.0,1.0,False,4
Air Velo,numeric,0.018771042586310023,0.01597412741522351,0.00940245943951282,0.00762255484279718,1.0,1.0,False,5
