Feature,Type,Univariate_Score,Perm_DeltaR2,Perm_DeltaMAE,Perm_DeltaAcc,Combined_Score,Stability_Freq,Selected,Rank
MRT,numeric,0.19961525576076694,0.013101441084655977,0.0078367870683178,0.011263562207967048,1.0,1.0,True,1
RH,numeric,0.005344435399548221,0.0,0.0,0.0,1.0,1.0,True,2
Top,numeric,0.22641087588146216,0.07429907963054541,0.031911862822397254,0.018139700641482532,1.0,1.0,True,3
RATemp,numeric,0.2118439991855703,0.07097415565781967,0.03152409380866385,0.01380573374514928,1.0,1.0,False,4
Air Velo,numeric,0.018771042586310023,0.0,0.0,0.0,1.0,1.0,False,5
