Feature,Type,Univariate_Score,Perm_DeltaR2,Perm_DeltaMAE,Perm_DeltaAcc,Combined_Score,Stability_Freq,Selected,Rank
Clothing,categorical,0.13212140341337114,0.012378078956863573,0.010479927399400017,0.016026142087893,1.0,1.0,True,1
Season,categorical,0.024364923877041998,0.023438406357919377,0.015478757301865667,0.006146140929882467,1.0,1.0,True,2
Activity,categorical,0.003723005400763959,0.0024479345139306607,0.0037112902565665275,0.007681228649180712,1.0,1.0,True,3
MRT,numeric,0.14295464481428105,0.0025427007789407875,0.0015948232712888072,0.007476405535290369,1.0,1.0,False,4
RH,numeric,0.0034558369527280227,0.0010180758216910741,0.001997095526707223,0.0037353077413004388,1.0,1.0,False,5
Top,numeric,0.2583906156626027,0.08894417893008524,0.05966947255474753,0.04086546812575994,1.0,1.0,False,6
RATemp,numeric,0.25737310816365094,0.07911421508711537,0.05479788595442425,0.033822592785594345,1.0,1.0,False,7
Air Velo,numeric,0.021045774083030204,0.001993860881375883,0.0020606369990216144,0.004612500723756585,1.0,1.0,False,8
