Feature,Type,Univariate_Score,Perm_DeltaR2,Perm_DeltaMAE,Perm_DeltaAcc,Combined_Score,Stability_Freq,Selected,Rank
Clothing,categorical,0.36107642774840565,0.004893287022908528,0.0023339311281840003,0.004724990771502402,1.0,1.0,True,1
Season,categorical,0.0,0.0,0.0,0.0,1.0,1.0,True,2
Activity,categorical,0.0,0.0,0.0,0.0,1.0,1.0,True,3
MRT,numeric,0.041044797892478044,0.028806885083516438,0.018794707457224526,0.02535991140642304,1.0,1.0,False,4
RH,numeric,0.0027651772560393123,0.01927878459294637,0.0060040791829427086,0.00793650793650794,1.0,1.0,False,5
Top,numeric,0.06833100609793122,0.02945708831151327,0.01879794994990031,0.015688445921004067,1.0,1.0,False,6
RATemp,numeric,0.018579672702628686,0.024319450060526528,0.013981294631958009,0.014285714285714282,1.0,1.0,False,7
Air Velo,numeric,0.017172946142886843,0.015521768728892011,0.011667927106221518,0.022185308231819852,1.0,1.0,False,8
