Feature,Type,Univariate_Score,Perm_DeltaR2,Perm_DeltaMAE,Perm_DeltaAcc,Combined_Score,Stability_Freq,Selected,Rank
Clothing,categorical,0.36107642774840565,0.0012960140633289394,0.0005093046477163169,0.003174603174603178,1.0,1.0,True,1
Season,categorical,0.0,0.0,0.0,0.0,1.0,1.0,True,2
Activity,categorical,0.0,0.0,0.0,0.0,1.0,1.0,True,3
MRT,numeric,0.041044797892478044,0.03173406904429367,0.025947497653937536,0.04115909929863419,1.0,1.0,False,4
RH,numeric,0.0027651772560393123,0.02264348884644864,0.011934606295783964,0.03170911775562939,1.0,1.0,False,5
Top,numeric,0.06833100609793122,0.032630931285627725,0.021949907198046258,0.017275747508305652,1.0,1.0,False,6
RATemp,numeric,0.018579672702628686,0.0237116902163216,0.015181965546134393,0.03473606496862311,1.0,1.0,False,7
Air Velo,numeric,0.017172946142886843,0.010587004241706666,0.005063788861971333,0.03163528977482465,1.0,1.0,False,8
