Feature,Type,Univariate_Score,Perm_DeltaR2,Perm_DeltaMAE,Perm_DeltaAcc,Combined_Score,Stability_Freq,Selected,Rank
Clothing,categorical,0.13212140341337114,0.006353545188903809,0.005983869234720865,0.004829627699612064,1.0,1.0,True,1
Season,categorical,0.024364923877041998,0.0070260405540466305,0.0032753070195515955,0.0004393202478142566,1.0,1.0,True,2
Activity,categorical,0.003723005400763959,0.0011377374331156414,0.000937668482462565,0.0004385964912280753,1.0,1.0,True,3
MRT,numeric,0.14295464481428105,0.022789212067921956,0.015310529867808023,0.007694256267732036,1.0,1.0,False,4
RH,numeric,0.0034558369527280227,0.005685957272847494,0.003802430629730224,0.007031295234786636,1.0,1.0,False,5
Top,numeric,0.2583906156626027,0.14086948235829672,0.08740014632542928,0.043920444676046555,1.0,1.0,False,6
RATemp,numeric,0.25737310816365094,0.08838680585225422,0.05465489228566488,0.022636210989520004,1.0,1.0,False,7
Air Velo,numeric,0.021045774083030204,0.007271655400594076,0.006566810607910156,0.008126338949684436,1.0,1.0,False,8
