Feature,Type,Univariate_Score,Perm_DeltaR2,Perm_DeltaMAE,Perm_DeltaAcc,Combined_Score,Stability_Freq,Selected,Rank
Clothing,categorical,0.13212140341337114,0.0031580628806222146,0.0017859832455429177,0.005267500434253958,1.0,1.0,True,1
Season,categorical,0.024364923877041998,0.01948145155062773,0.014562485207270496,0.011196514388280931,1.0,1.0,True,2
Activity,categorical,0.003723005400763959,0.003928290282233552,0.003562056874674465,0.005495483758902216,1.0,1.0,True,3
MRT,numeric,0.14295464481428105,0.028722346700877987,0.021260168982647473,0.01955011290602744,1.0,1.0,False,4
RH,numeric,0.0034558369527280227,0.010358348773315014,0.008214925909443786,0.012514475131723702,1.0,1.0,False,5
Top,numeric,0.2583906156626027,0.09758497272379585,0.06626866031348529,0.04126932430085113,1.0,1.0,False,6
RATemp,numeric,0.25737310816365094,0.10916697505806405,0.07500537908207508,0.049631607897631866,1.0,1.0,False,7
Air Velo,numeric,0.021045774083030204,0.008182218656392815,0.0066133801281291985,0.010532829598749353,1.0,1.0,False,8
