Feature,Type,Univariate_Score,Perm_DeltaR2,Perm_DeltaMAE,Perm_DeltaAcc,Combined_Score,Stability_Freq,Selected,Rank
Clothing,categorical,0.36107642774840565,0.0169309037499037,0.006525932335522159,0.00793650793650793,1.0,1.0,True,1
Season,categorical,0.0,7.401486830834377e-18,1.4802973661668754e-17,0.0,1.0,1.0,True,2
Activity,categorical,0.0,2.2204460492503132e-17,7.401486830834377e-18,0.0,1.0,1.0,True,3
MRT,numeric,0.041044797892478044,0.017305364207162822,0.011515146679571358,0.014211886304909549,1.0,1.0,False,4
RH,numeric,0.0027651772560393123,0.029527677715478214,0.016118747864824513,0.01897379106681431,1.0,1.0,False,5
Top,numeric,0.06833100609793122,0.051777258675988425,0.02764884702070028,0.028460686600221476,1.0,1.0,False,6
RATemp,numeric,0.018579672702628686,0.009402667920001625,0.008500444790244558,0.023809523809523798,1.0,1.0,False,7
Air Velo,numeric,0.017172946142886843,0.01488280765280955,0.006040013203388872,0.012661498708010328,1.0,1.0,False,8
