Feature,Type,Univariate_Score,Perm_DeltaR2,Perm_DeltaMAE,Perm_DeltaAcc,Combined_Score,Stability_Freq,Selected,Rank
Clothing,categorical,0.39075433617284083,0.0011601472508809313,0.004050776411126182,0.011643835616438353,1.0,1.0,True,1
Season,categorical,0.3423220618313034,0.2772945561692028,0.16865485515743497,0.07671232876712328,1.0,1.0,True,2
Activity,categorical,0.16546141439178608,0.0028811177202421176,0.0023003616369779026,0.0009132420091324236,1.0,1.0,True,3
MRT,numeric,0.33427764517134434,0.02743541214408667,0.023533317585254225,0.012100456621004566,1.0,1.0,False,4
RH,numeric,0.325604547468956,0.017446179800632077,0.013601351242096688,0.007305936073059365,1.0,1.0,False,5
Top,numeric,0.34820425437285063,0.008681062457416431,0.009009962816520792,0.011415525114155254,1.0,1.0,False,6
RATemp,numeric,0.35396998660550694,0.006070921238749594,0.007484023164641858,0.01278538812785388,1.0,1.0,False,7
Air Velo,numeric,0.12181591040826834,0.02142070175925356,0.012904298823087768,0.010045662100456624,1.0,1.0,False,8
