Feature,Type,Univariate_Score,Perm_DeltaR2,Perm_DeltaMAE,Perm_DeltaAcc,Combined_Score,Stability_Freq,Selected,Rank
Clothing,categorical,0.39075433617284083,0.007693274627462224,0.005558027267578125,0.007305936073059349,1.0,1.0,True,1
Season,categorical,0.3423220618313034,0.059349127854428495,0.04136980411505671,0.025342465753424644,1.0,1.0,True,2
Activity,categorical,0.16546141439178608,0.010955684935168675,0.00586602697035985,0.0070776255707762515,1.0,1.0,True,3
MRT,numeric,0.33427764517134434,0.09443146721604025,0.06471126087738557,0.031506849315068475,1.0,1.0,False,4
RH,numeric,0.325604547468956,0.06811045551550388,0.04721444539937367,0.03059360730593605,1.0,1.0,False,5
Top,numeric,0.34820425437285063,0.09694704172820698,0.0685269798063736,0.0372146118721461,1.0,1.0,False,6
RATemp,numeric,0.35396998660550694,0.053296986550051176,0.034530948611871254,0.018493150684931493,1.0,1.0,False,7
Air Velo,numeric,0.12181591040826834,0.05924952337852578,0.0338840284394817,0.016210045662100443,1.0,1.0,False,8
