Feature,Type,Univariate_Score,Perm_DeltaR2,Perm_DeltaMAE,Perm_DeltaAcc,Combined_Score,Stability_Freq,Selected,Rank
Clothing,categorical,0.39075433617284083,0.004011702537536621,0.004470475514729818,0.0063926940639269444,1.0,1.0,True,1
Season,categorical,0.3423220618313034,0.03621906836827596,0.024787994225819905,0.018721461187214617,1.0,1.0,True,2
Activity,categorical,0.16546141439178608,0.00046759049097696935,0.0002958099047342936,0.0011415525114155296,1.0,1.0,True,3
MRT,numeric,0.33427764517134434,0.24548399448394775,0.14894820054372152,0.07442922374429224,1.0,1.0,False,4
RH,numeric,0.325604547468956,0.04502905209859213,0.03202776908874512,0.023059360730593607,1.0,1.0,False,5
Top,numeric,0.34820425437285063,0.03623041311899821,0.031088737646738685,0.024885844748858448,1.0,1.0,False,6
RATemp,numeric,0.35396998660550694,0.06638549168904623,0.04594648281733195,0.029223744292237445,1.0,1.0,False,7
Air Velo,numeric,0.12181591040826834,0.025946422417958574,0.015570267041524252,0.009817351598173514,1.0,1.0,False,8
