Feature,Type,Univariate_Score,Perm_DeltaR2,Perm_DeltaMAE,Perm_DeltaAcc,Combined_Score,Stability_Freq,Selected,Rank
Clothing,categorical,0.39075433617284083,0.0,0.0,0.0,1.0,1.0,True,1
Season,categorical,0.3423220618313034,0.012559068011773653,0.008539215629349006,0.002511415525114158,1.0,1.0,True,2
Activity,categorical,0.16546141439178608,0.0,0.0,0.0,1.0,1.0,True,3
MRT,numeric,0.33427764517134434,0.08600614610967654,0.052957468586274634,0.01118721461187215,1.0,1.0,False,4
RH,numeric,0.325604547468956,0.04513110057973889,0.02995547320805278,0.008904109589041096,1.0,1.0,False,5
Top,numeric,0.34820425437285063,0.0372660126139142,0.026533708991231243,0.006164383561643835,1.0,1.0,False,6
RATemp,numeric,0.35396998660550694,0.02521842639514465,0.017776390525733966,0.0022831050228310557,1.0,1.0,False,7
Air Velo,numeric,0.12181591040826834,0.05633942805834441,0.03180349973754051,0.0057077625570776305,1.0,1.0,False,8
