Feature,Type,Univariate_Score,Perm_DeltaR2,Perm_DeltaMAE,Perm_DeltaAcc,Combined_Score,Stability_Freq,Selected,Rank
MRT,numeric,0.19961525576076694,0.04542825718209394,0.035683339953442195,0.04900213827512474,1.0,1.0,True,1
RH,numeric,0.005344435399548221,0.013074811488495134,0.006056105972908406,0.019600855310049896,1.0,1.0,True,2
Top,numeric,0.22641087588146216,0.19597896564603495,0.08914696525528296,0.08131781103983529,1.0,1.0,True,3
RATemp,numeric,0.2118439991855703,0.08212989326489072,0.053347632030522577,0.05448641799318919,1.0,1.0,False,4
Air Velo,numeric,0.018771042586310023,0.016379619502941957,0.009537850575183297,0.008337293102082843,1.0,1.0,False,5
