Feature,Type,Univariate_Score,Perm_DeltaR2,Perm_DeltaMAE,Perm_DeltaAcc,Combined_Score,Stability_Freq,Selected,Rank
MRT,numeric,0.19961525576076694,0.01353863398972594,0.007749139951691138,0.009459887542567508,1.0,1.0,True,1
RH,numeric,0.005344435399548221,0.0,0.0,0.0,1.0,1.0,True,2
Top,numeric,0.22641087588146216,0.07345153469899054,0.03133526602239059,0.018890076819513733,1.0,1.0,True,3
RATemp,numeric,0.2118439991855703,0.07206000996661471,0.03131879582591508,0.02145006731606874,1.0,1.0,False,4
Air Velo,numeric,0.018771042586310023,0.0,0.0,0.0,1.0,1.0,False,5
