Feature,Type,Univariate_Score,Perm_DeltaR2,Perm_DeltaMAE,Perm_DeltaAcc,Combined_Score,Stability_Freq,Selected,Rank
MRT,numeric,0.19961525576076694,0.004208022620689126,0.024999458589440755,0.051908608537261425,1.0,1.0,True,1
RH,numeric,0.005344435399548221,0.0,0.0032541822625642347,0.023602201631424728,1.0,1.0,True,2
Top,numeric,0.22641087588146216,0.1443587958431754,0.08620187632480954,0.08241664686782292,1.0,1.0,True,3
RATemp,numeric,0.2118439991855703,0.033158305187261615,0.04342403459412168,0.06902866872574642,1.0,1.0,False,4
Air Velo,numeric,0.018771042586310023,0.0,0.0017522939202268366,0.014175972123228006,1.0,1.0,False,5
