Feature,Type,Univariate_Score,Perm_DeltaR2,Perm_DeltaMAE,Perm_DeltaAcc,Combined_Score,Stability_Freq,Selected,Rank
MRT,numeric,0.19961525576076694,0.03873452345530192,0.029743238290150957,0.03124653520234417,1.0,1.0,True,1
RH,numeric,0.005344435399548221,0.009941375255584717,0.005971904595692952,0.01271481745466064,1.0,1.0,True,2
Top,numeric,0.22641087588146216,0.3173781553904215,0.12970465024312336,0.08570523481428685,1.0,1.0,True,3
RATemp,numeric,0.2118439991855703,0.040340423583984375,0.037352081139882407,0.06321176843272353,1.0,1.0,False,4
Air Velo,numeric,0.018771042586310023,0.013226119677225751,0.00661224921544393,0.010519125683060104,1.0,1.0,False,5
