Feature,Type,Univariate_Score,Perm_DeltaR2,Perm_DeltaMAE,Perm_DeltaAcc,Combined_Score,Stability_Freq,Selected,Rank
Clothing,categorical,0.13212140341337114,0.0027001082840909445,0.0016521666286945774,0.0037287939320247874,1.0,1.0,True,1
Season,categorical,0.024364923877041998,0.01670905143125274,0.012707879045142968,0.009435614614092981,1.0,1.0,True,2
Activity,categorical,0.003723005400763959,0.0033214535416426676,0.0026133461901669246,0.004615395750101333,1.0,1.0,True,3
MRT,numeric,0.14295464481428105,0.02654601170394008,0.018859635908529668,0.023936801574894327,1.0,1.0,False,4
RH,numeric,0.0034558369527280227,0.01173046166603504,0.008838256968268603,0.012516646401482256,1.0,1.0,False,5
Top,numeric,0.2583906156626027,0.0979587469949592,0.06606413640845465,0.041055816107926586,1.0,1.0,False,6
RATemp,numeric,0.25737310816365094,0.11113631685845027,0.07381182197432277,0.04370114643043252,1.0,1.0,False,7
Air Velo,numeric,0.021045774083030204,0.009451771438963504,0.008243380771600708,0.014268861096635976,1.0,1.0,False,8
