Feature,Type,Univariate_Score,Perm_DeltaR2,Perm_DeltaMAE,Perm_DeltaAcc,Combined_Score,Stability_Freq,Selected,Rank
Clothing,categorical,0.13212140341337114,0.01905153947436245,0.01406295967305558,0.016901163800590584,1.0,1.0,True,1
Season,categorical,0.024364923877041998,0.02173946646203704,0.015022960903510518,0.005929013954026974,1.0,1.0,True,2
Activity,categorical,0.003723005400763959,0.0025142311457037195,0.003984117518083252,0.007900526894794747,1.0,1.0,True,3
MRT,numeric,0.14295464481428105,0.003383488221048732,0.0018347946072783193,0.005499826298419312,1.0,1.0,False,4
RH,numeric,0.0034558369527280227,0.005124847756030112,0.004993128960051914,0.0026330264605407888,1.0,1.0,False,5
Top,numeric,0.2583906156626027,0.08998841838932671,0.06002841245858921,0.030971715592611894,1.0,1.0,False,6
RATemp,numeric,0.25737310816365094,0.08285652555719845,0.05428727923284976,0.03734583984714261,1.0,1.0,False,7
Air Velo,numeric,0.021045774083030204,0.003723015954763883,0.0023676332773352386,0.004395373747901106,1.0,1.0,False,8
