Feature,Type,Univariate_Score,Perm_DeltaR2,Perm_DeltaMAE,Perm_DeltaAcc,Combined_Score,Stability_Freq,Selected,Rank
Clothing,categorical,0.36107642774840565,0.012300915014941386,0.010443712044245776,0.011074197120708739,1.0,1.0,True,1
Season,categorical,0.0,2.2204460492503132e-17,2.960594732333751e-17,0.0,1.0,1.0,True,2
Activity,categorical,0.0,4.4408920985006264e-17,4.4408920985006264e-17,0.0,1.0,1.0,True,3
MRT,numeric,0.041044797892478044,0.042091084416052485,0.01884921879953556,0.022111480251015128,1.0,1.0,False,4
RH,numeric,0.0027651772560393123,0.03180769484712493,0.017185103210099934,0.012698412698412695,1.0,1.0,False,5
Top,numeric,0.06833100609793122,0.04353553322908594,0.02706576236422224,0.01579918789221114,1.0,1.0,False,6
RATemp,numeric,0.018579672702628686,0.011018636247315161,0.011548799847437048,0.03167220376522702,1.0,1.0,False,7
Air Velo,numeric,0.017172946142886843,0.025438588207512595,0.008076094464575261,0.012550756736803243,1.0,1.0,False,8
