Feature,Type,Univariate_Score,Perm_DeltaR2,Perm_DeltaMAE,Perm_DeltaAcc,Combined_Score,Stability_Freq,Selected,Rank
Clothing,categorical,0.13212140341337114,0.0038623491923014328,0.003332289059956868,0.004611053210584208,1.0,1.0,True,1
Season,categorical,0.024364923877041998,0.008085747559865315,0.003516157468159993,0.0006593422500144793,1.0,1.0,True,2
Activity,categorical,0.003723005400763959,0.0010051806767781577,0.00090256134668986,0.0008786404956285093,1.0,1.0,True,3
MRT,numeric,0.14295464481428105,0.025929069519042967,0.017394057909647622,0.007907040704070407,1.0,1.0,False,4
RH,numeric,0.0034558369527280227,0.002695631980895996,0.002415378888448079,0.004392478721556374,1.0,1.0,False,5
Top,numeric,0.2583906156626027,0.1441960136095683,0.09084267218907674,0.04677928319147705,1.0,1.0,False,6
RATemp,numeric,0.25737310816365094,0.07450846831003824,0.0506095806757609,0.0221896531758439,1.0,1.0,False,7
Air Velo,numeric,0.021045774083030204,0.006846487522125244,0.0059921622276306145,0.009009321984830058,1.0,1.0,False,8
