Feature,Type,Univariate_Score,Perm_DeltaR2,Perm_DeltaMAE,Perm_DeltaAcc,Combined_Score,Stability_Freq,Selected,Rank
Clothing,categorical,0.36107642774840565,0.0008746766824878182,0.00040021553957600247,0.004724990771502402,1.0,1.0,True,1
Season,categorical,0.0,0.0,0.0,0.0,1.0,1.0,True,2
Activity,categorical,0.0,0.0,0.0,0.0,1.0,1.0,True,3
MRT,numeric,0.041044797892478044,0.039970197399369266,0.02566073062954662,0.023661867847914363,1.0,1.0,False,4
RH,numeric,0.0027651772560393123,0.020797502122387276,0.00938697187608851,0.023698781838316727,1.0,1.0,False,5
Top,numeric,0.06833100609793122,0.02374746170071184,0.016994555329243283,0.02200073827980805,1.0,1.0,False,6
RATemp,numeric,0.018579672702628686,0.0232840780780581,0.016303524680703722,0.02366186784791436,1.0,1.0,False,7
Air Velo,numeric,0.017172946142886843,0.00790024876745822,0.005002356195065676,0.019047619047619056,1.0,1.0,False,8
