Feature,Type,Univariate_Score,Perm_DeltaR2,Perm_DeltaMAE,Perm_DeltaAcc,Combined_Score,Stability_Freq,Selected,Rank
Clothing,categorical,0.36107642774840565,0.003835829099019369,0.0019553502400716147,0.001587301587301589,1.0,1.0,True,1
Season,categorical,0.0,0.0,0.0,0.0,1.0,1.0,True,2
Activity,categorical,0.0,0.0,0.0,0.0,1.0,1.0,True,3
MRT,numeric,0.041044797892478044,0.03853161732355753,0.020779991149902345,0.020634920634920638,1.0,1.0,False,4
RH,numeric,0.0027651772560393123,0.01612335443496704,0.005751216411590576,0.020598006644518267,1.0,1.0,False,5
Top,numeric,0.06833100609793122,0.02962636947631836,0.01832261880238851,0.014211886304909563,1.0,1.0,False,6
RATemp,numeric,0.018579672702628686,0.012631277243296305,0.010412263870239257,0.017460317460317457,1.0,1.0,False,7
Air Velo,numeric,0.017172946142886843,0.014589989185333252,0.011833969751993814,0.025359911406423036,1.0,1.0,False,8
