Feature,Type,Univariate_Score,Perm_DeltaR2,Perm_DeltaMAE,Perm_DeltaAcc,Combined_Score,Stability_Freq,Selected,Rank
Clothing,categorical,0.39075433617284083,0.0,0.0,0.0,1.0,1.0,True,1
Season,categorical,0.3423220618313034,0.012832322761966058,0.00902986351256143,0.005022831050228311,1.0,1.0,True,2
Activity,categorical,0.16546141439178608,0.0,0.0,0.0,1.0,1.0,True,3
MRT,numeric,0.33427764517134434,0.08065032601846903,0.05188973899126017,0.014383561643835616,1.0,1.0,False,4
RH,numeric,0.325604547468956,0.04030275349539981,0.028212182546465077,0.008675799086757996,1.0,1.0,False,5
Top,numeric,0.34820425437285063,0.03518113359949338,0.024418399609212788,0.0073059360730593605,1.0,1.0,False,6
RATemp,numeric,0.35396998660550694,0.02482942213940817,0.01765446307860089,0.0025114155251141574,1.0,1.0,False,7
Air Velo,numeric,0.12181591040826834,0.05353439770056775,0.02910890478081698,0.006164383561643829,1.0,1.0,False,8
