Feature,Type,Univariate_Score,Perm_DeltaR2,Perm_DeltaMAE,Perm_DeltaAcc,Combined_Score,Stability_Freq,Selected,Rank
Clothing,categorical,0.39075433617284083,0.010996730121126699,0.00692941265331295,0.006849315068493138,1.0,1.0,True,1
Season,categorical,0.3423220618313034,0.06261340316993444,0.04204235825799122,0.025114155251141534,1.0,1.0,True,2
Activity,categorical,0.16546141439178608,0.012156874914147289,0.006978442756082845,0.005707762557077618,1.0,1.0,True,3
MRT,numeric,0.33427764517134434,0.09661877713391072,0.06597214927767366,0.0321917808219178,1.0,1.0,False,4
RH,numeric,0.325604547468956,0.06860761868380859,0.04879953396981281,0.03150684931506848,1.0,1.0,False,5
Top,numeric,0.34820425437285063,0.09748643236823204,0.0695983731028699,0.0372146118721461,1.0,1.0,False,6
RATemp,numeric,0.35396998660550694,0.0532821622364049,0.037285616382440684,0.024657534246575328,1.0,1.0,False,7
Air Velo,numeric,0.12181591040826834,0.057436302298163086,0.03879353691208447,0.018264840182648394,1.0,1.0,False,8
