Feature,Type,Univariate_Score,Perm_DeltaR2,Perm_DeltaMAE,Perm_DeltaAcc,Combined_Score,Stability_Freq,Selected,Rank
Clothing,categorical,0.39075433617284083,0.005780374495104268,0.007435551331556836,0.015296803652968038,1.0,1.0,True,1
Season,categorical,0.3423220618313034,0.29970892705063523,0.17654883365312563,0.07694063926940639,1.0,1.0,True,2
Activity,categorical,0.16546141439178608,0.0034128332619989188,0.0022738013057077644,0.0004566210045662118,1.0,1.0,True,3
MRT,numeric,0.33427764517134434,0.03052171213760712,0.02695264009322601,0.018493150684931507,1.0,1.0,False,4
RH,numeric,0.325604547468956,0.02079629435053638,0.017301041222474223,0.008904109589041101,1.0,1.0,False,5
Top,numeric,0.34820425437285063,0.012481810632069752,0.013114630185876709,0.010502283105022828,1.0,1.0,False,6
RATemp,numeric,0.35396998660550694,0.007943648448276181,0.006564678664798278,0.006164383561643838,1.0,1.0,False,7
Air Velo,numeric,0.12181591040826834,0.0237263441605446,0.014406619407843557,0.010730593607305931,1.0,1.0,False,8
