Feature,Type,Univariate_Score,Perm_DeltaR2,Perm_DeltaMAE,Perm_DeltaAcc,Combined_Score,Stability_Freq,Selected,Rank
Clothing,categorical,0.39075433617284083,0.0038310209910074867,0.004956932862599691,0.010273972602739727,1.0,1.0,True,1
Season,categorical,0.3423220618313034,0.03628994226455688,0.02536860704421997,0.01643835616438356,1.0,1.0,True,2
Activity,categorical,0.16546141439178608,0.0004700501759847005,0.00020819107691446938,0.00296803652968037,1.0,1.0,True,3
MRT,numeric,0.33427764517134434,0.2564154426256816,0.15501113335291544,0.07123287671232877,1.0,1.0,False,4
RH,numeric,0.325604547468956,0.051185667514801025,0.03615789413452149,0.02831050228310502,1.0,1.0,False,5
Top,numeric,0.34820425437285063,0.03799880345662435,0.03173568646113078,0.024657534246575342,1.0,1.0,False,6
RATemp,numeric,0.35396998660550694,0.07696828842163086,0.04909785588582357,0.022831050228310494,1.0,1.0,False,7
Air Velo,numeric,0.12181591040826834,0.023792684078216553,0.013256871700286865,0.009360730593607303,1.0,1.0,False,8
