Feature,Type,Univariate_Score,Perm_DeltaR2,Perm_DeltaMAE,Perm_DeltaAcc,Combined_Score,Stability_Freq,Selected,Rank
MRT,numeric,0.19961525576076694,0.03567440112431844,0.028919704755147296,0.03452522372693435,1.0,1.0,True,1
RH,numeric,0.005344435399548221,0.01016711393992106,0.004965476195017497,0.016349885166706254,1.0,1.0,True,2
Top,numeric,0.22641087588146216,0.2959050218264262,0.123606542746226,0.07734616298408173,1.0,1.0,True,3
RATemp,numeric,0.2118439991855703,0.04095934232076009,0.03664915561676026,0.05160370634354953,1.0,1.0,False,4
Air Velo,numeric,0.018771042586310023,0.0130348801612854,0.006808221340179443,0.011980280351627456,1.0,1.0,False,5
