Feature,Type,Univariate_Score,Perm_DeltaR2,Perm_DeltaMAE,Perm_DeltaAcc,Combined_Score,Stability_Freq,Selected,Rank
MRT,numeric,0.19961525576076694,0.012806563662167264,0.0075556282333965,0.00798883345212639,1.0,1.0,True,1
RH,numeric,0.005344435399548221,0.0,0.0,0.0,1.0,1.0,True,2
Top,numeric,0.22641087588146216,0.07191268073552623,0.03175363657960318,0.018157519600855303,1.0,1.0,True,3
RATemp,numeric,0.2118439991855703,0.07330790493362818,0.03200837480248285,0.02325572186584303,1.0,1.0,False,4
Air Velo,numeric,0.018771042586310023,0.0,0.0,0.0,1.0,1.0,False,5
