Feature,Type,Univariate_Score,Perm_DeltaR2,Perm_DeltaMAE,Perm_DeltaAcc,Combined_Score,Stability_Freq,Selected,Rank
MRT,numeric,0.19961525576076694,0.009192726255595788,0.02656105573603894,0.04392373485388453,1.0,1.0,True,1
RH,numeric,0.005344435399548221,0.0,0.0035550962119352382,0.019980993110002378,1.0,1.0,True,2
Top,numeric,0.22641087588146216,0.13798391585357586,0.0781338305369563,0.06720123544784984,1.0,1.0,True,3
RATemp,numeric,0.2118439991855703,0.018483973952060362,0.040910121565593836,0.0675615744040548,1.0,1.0,False,4
Air Velo,numeric,0.018771042586310023,0.0,0.0002312656709446914,0.011639740239170034,1.0,1.0,False,5
