Feature,Type,Univariate_Score,Perm_DeltaR2,Perm_DeltaMAE,Perm_DeltaAcc,Combined_Score,Stability_Freq,Selected,Rank
MRT,numeric,0.19961525576076694,0.04309311297851902,0.03198796056937575,0.037388136532826494,1.0,1.0,True,1
RH,numeric,0.005344435399548221,0.015804401656989257,0.007222642384585809,0.018519838441435017,1.0,1.0,True,2
Top,numeric,0.22641087588146216,0.17669704218047072,0.08331112150508994,0.07552466935930943,1.0,1.0,True,3
RATemp,numeric,0.2118439991855703,0.06389356689780754,0.04509082118114431,0.061008157123623986,1.0,1.0,False,4
Air Velo,numeric,0.018771042586310023,0.025031433994162612,0.012248879874364559,0.010883424408014574,1.0,1.0,False,5
