Feature,Type,Univariate_Score,Perm_DeltaR2,Perm_DeltaMAE,Perm_DeltaAcc,Combined_Score,Stability_Freq,Selected,Rank
Clothing,categorical,0.36107642774840565,0.00203938881556193,0.0020475506782531737,0.007936507936507933,1.0,1.0,True,1
Season,categorical,0.0,0.0,0.0,0.0,1.0,1.0,True,2
Activity,categorical,0.0,0.0,0.0,0.0,1.0,1.0,True,3
MRT,numeric,0.041044797892478044,0.03700528939565023,0.024030478795369466,0.02857142857142857,1.0,1.0,False,4
RH,numeric,0.0027651772560393123,0.013212319215138754,0.0035775621732076013,0.022148394241417506,1.0,1.0,False,5
Top,numeric,0.06833100609793122,0.027714208761850996,0.01736536423365275,0.011000369139904032,1.0,1.0,False,6
RATemp,numeric,0.018579672702628686,0.01984713872273763,0.011128652095794677,0.014285714285714296,1.0,1.0,False,7
Air Velo,numeric,0.017172946142886843,0.026980900764465333,0.015061267217000327,0.01901070505721669,1.0,1.0,False,8
