Feature,Type,Univariate_Score,Perm_DeltaR2,Perm_DeltaMAE,Perm_DeltaAcc,Combined_Score,Stability_Freq,Selected,Rank
Clothing,categorical,0.13212140341337114,0.023586791873298773,0.014173531958239591,0.01405028660760812,1.0,1.0,True,1
Season,categorical,0.024364923877041998,0.024604975182159077,0.015829956507077088,0.008343465925539926,1.0,1.0,True,2
Activity,categorical,0.003723005400763959,0.0019906211637560046,0.0035574863422797253,0.009002084418968218,1.0,1.0,True,3
MRT,numeric,0.14295464481428105,0.004302553924216916,0.0020596790749729753,0.003956777256673035,1.0,1.0,False,4
RH,numeric,0.0034558369527280227,0.0020865471731342194,0.004512409950471597,0.0037345839847142577,1.0,1.0,False,5
Top,numeric,0.2583906156626027,0.09353048733819543,0.06002529519416115,0.04152698164553297,1.0,1.0,False,6
RATemp,numeric,0.25737310816365094,0.09235391595335234,0.05981209432886634,0.039092988246193026,1.0,1.0,False,7
Air Velo,numeric,0.021045774083030204,0.0033735265945958512,0.002689159632367074,0.005714782004516239,1.0,1.0,False,8
