Feature,Type,Univariate_Score,Perm_DeltaR2,Perm_DeltaMAE,Perm_DeltaAcc,Combined_Score,Stability_Freq,Selected,Rank
Clothing,categorical,0.13212140341337114,0.002743614502843047,0.0018842573085572135,0.0019758554802848756,1.0,1.0,True,1
Season,categorical,0.024364923877041998,0.013737068357033472,0.0125569164841971,0.009876382375079611,1.0,1.0,True,2
Activity,categorical,0.003723005400763959,0.0020604062674446514,0.001973708861612759,0.005714782004516243,1.0,1.0,True,3
MRT,numeric,0.14295464481428105,0.02471971708822465,0.01845540437741244,0.02217300677436165,1.0,1.0,False,4
RH,numeric,0.0034558369527280227,0.011681966547651102,0.008127356578792296,0.009444299693127208,1.0,1.0,False,5
Top,numeric,0.2583906156626027,0.10250938945540347,0.07023675248363456,0.044559521741647845,1.0,1.0,False,6
RATemp,numeric,0.25737310816365094,0.11051274159928548,0.07547602243867117,0.05643130102483933,1.0,1.0,False,7
Air Velo,numeric,0.021045774083030204,0.01033114149791777,0.0075848526579267205,0.015370418620809453,1.0,1.0,False,8
