Feature,Type,Univariate_Score,Perm_DeltaR2,Perm_DeltaMAE,Perm_DeltaAcc,Combined_Score,Stability_Freq,Selected,Rank
Clothing,categorical,0.13212140341337114,0.006970369815826416,0.005408732096354166,0.003950987203983551,1.0,1.0,True,1
Season,categorical,0.024364923877041998,0.010325185457865396,0.0046775619188944495,0.0004393202478142603,1.0,1.0,True,2
Activity,categorical,0.003723005400763959,0.0009644309679667154,0.0008606990178426108,0.0013186845000289474,1.0,1.0,True,3
MRT,numeric,0.14295464481428105,0.024027617772420247,0.016953078905741374,0.011868160500260549,1.0,1.0,False,4
RH,numeric,0.0034558369527280227,0.005926267306009929,0.004696508248647055,0.0070262289386833435,1.0,1.0,False,5
Top,numeric,0.2583906156626027,0.13249528408050537,0.08551885684331258,0.04349487580336982,1.0,1.0,False,6
RATemp,numeric,0.25737310816365094,0.08627456823984782,0.05822844505310058,0.027462219906201145,1.0,1.0,False,7
Air Velo,numeric,0.021045774083030204,0.004106183846791586,0.005236236254374187,0.006591251230386197,1.0,1.0,False,8
