Feature,Type,Univariate_Score,Perm_DeltaR2,Perm_DeltaMAE,Perm_DeltaAcc,Combined_Score,Stability_Freq,Selected,Rank
Clothing,categorical,0.36107642774840565,0.0009104289964461405,0.0007483443550984588,0.003174603174603178,1.0,1.0,True,1
Season,categorical,0.0,0.0,0.0,0.0,1.0,1.0,True,2
Activity,categorical,0.0,0.0,0.0,0.0,1.0,1.0,True,3
MRT,numeric,0.041044797892478044,0.03959878167163468,0.024276331234461823,0.022111480251015135,1.0,1.0,False,4
RH,numeric,0.0027651772560393123,0.02026246476005013,0.009115233556725463,0.033185677371723885,1.0,1.0,False,5
Top,numeric,0.06833100609793122,0.031192265074645627,0.01837546312631492,0.011000369139904027,1.0,1.0,False,6
RATemp,numeric,0.018579672702628686,0.026262983713504284,0.017829474504611927,0.03624953857511996,1.0,1.0,False,7
Air Velo,numeric,0.017172946142886843,0.01108742581304405,0.00519585889332898,0.026799557032115173,1.0,1.0,False,8
