Feature,Type,Univariate_Score,Perm_DeltaR2,Perm_DeltaMAE,Perm_DeltaAcc,Combined_Score,Stability_Freq,Selected,Rank
Clothing,categorical,0.36107642774840565,0.014206162697540936,0.003903656918896795,0.001550387596899224,1.0,1.0,True,1
Season,categorical,0.0,5.181040781584064e-17,2.2204460492503132e-17,0.0,1.0,1.0,True,2
Activity,categorical,0.0,9.621932880084692e-17,2.2204460492503132e-17,0.0,1.0,1.0,True,3
MRT,numeric,0.041044797892478044,0.01986222115494632,0.010568266813450246,0.01746031746031745,1.0,1.0,False,4
RH,numeric,0.0027651772560393123,0.021874721626123243,0.013324087953907302,0.014248800295311916,1.0,1.0,False,5
Top,numeric,0.06833100609793122,0.055047294948552275,0.04080460478614551,0.03322259136212623,1.0,1.0,False,6
RATemp,numeric,0.018579672702628686,0.01694197341627057,0.012473882621534736,0.022148394241417485,1.0,1.0,False,7
Air Velo,numeric,0.017172946142886843,0.017723947692893854,0.00743500001067583,0.014101144333702468,1.0,1.0,False,8
