Environment,RMSE,MAE,R2,Accuracy,Residual_STD,MBE
Classroom,0.7526559320838834,0.6277429477858647,0.2592133356530387,0.4477124183006536,0.7526455072893243,-0.003961370754538667
Hostel,0.9741963522150067,0.7662076662164663,0.27844677438667254,0.41106719367588934,0.9741961905332754,-0.0005612659613847083
Hostel_Winter Data,0.9146319619438364,0.7450842903650822,0.07721440530212798,0.39622641509433965,0.9146310730935551,-0.0012751239011573202
Workshop or laboratory,0.8468117395740731,0.6658885556977013,0.5091338604652288,0.4506849315068493,0.8467688857606396,0.008519177668809129
