Feature,Type,Univariate_Score,Perm_DeltaR2,Perm_DeltaMAE,Perm_DeltaAcc,Combined_Score,Stability_Freq,Selected,Rank
Clothing,categorical,0.39075433617284083,0.003963931401570637,0.004692935943603515,0.008219178082191777,1.0,1.0,True,1
Season,categorical,0.3423220618313034,0.03588836987813314,0.024342580636342367,0.02146118721461187,1.0,1.0,True,2
Activity,categorical,0.16546141439178608,0.0003670056660970052,0.00030629237492879233,0.0027397260273972603,1.0,1.0,True,3
MRT,numeric,0.33427764517134434,0.24663457075754805,0.15151467720667522,0.06917808219178082,1.0,1.0,False,4
RH,numeric,0.325604547468956,0.053760739167531324,0.03937686681747436,0.03356164383561644,1.0,1.0,False,5
Top,numeric,0.34820425437285063,0.03941018978754679,0.029955792427062984,0.018949771689497713,1.0,1.0,False,6
RATemp,numeric,0.35396998660550694,0.06477124691009521,0.04224567810694377,0.020547945205479458,1.0,1.0,False,7
Air Velo,numeric,0.12181591040826834,0.026632650693257653,0.016070791085561115,0.008219178082191771,1.0,1.0,False,8
