Feature,Type,Univariate_Score,Perm_DeltaR2,Perm_DeltaMAE,Perm_DeltaAcc,Combined_Score,Stability_Freq,Selected,Rank
Clothing,categorical,0.39075433617284083,0.0015199083009185858,0.004843594418066433,0.010730593607305935,1.0,1.0,True,1
Season,categorical,0.3423220618313034,0.2918315271203944,0.17545017191782655,0.08356164383561644,1.0,1.0,True,2
Activity,categorical,0.16546141439178608,0.0028348361120975607,0.001994102578195863,0.0009132420091324164,1.0,1.0,True,3
MRT,numeric,0.33427764517134434,0.024945102563565653,0.02487168895323876,0.013470319634703196,1.0,1.0,False,4
RH,numeric,0.325604547468956,0.022762067735198732,0.018307272751188465,0.0075342465753424695,1.0,1.0,False,5
Top,numeric,0.34820425437285063,0.008361347751907349,0.009097069768998763,0.009132420091324204,1.0,1.0,False,6
RATemp,numeric,0.35396998660550694,0.0078076442444356894,0.007090877796938902,0.0070776255707762584,1.0,1.0,False,7
Air Velo,numeric,0.12181591040826834,0.02167121064623229,0.013888921295524432,0.0075342465753424626,1.0,1.0,False,8
