Feature,Type,Univariate_Score,Perm_DeltaR2,Perm_DeltaMAE,Perm_DeltaAcc,Combined_Score,Stability_Freq,Selected,Rank
Clothing,categorical,0.39075433617284083,0.009428460537428194,0.006444630422433921,0.009817351598173507,1.0,1.0,True,1
Season,categorical,0.3423220618313034,0.063564840094929,0.04246399307872602,0.022146118721461182,1.0,1.0,True,2
Activity,categorical,0.16546141439178608,0.011019764642313232,0.0048582624197172665,0.0018264840182648367,1.0,1.0,True,3
MRT,numeric,0.33427764517134434,0.0906046974343567,0.06201022026251537,0.03150684931506848,1.0,1.0,False,4
RH,numeric,0.325604547468956,0.068717575987566,0.045027961973501895,0.02420091324200912,1.0,1.0,False,5
Top,numeric,0.34820425437285063,0.090304775024112,0.06468325567720319,0.036986301369862994,1.0,1.0,False,6
RATemp,numeric,0.35396998660550694,0.05367602442838877,0.03671582589817356,0.02465753424657533,1.0,1.0,False,7
Air Velo,numeric,0.12181591040826834,0.05712437433741614,0.03340616019566315,0.011872146118721456,1.0,1.0,False,8
