Feature,Type,Univariate_Score,Perm_DeltaR2,Perm_DeltaMAE,Perm_DeltaAcc,Combined_Score,Stability_Freq,Selected,Rank
Clothing,categorical,0.39075433617284083,0.0,0.0,0.0,1.0,1.0,True,1
Season,categorical,0.3423220618313034,0.012489661185122358,0.00880758807815576,0.0045662100456621045,1.0,1.0,True,2
Activity,categorical,0.16546141439178608,0.0,0.0,0.0,1.0,1.0,True,3
MRT,numeric,0.33427764517134434,0.08049016314166127,0.05139193800358601,0.011872146118721456,1.0,1.0,False,4
RH,numeric,0.325604547468956,0.04342735355352064,0.030409872343435135,0.008904109589041097,1.0,1.0,False,5
Top,numeric,0.34820425437285063,0.03756361796872027,0.0250665051111985,0.005022831050228316,1.0,1.0,False,6
RATemp,numeric,0.35396998660550694,0.025612861194403685,0.018371794873709234,0.0022831050228310596,1.0,1.0,False,7
Air Velo,numeric,0.12181591040826834,0.05326594484333728,0.031115130169019806,0.006164383561643838,1.0,1.0,False,8
