Feature,Type,Univariate_Score,Perm_DeltaR2,Perm_DeltaMAE,Perm_DeltaAcc,Combined_Score,Stability_Freq,Selected,Rank
MRT,numeric,0.19961525576076694,0.039993957678476966,0.02910958131154378,0.03560030094242496,1.0,1.0,True,1
RH,numeric,0.005344435399548221,0.007091967264811198,0.0049520174662272135,0.013797814207650264,1.0,1.0,True,2
Top,numeric,0.22641087588146216,0.329208250840505,0.1355515480041504,0.0907895778886513,1.0,1.0,True,3
RATemp,numeric,0.2118439991855703,0.04588176409403483,0.03886626561482747,0.060313217708085856,1.0,1.0,False,4
Air Velo,numeric,0.018771042586310023,0.01869723399480184,0.009448417027791341,0.015613368179298318,1.0,1.0,False,5
