Feature,Type,Univariate_Score,Perm_DeltaR2,Perm_DeltaMAE,Perm_DeltaAcc,Combined_Score,Stability_Freq,Selected,Rank
MRT,numeric,0.19961525576076694,0.05379570877901644,0.038890508621913684,0.04099944563237507,1.0,1.0,True,1
RH,numeric,0.005344435399548221,0.015715036316794866,0.007542389982865984,0.021792587312900923,1.0,1.0,True,2
Top,numeric,0.22641087588146216,0.20463095611389223,0.09001825952530769,0.07589094796863864,1.0,1.0,True,3
RATemp,numeric,0.2118439991855703,0.06933851836899405,0.049737356528029075,0.07012354478498456,1.0,1.0,False,4
Air Velo,numeric,0.018771042586310023,0.017501771429045528,0.009615137097382095,0.010531004989308626,1.0,1.0,False,5
