Feature,Type,Univariate_Score,Perm_DeltaR2,Perm_DeltaMAE,Perm_DeltaAcc,Combined_Score,Stability_Freq,Selected,Rank
MRT,numeric,0.19961525576076694,0.01172345587612329,0.007262173973516377,0.008713471133285817,1.0,1.0,True,1
RH,numeric,0.005344435399548221,0.0,0.0,0.0,1.0,1.0,True,2
Top,numeric,0.22641087588146216,0.07042223612583562,0.03150567359015743,0.021063989862992,1.0,1.0,True,3
RATemp,numeric,0.2118439991855703,0.07028292453433947,0.031635955382493725,0.02432089965945988,1.0,1.0,False,4
Air Velo,numeric,0.018771042586310023,0.0,0.0,0.0,1.0,1.0,False,5
