Feature,Type,Univariate_Score,Perm_DeltaR2,Perm_DeltaMAE,Perm_DeltaAcc,Combined_Score,Stability_Freq,Selected,Rank
MRT,numeric,0.19961525576076694,0.005147307914809418,0.025591989586773733,0.05195018610913123,1.0,1.0,True,1
RH,numeric,0.005344435399548221,0.0,0.0028679865028293262,0.01671220400728598,1.0,1.0,True,2
Top,numeric,0.22641087588146216,0.16235697372363056,0.09273392143171307,0.08281460362714818,1.0,1.0,True,3
RATemp,numeric,0.2118439991855703,0.03693147690534512,0.04690982910275015,0.07116298408172964,1.0,1.0,False,4
Air Velo,numeric,0.018771042586310023,0.0009060975923657585,0.0028240620875471375,0.010174625801853174,1.0,1.0,False,5
