Feature,Type,Univariate_Score,Perm_DeltaR2,Perm_DeltaMAE,Perm_DeltaAcc,Combined_Score,Stability_Freq,Selected,Rank
Clothing,categorical,0.13212140341337114,0.0033312015397170954,0.0017677797705093403,0.004170285449597603,1.0,1.0,True,1
Season,categorical,0.024364923877041998,0.019304085934215873,0.013284438918075158,0.006581842394765787,1.0,1.0,True,2
Activity,categorical,0.003723005400763959,0.0029385041236830163,0.0028212771818283415,0.0035160094956864117,1.0,1.0,True,3
MRT,numeric,0.14295464481428105,0.024477095818087748,0.016013398573753997,0.016473423658155285,1.0,1.0,False,4
RH,numeric,0.0034558369527280227,0.012044168885521482,0.00809978918532627,0.011635834636095185,1.0,1.0,False,5
Top,numeric,0.2583906156626027,0.10041415767784392,0.06655970909426548,0.0419293903074518,1.0,1.0,False,6
RATemp,numeric,0.25737310816365094,0.10129434523121576,0.07235008865287026,0.05863513982977244,1.0,1.0,False,7
Air Velo,numeric,0.021045774083030204,0.009289376311937537,0.008021171302161926,0.01888715187308205,1.0,1.0,False,8
