Feature,Type,Univariate_Score,Perm_DeltaR2,Perm_DeltaMAE,Perm_DeltaAcc,Combined_Score,Stability_Freq,Selected,Rank
Clothing,categorical,0.13212140341337114,0.01569721269835498,0.011277570633708489,0.014926755833478083,1.0,1.0,True,1
Season,categorical,0.024364923877041998,0.021024094293119105,0.012834769436673063,0.005489693706212728,1.0,1.0,True,2
Activity,categorical,0.003723005400763959,0.002548057822087416,0.002865015758339003,0.008999189392623475,1.0,1.0,True,3
MRT,numeric,0.14295464481428105,0.00450479698042996,0.0032665404470889024,0.007260002316021068,1.0,1.0,False,4
RH,numeric,0.0034558369527280227,0.0030655831908435716,0.004382964076455124,0.007687018701870182,1.0,1.0,False,5
Top,numeric,0.2583906156626027,0.08933687541492927,0.05836375110263496,0.03644765792368711,1.0,1.0,False,6
RATemp,numeric,0.25737310816365094,0.07956247494706967,0.05299097647454528,0.03953809854669677,1.0,1.0,False,7
Air Velo,numeric,0.021045774083030204,0.005836362634192316,0.005422640807551357,0.007028400208441888,1.0,1.0,False,8
