Feature,Type,Univariate_Score,Perm_DeltaR2,Perm_DeltaMAE,Perm_DeltaAcc,Combined_Score,Stability_Freq,Selected,Rank
Clothing,categorical,0.36107642774840565,0.0033407131830851234,0.0013716379801432292,0.004761904761904761,1.0,1.0,True,1
Season,categorical,0.0,0.0,0.0,0.0,1.0,1.0,True,2
Activity,categorical,0.0,0.0,0.0,0.0,1.0,1.0,True,3
MRT,numeric,0.041044797892478044,0.04499353170394897,0.025489072004954018,0.022148394241417492,1.0,1.0,False,4
RH,numeric,0.0027651772560393123,0.006942951679229736,0.00477224588394165,0.01897379106681433,1.0,1.0,False,5
Top,numeric,0.06833100609793122,0.030057958761850995,0.01952927509943644,0.018826135105204884,1.0,1.0,False,6
RATemp,numeric,0.018579672702628686,0.011574260393778481,0.008738112449645997,0.015873015873015865,1.0,1.0,False,7
Air Velo,numeric,0.017172946142886843,0.015262397130330405,0.010164483388264974,0.011111111111111112,1.0,1.0,False,8
