Feature,Type,Univariate_Score,Perm_DeltaR2,Perm_DeltaMAE,Perm_DeltaAcc,Combined_Score,Stability_Freq,Selected,Rank
Clothing,categorical,0.36107642774840565,0.015790751203736568,0.004665875367635868,0.007936507936507934,1.0,1.0,True,1
Season,categorical,0.0,7.401486830834377e-17,1.4802973661668754e-17,0.0,1.0,1.0,True,2
Activity,categorical,0.0,2.2204460492503132e-17,7.401486830834377e-18,0.0,1.0,1.0,True,3
MRT,numeric,0.041044797892478044,0.037291607911829686,0.018011023324265282,0.020561092654115903,1.0,1.0,False,4
RH,numeric,0.0027651772560393123,0.026899690379002306,0.01179683640882545,0.007936507936507934,1.0,1.0,False,5
Top,numeric,0.06833100609793122,0.06460140309192122,0.039487140694495895,0.031635289774824646,1.0,1.0,False,6
RATemp,numeric,0.018579672702628686,0.011687043674304287,0.011297981678595206,0.023772609819121437,1.0,1.0,False,7
Air Velo,numeric,0.017172946142886843,0.03244684076749632,0.011237947000181246,0.014101144333702464,1.0,1.0,False,8
