Feature,Type,Univariate_Score,Perm_DeltaR2,Perm_DeltaMAE,Perm_DeltaAcc,Combined_Score,Stability_Freq,Selected,Rank
Clothing,categorical,0.36107642774840565,0.0014679023078766414,0.0006584772676237508,0.003137689184200816,1.0,1.0,True,1
Season,categorical,0.0,0.0,0.0,0.0,1.0,1.0,True,2
Activity,categorical,0.0,0.0,0.0,0.0,1.0,1.0,True,3
MRT,numeric,0.041044797892478044,0.041359416927740554,0.02815172663661981,0.04241417497231452,1.0,1.0,False,4
RH,numeric,0.0027651772560393123,0.019017634413366027,0.008083445492483824,0.020598006644518278,1.0,1.0,False,5
Top,numeric,0.06833100609793122,0.03391067914177641,0.02315227083531333,0.026578073089701004,1.0,1.0,False,6
RATemp,numeric,0.018579672702628686,0.021218456742221316,0.016291989340396423,0.03311184939091915,1.0,1.0,False,7
Air Velo,numeric,0.017172946142886843,0.016544196470802422,0.013063815176102875,0.03311184939091916,1.0,1.0,False,8
