Feature,Type,Univariate_Score,Perm_DeltaR2,Perm_DeltaMAE,Perm_DeltaAcc,Combined_Score,Stability_Freq,Selected,Rank
Clothing,categorical,0.13212140341337114,0.006552553176879883,0.006574324766794841,0.006809101962827857,1.0,1.0,True,1
Season,categorical,0.024364923877041998,0.006580619017283122,0.003352944056193034,0.0002192982456140339,1.0,1.0,True,2
Activity,categorical,0.003723005400763959,0.0009986321131388346,0.0008893330891927084,0.0010993862544149097,1.0,1.0,True,3
MRT,numeric,0.14295464481428105,0.022693562507629397,0.015104440848032632,0.010110155752417345,1.0,1.0,False,4
RH,numeric,0.0034558369527280227,0.004130228360493978,0.0033519466718037925,0.0061512072259857584,1.0,1.0,False,5
Top,numeric,0.2583906156626027,0.13345162868499755,0.08681180874506632,0.04240127960164438,1.0,1.0,False,6
RATemp,numeric,0.25737310816365094,0.07860498030980428,0.054200355211893717,0.026794916333738632,1.0,1.0,False,7
Air Velo,numeric,0.021045774083030204,0.008759240309397379,0.006438783804575602,0.006584737421110527,1.0,1.0,False,8
