Feature,Type,Univariate_Score,Perm_DeltaR2,Perm_DeltaMAE,Perm_DeltaAcc,Combined_Score,Stability_Freq,Selected,Rank
Clothing,categorical,0.39075433617284083,0.003633284568786621,0.004595327377319336,0.007534246575342467,1.0,1.0,True,1
Season,categorical,0.3423220618313034,0.03645207087198893,0.024924349784851075,0.01643835616438356,1.0,1.0,True,2
Activity,categorical,0.16546141439178608,0.0008081754048665363,0.0005846699078877768,0.0015981735159817378,1.0,1.0,True,3
MRT,numeric,0.33427764517134434,0.25583502848943074,0.15902881224950155,0.08127853881278538,1.0,1.0,False,4
RH,numeric,0.325604547468956,0.055957814057668046,0.03882233301798503,0.03287671232876713,1.0,1.0,False,5
Top,numeric,0.34820425437285063,0.04112495978673299,0.033577613035837804,0.025342465753424654,1.0,1.0,False,6
RATemp,numeric,0.35396998660550694,0.06917420228322348,0.045140274365743,0.02009132420091324,1.0,1.0,False,7
Air Velo,numeric,0.12181591040826834,0.02637158632278443,0.014336284001668295,0.010502283105022828,1.0,1.0,False,8
