Feature,Type,Univariate_Score,Perm_DeltaR2,Perm_DeltaMAE,Perm_DeltaAcc,Combined_Score,Stability_Freq,Selected,Rank
Clothing,categorical,0.39075433617284083,0.006113975158753204,0.00718535997797991,0.008904109589041094,1.0,1.0,True,1
Season,categorical,0.3423220618313034,0.30331188550973853,0.17538290328483103,0.07260273972602739,1.0,1.0,True,2
Activity,categorical,0.16546141439178608,0.003774047014415408,0.0023087425907265093,0.0018264840182648401,1.0,1.0,True,3
MRT,numeric,0.33427764517134434,0.034505926745759266,0.026673419940303828,0.012328767123287676,1.0,1.0,False,4
RH,numeric,0.325604547468956,0.021484325998516574,0.01688837142387496,0.006164383561643839,1.0,1.0,False,5
Top,numeric,0.34820425437285063,0.010517395003849064,0.011271758312242749,0.013926940639269409,1.0,1.0,False,6
RATemp,numeric,0.35396998660550694,0.008509646483598607,0.01013923947604388,0.01004566210045662,1.0,1.0,False,7
Air Velo,numeric,0.12181591040826834,0.024209900107277135,0.014045272870965958,0.007077625570776254,1.0,1.0,False,8
