Feature,Type,Univariate_Score,Perm_DeltaR2,Perm_DeltaMAE,Perm_DeltaAcc,Combined_Score,Stability_Freq,Selected,Rank
Clothing,categorical,0.39075433617284083,0.0,0.0,0.0,1.0,1.0,True,1
Season,categorical,0.3423220618313034,0.012327422563023336,0.008687946273407795,0.004337899543379005,1.0,1.0,True,2
Activity,categorical,0.16546141439178608,0.0,0.0,0.0,1.0,1.0,True,3
MRT,numeric,0.33427764517134434,0.0825719897882379,0.054781936845032096,0.015296803652968038,1.0,1.0,False,4
RH,numeric,0.325604547468956,0.03955711008459366,0.026796988604360632,0.00639269406392694,1.0,1.0,False,5
Top,numeric,0.34820425437285063,0.03513733372698415,0.02392700599444613,0.0034246575342465812,1.0,1.0,False,6
RATemp,numeric,0.35396998660550694,0.024884805233330688,0.01686672554268059,0.0015981735159817378,1.0,1.0,False,7
Air Velo,numeric,0.12181591040826834,0.05683908598966673,0.03255121821789731,0.0063926940639269444,1.0,1.0,False,8
