Feature,Type,Univariate_Score,Perm_DeltaR2,Perm_DeltaMAE,Perm_DeltaAcc,Combined_Score,Stability_Freq,Selected,Rank
Clothing,categorical,0.39075433617284083,0.01089441855326693,0.007561074661159665,0.008904109589041084,1.0,1.0,True,1
Season,categorical,0.3423220618313034,0.058453679394463165,0.03812874519847304,0.01484018264840182,1.0,1.0,True,2
Activity,categorical,0.16546141439178608,0.011037099534624225,0.005786080406929168,0.0027397260273972564,1.0,1.0,True,3
MRT,numeric,0.33427764517134434,0.09455391589744735,0.06539880901871761,0.03196347031963469,1.0,1.0,False,4
RH,numeric,0.325604547468956,0.0726814914777445,0.049311479151692775,0.03013698630136984,1.0,1.0,False,5
Top,numeric,0.34820425437285063,0.09636185263462785,0.06806984417597221,0.049086757990867556,1.0,1.0,False,6
RATemp,numeric,0.35396998660550694,0.05924382568913984,0.03927455541817835,0.031963470319634694,1.0,1.0,False,7
Air Velo,numeric,0.12181591040826834,0.05376562809027854,0.034247978682635107,0.008675799086757984,1.0,1.0,False,8
