RMSE,MAE,R2,Accuracy,Residual_STD,MBE
0.8468117395740731,0.6658885556977013,0.5091338604652288,0.4506849315068493,0.8467688857606396,0.008519177668809129
