Feature,Type,Univariate_Score,Perm_DeltaR2,Perm_DeltaMAE,Perm_DeltaAcc,Combined_Score,Stability_Freq,Selected,Rank
MRT,numeric,0.19961525576076694,0.04030283776291733,0.03167481377653086,0.03992436841688446,1.0,1.0,True,1
RH,numeric,0.005344435399548221,0.017668142509561564,0.008630069328719205,0.01742496238219688,1.0,1.0,True,2
Top,numeric,0.22641087588146216,0.1993016984154567,0.09112169070550999,0.08751088936406114,1.0,1.0,True,3
RATemp,numeric,0.2118439991855703,0.055373505063890015,0.04121922539821338,0.05084343074364457,1.0,1.0,False,4
Air Velo,numeric,0.018771042586310023,0.01571734046157496,0.00957014945168452,0.009426229508196722,1.0,1.0,False,5
