Feature,Type,Univariate_Score,Perm_DeltaR2,Perm_DeltaMAE,Perm_DeltaAcc,Combined_Score,Stability_Freq,Selected,Rank
MRT,numeric,0.19961525576076694,0.015172853794054317,0.008701621026161536,0.013411736754573526,1.0,1.0,True,1
RH,numeric,0.005344435399548221,0.0,0.0,0.0,1.0,1.0,True,2
Top,numeric,0.22641087588146216,0.07920044806112281,0.03398128973114976,0.01779124099152609,1.0,1.0,True,3
RATemp,numeric,0.2118439991855703,0.07372090400947864,0.03206823155078635,0.023267601172091545,1.0,1.0,False,4
Air Velo,numeric,0.018771042586310023,0.0,0.0,0.0,1.0,1.0,False,5
