Feature,Type,Univariate_Score,Perm_DeltaR2,Perm_DeltaMAE,Perm_DeltaAcc,Combined_Score,Stability_Freq,Selected,Rank
MRT,numeric,0.19961525576076694,0.006122758472112292,0.026580913505820664,0.060281539558089806,1.0,1.0,True,1
RH,numeric,0.005344435399548221,0.0,0.0036335691343932696,0.022519204878435103,1.0,1.0,True,2
Top,numeric,0.22641087588146216,0.14107488024356865,0.07669591696849004,0.057755207095905606,1.0,1.0,True,3
RATemp,numeric,0.2118439991855703,0.026718786025478263,0.04667801416908506,0.07483170982814605,1.0,1.0,False,4
Air Velo,numeric,0.018771042586310023,0.0,0.0003424698800224372,0.006547477627306568,1.0,1.0,False,5
