Feature,Type,Univariate_Score,Perm_DeltaR2,Perm_DeltaMAE,Perm_DeltaAcc,Combined_Score,Stability_Freq,Selected,Rank
MRT,numeric,0.19961525576076694,0.0439732273419698,0.03025382359822591,0.027989625405876295,1.0,1.0,True,1
RH,numeric,0.005344435399548221,0.007997119426727296,0.005739831924438476,0.011978300467252708,1.0,1.0,True,2
Top,numeric,0.22641087588146216,0.30842862129211424,0.12815483808517455,0.07660964599667378,1.0,1.0,True,3
RATemp,numeric,0.2118439991855703,0.04345792134602865,0.03834848403930664,0.0653896412449513,1.0,1.0,False,4
Air Velo,numeric,0.018771042586310023,0.011669651667277018,0.006440659364064535,0.012700958264037377,1.0,1.0,False,5
