Feature,Type,Univariate_Score,Perm_DeltaR2,Perm_DeltaMAE,Perm_DeltaAcc,Combined_Score,Stability_Freq,Selected,Rank
Clothing,categorical,0.13212140341337114,0.003686026001111904,0.0022466020310420555,0.004173904232528517,1.0,1.0,True,1
Season,categorical,0.024364923877041998,0.01771151307872536,0.013129481552447433,0.006583289907938157,1.0,1.0,True,2
Activity,categorical,0.003723005400763959,0.0029253337275497804,0.0030049516435207107,0.0063770192808754594,1.0,1.0,True,3
MRT,numeric,0.14295464481428105,0.02629751632029049,0.0173896662045824,0.020869521162642585,1.0,1.0,False,4
RH,numeric,0.0034558369527280227,0.014490360545736682,0.009351871134328952,0.013171646111979619,1.0,1.0,False,5
Top,numeric,0.2583906156626027,0.09044635124438152,0.0637726909397974,0.04280947831625267,1.0,1.0,False,6
RATemp,numeric,0.25737310816365094,0.11501378236357344,0.07712522314794049,0.05315195993283539,1.0,1.0,False,7
Air Velo,numeric,0.021045774083030204,0.00959684819366832,0.007411531562801313,0.014485988072491459,1.0,1.0,False,8
