Feature,Type,Univariate_Score,Perm_DeltaR2,Perm_DeltaMAE,Perm_DeltaAcc,Combined_Score,Stability_Freq,Selected,Rank
Clothing,categorical,0.13212140341337114,0.004777177174886067,0.004376637935638428,0.0048310752127844305,1.0,1.0,True,1
Season,categorical,0.024364923877041998,0.00573278268178304,0.0024243394533793134,0.0008779167390423282,1.0,1.0,True,2
Activity,categorical,0.003723005400763959,0.0012287060419718427,0.001034986972808838,0.0010972149846563656,1.0,1.0,True,3
MRT,numeric,0.14295464481428105,0.020011234283447265,0.013460771242777506,0.008572173006774356,1.0,1.0,False,4
RH,numeric,0.0034558369527280227,0.00572750171025594,0.004452502727508545,0.008343465925539927,1.0,1.0,False,5
Top,numeric,0.2583906156626027,0.13603660265604656,0.08454251289367676,0.041069567483064104,1.0,1.0,False,6
RATemp,numeric,0.25737310816365094,0.08216508229573569,0.054466652870178225,0.030761826182618256,1.0,1.0,False,7
Air Velo,numeric,0.021045774083030204,0.006572055816650391,0.0054051796595255535,0.005712610734757683,1.0,1.0,False,8
