Feature,Type,Univariate_Score,Perm_DeltaR2,Perm_DeltaMAE,Perm_DeltaAcc,Combined_Score,Stability_Freq,Selected,Rank
Clothing,categorical,0.13212140341337114,0.00682456120195826,0.005627195243823594,0.010970702333391232,1.0,1.0,True,1
Season,categorical,0.024364923877041998,0.025220309117436966,0.01620412495252941,0.0050482021886399196,1.0,1.0,True,2
Activity,categorical,0.003723005400763959,0.0024864798179015544,0.003094096015304534,0.006143969660123908,1.0,1.0,True,3
MRT,numeric,0.14295464481428105,0.0038372206459243406,0.002970473591046178,0.00307741300445834,1.0,1.0,False,4
RH,numeric,0.0034558369527280227,0.0008207749942112189,0.003803052524094267,0.003952434717155921,1.0,1.0,False,5
Top,numeric,0.2583906156626027,0.08152562611792756,0.05367506536756321,0.03382404029876672,1.0,1.0,False,6
RATemp,numeric,0.25737310816365094,0.07172289128682349,0.04790571910339616,0.03622835967807307,1.0,1.0,False,7
Air Velo,numeric,0.021045774083030204,0.0052350185764931485,0.004152321839130524,0.003955329743500661,1.0,1.0,False,8
