Feature,Type,Univariate_Score,Perm_DeltaR2,Perm_DeltaMAE,Perm_DeltaAcc,Combined_Score,Stability_Freq,Selected,Rank
Clothing,categorical,0.36107642774840565,0.004547055562337239,0.0019476532936096192,0.006349206349206349,1.0,1.0,True,1
Season,categorical,0.0,0.0,0.0,0.0,1.0,1.0,True,2
Activity,categorical,0.0,0.0,0.0,0.0,1.0,1.0,True,3
MRT,numeric,0.041044797892478044,0.03149921894073486,0.01904801527659098,0.020561092654115903,1.0,1.0,False,4
RH,numeric,0.0027651772560393123,0.007902129491170248,0.0039234201113382975,0.015873015873015876,1.0,1.0,False,5
Top,numeric,0.06833100609793122,0.024289584159851073,0.017931950092315675,0.02203765227021042,1.0,1.0,False,6
RATemp,numeric,0.018579672702628686,0.019876845677693683,0.013498175144195556,0.02063492063492064,1.0,1.0,False,7
Air Velo,numeric,0.017172946142886843,0.02097040017445882,0.009932402769724529,0.014211886304909568,1.0,1.0,False,8
