Feature,Type,Univariate_Score,Perm_DeltaR2,Perm_DeltaMAE,Perm_DeltaAcc,Combined_Score,Stability_Freq,Selected,Rank
Clothing,categorical,0.36107642774840565,0.000688487135706417,0.00024458937500466683,0.001587301587301589,1.0,1.0,True,1
Season,categorical,0.0,0.0,0.0,0.0,1.0,1.0,True,2
Activity,categorical,0.0,0.0,0.0,0.0,1.0,1.0,True,3
MRT,numeric,0.041044797892478044,0.04281582879647824,0.029572018000412547,0.03148763381321522,1.0,1.0,False,4
RH,numeric,0.0027651772560393123,0.015151368893883748,0.009696062992906405,0.02059800664451828,1.0,1.0,False,5
Top,numeric,0.06833100609793122,0.022755189003836093,0.017692519219653823,0.02366186784791437,1.0,1.0,False,6
RATemp,numeric,0.018579672702628686,0.02049346676159646,0.012870531808983388,0.028386858619416762,1.0,1.0,False,7
Air Velo,numeric,0.017172946142886843,0.014917549232577113,0.010931124737016733,0.025286083425618312,1.0,1.0,False,8
