Feature,Type,Univariate_Score,Perm_DeltaR2,Perm_DeltaMAE,Perm_DeltaAcc,Combined_Score,Stability_Freq,Selected,Rank
Clothing,categorical,0.36107642774840565,0.007811885220143066,0.005994362119939364,0.01428571428571428,1.0,1.0,True,1
Season,categorical,0.0,2.960594732333751e-17,2.2204460492503132e-17,0.0,1.0,1.0,True,2
Activity,categorical,0.0,6.661338147750939e-17,2.960594732333751e-17,0.0,1.0,1.0,True,3
MRT,numeric,0.041044797892478044,0.02902206151275862,0.014323484521715057,0.023551125876707265,1.0,1.0,False,4
RH,numeric,0.0027651772560393123,0.027870328573067527,0.015870407208883976,0.015873015873015865,1.0,1.0,False,5
Top,numeric,0.06833100609793122,0.06248283922071455,0.035463376505723065,0.04108527131782945,1.0,1.0,False,6
RATemp,numeric,0.018579672702628686,0.014567599858328806,0.011712691531429162,0.014248800295311916,1.0,1.0,False,7
Air Velo,numeric,0.017172946142886843,0.0314160793188862,0.01486053405973245,0.018789221114802496,1.0,1.0,False,8
