Feature,Type,Univariate_Score,Perm_DeltaR2,Perm_DeltaMAE,Perm_DeltaAcc,Combined_Score,Stability_Freq,Selected,Rank
Clothing,categorical,0.39075433617284083,0.0,0.0,0.0,1.0,1.0,True,1
Season,categorical,0.3423220618313034,0.012055837690858436,0.008015651413416699,0.0031963470319634757,1.0,1.0,True,2
Activity,categorical,0.16546141439178608,0.0,0.0,0.0,1.0,1.0,True,3
MRT,numeric,0.33427764517134434,0.07964332806378402,0.05116099233554892,0.012328767123287673,1.0,1.0,False,4
RH,numeric,0.325604547468956,0.04190778028420489,0.029256214622084026,0.010730593607305931,1.0,1.0,False,5
Top,numeric,0.34820425437285063,0.03715266046094083,0.025662635682851216,0.005022831050228316,1.0,1.0,False,6
RATemp,numeric,0.35396998660550694,0.025941343510099146,0.018721943016152025,0.005022831050228312,1.0,1.0,False,7
Air Velo,numeric,0.12181591040826834,0.055264578526288535,0.0317087174940941,0.007534246575342467,1.0,1.0,False,8
