Feature,Type,Univariate_Score,Perm_DeltaR2,Perm_DeltaMAE,Perm_DeltaAcc,Combined_Score,Stability_Freq,Selected,Rank
Clothing,categorical,0.39075433617284083,0.010722523236449105,0.008319635054131573,0.009132420091324193,1.0,1.0,True,1
Season,categorical,0.3423220618313034,0.05633002567264558,0.037582804391996724,0.018949771689497706,1.0,1.0,True,2
Activity,categorical,0.16546141439178608,0.013061310207878929,0.006941154077010259,0.006392694063926936,1.0,1.0,True,3
MRT,numeric,0.33427764517134434,0.09644705906179737,0.0673877120050184,0.03401826484018263,1.0,1.0,False,4
RH,numeric,0.325604547468956,0.06652053272701933,0.04697372256092058,0.030821917808219156,1.0,1.0,False,5
Top,numeric,0.34820425437285063,0.08773383266862814,0.06556362046833512,0.04109589041095889,1.0,1.0,False,6
RATemp,numeric,0.35396998660550694,0.0567671005199476,0.03653754107540897,0.02168949771689497,1.0,1.0,False,7
Air Velo,numeric,0.12181591040826834,0.054735887661796045,0.03215859711314178,0.00799086757990867,1.0,1.0,False,8
