Feature,Type,Univariate_Score,Perm_DeltaR2,Perm_DeltaMAE,Perm_DeltaAcc,Combined_Score,Stability_Freq,Selected,Rank
Clothing,categorical,0.39075433617284083,0.003955173492431641,0.003856766223907471,0.010045662100456624,1.0,1.0,True,1
Season,categorical,0.3423220618313034,0.03509994745254517,0.0261680006980896,0.01894977168949771,1.0,1.0,True,2
Activity,categorical,0.16546141439178608,0.0002010345458984375,0.00015901327133178712,0.0027397260273972638,1.0,1.0,True,3
MRT,numeric,0.33427764517134434,0.23971050580342607,0.14892034928003947,0.07762557077625572,1.0,1.0,False,4
RH,numeric,0.325604547468956,0.0472186803817749,0.0357631802558899,0.034703196347031964,1.0,1.0,False,5
Top,numeric,0.34820425437285063,0.04292657772699992,0.03689866860707601,0.03264840182648403,1.0,1.0,False,6
RATemp,numeric,0.35396998660550694,0.06717556317647297,0.044941512743632,0.02671232876712329,1.0,1.0,False,7
Air Velo,numeric,0.12181591040826834,0.023226424058278402,0.013042879104614259,0.011415525114155249,1.0,1.0,False,8
