Feature,Type,Univariate_Score,Perm_DeltaR2,Perm_DeltaMAE,Perm_DeltaAcc,Combined_Score,Stability_Freq,Selected,Rank
Clothing,categorical,0.39075433617284083,0.0019993203511728284,0.004437364472027176,0.009817351598173514,1.0,1.0,True,1
Season,categorical,0.3423220618313034,0.3029276278049505,0.1792869634634564,0.0872146118721461,1.0,1.0,True,2
Activity,categorical,0.16546141439178608,0.00314784534559008,0.0032479023441400598,0.0022831050228310557,1.0,1.0,True,3
MRT,numeric,0.33427764517134434,0.035852869741142046,0.029369884789146754,0.015296803652968033,1.0,1.0,False,4
RH,numeric,0.325604547468956,0.015780620485910703,0.012069033263259728,0.006392694063926943,1.0,1.0,False,5
Top,numeric,0.34820425437285063,0.010257399446542307,0.010435569823228418,0.010273972602739725,1.0,1.0,False,6
RATemp,numeric,0.35396998660550694,0.006578422059025013,0.00727103616486872,0.007990867579908679,1.0,1.0,False,7
Air Velo,numeric,0.12181591040826834,0.02629941515593335,0.016132460510083213,0.013242009132420093,1.0,1.0,False,8
