Feature,Type,Univariate_Score,Perm_DeltaR2,Perm_DeltaMAE,Perm_DeltaAcc,Combined_Score,Stability_Freq,Selected,Rank
MRT,numeric,0.19961525576076694,0.013359964400069289,0.007886806136306507,0.013799794092025025,1.0,1.0,True,1
RH,numeric,0.005344435399548221,0.0,0.0,0.0,1.0,1.0,True,2
Top,numeric,0.22641087588146216,0.07423454165672587,0.03018592585980514,0.018876217628890468,1.0,1.0,True,3
RATemp,numeric,0.2118439991855703,0.07125172626355894,0.031862202213723205,0.025057416646867826,1.0,1.0,False,4
Air Velo,numeric,0.018771042586310023,0.0,0.0,0.0,1.0,1.0,False,5
