Feature,Type,Univariate_Score,Perm_DeltaR2,Perm_DeltaMAE,Perm_DeltaAcc,Combined_Score,Stability_Freq,Selected,Rank
MRT,numeric,0.19961525576076694,0.006144933169853836,0.029924331706756645,0.058105646630236804,1.0,1.0,True,1
RH,numeric,0.005344435399548221,0.0,0.00521143677178643,0.019622634038172174,1.0,1.0,True,2
Top,numeric,0.22641087588146216,0.15233326353151624,0.08614278373506495,0.07840540112457432,1.0,1.0,True,3
RATemp,numeric,0.2118439991855703,0.02646018139300766,0.04270906335846043,0.06395422507325574,1.0,1.0,False,4
Air Velo,numeric,0.018771042586310023,0.0,0.0022965701841192324,0.012376257226577963,1.0,1.0,False,5
