Feature,Type,Univariate_Score,Perm_DeltaR2,Perm_DeltaMAE,Perm_DeltaAcc,Combined_Score,Stability_Freq,Selected,Rank
MRT,numeric,0.19961525576076694,0.043658824761708584,0.030303935209910076,0.03379662627702541,1.0,1.0,True,1
RH,numeric,0.005344435399548221,0.010387257734934489,0.007150888442993164,0.017809059950898855,1.0,1.0,True,2
Top,numeric,0.22641087588146216,0.29575246175130204,0.12292704184850059,0.07845093846519363,1.0,1.0,True,3
RATemp,numeric,0.2118439991855703,0.05025876760482788,0.04141586224238078,0.07301615585649797,1.0,1.0,False,4
Air Velo,numeric,0.018771042586310023,0.0055155118306477865,0.006434547901153565,0.013063277104617087,1.0,1.0,False,5
