Feature,Type,Univariate_Score,Perm_DeltaR2,Perm_DeltaMAE,Perm_DeltaAcc,Combined_Score,Stability_Freq,Selected,Rank
MRT,numeric,0.19961525576076694,0.04242371267383289,0.03303162568478464,0.03773659618278293,1.0,1.0,True,1
RH,numeric,0.005344435399548221,0.010739687808056333,0.0046767564554371175,0.017068583194741426,1.0,1.0,True,2
Top,numeric,0.22641087588146216,0.18477287643709067,0.08281725268593061,0.07076304743802962,1.0,1.0,True,3
RATemp,numeric,0.2118439991855703,0.07476502712063895,0.050608376766939,0.06024788152371903,1.0,1.0,False,4
Air Velo,numeric,0.018771042586310023,0.027764583710053657,0.01412967898777702,0.012710857685911145,1.0,1.0,False,5
