Feature,Type,Univariate_Score,Perm_DeltaR2,Perm_DeltaMAE,Perm_DeltaAcc,Combined_Score,Stability_Freq,Selected,Rank
Clothing,categorical,0.36107642774840565,0.0027851422627766928,0.0013588309288024903,0.004761904761904763,1.0,1.0,True,1
Season,categorical,0.0,0.0,0.0,0.0,1.0,1.0,True,2
Activity,categorical,0.0,0.0,0.0,0.0,1.0,1.0,True,3
MRT,numeric,0.041044797892478044,0.046603695551554365,0.023980077107747393,0.037984496124031,1.0,1.0,False,4
RH,numeric,0.0027651772560393123,0.006752932071685791,0.00466695229212443,0.020634920634920645,1.0,1.0,False,5
Top,numeric,0.06833100609793122,0.018278690179189046,0.013406296571095785,0.025101513473606507,1.0,1.0,False,6
RATemp,numeric,0.018579672702628686,0.019562419255574545,0.011486208438873291,0.02063492063492063,1.0,1.0,False,7
Air Velo,numeric,0.017172946142886843,0.016551053524017333,0.010565125942230224,0.020598006644518278,1.0,1.0,False,8
