Feature,Type,Univariate_Score,Perm_DeltaR2,Perm_DeltaMAE,Perm_DeltaAcc,Combined_Score,Stability_Freq,Selected,Rank
Clothing,categorical,0.36107642774840565,0.0007402380808974041,0.00034409015239764693,0.006238464377999265,1.0,1.0,True,1
Season,categorical,0.0,0.0,0.0,0.0,1.0,1.0,True,2
Activity,categorical,0.0,0.0,0.0,0.0,1.0,1.0,True,3
MRT,numeric,0.041044797892478044,0.03650220479851857,0.022286037186655554,0.029863418235511262,1.0,1.0,False,4
RH,numeric,0.0027651772560393123,0.021745899981803436,0.010736529455298646,0.02222222222222223,1.0,1.0,False,5
Top,numeric,0.06833100609793122,0.03866113063976732,0.02568966367052115,0.03451458102620894,1.0,1.0,False,6
RATemp,numeric,0.018579672702628686,0.014603485741132873,0.015908778991882956,0.04093761535622001,1.0,1.0,False,7
Air Velo,numeric,0.017172946142886843,0.01036919223542713,0.006737493767911736,0.033296419342930976,1.0,1.0,False,8
