Feature,Type,Univariate_Score,Perm_DeltaR2,Perm_DeltaMAE,Perm_DeltaAcc,Combined_Score,Stability_Freq,Selected,Rank
Clothing,categorical,0.13212140341337114,0.017003943951845953,0.015676178994366196,0.019323577094551552,1.0,1.0,True,1
Season,categorical,0.024364923877041998,0.03099687624503198,0.017624167830424035,0.005714058247930054,1.0,1.0,True,2
Activity,categorical,0.003723005400763959,0.0027821122115640065,0.0036857758633029127,0.009434890857506806,1.0,1.0,True,3
MRT,numeric,0.14295464481428105,0.0045198947787195316,0.0035920933525466956,0.007917173296276992,1.0,1.0,False,4
RH,numeric,0.0034558369527280227,0.002163148075389961,0.004157476904201466,0.004611053210584215,1.0,1.0,False,5
Top,numeric,0.2583906156626027,0.0921580379976332,0.06142703389804562,0.0417375948121128,1.0,1.0,False,6
RATemp,numeric,0.25737310816365094,0.07438673405636013,0.04697450036416239,0.03206386428116496,1.0,1.0,False,7
Air Velo,numeric,0.021045774083030204,0.0034423173260873007,0.0026458634525087454,0.002414451971512943,1.0,1.0,False,8
