Feature,Type,Univariate_Score,Perm_DeltaR2,Perm_DeltaMAE,Perm_DeltaAcc,Combined_Score,Stability_Freq,Selected,Rank
Clothing,categorical,0.36107642774840565,0.019817413192357955,0.005166862538746415,0.0031746031746031746,1.0,1.0,True,1
Season,categorical,0.0,7.401486830834377e-17,2.2204460492503132e-17,0.0,1.0,1.0,True,2
Activity,categorical,0.0,3.700743415417188e-17,2.960594732333751e-17,0.0,1.0,1.0,True,3
MRT,numeric,0.041044797892478044,0.03447350238154202,0.0203529259502203,0.029937246216315973,1.0,1.0,False,4
RH,numeric,0.0027651772560393123,0.023811072156501488,0.017067646731434245,0.014211886304909549,1.0,1.0,False,5
Top,numeric,0.06833100609793122,0.07279983700118856,0.040189847080033855,0.02831303063861203,1.0,1.0,False,6
RATemp,numeric,0.018579672702628686,0.0194049915729007,0.013575284129910839,0.014174972314507187,1.0,1.0,False,7
Air Velo,numeric,0.017172946142886843,0.03294852952024423,0.015776124790318757,0.012661498708010333,1.0,1.0,False,8
