Feature,Type,Univariate_Score,Perm_DeltaR2,Perm_DeltaMAE,Perm_DeltaAcc,Combined_Score,Stability_Freq,Selected,Rank
Clothing,categorical,0.13212140341337114,0.0028420193327989432,0.0014721719343673797,0.002853048462741018,1.0,1.0,True,1
Season,categorical,0.024364923877041998,0.017058368951692365,0.013251587552111702,0.0072440796711250015,1.0,1.0,True,2
Activity,categorical,0.003723005400763959,0.0024649294155609123,0.002256752291441518,0.0048346939957153705,1.0,1.0,True,3
MRT,numeric,0.14295464481428105,0.02477879820398557,0.016607255514226628,0.018445660355509232,1.0,1.0,False,4
RH,numeric,0.0034558369527280227,0.01302617377949709,0.009440863776501189,0.012953071622951775,1.0,1.0,False,5
Top,numeric,0.2583906156626027,0.09944429945304621,0.06763815716022611,0.04830206704881015,1.0,1.0,False,6
RATemp,numeric,0.25737310816365094,0.1100382022152504,0.07640515438674916,0.05445906432748539,1.0,1.0,False,7
Air Velo,numeric,0.021045774083030204,0.009917543609158775,0.0073746337553572145,0.014273927392739277,1.0,1.0,False,8
