Feature,Type,Univariate_Score,Perm_DeltaR2,Perm_DeltaMAE,Perm_DeltaAcc,Combined_Score,Stability_Freq,Selected,Rank
Clothing,categorical,0.13212140341337114,0.0068291584650675445,0.0070973436037699384,0.00922210642116843,1.0,1.0,True,1
Season,categorical,0.024364923877041998,0.00961306889851888,0.004104288419087727,0.0008779167390423282,1.0,1.0,True,2
Activity,categorical,0.003723005400763959,0.0011716524759928387,0.0009323994318644205,0.0004385964912280753,1.0,1.0,True,3
MRT,numeric,0.14295464481428105,0.027022294203440343,0.018106301625569664,0.011210265763418445,1.0,1.0,False,4
RH,numeric,0.0034558369527280227,0.004009270668029786,0.0024184862772623694,0.007909935730415145,1.0,1.0,False,5
Top,numeric,0.2583906156626027,0.1409050703048706,0.08905077377955117,0.04744224422442245,1.0,1.0,False,6
RATemp,numeric,0.25737310816365094,0.08376641273498535,0.05644771655400595,0.029883185686989756,1.0,1.0,False,7
Air Velo,numeric,0.021045774083030204,0.008094195524851482,0.005142418543497722,0.008787852469457468,1.0,1.0,False,8
