Feature,Type,Univariate_Score,Perm_DeltaR2,Perm_DeltaMAE,Perm_DeltaAcc,Combined_Score,Stability_Freq,Selected,Rank
Clothing,categorical,0.39075433617284083,0.00926873348268591,0.007189037197558745,0.010045662100456602,1.0,1.0,True,1
Season,categorical,0.3423220618313034,0.053748899311391186,0.03505077706544044,0.019406392694063905,1.0,1.0,True,2
Activity,categorical,0.16546141439178608,0.012636055716622541,0.006164135044374253,0.002739726027397257,1.0,1.0,True,3
MRT,numeric,0.33427764517134434,0.0882826682107832,0.06403703668237001,0.03333333333333331,1.0,1.0,False,4
RH,numeric,0.325604547468956,0.07352757313776506,0.052570117248918025,0.03310502283105021,1.0,1.0,False,5
Top,numeric,0.34820425437285063,0.09253954571542689,0.06539988688969958,0.03652968036529679,1.0,1.0,False,6
RATemp,numeric,0.35396998660550694,0.05013955256869133,0.03266118958741172,0.024657534246575335,1.0,1.0,False,7
Air Velo,numeric,0.12181591040826834,0.060415373445907826,0.035281859711198765,0.011415525114155242,1.0,1.0,False,8
