Feature,Type,Univariate_Score,Perm_DeltaR2,Perm_DeltaMAE,Perm_DeltaAcc,Combined_Score,Stability_Freq,Selected,Rank
Clothing,categorical,0.39075433617284083,0.0023337682088216145,0.0030296723047892253,0.009360730593607303,1.0,1.0,True,1
Season,categorical,0.3423220618313034,0.03476986487706503,0.02499999205271403,0.02146118721461187,1.0,1.0,True,2
Activity,categorical,0.16546141439178608,0.0007468779881795248,0.00048633019129435225,0.004794520547945209,1.0,1.0,True,3
MRT,numeric,0.33427764517134434,0.24855907360712687,0.15587217410405477,0.0865296803652968,1.0,1.0,False,4
RH,numeric,0.325604547468956,0.05033043622970581,0.035881467660268146,0.03127853881278539,1.0,1.0,False,5
Top,numeric,0.34820425437285063,0.04089275598526001,0.032428785165150964,0.02100456621004566,1.0,1.0,False,6
RATemp,numeric,0.35396998660550694,0.06783337593078614,0.04570807218551636,0.02945205479452055,1.0,1.0,False,7
Air Velo,numeric,0.12181591040826834,0.02589799563090007,0.016306217511494955,0.010958904109589036,1.0,1.0,False,8
