Feature,Type,Univariate_Score,Perm_DeltaR2,Perm_DeltaMAE,Perm_DeltaAcc,Combined_Score,Stability_Freq,Selected,Rank
Clothing,categorical,0.39075433617284083,0.0,0.0,0.0,1.0,1.0,True,1
Season,categorical,0.3423220618313034,0.012022872988662395,0.008501571998153499,0.00296803652968037,1.0,1.0,True,2
Activity,categorical,0.16546141439178608,0.0,0.0,0.0,1.0,1.0,True,3
MRT,numeric,0.33427764517134434,0.08495745949888767,0.05490836644964614,0.012557077625570772,1.0,1.0,False,4
RH,numeric,0.325604547468956,0.04123371064871189,0.029563446547324145,0.007534246575342467,1.0,1.0,False,5
Top,numeric,0.34820425437285063,0.03481723849516015,0.024283973637723714,0.0027397260273972638,1.0,1.0,False,6
RATemp,numeric,0.35396998660550694,0.025955756451733,0.019158707169187904,0.00319634703196348,1.0,1.0,False,7
Air Velo,numeric,0.12181591040826834,0.056012878020969235,0.03034395483347941,0.002283105022831048,1.0,1.0,False,8
