Feature,Type,Univariate_Score,Perm_DeltaR2,Perm_DeltaMAE,Perm_DeltaAcc,Combined_Score,Stability_Freq,Selected,Rank
Clothing,categorical,0.39075433617284083,0.0027072725459663808,0.004781078830932617,0.010273972602739719,1.0,1.0,True,1
Season,categorical,0.3423220618313034,0.3022748729316273,0.17684018993545575,0.07534246575342465,1.0,1.0,True,2
Activity,categorical,0.16546141439178608,0.002753676970896775,0.002373209459092044,0.0013698630136986356,1.0,1.0,True,3
MRT,numeric,0.33427764517134434,0.026105577229534015,0.02251797134782288,0.008904109589041096,1.0,1.0,False,4
RH,numeric,0.325604547468956,0.022754482681425343,0.015595513529981387,0.004566210045662104,1.0,1.0,False,5
Top,numeric,0.34820425437285063,0.011912749596687755,0.01047203904538129,0.010730593607305942,1.0,1.0,False,6
RATemp,numeric,0.35396998660550694,0.009665219125905952,0.010029729797573453,0.01118721461187215,1.0,1.0,False,7
Air Velo,numeric,0.12181591040826834,0.019578675462251272,0.012278243892355486,0.009589041095890413,1.0,1.0,False,8
