Feature,Type,Univariate_Score,Perm_DeltaR2,Perm_DeltaMAE,Perm_DeltaAcc,Combined_Score,Stability_Freq,Selected,Rank
MRT,numeric,0.19961525576076694,0.04474562406539917,0.033245428403218584,0.042512077294685986,1.0,1.0,True,1
RH,numeric,0.005344435399548221,0.0059419830640157064,0.0054328680038452145,0.01342559594519679,1.0,1.0,True,2
Top,numeric,0.22641087588146216,0.32451959848403933,0.13610338767369587,0.09040152055119981,1.0,1.0,True,3
RATemp,numeric,0.2118439991855703,0.044841047128041586,0.03935558795928955,0.06720915498534885,1.0,1.0,False,4
Air Velo,numeric,0.018771042586310023,0.01084227959314982,0.006918795903523763,0.008345212639581842,1.0,1.0,False,5
