Feature,Type,Univariate_Score,Perm_DeltaR2,Perm_DeltaMAE,Perm_DeltaAcc,Combined_Score,Stability_Freq,Selected,Rank
MRT,numeric,0.19961525576076694,0.04732808892970121,0.03550682312487551,0.03993822760750773,1.0,1.0,True,1
RH,numeric,0.005344435399548221,0.014858731111270593,0.006632975464934776,0.015247089569969115,1.0,1.0,True,2
Top,numeric,0.22641087588146216,0.17359149405135005,0.0844393738568577,0.08278094559277739,1.0,1.0,True,3
RATemp,numeric,0.2118439991855703,0.06890068109640723,0.04672811822397715,0.05375188089015601,1.0,1.0,False,4
Air Velo,numeric,0.018771042586310023,0.01648844466802092,0.010148995728841996,0.01197830046725271,1.0,1.0,False,5
