Feature,Type,Univariate_Score,Perm_DeltaR2,Perm_DeltaMAE,Perm_DeltaAcc,Combined_Score,Stability_Freq,Selected,Rank
MRT,numeric,0.19961525576076694,0.008778979171219295,0.025602323480551848,0.049732715609408416,1.0,1.0,True,1
RH,numeric,0.005344435399548221,0.0,0.004016284625173827,0.02289736279401283,1.0,1.0,True,2
Top,numeric,0.22641087588146216,0.13316428437885758,0.07648728525023658,0.06569058366991368,1.0,1.0,True,3
RATemp,numeric,0.2118439991855703,0.01873892991059863,0.0379036721689261,0.062120852142234895,1.0,1.0,False,4
Air Velo,numeric,0.018771042586310023,0.0,4.1424568839776296e-05,0.007266175655341729,1.0,1.0,False,5
