Feature,Type,Univariate_Score,Perm_DeltaR2,Perm_DeltaMAE,Perm_DeltaAcc,Combined_Score,Stability_Freq,Selected,Rank
MRT,numeric,0.19961525576076694,0.013985858813283087,0.008176159407260146,0.013077136295240358,1.0,1.0,True,1
RH,numeric,0.005344435399548221,0.0,0.0,0.0,1.0,1.0,True,2
Top,numeric,0.22641087588146216,0.07541475058870128,0.03186399771294446,0.017442781341569655,1.0,1.0,True,3
RATemp,numeric,0.2118439991855703,0.06780180401723693,0.031888451887860735,0.02978340064940207,1.0,1.0,False,4
Air Velo,numeric,0.018771042586310023,0.0,0.0,0.0,1.0,1.0,False,5
