Feature,Type,Univariate_Score,Perm_DeltaR2,Perm_DeltaMAE,Perm_DeltaAcc,Combined_Score,Stability_Freq,Selected,Rank
Clothing,categorical,0.36107642774840565,0.010112843244441548,0.003287359985965669,0.007936507936507933,1.0,1.0,True,1
Season,categorical,0.0,4.4408920985006264e-17,0.0,0.0,1.0,1.0,True,2
Activity,categorical,0.0,1.4802973661668754e-17,0.0,0.0,1.0,1.0,True,3
MRT,numeric,0.041044797892478044,0.024670626985079082,0.012520907191434038,0.011111111111111101,1.0,1.0,False,4
RH,numeric,0.0027651772560393123,0.013336914661483266,0.009546684694753319,0.009523809523809521,1.0,1.0,False,5
Top,numeric,0.06833100609793122,0.0505863459454826,0.03244501981794114,0.014211886304909554,1.0,1.0,False,6
RATemp,numeric,0.018579672702628686,0.013414897531334105,0.012342521509108305,0.02218530823181985,1.0,1.0,False,7
Air Velo,numeric,0.017172946142886843,0.0296925603113243,0.015019224073166545,0.01882613510520486,1.0,1.0,False,8
