Feature,Type,Univariate_Score,Perm_DeltaR2,Perm_DeltaMAE,Perm_DeltaAcc,Combined_Score,Stability_Freq,Selected,Rank
Clothing,categorical,0.36107642774840565,0.0030590573946634924,0.0017574429512023926,0.007936507936507934,1.0,1.0,True,1
Season,categorical,0.0,0.0,0.0,0.0,1.0,1.0,True,2
Activity,categorical,0.0,0.0,0.0,0.0,1.0,1.0,True,3
MRT,numeric,0.041044797892478044,0.062634273370107,0.0319669246673584,0.0301218161683278,1.0,1.0,False,4
RH,numeric,0.0027651772560393123,0.016852664947509765,0.005135933558146159,0.02373569582871909,1.0,1.0,False,5
Top,numeric,0.06833100609793122,0.018963368733723958,0.014631466070810954,0.021926910299003326,1.0,1.0,False,6
RATemp,numeric,0.018579672702628686,0.016572002569834394,0.01283094882965088,0.02222222222222222,1.0,1.0,False,7
Air Velo,numeric,0.017172946142886843,0.017373859882354736,0.010585975646972657,0.009486895533407163,1.0,1.0,False,8
