Feature,Type,Univariate_Score,Perm_DeltaR2,Perm_DeltaMAE,Perm_DeltaAcc,Combined_Score,Stability_Freq,Selected,Rank
Clothing,categorical,0.36107642774840565,0.000924008623068932,0.00029370836415415117,0.0015503875968992276,1.0,1.0,True,1
Season,categorical,0.0,0.0,0.0,0.0,1.0,1.0,True,2
Activity,categorical,0.0,0.0,0.0,0.0,1.0,1.0,True,3
MRT,numeric,0.041044797892478044,0.04424566271942768,0.029729142132824515,0.020524178663713553,1.0,1.0,False,4
RH,numeric,0.0027651772560393123,0.016486283109047567,0.007436448970125009,0.0141749723145072,1.0,1.0,False,5
Top,numeric,0.06833100609793122,0.038282844850341766,0.021519770301222256,0.02203765227021041,1.0,1.0,False,6
RATemp,numeric,0.018579672702628686,0.01941755266170016,0.015770073179593957,0.044112218530823186,1.0,1.0,False,7
Air Velo,numeric,0.017172946142886843,0.014141529182444827,0.0071173625367382115,0.026836471022517537,1.0,1.0,False,8
