Feature,Type,Univariate_Score,Perm_DeltaR2,Perm_DeltaMAE,Perm_DeltaAcc,Combined_Score,Stability_Freq,Selected,Rank
Clothing,categorical,0.13212140341337114,0.0031445319064887568,0.002231657057960956,0.003510943199583113,1.0,1.0,True,1
Season,categorical,0.024364923877041998,0.015221708774021927,0.012379200979207326,0.008342018412367546,1.0,1.0,True,2
Activity,categorical,0.003723005400763959,0.002777727448404395,0.002467635340719698,0.004836865265473918,1.0,1.0,True,3
MRT,numeric,0.14295464481428105,0.024284600698820925,0.01574693466420385,0.018663511087950897,1.0,1.0,False,4
RH,numeric,0.0034558369527280227,0.01036888103155648,0.009021238247265684,0.011640900932198484,1.0,1.0,False,5
Top,numeric,0.2583906156626027,0.10064977225371012,0.06579228500837732,0.045003184528979216,1.0,1.0,False,6
RATemp,numeric,0.25737310816365094,0.11710791322867968,0.07749716522889985,0.045671935614614086,1.0,1.0,False,7
Air Velo,numeric,0.021045774083030204,0.008531739347249134,0.006734868747282805,0.01142160268658445,1.0,1.0,False,8
