Feature,Type,Univariate_Score,Perm_DeltaR2,Perm_DeltaMAE,Perm_DeltaAcc,Combined_Score,Stability_Freq,Selected,Rank
Clothing,categorical,0.13212140341337114,0.006676530838012696,0.0044669588406880695,0.007026952695269514,1.0,1.0,True,1
Season,categorical,0.024364923877041998,0.007533740997314453,0.0032639503479003906,0.0004400440044004454,1.0,1.0,True,2
Activity,categorical,0.003723005400763959,0.0011196255683898926,0.0008504867553710937,0.0004385964912280753,1.0,1.0,True,3
MRT,numeric,0.14295464481428105,0.022990469137827554,0.0160765806833903,0.0057118869781714945,1.0,1.0,False,4
RH,numeric,0.0034558369527280227,0.005743002891540528,0.0041088740030924475,0.01032438770192808,1.0,1.0,False,5
Top,numeric,0.2583906156626027,0.1363934874534607,0.0824825644493103,0.042834086040182975,1.0,1.0,False,6
RATemp,numeric,0.25737310816365094,0.0864359458287557,0.05938640038172403,0.03735307741300446,1.0,1.0,False,7
Air Velo,numeric,0.021045774083030204,0.005058570702870687,0.005346604188283284,0.00966432169532742,1.0,1.0,False,8
