Feature,Type,Univariate_Score,Perm_DeltaR2,Perm_DeltaMAE,Perm_DeltaAcc,Combined_Score,Stability_Freq,Selected,Rank
Clothing,categorical,0.13212140341337114,0.01888511041076908,0.012137037155425667,0.01646473857912107,1.0,1.0,True,1
Season,categorical,0.024364923877041998,0.02437969583461109,0.01544637966277147,0.007909211973828958,1.0,1.0,True,2
Activity,categorical,0.003723005400763959,0.0011511766152972594,0.002613412204329846,0.0059268426842684335,1.0,1.0,True,3
MRT,numeric,0.14295464481428105,0.002261153067193618,0.001555880252492862,0.006600660066006599,1.0,1.0,False,4
RH,numeric,0.0034558369527280227,0.0012611669756676788,0.002916900229252661,0.00504964970181229,1.0,1.0,False,5
Top,numeric,0.2583906156626027,0.09427654847048304,0.059403540001884025,0.03360329453998031,1.0,1.0,False,6
RATemp,numeric,0.25737310816365094,0.06287904843572704,0.0436725228199353,0.03887730878350993,1.0,1.0,False,7
Air Velo,numeric,0.021045774083030204,0.004276664967582233,0.003652425624233291,0.003738926524231364,1.0,1.0,False,8
