Feature,Type,Univariate_Score,Perm_DeltaR2,Perm_DeltaMAE,Perm_DeltaAcc,Combined_Score,Stability_Freq,Selected,Rank
Clothing,categorical,0.39075433617284083,0.0036384159865008015,0.005416311041935481,0.011187214611872155,1.0,1.0,True,1
Season,categorical,0.3423220618313034,0.3059403995194386,0.17973310435374837,0.08424657534246574,1.0,1.0,True,2
Activity,categorical,0.16546141439178608,0.003119411238969113,0.002170114333280715,0.0009132420091324236,1.0,1.0,True,3
MRT,numeric,0.33427764517134434,0.033323232956547745,0.028164532331100212,0.018721461187214617,1.0,1.0,False,4
RH,numeric,0.325604547468956,0.019919349999808555,0.015556863700707555,0.007077625570776262,1.0,1.0,False,5
Top,numeric,0.34820425437285063,0.011608631359879298,0.009014826684321704,0.009360730593607307,1.0,1.0,False,6
RATemp,numeric,0.35396998660550694,0.005272141231911376,0.005948421817771976,0.005479452054794524,1.0,1.0,False,7
Air Velo,numeric,0.12181591040826834,0.023618036335563652,0.014881610122021044,0.01187214611872146,1.0,1.0,False,8
