Feature,Type,Univariate_Score,Perm_DeltaR2,Perm_DeltaMAE,Perm_DeltaAcc,Combined_Score,Stability_Freq,Selected,Rank
Clothing,categorical,0.39075433617284083,0.0,0.0,0.0,1.0,1.0,True,1
Season,categorical,0.3423220618313034,0.012590822370799632,0.008678349695200035,0.0038812785388127858,1.0,1.0,True,2
Activity,categorical,0.16546141439178608,0.0,0.0,0.0,1.0,1.0,True,3
MRT,numeric,0.33427764517134434,0.0809241827204433,0.05328136467128843,0.01415525114155251,1.0,1.0,False,4
RH,numeric,0.325604547468956,0.04223416014923782,0.028524923295699216,0.0034246575342465743,1.0,1.0,False,5
Top,numeric,0.34820425437285063,0.035698178396444416,0.024768248232837742,0.00639269406392694,1.0,1.0,False,6
RATemp,numeric,0.35396998660550694,0.02474081785434759,0.01787720516886598,0.006164383561643837,1.0,1.0,False,7
Air Velo,numeric,0.12181591040826834,0.053078401717691806,0.029824995175351532,0.004109589041095896,1.0,1.0,False,8
