Feature,Type,Univariate_Score,Perm_DeltaR2,Perm_DeltaMAE,Perm_DeltaAcc,Combined_Score,Stability_Freq,Selected,Rank
Clothing,categorical,0.39075433617284083,0.011998349364363111,0.00780766921556586,0.005479452054794513,1.0,1.0,True,1
Season,categorical,0.3423220618313034,0.056052528358181405,0.040158897196523706,0.02465753424657533,1.0,1.0,True,2
Activity,categorical,0.16546141439178608,0.012692329540044183,0.007222203252802525,0.006621004566210034,1.0,1.0,True,3
MRT,numeric,0.33427764517134434,0.09701733898313689,0.06518406108639244,0.030821917808219162,1.0,1.0,False,4
RH,numeric,0.325604547468956,0.06857891895293207,0.047574722705717956,0.02968036529680364,1.0,1.0,False,5
Top,numeric,0.34820425437285063,0.09196611629845072,0.06569865074503659,0.04246575342465751,1.0,1.0,False,6
RATemp,numeric,0.35396998660550694,0.05842621346700709,0.038521868090857024,0.0278538812785388,1.0,1.0,False,7
Air Velo,numeric,0.12181591040826834,0.05616484260463522,0.033802656261485195,0.010730593607305935,1.0,1.0,False,8
