Feature,Type,Univariate_Score,Perm_DeltaR2,Perm_DeltaMAE,Perm_DeltaAcc,Combined_Score,Stability_Freq,Selected,Rank
Clothing,categorical,0.39075433617284083,0.004496343930562337,0.004892281691233317,0.011415525114155252,1.0,1.0,True,1
Season,categorical,0.3423220618313034,0.03465224504470825,0.0240564227104187,0.017351598173515982,1.0,1.0,True,2
Activity,categorical,0.16546141439178608,0.00044425328572591144,0.00018643538157145183,0.0011415525114155261,1.0,1.0,True,3
MRT,numeric,0.33427764517134434,0.2533796151479085,0.15955180327097576,0.08447488584474885,1.0,1.0,False,4
RH,numeric,0.325604547468956,0.05518788894017538,0.038889880975087485,0.030365296803652964,1.0,1.0,False,5
Top,numeric,0.34820425437285063,0.038161706924438474,0.03296984434127807,0.029223744292237442,1.0,1.0,False,6
RATemp,numeric,0.35396998660550694,0.06862477858861286,0.046687662601470954,0.02785388127853881,1.0,1.0,False,7
Air Velo,numeric,0.12181591040826834,0.025125153859456385,0.014100873470306396,0.0066210045662100465,1.0,1.0,False,8
