Feature,Type,Univariate_Score,Perm_DeltaR2,Perm_DeltaMAE,Perm_DeltaAcc,Combined_Score,Stability_Freq,Selected,Rank
MRT,numeric,0.19961525576076694,0.03803021907806396,0.028246621290842693,0.03304427021461946,1.0,1.0,True,1
RH,numeric,0.005344435399548221,0.006098095575968425,0.005348420143127442,0.01671022412291122,1.0,1.0,True,2
Top,numeric,0.22641087588146216,0.3145487507184347,0.1310603658358256,0.0907895778886513,1.0,1.0,True,3
RATemp,numeric,0.2118439991855703,0.045485532283782965,0.03766038417816162,0.06211491248911062,1.0,1.0,False,4
Air Velo,numeric,0.018771042586310023,0.007793839772542319,0.004370701313018799,0.015983606557377045,1.0,1.0,False,5
