Feature,Type,Univariate_Score,Perm_DeltaR2,Perm_DeltaMAE,Perm_DeltaAcc,Combined_Score,Stability_Freq,Selected,Rank
MRT,numeric,0.19961525576076694,0.008316338398699927,0.02980596160690944,0.053041102399619865,1.0,1.0,True,1
RH,numeric,0.005344435399548221,0.0,0.0029541263864111935,0.02215094638473113,1.0,1.0,True,2
Top,numeric,0.22641087588146216,0.14886537697641036,0.08114554689681883,0.07009780628811278,1.0,1.0,True,3
RATemp,numeric,0.2118439991855703,0.024258626755899376,0.040216129678847946,0.06756355428842956,1.0,1.0,False,4
Air Velo,numeric,0.018771042586310023,0.0,0.0010114162489998227,0.010548823948681396,1.0,1.0,False,5
