Feature,Type,Univariate_Score,Perm_DeltaR2,Perm_DeltaMAE,Perm_DeltaAcc,Combined_Score,Stability_Freq,Selected,Rank
MRT,numeric,0.19961525576076694,0.04778165112793244,0.03538062405798734,0.04790924210026134,1.0,1.0,True,1
RH,numeric,0.005344435399548221,0.011423201614494047,0.006546288764690293,0.01888413716638948,1.0,1.0,True,2
Top,numeric,0.22641087588146216,0.2183066012022917,0.09890685679230608,0.08857210738892848,1.0,1.0,True,3
RATemp,numeric,0.2118439991855703,0.07673089537326135,0.05162789844819232,0.0653559832105805,1.0,1.0,False,4
Air Velo,numeric,0.018771042586310023,0.011680439818716293,0.006754568223475525,0.006533618436683297,1.0,1.0,False,5
