Feature,Type,Univariate_Score,Perm_DeltaR2,Perm_DeltaMAE,Perm_DeltaAcc,Combined_Score,Stability_Freq,Selected,Rank
MRT,numeric,0.19961525576076694,0.013427372951578764,0.008055029031819967,0.011980280351627464,1.0,1.0,True,1
RH,numeric,0.005344435399548221,0.0,0.0,0.0,1.0,1.0,True,2
Top,numeric,0.22641087588146216,0.0694997841831482,0.030881895418682154,0.021075869169240515,1.0,1.0,True,3
RATemp,numeric,0.2118439991855703,0.06939867190359483,0.03023630174798817,0.01417399223885325,1.0,1.0,False,4
Air Velo,numeric,0.018771042586310023,0.0,0.0,0.0,1.0,1.0,False,5
