Feature,Type,Univariate_Score,Perm_DeltaR2,Perm_DeltaMAE,Perm_DeltaAcc,Combined_Score,Stability_Freq,Selected,Rank
Clothing,categorical,0.36107642774840565,0.004499697685241699,0.0017539580663045247,0.0,1.0,1.0,True,1
Season,categorical,0.0,0.0,0.0,0.0,1.0,1.0,True,2
Activity,categorical,0.0,0.0,0.0,0.0,1.0,1.0,True,3
MRT,numeric,0.041044797892478044,0.04388915697733561,0.021471623579661054,0.026984126984126982,1.0,1.0,False,4
RH,numeric,0.0027651772560393123,0.019738749663035078,0.009043212731679282,0.02063492063492064,1.0,1.0,False,5
Top,numeric,0.06833100609793122,0.01751089096069336,0.012558293342590333,0.017312661498708016,1.0,1.0,False,6
RATemp,numeric,0.018579672702628686,0.012904377778371176,0.010068551699320475,0.023809523809523808,1.0,1.0,False,7
Air Velo,numeric,0.017172946142886843,0.015143497784932453,0.009967637062072755,0.012698412698412698,1.0,1.0,False,8
