Feature,Type,Univariate_Score,Perm_DeltaR2,Perm_DeltaMAE,Perm_DeltaAcc,Combined_Score,Stability_Freq,Selected,Rank
Clothing,categorical,0.36107642774840565,0.0009681281703914987,0.0004762471028026294,0.001587301587301589,1.0,1.0,True,1
Season,categorical,0.0,0.0,0.0,0.0,1.0,1.0,True,2
Activity,categorical,0.0,0.0,0.0,0.0,1.0,1.0,True,3
MRT,numeric,0.041044797892478044,0.038994433435308715,0.025992245332026924,0.03477297895902547,1.0,1.0,False,4
RH,numeric,0.0027651772560393123,0.014474106398064573,0.009433035369178817,0.023698781838316724,1.0,1.0,False,5
Top,numeric,0.06833100609793122,0.018683364562973065,0.013097341226889903,0.021963824289405694,1.0,1.0,False,6
RATemp,numeric,0.018579672702628686,0.019589391974950528,0.014889535844305279,0.033148763381321514,1.0,1.0,False,7
Air Velo,numeric,0.017172946142886843,0.020248557925059467,0.008820233860787955,0.03942414174972314,1.0,1.0,False,8
