Feature,Type,Univariate_Score,Perm_DeltaR2,Perm_DeltaMAE,Perm_DeltaAcc,Combined_Score,Stability_Freq,Selected,Rank
Clothing,categorical,0.13212140341337114,0.0031122515966222654,0.0018900615202069575,0.0037302414451971474,1.0,1.0,True,1
Season,categorical,0.024364923877041998,0.01532076782976044,0.012781903504705141,0.009659255399224123,1.0,1.0,True,2
Activity,categorical,0.003723005400763959,0.002912408343742867,0.002126537734384589,0.0039575010132592275,1.0,1.0,True,3
MRT,numeric,0.14295464481428105,0.027763942945527493,0.018623266442721453,0.01910717387528226,1.0,1.0,False,4
RH,numeric,0.0034558369527280227,0.014296439950530199,0.010173270234392642,0.014489606855422384,1.0,1.0,False,5
Top,numeric,0.2583906156626027,0.0980727255605286,0.0669142948459076,0.044571101847026805,1.0,1.0,False,6
RATemp,numeric,0.25737310816365094,0.11138040452430435,0.07287131026400073,0.053379943257483645,1.0,1.0,False,7
Air Velo,numeric,0.021045774083030204,0.009205284041266895,0.007026753283295072,0.017346997857680502,1.0,1.0,False,8
