Feature,Type,Univariate_Score,Perm_DeltaR2,Perm_DeltaMAE,Perm_DeltaAcc,Combined_Score,Stability_Freq,Selected,Rank
Clothing,categorical,0.36107642774840565,0.022100536859189845,0.013534079980447502,0.01746031746031745,1.0,1.0,True,1
Season,categorical,0.0,5.921189464667503e-17,3.700743415417188e-17,0.0,1.0,1.0,True,2
Activity,categorical,0.0,5.921189464667501e-17,0.0,0.0,1.0,1.0,True,3
MRT,numeric,0.041044797892478044,0.01237978401639391,0.00937483304760244,0.029900332225913605,1.0,1.0,False,4
RH,numeric,0.0027651772560393123,0.008785098073319161,0.007409382801457168,0.011111111111111103,1.0,1.0,False,5
Top,numeric,0.06833100609793122,0.040570316552442164,0.02252068199856805,0.028349944629014377,1.0,1.0,False,6
RATemp,numeric,0.018579672702628686,0.016620274842422345,0.012802565041058122,0.022185308231819845,1.0,1.0,False,7
Air Velo,numeric,0.017172946142886843,0.03944075507182378,0.01934132452241206,0.01720191952750092,1.0,1.0,False,8
