Feature,Type,Univariate_Score,Perm_DeltaR2,Perm_DeltaMAE,Perm_DeltaAcc,Combined_Score,Stability_Freq,Selected,Rank
Clothing,categorical,0.13212140341337114,0.00589309533437093,0.0052139560381571455,0.005268224190840129,1.0,1.0,True,1
Season,categorical,0.024364923877041998,0.009718203544616699,0.00419158140818278,0.0002192982456140339,1.0,1.0,True,2
Activity,categorical,0.003723005400763959,0.0010216554005940755,0.0008618434270222982,0.0010986624978287323,1.0,1.0,True,3
MRT,numeric,0.14295464481428105,0.02166129350662231,0.014975456396738687,0.009888686237044753,1.0,1.0,False,4
RH,numeric,0.0034558369527280227,0.004161099592844645,0.004611317316691081,0.0072484222106421175,1.0,1.0,False,5
Top,numeric,0.2583906156626027,0.13686201572418213,0.0868968884150187,0.04592090788026172,1.0,1.0,False,6
RATemp,numeric,0.25737310816365094,0.07864409287770589,0.05352113644282023,0.02987956690405883,1.0,1.0,False,7
Air Velo,numeric,0.021045774083030204,0.00839675267537435,0.006976727644602457,0.0039531584737421055,1.0,1.0,False,8
