Feature,Type,Univariate_Score,Perm_DeltaR2,Perm_DeltaMAE,Perm_DeltaAcc,Combined_Score,Stability_Freq,Selected,Rank
Clothing,categorical,0.13212140341337114,0.022345390437049938,0.017168294736875325,0.015363181054947595,1.0,1.0,True,1
Season,categorical,0.024364923877041998,0.017611285855869515,0.01242221698585191,0.0052689479474263235,1.0,1.0,True,2
Activity,categorical,0.003723005400763959,0.0018579522762423323,0.0025950779184973427,0.0050460309188813685,1.0,1.0,True,3
MRT,numeric,0.14295464481428105,0.001915625086409567,0.0019445640030318532,0.006159892305019973,1.0,1.0,False,4
RH,numeric,0.0034558369527280227,0.004130248962822051,0.0055119961160638485,0.004831075212784435,1.0,1.0,False,5
Top,numeric,0.2583906156626027,0.07683262855357438,0.052278167032739284,0.037785883851543044,1.0,1.0,False,6
RATemp,numeric,0.25737310816365094,0.0879424366744516,0.06147812459026153,0.044367002489722654,1.0,1.0,False,7
Air Velo,numeric,0.021045774083030204,0.0031237438341664555,0.0026326720763518645,0.0076899137282149255,1.0,1.0,False,8
