Feature,Type,Univariate_Score,Perm_DeltaR2,Perm_DeltaMAE,Perm_DeltaAcc,Combined_Score,Stability_Freq,Selected,Rank
Clothing,categorical,0.39075433617284083,0.0012837394194523824,0.003170830433861638,0.011415525114155252,1.0,1.0,True,1
Season,categorical,0.3423220618313034,0.29714634522029443,0.1758726727706092,0.07557077625570777,1.0,1.0,True,2
Activity,categorical,0.16546141439178608,0.0037047617746553295,0.003414368426248441,0.0022831050228310557,1.0,1.0,True,3
MRT,numeric,0.33427764517134434,0.02811504823305013,0.023898392853212453,0.011187214611872144,1.0,1.0,False,4
RH,numeric,0.325604547468956,0.021044409738910523,0.015435276018367828,0.0036529680365296802,1.0,1.0,False,5
Top,numeric,0.34820425437285063,0.008400649948922747,0.009263835624910377,0.01415525114155251,1.0,1.0,False,6
RATemp,numeric,0.35396998660550694,0.007040743636047541,0.006760460815999148,0.006621004566210051,1.0,1.0,False,7
Air Velo,numeric,0.12181591040826834,0.023928628106563134,0.01578792242295433,0.014611872146118721,1.0,1.0,False,8
