Feature,Type,Univariate_Score,Perm_DeltaR2,Perm_DeltaMAE,Perm_DeltaAcc,Combined_Score,Stability_Freq,Selected,Rank
Clothing,categorical,0.39075433617284083,0.008358976312430811,0.007459282722099577,0.006392694063926933,1.0,1.0,True,1
Season,categorical,0.3423220618313034,0.0629071954251392,0.042013340815130265,0.021232876712328756,1.0,1.0,True,2
Activity,categorical,0.16546141439178608,0.012094281959253706,0.006508074701522801,0.0031963470319634644,1.0,1.0,True,3
MRT,numeric,0.33427764517134434,0.09014953987654212,0.06246264082349044,0.033789954337899525,1.0,1.0,False,4
RH,numeric,0.325604547468956,0.06762611780162016,0.048504269444894055,0.029908675799086747,1.0,1.0,False,5
Top,numeric,0.34820425437285063,0.09190532416970817,0.06540928067485458,0.0417808219178082,1.0,1.0,False,6
RATemp,numeric,0.35396998660550694,0.06036128750090195,0.03933891242300375,0.02671232876712328,1.0,1.0,False,7
Air Velo,numeric,0.12181591040826834,0.05826607062092034,0.03344979511450755,0.015296803652968021,1.0,1.0,False,8
