Feature,Type,Univariate_Score,Perm_DeltaR2,Perm_DeltaMAE,Perm_DeltaAcc,Combined_Score,Stability_Freq,Selected,Rank
Clothing,categorical,0.39075433617284083,0.0,0.0,0.0,1.0,1.0,True,1
Season,categorical,0.3423220618313034,0.012471481930080009,0.008086047017652032,0.0027397260273972603,1.0,1.0,True,2
Activity,categorical,0.16546141439178608,0.0,0.0,0.0,1.0,1.0,True,3
MRT,numeric,0.33427764517134434,0.0771966709174358,0.04973281626550301,0.008447488584474888,1.0,1.0,False,4
RH,numeric,0.325604547468956,0.03902612181144026,0.02656315563773296,0.005479452054794521,1.0,1.0,False,5
Top,numeric,0.34820425437285063,0.03345236655319783,0.023106404327711834,0.00479452054794521,1.0,1.0,False,6
RATemp,numeric,0.35396998660550694,0.025397046129491296,0.018177088080052348,0.00296803652968037,1.0,1.0,False,7
Air Velo,numeric,0.12181591040826834,0.052704182868107886,0.03030118363440042,0.007534246575342474,1.0,1.0,False,8
