Feature,Type,Univariate_Score,Perm_DeltaR2,Perm_DeltaMAE,Perm_DeltaAcc,Combined_Score,Stability_Freq,Selected,Rank
Clothing,categorical,0.39075433617284083,0.004381990432739258,0.006660977999369303,0.016666666666666666,1.0,1.0,True,1
Season,categorical,0.3423220618313034,0.03601591587066651,0.02592194477717082,0.015525114155251141,1.0,1.0,True,2
Activity,categorical,0.16546141439178608,0.000347443421681722,0.0002213160196940104,0.0020547945205479498,1.0,1.0,True,3
MRT,numeric,0.33427764517134434,0.24442157347997032,0.15009487469991048,0.07511415525114154,1.0,1.0,False,4
RH,numeric,0.325604547468956,0.052344882488250734,0.0389168659845988,0.028310502283105027,1.0,1.0,False,5
Top,numeric,0.34820425437285063,0.038118195533752446,0.029380611578623456,0.018721461187214614,1.0,1.0,False,6
RATemp,numeric,0.35396998660550694,0.0726919452349345,0.049339254697163895,0.025342465753424664,1.0,1.0,False,7
Air Velo,numeric,0.12181591040826834,0.02187960147857666,0.014016401767730714,0.0073059360730593605,1.0,1.0,False,8
