Feature,Type,Univariate_Score,Perm_DeltaR2,Perm_DeltaMAE,Perm_DeltaAcc,Combined_Score,Stability_Freq,Selected,Rank
MRT,numeric,0.19961525576076694,0.035951002438863115,0.02832740545272827,0.03888690900451413,1.0,1.0,True,1
RH,numeric,0.005344435399548221,0.0036596457163492837,0.004137372970581055,0.019971093688128605,1.0,1.0,True,2
Top,numeric,0.22641087588146216,0.30916388432184855,0.12826755046844482,0.08680209075789973,1.0,1.0,True,3
RATemp,numeric,0.2118439991855703,0.04526490370432536,0.038512007395426436,0.0624792112140651,1.0,1.0,False,4
Air Velo,numeric,0.018771042586310023,0.00935517152150472,0.00446246067682902,0.012716797339035394,1.0,1.0,False,5
