Feature,Type,Univariate_Score,Perm_DeltaR2,Perm_DeltaMAE,Perm_DeltaAcc,Combined_Score,Stability_Freq,Selected,Rank
MRT,numeric,0.19961525576076694,0.047701014875582946,0.03688833387339599,0.04680446661914946,1.0,1.0,True,1
RH,numeric,0.005344435399548221,0.015060534646093355,0.007402677309360431,0.018519838441435017,1.0,1.0,True,2
Top,numeric,0.22641087588146216,0.19465545972456333,0.09005136577842424,0.07772828066840898,1.0,1.0,True,3
RATemp,numeric,0.2118439991855703,0.07307101381432726,0.052404264996022,0.06753583590718301,1.0,1.0,False,4
Air Velo,numeric,0.018771042586310023,0.009169025061702866,0.007823708168956974,0.010887384176764079,1.0,1.0,False,5
