Feature,Type,Univariate_Score,Perm_DeltaR2,Perm_DeltaMAE,Perm_DeltaAcc,Combined_Score,Stability_Freq,Selected,Rank
MRT,numeric,0.19961525576076694,0.013509141317438906,0.008042387275158883,0.013417676407697782,1.0,1.0,True,1
RH,numeric,0.005344435399548221,0.0,0.0,0.0,1.0,1.0,True,2
Top,numeric,0.22641087588146216,0.07275498350746398,0.031517316970894486,0.013471133285816103,1.0,1.0,True,3
RATemp,numeric,0.2118439991855703,0.070613271642187,0.03138153437502562,0.014540270848182458,1.0,1.0,False,4
Air Velo,numeric,0.018771042586310023,0.0,0.0,0.0,1.0,1.0,False,5
