Feature,Type,Univariate_Score,Perm_DeltaR2,Perm_DeltaMAE,Perm_DeltaAcc,Combined_Score,Stability_Freq,Selected,Rank
MRT,numeric,0.19961525576076694,0.009313647608470643,0.02444577513693514,0.05412013938385999,1.0,1.0,True,1
RH,numeric,0.005344435399548221,0.0012959249366864655,0.0055938488655580786,0.023966500356379192,1.0,1.0,True,2
Top,numeric,0.22641087588146216,0.1296327558055857,0.07800386925609226,0.06971172883503604,1.0,1.0,True,3
RATemp,numeric,0.2118439991855703,0.034660901162015895,0.04872911493520142,0.07154114199730735,1.0,1.0,False,4
Air Velo,numeric,0.018771042586310023,0.0,0.00076070557358107,0.0065514373960560745,1.0,1.0,False,5
