Feature,Type,Univariate_Score,Perm_DeltaR2,Perm_DeltaMAE,Perm_DeltaAcc,Combined_Score,Stability_Freq,Selected,Rank
Clothing,categorical,0.13212140341337114,0.0035309626041406827,0.002203821164267531,0.004826008916681139,1.0,1.0,True,1
Season,categorical,0.024364923877041998,0.01665864872808224,0.01233345703701821,0.0076805048925945195,1.0,1.0,True,2
Activity,categorical,0.003723005400763959,0.0026772209834190486,0.002163400877210527,0.0059369752764750205,1.0,1.0,True,3
MRT,numeric,0.14295464481428105,0.0249718825161842,0.01732294323934564,0.02195081350240287,1.0,1.0,False,4
RH,numeric,0.0034558369527280227,0.010884523321126357,0.008004306565105358,0.012515922644896071,1.0,1.0,False,5
Top,numeric,0.2583906156626027,0.10402908094288983,0.0722773700080533,0.05137658502692375,1.0,1.0,False,6
RATemp,numeric,0.25737310816365094,0.10791271330929168,0.07445049831519221,0.05337415320479416,1.0,1.0,False,7
Air Velo,numeric,0.021045774083030204,0.004657424770634584,0.0057367102429379145,0.014715418910312084,1.0,1.0,False,8
