Feature,Type,Univariate_Score,Perm_DeltaR2,Perm_DeltaMAE,Perm_DeltaAcc,Combined_Score,Stability_Freq,Selected,Rank
Clothing,categorical,0.36107642774840565,0.0031675219535827635,0.0017394423484802246,0.004761904761904763,1.0,1.0,True,1
Season,categorical,0.0,0.0,0.0,0.0,1.0,1.0,True,2
Activity,categorical,0.0,0.0,0.0,0.0,1.0,1.0,True,3
MRT,numeric,0.041044797892478044,0.02734570900599162,0.017345225811004637,0.019047619047619053,1.0,1.0,False,4
RH,numeric,0.0027651772560393123,0.028997349739074706,0.010147690773010254,0.02211148025101514,1.0,1.0,False,5
Top,numeric,0.06833100609793122,0.020463573932647704,0.016016117731730145,0.023588039867109632,1.0,1.0,False,6
RATemp,numeric,0.018579672702628686,0.025529793898264562,0.014561378955841064,0.01904761904761905,1.0,1.0,False,7
Air Velo,numeric,0.017172946142886843,0.013902684052785238,0.01156597932179769,0.023772609819121448,1.0,1.0,False,8
