Feature,Type,Univariate_Score,Perm_DeltaR2,Perm_DeltaMAE,Perm_DeltaAcc,Combined_Score,Stability_Freq,Selected,Rank
Clothing,categorical,0.36107642774840565,0.01507659935619785,0.010021243079165557,0.01269841269841269,1.0,1.0,True,1
Season,categorical,0.0,5.1810407815840633e-17,7.401486830834377e-18,0.0,1.0,1.0,True,2
Activity,categorical,0.0,7.401486830834377e-18,0.0,0.0,1.0,1.0,True,3
MRT,numeric,0.041044797892478044,0.03922593722174657,0.02179029403025553,0.026836471022517516,1.0,1.0,False,4
RH,numeric,0.0027651772560393123,0.026903105605131584,0.016596495002860718,0.017460317460317447,1.0,1.0,False,5
Top,numeric,0.06833100609793122,0.10039354612745828,0.04785136539182276,0.02521225544481358,1.0,1.0,False,6
RATemp,numeric,0.018579672702628686,0.011935220707939072,0.009800968453718117,0.01746031746031746,1.0,1.0,False,7
Air Velo,numeric,0.017172946142886843,0.033167837463592184,0.015103005044594919,0.012550756736803243,1.0,1.0,False,8
