Feature,Type,Univariate_Score,Perm_DeltaR2,Perm_DeltaMAE,Perm_DeltaAcc,Combined_Score,Stability_Freq,Selected,Rank
Clothing,categorical,0.13212140341337114,0.006257088979085286,0.004665545622507731,0.0043910312083839925,1.0,1.0,True,1
Season,categorical,0.024364923877041998,0.008239408334096273,0.0037188092867533372,0.0004385964912280678,1.0,1.0,True,2
Activity,categorical,0.003723005400763959,0.0009396632512410482,0.0009461442629496256,0.0008786404956285133,1.0,1.0,True,3
MRT,numeric,0.14295464481428105,0.02589544455210368,0.01826966603597005,0.012743905969544314,1.0,1.0,False,4
RH,numeric,0.0034558369527280227,0.005116315682729086,0.004546141624450684,0.01186309420415726,1.0,1.0,False,5
Top,numeric,0.2583906156626027,0.12932346264521283,0.0823652426401774,0.04151250651380928,1.0,1.0,False,6
RATemp,numeric,0.25737310816365094,0.08432173331578571,0.054110213120778405,0.028342307915002023,1.0,1.0,False,7
Air Velo,numeric,0.021045774083030204,0.006479795773824057,0.006578691800435384,0.009221382664582238,1.0,1.0,False,8
