Feature,Type,Univariate_Score,Perm_DeltaR2,Perm_DeltaMAE,Perm_DeltaAcc,Combined_Score,Stability_Freq,Selected,Rank
Clothing,categorical,0.13212140341337114,0.017094807286062316,0.014352387249483423,0.01998291934456603,1.0,1.0,True,1
Season,categorical,0.024364923877041998,0.02119117951892724,0.01337680140134212,0.005046754675467545,1.0,1.0,True,2
Activity,categorical,0.003723005400763959,0.0015341915150081987,0.002799574300137597,0.00789618435527763,1.0,1.0,True,3
MRT,numeric,0.14295464481428105,0.0037074423949442423,0.002990028562891404,0.007478576805048927,1.0,1.0,False,4
RH,numeric,0.0034558369527280227,0.00368291759458661,0.0039050622036770565,0.006146864686468644,1.0,1.0,False,5
Top,numeric,0.2583906156626027,0.08742219147296797,0.056851230503035255,0.03645851427247988,1.0,1.0,False,6
RATemp,numeric,0.25737310816365094,0.07498815217192123,0.04496654125580645,0.029440246656244562,1.0,1.0,False,7
Air Velo,numeric,0.021045774083030204,0.0032428977918047774,0.0033557469571579976,0.005716229517688609,1.0,1.0,False,8
