Feature,Type,Univariate_Score,Perm_DeltaR2,Perm_DeltaMAE,Perm_DeltaAcc,Combined_Score,Stability_Freq,Selected,Rank
Clothing,categorical,0.36107642774840565,0.0013504803474307862,0.0004986280659724285,0.001587301587301589,1.0,1.0,True,1
Season,categorical,0.0,0.0,0.0,0.0,1.0,1.0,True,2
Activity,categorical,0.0,0.0,0.0,0.0,1.0,1.0,True,3
MRT,numeric,0.041044797892478044,0.03424869997917753,0.025364362507273343,0.03314876338132153,1.0,1.0,False,4
RH,numeric,0.0027651772560393123,0.018092384527778525,0.010408607827384937,0.028460686600221486,1.0,1.0,False,5
Top,numeric,0.06833100609793122,0.02475853749929855,0.020340244501831313,0.03145071982281285,1.0,1.0,False,6
RATemp,numeric,0.018579672702628686,0.013606113291123326,0.01028220778558361,0.034772978959025466,1.0,1.0,False,7
Air Velo,numeric,0.017172946142886843,0.018931524987972244,0.011803966710290692,0.03805832410483574,1.0,1.0,False,8
