Feature,Type,Univariate_Score,Perm_DeltaR2,Perm_DeltaMAE,Perm_DeltaAcc,Combined_Score,Stability_Freq,Selected,Rank
Clothing,categorical,0.39075433617284083,0.0070046186447143555,0.006438553333282471,0.014611872146118723,1.0,1.0,True,1
Season,categorical,0.3423220618313034,0.03615326881408691,0.02659064133961996,0.020547945205479458,1.0,1.0,True,2
Activity,categorical,0.16546141439178608,0.0007089614868164062,0.00026400089263916015,0.001141552511415526,1.0,1.0,True,3
MRT,numeric,0.33427764517134434,0.24898778597513832,0.15250621636708578,0.0771689497716895,1.0,1.0,False,4
RH,numeric,0.325604547468956,0.05071531136830648,0.037832566102345776,0.03515981735159818,1.0,1.0,False,5
Top,numeric,0.34820425437285063,0.04285966952641805,0.0344346284866333,0.02899543378995434,1.0,1.0,False,6
RATemp,numeric,0.35396998660550694,0.06867831150690715,0.044098540147145586,0.022602739726027395,1.0,1.0,False,7
Air Velo,numeric,0.12181591040826834,0.027729034423828125,0.01577070951461792,0.005022831050228308,1.0,1.0,False,8
