Feature,Type,Univariate_Score,Perm_DeltaR2,Perm_DeltaMAE,Perm_DeltaAcc,Combined_Score,Stability_Freq,Selected,Rank
Clothing,categorical,0.39075433617284083,0.009050891857470685,0.006502070494578664,0.006164383561643827,1.0,1.0,True,1
Season,categorical,0.3423220618313034,0.061156471836277905,0.03985370555515396,0.02374429223744291,1.0,1.0,True,2
Activity,categorical,0.16546141439178608,0.012492337240688114,0.006415484683428481,0.00616438356164383,1.0,1.0,True,3
MRT,numeric,0.33427764517134434,0.09582278814937525,0.06723540006122197,0.03607305936073058,1.0,1.0,False,4
RH,numeric,0.325604547468956,0.06587321494794403,0.046330924403610564,0.028767123287671215,1.0,1.0,False,5
Top,numeric,0.34820425437285063,0.0980902809758681,0.06829526628344064,0.0372146118721461,1.0,1.0,False,6
RATemp,numeric,0.35396998660550694,0.05644781513547825,0.0367837419821364,0.019406392694063912,1.0,1.0,False,7
Air Velo,numeric,0.12181591040826834,0.05646186987130748,0.033584714767668014,0.006621004566210046,1.0,1.0,False,8
