Feature,Type,Univariate_Score,Perm_DeltaR2,Perm_DeltaMAE,Perm_DeltaAcc,Combined_Score,Stability_Freq,Selected,Rank
Clothing,categorical,0.39075433617284083,0.0,0.0,0.0,1.0,1.0,True,1
Season,categorical,0.3423220618313034,0.013079053064223403,0.008499560436995195,0.003424657534246582,1.0,1.0,True,2
Activity,categorical,0.16546141439178608,0.0,0.0,0.0,1.0,1.0,True,3
MRT,numeric,0.33427764517134434,0.08316463015669195,0.05203586986202517,0.012100456621004571,1.0,1.0,False,4
RH,numeric,0.325604547468956,0.03955571964720374,0.02843419881384208,0.007762557077625573,1.0,1.0,False,5
Top,numeric,0.34820425437285063,0.0377320844467219,0.026352596875121877,0.0043378995433790025,1.0,1.0,False,6
RATemp,numeric,0.35396998660550694,0.025445146997415107,0.018370678671380144,0.0043378995433790025,1.0,1.0,False,7
Air Velo,numeric,0.12181591040826834,0.056429188917509296,0.030913203831526754,0.0057077625570776305,1.0,1.0,False,8
