Feature,Type,Univariate_Score,Perm_DeltaR2,Perm_DeltaMAE,Perm_DeltaAcc,Combined_Score,Stability_Freq,Selected,Rank
Clothing,categorical,0.39075433617284083,0.0025247007727726032,0.003757003723748705,0.006392694063926943,1.0,1.0,True,1
Season,categorical,0.3423220618313034,0.3272356477182264,0.19301606032960514,0.0860730593607306,1.0,1.0,True,2
Activity,categorical,0.16546141439178608,0.0014790359964348926,0.0010061020947976563,0.0002283105022831059,1.0,1.0,True,3
MRT,numeric,0.33427764517134434,0.029343789316317252,0.024613210824770297,0.010730593607305938,1.0,1.0,False,4
RH,numeric,0.325604547468956,0.02404760055363438,0.01667811617857869,0.008447488584474885,1.0,1.0,False,5
Top,numeric,0.34820425437285063,0.012186838755205187,0.012225504635283668,0.008447488584474883,1.0,1.0,False,6
RATemp,numeric,0.35396998660550694,0.007706666278563097,0.0066022715243342954,0.0073059360730593605,1.0,1.0,False,7
Air Velo,numeric,0.12181591040826834,0.023012628450632323,0.014991648828834156,0.009360730593607303,1.0,1.0,False,8
