Feature,Type,Univariate_Score,Perm_DeltaR2,Perm_DeltaMAE,Perm_DeltaAcc,Combined_Score,Stability_Freq,Selected,Rank
MRT,numeric,0.19961525576076694,0.041707662741343174,0.030958275000254314,0.037441593410944794,1.0,1.0,True,1
RH,numeric,0.005344435399548221,0.009456419944763183,0.005163534482320149,0.014890710382513652,1.0,1.0,True,2
Top,numeric,0.22641087588146216,0.3131510138511658,0.12507716417312625,0.07154312188168212,1.0,1.0,True,3
RATemp,numeric,0.2118439991855703,0.04630598624547323,0.038471778233846024,0.058125445473984315,1.0,1.0,False,4
Air Velo,numeric,0.018771042586310023,0.013821355501810708,0.0067312320073445635,0.015239170032470096,1.0,1.0,False,5
