Feature,Type,Univariate_Score,Perm_DeltaR2,Perm_DeltaMAE,Perm_DeltaAcc,Combined_Score,Stability_Freq,Selected,Rank
MRT,numeric,0.19961525576076694,0.012979614110004766,0.007773333614913651,0.01453829096380771,1.0,1.0,True,1
RH,numeric,0.005344435399548221,0.0,0.0,0.0,1.0,1.0,True,2
Top,numeric,0.22641087588146216,0.0766179853338175,0.03163971069852562,0.013793854438900762,1.0,1.0,True,3
RATemp,numeric,0.2118439991855703,0.06457859053514049,0.02861115577800032,0.013795834323275516,1.0,1.0,False,4
Air Velo,numeric,0.018771042586310023,0.0,0.0,0.0,1.0,1.0,False,5
