Feature,Type,Univariate_Score,Perm_DeltaR2,Perm_DeltaMAE,Perm_DeltaAcc,Combined_Score,Stability_Freq,Selected,Rank
MRT,numeric,0.19961525576076694,0.008118858902095443,0.025225994153313287,0.0523342836778332,1.0,1.0,True,1
RH,numeric,0.005344435399548221,0.0,0.004274340496030763,0.02433673873445791,1.0,1.0,True,2
Top,numeric,0.22641087588146216,0.14379152091677813,0.0861299183304478,0.08569929516116259,1.0,1.0,True,3
RATemp,numeric,0.2118439991855703,0.03678152452052383,0.046430419796108,0.06792389324463452,1.0,1.0,False,4
Air Velo,numeric,0.018771042586310023,0.0,0.0004802476375250331,0.01019244476122595,1.0,1.0,False,5
