Feature,Type,Univariate_Score,Perm_DeltaR2,Perm_DeltaMAE,Perm_DeltaAcc,Combined_Score,Stability_Freq,Selected,Rank
MRT,numeric,0.19961525576076694,0.040341209244421875,0.0333028939463536,0.0428328185633959,1.0,1.0,True,1
RH,numeric,0.005344435399548221,0.01076115365180863,0.004000111379891803,0.016345925397956755,1.0,1.0,True,2
Top,numeric,0.22641087588146216,0.1873960283196405,0.08631032057511938,0.07986061614001744,1.0,1.0,True,3
RATemp,numeric,0.2118439991855703,0.07325044016581637,0.048560816970396936,0.06316227132335474,1.0,1.0,False,4
Air Velo,numeric,0.018771042586310023,0.013174762865949697,0.009065414403393628,0.008711491248911058,1.0,1.0,False,5
