Feature,Type,Univariate_Score,Perm_DeltaR2,Perm_DeltaMAE,Perm_DeltaAcc,Combined_Score,Stability_Freq,Selected,Rank
Clothing,categorical,0.13212140341337114,0.0031913195180029554,0.001706328162838481,0.002633750217126977,1.0,1.0,True,1
Season,categorical,0.024364923877041998,0.020367361793845053,0.014643073999749632,0.007899079381622367,1.0,1.0,True,2
Activity,categorical,0.003723005400763959,0.0035035720492211076,0.0030021449694586236,0.005275461756701993,1.0,1.0,True,3
MRT,numeric,0.14295464481428105,0.027429420377901952,0.01754174916762898,0.019102831335765156,1.0,1.0,False,4
RH,numeric,0.0034558369527280227,0.011598774038566462,0.00899172381431904,0.007900526894794747,1.0,1.0,False,5
Top,numeric,0.2583906156626027,0.09682231731686203,0.06632404221359162,0.045441781020207295,1.0,1.0,False,6
RATemp,numeric,0.25737310816365094,0.11047385413988198,0.07258992898403108,0.05248610387354524,1.0,1.0,False,7
Air Velo,numeric,0.021045774083030204,0.006610549371744989,0.005066247036002951,0.010104365699727872,1.0,1.0,False,8
