Feature,Type,Univariate_Score,Perm_DeltaR2,Perm_DeltaMAE,Perm_DeltaAcc,Combined_Score,Stability_Freq,Selected,Rank
Clothing,categorical,0.36107642774840565,0.003231640656789144,0.0015484412511189778,0.0015873015873015856,1.0,1.0,True,1
Season,categorical,0.0,0.0,0.0,0.0,1.0,1.0,True,2
Activity,categorical,0.0,0.0,0.0,0.0,1.0,1.0,True,3
MRT,numeric,0.041044797892478044,0.054744335015614834,0.031114002068837483,0.030121816168327792,1.0,1.0,False,4
RH,numeric,0.0027651772560393123,0.008902370929718018,0.005457401275634766,0.022185308231819866,1.0,1.0,False,5
Top,numeric,0.06833100609793122,0.030162227153778077,0.01905515988667806,0.012513842746400893,1.0,1.0,False,6
RATemp,numeric,0.018579672702628686,0.013072478771209716,0.01012105941772461,0.015873015873015872,1.0,1.0,False,7
Air Velo,numeric,0.017172946142886843,0.013897116978963214,0.008240588506062827,0.015799187892211145,1.0,1.0,False,8
