Feature,Type,Univariate_Score,Perm_DeltaR2,Perm_DeltaMAE,Perm_DeltaAcc,Combined_Score,Stability_Freq,Selected,Rank
Clothing,categorical,0.36107642774840565,0.0006804512401082632,0.00033574187595285146,0.001587301587301589,1.0,1.0,True,1
Season,categorical,0.0,0.0,0.0,0.0,1.0,1.0,True,2
Activity,categorical,0.0,0.0,0.0,0.0,1.0,1.0,True,3
MRT,numeric,0.041044797892478044,0.028873382462116348,0.024350691360806836,0.030011074197120725,1.0,1.0,False,4
RH,numeric,0.0027651772560393123,0.01727677603872125,0.008612509133871496,0.02532299741602067,1.0,1.0,False,5
Top,numeric,0.06833100609793122,0.03641288539593696,0.02132573866686912,0.02203765227021043,1.0,1.0,False,6
RATemp,numeric,0.018579672702628686,0.019300690280089246,0.01636531951358744,0.03148763381321521,1.0,1.0,False,7
Air Velo,numeric,0.017172946142886843,0.011023929340796657,0.006033974463131845,0.02063492063492064,1.0,1.0,False,8
