Feature,Type,Univariate_Score,Perm_DeltaR2,Perm_DeltaMAE,Perm_DeltaAcc,Combined_Score,Stability_Freq,Selected,Rank
Clothing,categorical,0.13212140341337114,0.005125800768534342,0.0056178410847981764,0.0041710092061837695,1.0,1.0,True,1
Season,categorical,0.024364923877041998,0.007291849454243977,0.0029097557067871093,0.0006586184934282904,1.0,1.0,True,2
Activity,categorical,0.003723005400763959,0.0011299729347229003,0.000945870081583659,0.0006593422500144755,1.0,1.0,True,3
MRT,numeric,0.14295464481428105,0.017274419466654457,0.012776223818461099,0.00791427826993225,1.0,1.0,False,4
RH,numeric,0.0034558369527280227,0.004423622290293376,0.004293294747670492,0.01120158068438423,1.0,1.0,False,5
Top,numeric,0.2583906156626027,0.13005197842915853,0.08018117745717365,0.03823967923108099,1.0,1.0,False,6
RATemp,numeric,0.25737310816365094,0.08013950983683268,0.05463014841079712,0.02987232933819698,1.0,1.0,False,7
Air Velo,numeric,0.021045774083030204,0.006239616870880127,0.006411457061767578,0.00791138324358751,1.0,1.0,False,8
