Feature,Type,Univariate_Score,Perm_DeltaR2,Perm_DeltaMAE,Perm_DeltaAcc,Combined_Score,Stability_Freq,Selected,Rank
Clothing,categorical,0.13212140341337114,0.012611500818613878,0.010104792954775605,0.01184861907243356,1.0,1.0,True,1
Season,categorical,0.024364923877041998,0.023884533277480947,0.01322655809824896,0.0028516009495686482,1.0,1.0,True,2
Activity,categorical,0.003723005400763959,0.002410427597583927,0.0034963530576116453,0.0070189913728214955,1.0,1.0,True,3
MRT,numeric,0.14295464481428105,0.0020403939657091417,0.001424798928344943,0.0074793005616351094,1.0,1.0,False,4
RH,numeric,0.0034558369527280227,0.0023411933937550625,0.003022812411056878,0.004389583695211622,1.0,1.0,False,5
Top,numeric,0.2583906156626027,0.08555257505072529,0.058345924133661756,0.0353909733078571,1.0,1.0,False,6
RATemp,numeric,0.25737310816365094,0.07741997730624693,0.05249390996015903,0.036027155347113655,1.0,1.0,False,7
Air Velo,numeric,0.021045774083030204,0.00395674355949173,0.0035976421578113615,0.006149035956227207,1.0,1.0,False,8
