Feature,Type,Univariate_Score,Perm_DeltaR2,Perm_DeltaMAE,Perm_DeltaAcc,Combined_Score,Stability_Freq,Selected,Rank
Clothing,categorical,0.36107642774840565,0.00924397130494278,0.005552340954182408,0.012661498708010328,1.0,1.0,True,1
Season,categorical,0.0,2.2204460492503132e-17,3.700743415417188e-17,0.0,1.0,1.0,True,2
Activity,categorical,0.0,2.960594732333751e-17,3.700743415417188e-17,0.0,1.0,1.0,True,3
MRT,numeric,0.041044797892478044,0.019173746047681073,0.008506571465807355,0.01428571428571428,1.0,1.0,False,4
RH,numeric,0.0027651772560393123,0.009694971028299266,0.00913938761912787,0.01583610188261351,1.0,1.0,False,5
Top,numeric,0.06833100609793122,0.07181558218258514,0.03151882082889566,0.017386489479512733,1.0,1.0,False,6
RATemp,numeric,0.018579672702628686,0.018463853387374822,0.013639722194002477,0.02691029900332225,1.0,1.0,False,7
Air Velo,numeric,0.017172946142886843,0.05637002104943726,0.027375814025919258,0.02842377260981911,1.0,1.0,False,8
