Feature,Type,Univariate_Score,Perm_DeltaR2,Perm_DeltaMAE,Perm_DeltaAcc,Combined_Score,Stability_Freq,Selected,Rank
Clothing,categorical,0.39075433617284083,0.002301128705342611,0.004024247328440348,0.011872146118721462,1.0,1.0,True,1
Season,categorical,0.3423220618313034,0.0323432723681132,0.02189566294352214,0.013013698630136994,1.0,1.0,True,2
Activity,categorical,0.16546141439178608,0.0007548928260803223,0.0005961656570434569,0.0034246575342465847,1.0,1.0,True,3
MRT,numeric,0.33427764517134434,0.25065123637517295,0.1563649614651998,0.07648401826484018,1.0,1.0,False,4
RH,numeric,0.325604547468956,0.05130886236826578,0.03726129134496053,0.0271689497716895,1.0,1.0,False,5
Top,numeric,0.34820425437285063,0.03465950886408488,0.030247350533803303,0.023059360730593607,1.0,1.0,False,6
RATemp,numeric,0.35396998660550694,0.06838432153066,0.04380226135253906,0.022602739726027395,1.0,1.0,False,7
Air Velo,numeric,0.12181591040826834,0.023769394556681315,0.015701754887898763,0.007077625570776257,1.0,1.0,False,8
