Feature,Type,Univariate_Score,Perm_DeltaR2,Perm_DeltaMAE,Perm_DeltaAcc,Combined_Score,Stability_Freq,Selected,Rank
Clothing,categorical,0.39075433617284083,0.006641447825885434,0.0047384648781947074,0.00707762557077625,1.0,1.0,True,1
Season,categorical,0.3423220618313034,0.05840580710354173,0.03909720410411578,0.020776255707762547,1.0,1.0,True,2
Activity,categorical,0.16546141439178608,0.014192086853779795,0.007992970861100542,0.005479452054794513,1.0,1.0,True,3
MRT,numeric,0.33427764517134434,0.10036003088730643,0.07055747480491069,0.04315068493150684,1.0,1.0,False,4
RH,numeric,0.325604547468956,0.06345809529810001,0.04360222543580135,0.03287671232876711,1.0,1.0,False,5
Top,numeric,0.34820425437285063,0.09222215825932402,0.06574745005649717,0.039041095890410944,1.0,1.0,False,6
RATemp,numeric,0.35396998660550694,0.057707656954716725,0.03814527407430317,0.02374429223744291,1.0,1.0,False,7
Air Velo,numeric,0.12181591040826834,0.05595560343431981,0.03455609800566341,0.014155251141552494,1.0,1.0,False,8
