Feature,Type,Univariate_Score,Perm_DeltaR2,Perm_DeltaMAE,Perm_DeltaAcc,Combined_Score,Stability_Freq,Selected,Rank
Clothing,categorical,0.39075433617284083,0.0,0.0,0.0,1.0,1.0,True,1
Season,categorical,0.3423220618313034,0.012528920141654062,0.008685757040583119,0.004794520547945207,1.0,1.0,True,2
Activity,categorical,0.16546141439178608,0.0,0.0,0.0,1.0,1.0,True,3
MRT,numeric,0.33427764517134434,0.08312467874313705,0.05433871386138226,0.01643835616438356,1.0,1.0,False,4
RH,numeric,0.325604547468956,0.04190872807006335,0.028243817727054244,0.009817351598173527,1.0,1.0,False,5
Top,numeric,0.34820425437285063,0.0352353026985829,0.025205022926988323,0.0061643835616438415,1.0,1.0,False,6
RATemp,numeric,0.35396998660550694,0.024900856087950153,0.01772695934869995,0.0031963470319634688,1.0,1.0,False,7
Air Velo,numeric,0.12181591040826834,0.0557272729059872,0.03257570939902595,0.009132420091324209,1.0,1.0,False,8
