Feature,Type,Univariate_Score,Perm_DeltaR2,Perm_DeltaMAE,Perm_DeltaAcc,Combined_Score,Stability_Freq,Selected,Rank
Clothing,categorical,0.39075433617284083,0.004651753441208776,0.0089784155355671,0.013013698630136985,1.0,1.0,True,1
Season,categorical,0.3423220618313034,0.2990234951516983,0.17308245798007676,0.07579908675799087,1.0,1.0,True,2
Activity,categorical,0.16546141439178608,0.003028358700943268,0.001922455394445436,0.001141552511415526,1.0,1.0,True,3
MRT,numeric,0.33427764517134434,0.03027462944958248,0.028238813884554386,0.01369863013698631,1.0,1.0,False,4
RH,numeric,0.325604547468956,0.01746052425424105,0.015048674802874595,0.01004566210045662,1.0,1.0,False,5
Top,numeric,0.34820425437285063,0.010705095412847771,0.01165250399841653,0.014840182648401822,1.0,1.0,False,6
RATemp,numeric,0.35396998660550694,0.004137495379175782,0.004076920703026876,0.010273972602739725,1.0,1.0,False,7
Air Velo,numeric,0.12181591040826834,0.027222158472764258,0.016439508096777588,0.00844748858447489,1.0,1.0,False,8
