Feature,Type,Univariate_Score,Perm_DeltaR2,Perm_DeltaMAE,Perm_DeltaAcc,Combined_Score,Stability_Freq,Selected,Rank
MRT,numeric,0.19961525576076694,0.04156204065360872,0.034802280246251205,0.05082561178427181,1.0,1.0,True,1
RH,numeric,0.005344435399548221,0.011832265229337032,0.005766873137728057,0.021065969747366752,1.0,1.0,True,2
Top,numeric,0.22641087588146216,0.1788501578599307,0.08222164193360823,0.07186584303476677,1.0,1.0,True,3
RATemp,numeric,0.2118439991855703,0.06418822467112596,0.04867083529853843,0.060645838283044276,1.0,1.0,False,4
Air Velo,numeric,0.018771042586310023,0.008821440041327528,0.006719447943670779,0.005799081333650113,1.0,1.0,False,5
