Feature,Type,Univariate_Score,Perm_DeltaR2,Perm_DeltaMAE,Perm_DeltaAcc,Combined_Score,Stability_Freq,Selected,Rank
MRT,numeric,0.19961525576076694,0.008917714202979859,0.026645824438130322,0.05120772946859903,1.0,1.0,True,1
RH,numeric,0.005344435399548221,0.0,0.004595021659845763,0.02688287004038964,1.0,1.0,True,2
Top,numeric,0.22641087588146216,0.14720621517805338,0.08020803213257785,0.061382355270452195,1.0,1.0,True,3
RATemp,numeric,0.2118439991855703,0.040287954053662436,0.04777159540529058,0.07556822681555397,1.0,1.0,False,4
Air Velo,numeric,0.018771042586310023,0.0,0.000617792897631686,0.009465827195691771,1.0,1.0,False,5
