Feature,Type,Univariate_Score,Perm_DeltaR2,Perm_DeltaMAE,Perm_DeltaAcc,Combined_Score,Stability_Freq,Selected,Rank
MRT,numeric,0.19961525576076694,0.042384239037831624,0.0312954306602478,0.035570602676803675,1.0,1.0,True,1
RH,numeric,0.005344435399548221,0.005910638968149822,0.005058860778808594,0.018884137166389474,1.0,1.0,True,2
Top,numeric,0.22641087588146216,0.30968474547068275,0.13127156496047973,0.09514136374435732,1.0,1.0,True,3
RATemp,numeric,0.2118439991855703,0.04767800172170003,0.042621751626332596,0.07629088461233864,1.0,1.0,False,4
Air Velo,numeric,0.018771042586310023,0.010005418459574382,0.005491419633229573,0.00906985032074126,1.0,1.0,False,5
