Feature,Type,Univariate_Score,Perm_DeltaR2,Perm_DeltaMAE,Perm_DeltaAcc,Combined_Score,Stability_Freq,Selected,Rank
MRT,numeric,0.19961525576076694,0.01368581191818922,0.008128687939793955,0.013437475251445313,1.0,1.0,True,1
RH,numeric,0.005344435399548221,0.0,0.0,0.0,1.0,1.0,True,2
Top,numeric,0.22641087588146216,0.06980066232315203,0.030253871638087338,0.019982972994377127,1.0,1.0,True,3
RATemp,numeric,0.2118439991855703,0.06785860423200822,0.03124928003166606,0.01599152609487605,1.0,1.0,False,4
Air Velo,numeric,0.018771042586310023,0.0,0.0,0.0,1.0,1.0,False,5
