Feature,Type,Univariate_Score,Perm_DeltaR2,Perm_DeltaMAE,Perm_DeltaAcc,Combined_Score,Stability_Freq,Selected,Rank
Clothing,categorical,0.36107642774840565,0.018562984412082394,0.012396832476533351,0.01269841269841269,1.0,1.0,True,1
Season,categorical,0.0,0.0,2.2204460492503132e-17,0.0,1.0,1.0,True,2
Activity,categorical,0.0,3.700743415417188e-17,5.1810407815840633e-17,0.0,1.0,1.0,True,3
MRT,numeric,0.041044797892478044,0.018107604904318744,0.011237860954278478,0.017349575489110362,1.0,1.0,False,4
RH,numeric,0.0027651772560393123,0.010893626675223193,0.011082185047325055,0.011074197120708739,1.0,1.0,False,5
Top,numeric,0.06833100609793122,0.032632125913524664,0.025338072489193793,0.02366186784791435,1.0,1.0,False,6
RATemp,numeric,0.018579672702628686,0.016637093115716848,0.01162164360215061,0.029974160206718337,1.0,1.0,False,7
Air Velo,numeric,0.017172946142886843,0.04372569942111422,0.01874735286208916,0.023588039867109622,1.0,1.0,False,8
