Feature,Type,Univariate_Score,Perm_DeltaR2,Perm_DeltaMAE,Perm_DeltaAcc,Combined_Score,Stability_Freq,Selected,Rank
Clothing,categorical,0.36107642774840565,0.0025180697441101072,0.0009220321973164877,0.006349206349206349,1.0,1.0,True,1
Season,categorical,0.0,0.0,0.0,0.0,1.0,1.0,True,2
Activity,categorical,0.0,0.0,0.0,0.0,1.0,1.0,True,3
MRT,numeric,0.041044797892478044,0.04259042739868164,0.021360909938812254,0.023809523809523815,1.0,1.0,False,4
RH,numeric,0.0027651772560393123,0.01889477570851644,0.006602541605631511,0.025396825396825397,1.0,1.0,False,5
Top,numeric,0.06833100609793122,0.02205989360809326,0.015112900733947754,0.012550756736803259,1.0,1.0,False,6
RATemp,numeric,0.018579672702628686,0.016374707221984863,0.012733252843221026,0.02380952380952381,1.0,1.0,False,7
Air Velo,numeric,0.017172946142886843,0.014542122681935629,0.008271503448486327,0.023735695828719084,1.0,1.0,False,8
