Feature,Type,Univariate_Score,Perm_DeltaR2,Perm_DeltaMAE,Perm_DeltaAcc,Combined_Score,Stability_Freq,Selected,Rank
Clothing,categorical,0.13212140341337114,0.00286683298615474,0.0021545917884317365,0.0043895836952116225,1.0,1.0,True,1
Season,categorical,0.024364923877041998,0.018714759478614073,0.014235054977066017,0.007903421921139481,1.0,1.0,True,2
Activity,categorical,0.003723005400763959,0.003982907011128918,0.0033238625435995984,0.006811996989172601,1.0,1.0,True,3
MRT,numeric,0.14295464481428105,0.027224614114525987,0.019633056512575204,0.018891494412599158,1.0,1.0,False,4
RH,numeric,0.0034558369527280227,0.01177228667043293,0.00925220779507987,0.01185368536853686,1.0,1.0,False,5
Top,numeric,0.2583906156626027,0.10195897322118311,0.06868624706485682,0.04325603612992878,1.0,1.0,False,6
RATemp,numeric,0.25737310816365094,0.11709460656340354,0.07875520182696351,0.05228489954258584,1.0,1.0,False,7
Air Velo,numeric,0.021045774083030204,0.009332379013627023,0.008072984001509027,0.012510856348792773,1.0,1.0,False,8
