Feature,Type,Univariate_Score,Perm_DeltaR2,Perm_DeltaMAE,Perm_DeltaAcc,Combined_Score,Stability_Freq,Selected,Rank
Clothing,categorical,0.13212140341337114,0.017102400705857217,0.013245797451821032,0.016239650280817544,1.0,1.0,True,1
Season,categorical,0.024364923877041998,0.023392419714289604,0.014132382589700333,0.005489693706212731,1.0,1.0,True,2
Activity,categorical,0.003723005400763959,0.001518678394663094,0.0027170141551904783,0.006143245903537731,1.0,1.0,True,3
MRT,numeric,0.14295464481428105,0.0038029347993778252,0.0025201950897407953,0.003300330033003296,1.0,1.0,False,4
RH,numeric,0.0034558369527280227,0.0008233146415863368,0.004478278205405324,0.005711163221585317,1.0,1.0,False,5
Top,numeric,0.2583906156626027,0.087743293099953,0.0550553427648795,0.038217242776909265,1.0,1.0,False,6
RATemp,numeric,0.25737310816365094,0.0698410041856113,0.046949940117509,0.029212987088182492,1.0,1.0,False,7
Air Velo,numeric,0.021045774083030204,0.003003936664547961,0.004304516363138711,0.003732412714955702,1.0,1.0,False,8
