Feature,Type,Univariate_Score,Perm_DeltaR2,Perm_DeltaMAE,Perm_DeltaAcc,Combined_Score,Stability_Freq,Selected,Rank
Clothing,categorical,0.13212140341337114,0.003692317008972168,0.0035187085469563805,0.005267500434253946,1.0,1.0,True,1
Season,categorical,0.024364923877041998,0.00657646656036377,0.002451372146606445,0.0008786404956285133,1.0,1.0,True,2
Activity,categorical,0.003723005400763959,0.0011368632316589356,0.0009754021962483725,0.0004393202478142529,1.0,1.0,True,3
MRT,numeric,0.14295464481428105,0.017799540360768633,0.012882129351298014,0.009673730530947824,1.0,1.0,False,4
RH,numeric,0.0034558369527280227,0.004636255900065104,0.003776899973551432,0.008570725493601994,1.0,1.0,False,5
Top,numeric,0.2583906156626027,0.1465508778889974,0.09269036054611206,0.0480929013954027,1.0,1.0,False,6
RATemp,numeric,0.25737310816365094,0.08047047058741251,0.055585404237111405,0.028568119969891725,1.0,1.0,False,7
Air Velo,numeric,0.021045774083030204,0.0035022854804992675,0.002817237377166748,0.009010045741416242,1.0,1.0,False,8
