Feature,Type,Univariate_Score,Perm_DeltaR2,Perm_DeltaMAE,Perm_DeltaAcc,Combined_Score,Stability_Freq,Selected,Rank
Clothing,categorical,0.36107642774840565,0.0013850117413586696,0.0004527170318455509,0.0,1.0,1.0,True,1
Season,categorical,0.0,0.0,0.0,0.0,1.0,1.0,True,2
Activity,categorical,0.0,0.0,0.0,0.0,1.0,1.0,True,3
MRT,numeric,0.041044797892478044,0.03602868370986562,0.022619693755481535,0.03300110741971208,1.0,1.0,False,4
RH,numeric,0.0027651772560393123,0.02204364669438675,0.01054417818146259,0.028423772609819126,1.0,1.0,False,5
Top,numeric,0.06833100609793122,0.01705197650905328,0.014694736225218965,0.020376522702104112,1.0,1.0,False,6
RATemp,numeric,0.018579672702628686,0.02130845560640992,0.015591506622113874,0.03462532299741602,1.0,1.0,False,7
Air Velo,numeric,0.017172946142886843,0.010067990976182984,0.007264239623204505,0.023551125876707275,1.0,1.0,False,8
