Feature,Type,Univariate_Score,Perm_DeltaR2,Perm_DeltaMAE,Perm_DeltaAcc,Combined_Score,Stability_Freq,Selected,Rank
Clothing,categorical,0.39075433617284083,0.010066279703562664,0.008071432575486853,0.007534246575342456,1.0,1.0,True,1
Season,categorical,0.3423220618313034,0.06349715869609106,0.04046778450134177,0.00981735159817351,1.0,1.0,True,2
Activity,categorical,0.16546141439178608,0.010881061395766892,0.005436685007911657,0.0018264840182648325,1.0,1.0,True,3
MRT,numeric,0.33427764517134434,0.0921520340071389,0.06627158125051225,0.035159817351598156,1.0,1.0,False,4
RH,numeric,0.325604547468956,0.0696152477649893,0.04793303527227623,0.03401826484018264,1.0,1.0,False,5
Top,numeric,0.34820425437285063,0.08894611020788928,0.06612123065007966,0.036986301369862994,1.0,1.0,False,6
RATemp,numeric,0.35396998660550694,0.05325726701453402,0.03675233453079635,0.024429223744292225,1.0,1.0,False,7
Air Velo,numeric,0.12181591040826834,0.05257001768161886,0.03300163080073499,0.013698630136986283,1.0,1.0,False,8
