Feature,Type,Univariate_Score,Perm_DeltaR2,Perm_DeltaMAE,Perm_DeltaAcc,Combined_Score,Stability_Freq,Selected,Rank
Clothing,categorical,0.39075433617284083,0.0,0.0,0.0,1.0,1.0,True,1
Season,categorical,0.3423220618313034,0.013052994893224808,0.008979630456692604,0.0034246575342465778,1.0,1.0,True,2
Activity,categorical,0.16546141439178608,0.0,0.0,0.0,1.0,1.0,True,3
MRT,numeric,0.33427764517134434,0.07809790576204093,0.04961769609095865,0.00936073059360731,1.0,1.0,False,4
RH,numeric,0.325604547468956,0.042778412996625145,0.028079894098579,0.005251141552511418,1.0,1.0,False,5
Top,numeric,0.34820425437285063,0.03239989878676617,0.021650218350419203,0.0013698630136986319,1.0,1.0,False,6
RATemp,numeric,0.35396998660550694,0.02440056100050187,0.01795819276871414,0.0015981735159817378,1.0,1.0,False,7
Air Velo,numeric,0.12181591040826834,0.055040235202181584,0.031786257586135534,0.009817351598173523,1.0,1.0,False,8
