Feature,Type,Univariate_Score,Perm_DeltaR2,Perm_DeltaMAE,Perm_DeltaAcc,Combined_Score,Stability_Freq,Selected,Rank
Clothing,categorical,0.39075433617284083,0.004059308072960502,0.004534093608122625,0.007990867579908672,1.0,1.0,True,1
Season,categorical,0.3423220618313034,0.2960008044355967,0.17903274277689568,0.08401826484018265,1.0,1.0,True,2
Activity,categorical,0.16546141439178608,0.003190490435156416,0.0020513188606980405,0.0004566210045662118,1.0,1.0,True,3
MRT,numeric,0.33427764517134434,0.028951003223886478,0.025196577273998717,0.017123287671232872,1.0,1.0,False,4
RH,numeric,0.325604547468956,0.020924899799497736,0.017758524485190337,0.008675799086757998,1.0,1.0,False,5
Top,numeric,0.34820425437285063,0.008983791692815078,0.008856133494354271,0.01187214611872146,1.0,1.0,False,6
RATemp,numeric,0.35396998660550694,0.006734059343442208,0.006328306905944355,0.004109589041095892,1.0,1.0,False,7
Air Velo,numeric,0.12181591040826834,0.01954949029099159,0.012635190125511347,0.009817351598173518,1.0,1.0,False,8
