Feature,Type,Univariate_Score,Perm_DeltaR2,Perm_DeltaMAE,Perm_DeltaAcc,Combined_Score,Stability_Freq,Selected,Rank
Clothing,categorical,0.39075433617284083,0.003890550136566162,0.005151005585988362,0.012785388127853889,1.0,1.0,True,1
Season,categorical,0.3423220618313034,0.03485557238260905,0.024638362725575767,0.018036529680365294,1.0,1.0,True,2
Activity,categorical,0.16546141439178608,0.0005757808685302734,0.0002617994944254557,0.0006849315068493178,1.0,1.0,True,3
MRT,numeric,0.33427764517134434,0.24501501719156898,0.15018671353658042,0.07100456621004565,1.0,1.0,False,4
RH,numeric,0.325604547468956,0.04741823673248291,0.035637927055358884,0.025570776255707757,1.0,1.0,False,5
Top,numeric,0.34820425437285063,0.04145551125208537,0.0322216788927714,0.0228310502283105,1.0,1.0,False,6
RATemp,numeric,0.35396998660550694,0.06624373594919841,0.040476493040720624,0.01986301369863013,1.0,1.0,False,7
Air Velo,numeric,0.12181591040826834,0.0201456348101298,0.012209033966064453,0.007077625570776255,1.0,1.0,False,8
