Feature,Type,Univariate_Score,Perm_DeltaR2,Perm_DeltaMAE,Perm_DeltaAcc,Combined_Score,Stability_Freq,Selected,Rank
MRT,numeric,0.19961525576076694,0.04006285667419433,0.02936798334121704,0.0363447374673319,1.0,1.0,True,1
RH,numeric,0.005344435399548221,0.010392494996388753,0.005646828810373943,0.01453829096380771,1.0,1.0,True,2
Top,numeric,0.22641087588146216,0.3053922971089681,0.12649016777674355,0.09113209788548349,1.0,1.0,True,3
RATemp,numeric,0.2118439991855703,0.047629002730051676,0.04156322081883748,0.07301417597212322,1.0,1.0,False,4
Air Velo,numeric,0.018771042586310023,0.018047523498535157,0.008768228689829509,0.011251682901718537,1.0,1.0,False,5
