Feature,Type,Univariate_Score,Perm_DeltaR2,Perm_DeltaMAE,Perm_DeltaAcc,Combined_Score,Stability_Freq,Selected,Rank
MRT,numeric,0.19961525576076694,0.014830190437425375,0.00799020653268278,0.01235645838283044,1.0,1.0,True,1
RH,numeric,0.005344435399548221,0.0,0.0,0.0,1.0,1.0,True,2
Top,numeric,0.22641087588146216,0.07342151485761242,0.031214111630486197,0.018533697632058276,1.0,1.0,True,3
RATemp,numeric,0.2118439991855703,0.06768513501516973,0.029906444829862266,0.012338639423457672,1.0,1.0,False,4
Air Velo,numeric,0.018771042586310023,0.0,0.0,0.0,1.0,1.0,False,5
