Feature,Type,Univariate_Score,Perm_DeltaR2,Perm_DeltaMAE,Perm_DeltaAcc,Combined_Score,Stability_Freq,Selected,Rank
MRT,numeric,0.19961525576076694,0.005269569326432484,0.02447663570862042,0.046495604656688054,1.0,1.0,True,1
RH,numeric,0.005344435399548221,8.954720723185113e-05,0.005133704837940822,0.02505147699374356,1.0,1.0,True,2
Top,numeric,0.22641087588146216,0.13949720783967573,0.08072124801788395,0.07155500118793062,1.0,1.0,True,3
RATemp,numeric,0.2118439991855703,0.03347576554741029,0.04509438657394639,0.07410905203136137,1.0,1.0,False,4
Air Velo,numeric,0.018771042586310023,0.0015485855985707324,0.0023656237938455725,0.007998732874000162,1.0,1.0,False,5
