Model,RMSE,MAE,R2,Accuracy,Residual_STD,MBE,Train_Accuracy,Avg_Num_Features
catboost,0.7524340663681297,0.6277429632236696,0.25197288420905134,0.447671655975291,0.745826208408305,-0.0039863477177854035,0.4795810858403307,5.0
extratrees,0.7962924689234653,0.6448642317526243,0.16117609650203754,0.44112615823235923,0.787852238649517,-0.005952099401377452,0.576254240115665,5.0
elasticnet,0.8004409847490912,0.6926677166768288,0.15478158862668398,0.3474518888096935,0.7952726377996081,0.0010606776084445858,0.35484587295408626,5.0
xgboost,0.7686084553527291,0.6487128496170044,0.22004634141921997,0.4248039914468995,0.7619181153004119,-0.006643356363928307,0.5185249031492706,5.0
