Feature,Type,Univariate_Score,Perm_DeltaR2,Perm_DeltaMAE,Perm_DeltaAcc,Combined_Score,Stability_Freq,Selected,Rank
MRT,numeric,0.19961525576076694,0.0474560797770298,0.03697060928190527,0.060259760829967535,1.0,1.0,True,1
RH,numeric,0.005344435399548221,0.015363077025630084,0.006583815924407888,0.01707650273224044,1.0,1.0,True,2
Top,numeric,0.22641087588146216,0.18358231975374478,0.08845123736645692,0.08202858953037143,1.0,1.0,True,3
RATemp,numeric,0.2118439991855703,0.07034370730854944,0.0487881336938691,0.0657064227449117,1.0,1.0,False,4
Air Velo,numeric,0.018771042586310023,0.01347109016312889,0.00982264799136879,0.01016472637997941,1.0,1.0,False,5
