Feature,Type,Univariate_Score,Perm_DeltaR2,Perm_DeltaMAE,Perm_DeltaAcc,Combined_Score,Stability_Freq,Selected,Rank
Clothing,categorical,0.36107642774840565,0.0009355414054738793,0.001123914075851181,0.004688076781100041,1.0,1.0,True,1
Season,categorical,0.0,0.0,0.0,0.0,1.0,1.0,True,2
Activity,categorical,0.0,0.0,0.0,0.0,1.0,1.0,True,3
MRT,numeric,0.041044797892478044,0.04518046909081376,0.025386320251134166,0.025286083425618316,1.0,1.0,False,4
RH,numeric,0.0027651772560393123,0.014898144203167507,0.01015833934297797,0.030011074197120707,1.0,1.0,False,5
Top,numeric,0.06833100609793122,0.03920689114459652,0.02395377435378108,0.015725359911406424,1.0,1.0,False,6
RATemp,numeric,0.018579672702628686,0.030557169809099904,0.0179041100734507,0.03307493540051679,1.0,1.0,False,7
Air Velo,numeric,0.017172946142886843,0.013347032585891946,0.004346978214107463,0.02059800664451828,1.0,1.0,False,8
