Feature,Type,Univariate_Score,Perm_DeltaR2,Perm_DeltaMAE,Perm_DeltaAcc,Combined_Score,Stability_Freq,Selected,Rank
Clothing,categorical,0.13212140341337114,0.029635433027748986,0.01944768976431873,0.016682589311562735,1.0,1.0,True,1
Season,categorical,0.024364923877041998,0.029118913109721443,0.017598512152355104,0.007472062995773257,1.0,1.0,True,2
Activity,categorical,0.003723005400763959,0.0017784457577867028,0.00371100511374182,0.010757917897052863,1.0,1.0,True,3
MRT,numeric,0.14295464481428105,0.005882825260551469,0.0032739198093899207,0.006817787041862078,1.0,1.0,False,4
RH,numeric,0.0034558369527280227,0.002271955399687875,0.0033398673834368862,0.004828903943025883,1.0,1.0,False,5
Top,numeric,0.2583906156626027,0.08400876582082174,0.05357180069768184,0.02767500434253951,1.0,1.0,False,6
RATemp,numeric,0.25737310816365094,0.07938723778594116,0.054095860034351836,0.03403682473510508,1.0,1.0,False,7
Air Velo,numeric,0.021045774083030204,0.00234916973398341,0.0029811362308269198,0.007692084997973485,1.0,1.0,False,8
