Feature,Type,Univariate_Score,Perm_DeltaR2,Perm_DeltaMAE,Perm_DeltaAcc,Combined_Score,Stability_Freq,Selected,Rank
Clothing,categorical,0.13212140341337114,0.0026186699377156375,0.001733059204060705,0.0046081581842394755,1.0,1.0,True,1
Season,categorical,0.024364923877041998,0.01748731923569017,0.01326850388263808,0.006585461177696717,1.0,1.0,True,2
Activity,categorical,0.003723005400763959,0.0034647464523463343,0.0029236911114628823,0.005714782004516246,1.0,1.0,True,3
MRT,numeric,0.14295464481428105,0.026683846083668195,0.017566241920470106,0.019329367147241032,1.0,1.0,False,4
RH,numeric,0.0034558369527280227,0.013325174867437345,0.010253680968610042,0.012292281859764926,1.0,1.0,False,5
Top,numeric,0.2583906156626027,0.10432047683057107,0.06796545090326227,0.045014040877771985,1.0,1.0,False,6
RATemp,numeric,0.25737310816365094,0.12095656708310465,0.07800852008456757,0.04809434890857507,1.0,1.0,False,7
Air Velo,numeric,0.021045774083030204,0.0086619461046256,0.007131378370866919,0.012078773666840365,1.0,1.0,False,8
