Feature,Type,Univariate_Score,Perm_DeltaR2,Perm_DeltaMAE,Perm_DeltaAcc,Combined_Score,Stability_Freq,Selected,Rank
Clothing,categorical,0.36107642774840565,0.04296478079288578,0.020574031893628178,0.012698412698412695,1.0,1.0,True,1
Season,categorical,0.0,0.0,0.0,0.0,1.0,1.0,True,2
Activity,categorical,0.0,0.0,0.0,0.0,1.0,1.0,True,3
MRT,numeric,0.041044797892478044,0.027232677508100656,0.01640903493848541,0.025212255444813574,1.0,1.0,False,4
RH,numeric,0.0027651772560393123,0.02505472433350018,0.016574400429670115,0.02214839424141748,1.0,1.0,False,5
Top,numeric,0.06833100609793122,0.045348277349878834,0.02367668987247082,0.0238095238095238,1.0,1.0,False,6
RATemp,numeric,0.018579672702628686,0.02204624556921409,0.014948464727523212,0.01901070505721667,1.0,1.0,False,7
Air Velo,numeric,0.017172946142886843,0.02894457511606465,0.013296612103183381,0.020450350682908815,1.0,1.0,False,8
