Feature,Type,Univariate_Score,Perm_DeltaR2,Perm_DeltaMAE,Perm_DeltaAcc,Combined_Score,Stability_Freq,Selected,Rank
Clothing,categorical,0.13212140341337114,0.003115435441335042,0.0037854830423990882,0.005267500434253947,1.0,1.0,True,1
Season,categorical,0.024364923877041998,0.005895435810089111,0.0021143356959025064,0.0002192982456140339,1.0,1.0,True,2
Activity,categorical,0.003723005400763959,0.0008546710014343262,0.0008381247520446777,0.0006593422500144755,1.0,1.0,True,3
MRT,numeric,0.14295464481428105,0.023806508382161456,0.014385652542114259,0.01055454229633489,1.0,1.0,False,4
RH,numeric,0.0034558369527280227,0.007161863644917807,0.003625090916951497,0.006809825719414049,1.0,1.0,False,5
Top,numeric,0.2583906156626027,0.13495055834452313,0.08464540243148803,0.04766878003589832,1.0,1.0,False,6
RATemp,numeric,0.25737310816365094,0.08123570283253986,0.057219950358072924,0.02923108100283712,1.0,1.0,False,7
Air Velo,numeric,0.021045774083030204,0.006238500277201334,0.004997889200846354,0.007032018991372813,1.0,1.0,False,8
