Feature,Type,Univariate_Score,Perm_DeltaR2,Perm_DeltaMAE,Perm_DeltaAcc,Combined_Score,Stability_Freq,Selected,Rank
Clothing,categorical,0.36107642774840565,0.0018610040346781413,0.0019937237103780114,0.004761904761904763,1.0,1.0,True,1
Season,categorical,0.0,0.0,0.0,0.0,1.0,1.0,True,2
Activity,categorical,0.0,0.0,0.0,0.0,1.0,1.0,True,3
MRT,numeric,0.041044797892478044,0.0361623207728068,0.023014763991038006,0.022185308231819856,1.0,1.0,False,4
RH,numeric,0.0027651772560393123,0.014498539765675864,0.006179086367289225,0.026873385012919897,1.0,1.0,False,5
Top,numeric,0.06833100609793122,0.03861645062764486,0.022547773520151772,0.01897379106681433,1.0,1.0,False,6
RATemp,numeric,0.018579672702628686,0.023322697480519614,0.013906534512837729,0.020634920634920638,1.0,1.0,False,7
Air Velo,numeric,0.017172946142886843,0.01496166785558065,0.00916752020517985,0.00948689553340716,1.0,1.0,False,8
