Feature,Type,Univariate_Score,Perm_DeltaR2,Perm_DeltaMAE,Perm_DeltaAcc,Combined_Score,Stability_Freq,Selected,Rank
Clothing,categorical,0.39075433617284083,0.004689576864329878,0.007165757925633528,0.010730593607305935,1.0,1.0,True,1
Season,categorical,0.3423220618313034,0.3023071187175025,0.1840016791086759,0.0915525114155251,1.0,1.0,True,2
Activity,categorical,0.16546141439178608,0.0031886317517613393,0.0011236265000347542,0.0,1.0,1.0,True,3
MRT,numeric,0.33427764517134434,0.02735530734438757,0.022101101018591175,0.013013698630136983,1.0,1.0,False,4
RH,numeric,0.325604547468956,0.021785107593963543,0.01827463397277532,0.013013698630136985,1.0,1.0,False,5
Top,numeric,0.34820425437285063,0.010694118589955504,0.009621963986855997,0.010958904109589045,1.0,1.0,False,6
RATemp,numeric,0.35396998660550694,0.007432631602242455,0.00725074008969516,0.008675799086757988,1.0,1.0,False,7
Air Velo,numeric,0.12181591040826834,0.02689550668742919,0.015437326248559669,0.009360730593607307,1.0,1.0,False,8
