Feature,Type,Univariate_Score,Perm_DeltaR2,Perm_DeltaMAE,Perm_DeltaAcc,Combined_Score,Stability_Freq,Selected,Rank
Clothing,categorical,0.39075433617284083,0.0031810959180196127,0.0032251477241516105,0.008447488584474883,1.0,1.0,True,1
Season,categorical,0.3423220618313034,0.04007548888524374,0.0275463859240214,0.020091324200913245,1.0,1.0,True,2
Activity,categorical,0.16546141439178608,0.0003943324089050293,0.0002674102783203125,0.0020547945205479532,1.0,1.0,True,3
MRT,numeric,0.33427764517134434,0.24341455698013306,0.14753292401631674,0.07328767123287672,1.0,1.0,False,4
RH,numeric,0.325604547468956,0.05327747662862141,0.036953071753184005,0.02328767123287671,1.0,1.0,False,5
Top,numeric,0.34820425437285063,0.040234319368998205,0.03236605326334635,0.026712328767123296,1.0,1.0,False,6
RATemp,numeric,0.35396998660550694,0.07044650713602703,0.045533533891042074,0.02374429223744292,1.0,1.0,False,7
Air Velo,numeric,0.12181591040826834,0.0240188995997111,0.013855918248494465,0.010045662100456616,1.0,1.0,False,8
