Feature,Type,Univariate_Score,Perm_DeltaR2,Perm_DeltaMAE,Perm_DeltaAcc,Combined_Score,Stability_Freq,Selected,Rank
Clothing,categorical,0.39075433617284083,0.0,0.0,0.0,1.0,1.0,True,1
Season,categorical,0.3423220618313034,0.0131576927131895,0.008869120166632483,0.0029680365296803697,1.0,1.0,True,2
Activity,categorical,0.16546141439178608,0.0,0.0,0.0,1.0,1.0,True,3
MRT,numeric,0.33427764517134434,0.08335831704754446,0.055944272877054876,0.012785388127853884,1.0,1.0,False,4
RH,numeric,0.325604547468956,0.04103460371820936,0.029130940695616503,0.008675799086757988,1.0,1.0,False,5
Top,numeric,0.34820425437285063,0.03489331081608916,0.024952032910310583,0.0034246575342465778,1.0,1.0,False,6
RATemp,numeric,0.35396998660550694,0.025486978808112504,0.01873697719132096,0.0027397260273972638,1.0,1.0,False,7
Air Velo,numeric,0.12181591040826834,0.054401792301481275,0.030601425807039957,0.004566210045662104,1.0,1.0,False,8
