Feature,Type,Univariate_Score,Perm_DeltaR2,Perm_DeltaMAE,Perm_DeltaAcc,Combined_Score,Stability_Freq,Selected,Rank
Clothing,categorical,0.39075433617284083,0.009827162318347453,0.006294574912672875,0.004566210045662092,1.0,1.0,True,1
Season,categorical,0.3423220618313034,0.06479366378430046,0.045743659384626066,0.02671232876712328,1.0,1.0,True,2
Activity,categorical,0.16546141439178608,0.009955457775149066,0.004904935857089983,0.0029680365296803624,1.0,1.0,True,3
MRT,numeric,0.33427764517134434,0.09221010387638327,0.06317058907943297,0.02260273972602738,1.0,1.0,False,4
RH,numeric,0.325604547468956,0.06640122028056457,0.04688958703056791,0.028310502283105006,1.0,1.0,False,5
Top,numeric,0.34820425437285063,0.09014775813440287,0.06637997766142725,0.03401826484018263,1.0,1.0,False,6
RATemp,numeric,0.35396998660550694,0.0528834645530377,0.03633379234651206,0.025799086757990853,1.0,1.0,False,7
Air Velo,numeric,0.12181591040826834,0.052537289903468544,0.032247543486450446,0.008675799086757984,1.0,1.0,False,8
