Feature,Type,Univariate_Score,Perm_DeltaR2,Perm_DeltaMAE,Perm_DeltaAcc,Combined_Score,Stability_Freq,Selected,Rank
MRT,numeric,0.19961525576076694,0.009143629814908853,0.02801155528209171,0.050845410628019325,1.0,1.0,True,1
RH,numeric,0.005344435399548221,0.0,0.004644484041117851,0.023978379662627707,1.0,1.0,True,2
Top,numeric,0.22641087588146216,0.14455049998189573,0.08533959212773597,0.0722440009503445,1.0,1.0,True,3
RATemp,numeric,0.2118439991855703,0.04539968779656771,0.05507671390632011,0.07808861962461391,1.0,1.0,False,4
Air Velo,numeric,0.018771042586310023,0.0,0.0009356952653907458,0.010186505108101688,1.0,1.0,False,5
