Feature,Type,Univariate_Score,Perm_DeltaR2,Perm_DeltaMAE,Perm_DeltaAcc,Combined_Score,Stability_Freq,Selected,Rank
MRT,numeric,0.19961525576076694,0.011825587021161306,0.007378000744210874,0.008713471133285806,1.0,1.0,True,1
RH,numeric,0.005344435399548221,0.0,0.0,0.0,1.0,1.0,True,2
Top,numeric,0.22641087588146216,0.07190735851835463,0.03050818199836274,0.016706264354161712,1.0,1.0,True,3
RATemp,numeric,0.2118439991855703,0.07204811888097815,0.03076268724713931,0.0207095905599113,1.0,1.0,False,4
Air Velo,numeric,0.018771042586310023,0.0,0.0,0.0,1.0,1.0,False,5
