Feature,Type,Univariate_Score,Perm_DeltaR2,Perm_DeltaMAE,Perm_DeltaAcc,Combined_Score,Stability_Freq,Selected,Rank
MRT,numeric,0.19961525576076694,0.04758680250159989,0.03682577008041028,0.0493664370000792,1.0,1.0,True,1
RH,numeric,0.005344435399548221,0.012684914198440205,0.0068064489047016926,0.018876217628890482,1.0,1.0,True,2
Top,numeric,0.22641087588146216,0.2018080523841948,0.09355881061579564,0.09114991684485627,1.0,1.0,True,3
RATemp,numeric,0.2118439991855703,0.06868871328342815,0.047861437750310945,0.06066365724241705,1.0,1.0,False,4
Air Velo,numeric,0.018771042586310023,0.018000572184922667,0.010158728579086255,0.011615981626673,1.0,1.0,False,5
