Feature,Type,Univariate_Score,Perm_DeltaR2,Perm_DeltaMAE,Perm_DeltaAcc,Combined_Score,Stability_Freq,Selected,Rank
MRT,numeric,0.19961525576076694,0.03777770201365153,0.028154353300730385,0.03452324384255959,1.0,1.0,True,1
RH,numeric,0.005344435399548221,0.006552966435750327,0.005181562900543213,0.022156886037855386,1.0,1.0,True,2
Top,numeric,0.22641087588146216,0.3214328845342,0.12976950407028198,0.08098123069612734,1.0,1.0,True,3
RATemp,numeric,0.2118439991855703,0.041685112317403156,0.03625267744064331,0.05376376019640452,1.0,1.0,False,4
Air Velo,numeric,0.018771042586310023,0.012465250492095948,0.007654412587483723,0.01305931733586759,1.0,1.0,False,5
