Feature,Type,Univariate_Score,Perm_DeltaR2,Perm_DeltaMAE,Perm_DeltaAcc,Combined_Score,Stability_Freq,Selected,Rank
Clothing,categorical,0.13212140341337114,0.0022696676654798834,0.0011196195834877927,0.003291644953969082,1.0,1.0,True,1
Season,categorical,0.024364923877041998,0.016661015238412118,0.013029950612791307,0.007023333912338595,1.0,1.0,True,2
Activity,categorical,0.003723005400763959,0.002784220415275122,0.002654156738471099,0.004834693995715367,1.0,1.0,True,3
MRT,numeric,0.14295464481428105,0.024288791070834797,0.015684155787777,0.018011406403798273,1.0,1.0,False,4
RH,numeric,0.0034558369527280227,0.011756957898961865,0.008465312530634561,0.010755746627294309,1.0,1.0,False,5
Top,numeric,0.2583906156626027,0.09679470161099568,0.06518048298407367,0.04062445718256037,1.0,1.0,False,6
RATemp,numeric,0.25737310816365094,0.12093632682465046,0.0801955927580001,0.05600500839557641,1.0,1.0,False,7
Air Velo,numeric,0.021045774083030204,0.008381064008321327,0.007621381069659381,0.01273883967344103,1.0,1.0,False,8
