Feature,Type,Univariate_Score,Perm_DeltaR2,Perm_DeltaMAE,Perm_DeltaAcc,Combined_Score,Stability_Freq,Selected,Rank
Clothing,categorical,0.13212140341337114,0.008166285355885823,0.006310415267944336,0.007462654160152855,1.0,1.0,True,1
Season,categorical,0.024364923877041998,0.007793593406677246,0.003697673479715983,0.0008779167390423282,1.0,1.0,True,2
Activity,categorical,0.003723005400763959,0.000985268751780192,0.0008084217707316082,0.0004393202478142566,1.0,1.0,True,3
MRT,numeric,0.14295464481428105,0.02086013158162435,0.01531522274017334,0.010550199756817782,1.0,1.0,False,4
RH,numeric,0.0034558369527280227,0.006239473819732666,0.0036442677179972334,0.006148312199641015,1.0,1.0,False,5
Top,numeric,0.2583906156626027,0.1403613249460856,0.08765900135040282,0.04372068785825951,1.0,1.0,False,6
RATemp,numeric,0.25737310816365094,0.08037419319152832,0.05526863733927408,0.03032033466504545,1.0,1.0,False,7
Air Velo,numeric,0.021045774083030204,0.007471978664398193,0.00761015017827352,0.010105813212900236,1.0,1.0,False,8
