Feature,Type,Univariate_Score,Perm_DeltaR2,Perm_DeltaMAE,Perm_DeltaAcc,Combined_Score,Stability_Freq,Selected,Rank
Clothing,categorical,0.36107642774840565,0.013744620081177916,0.006511912553936454,0.019047619047619035,1.0,1.0,True,1
Season,categorical,0.0,4.4408920985006264e-17,5.921189464667501e-17,0.0,1.0,1.0,True,2
Activity,categorical,0.0,1.4802973661668754e-17,4.440892098500626e-17,0.0,1.0,1.0,True,3
MRT,numeric,0.041044797892478044,0.034928763224982465,0.019568891805595814,0.014248800295311915,1.0,1.0,False,4
RH,numeric,0.0027651772560393123,0.020032799536945513,0.012279070598441872,0.009523809523809516,1.0,1.0,False,5
Top,numeric,0.06833100609793122,0.05325851685948031,0.030699880525812358,0.020524178663713533,1.0,1.0,False,6
RATemp,numeric,0.018579672702628686,0.02064652256649294,0.014930790075815867,0.023661867847914346,1.0,1.0,False,7
Air Velo,numeric,0.017172946142886843,0.024956666456916885,0.00923745782904172,0.018789221114802503,1.0,1.0,False,8
