Feature,Type,Univariate_Score,Perm_DeltaR2,Perm_DeltaMAE,Perm_DeltaAcc,Combined_Score,Stability_Freq,Selected,Rank
Clothing,categorical,0.36107642774840565,0.0033920725186665857,0.0025777101516723635,0.003174603174603178,1.0,1.0,True,1
Season,categorical,0.0,0.0,0.0,0.0,1.0,1.0,True,2
Activity,categorical,0.0,0.0,0.0,0.0,1.0,1.0,True,3
MRT,numeric,0.041044797892478044,0.04739973147710164,0.027414520581563313,0.026984126984126982,1.0,1.0,False,4
RH,numeric,0.0027651772560393123,0.01788971424102783,0.007688260078430176,0.028460686600221486,1.0,1.0,False,5
Top,numeric,0.06833100609793122,0.03568501472473144,0.019392414887746172,0.007899593946105576,1.0,1.0,False,6
RATemp,numeric,0.018579672702628686,0.01603868802388509,0.010368561744689942,0.02222222222222222,1.0,1.0,False,7
Air Velo,numeric,0.017172946142886843,0.018818803628285728,0.01218018134435018,0.011074197120708746,1.0,1.0,False,8
