Feature,Type,Univariate_Score,Perm_DeltaR2,Perm_DeltaMAE,Perm_DeltaAcc,Combined_Score,Stability_Freq,Selected,Rank
Clothing,categorical,0.13212140341337114,0.020796707744316568,0.013670629486295294,0.01339239187076601,1.0,1.0,True,1
Season,categorical,0.024364923877041998,0.02483823342823746,0.015677741408579075,0.007022610155752421,1.0,1.0,True,2
Activity,categorical,0.003723005400763959,0.002304133105543012,0.004144854707316752,0.010752127844363387,1.0,1.0,True,3
MRT,numeric,0.14295464481428105,0.004417517632800457,0.0023671426530551248,0.007260726072607256,1.0,1.0,False,4
RH,numeric,0.0034558369527280227,0.002996902137421276,0.004777417126509424,0.005488969949626535,1.0,1.0,False,5
Top,numeric,0.2583906156626027,0.08232760003124509,0.0528428120537768,0.031646256730936254,1.0,1.0,False,6
RATemp,numeric,0.25737310816365094,0.0713868183984143,0.045954754549228566,0.028767876787678764,1.0,1.0,False,7
Air Velo,numeric,0.021045774083030204,0.001676637835856809,0.0030198459331004434,0.007692808754559662,1.0,1.0,False,8
