Feature,Type,Univariate_Score,Perm_DeltaR2,Perm_DeltaMAE,Perm_DeltaAcc,Combined_Score,Stability_Freq,Selected,Rank
Clothing,categorical,0.36107642774840565,0.0017880115250653583,0.0010880856417133063,0.0,1.0,1.0,True,1
Season,categorical,0.0,0.0,0.0,0.0,1.0,1.0,True,2
Activity,categorical,0.0,0.0,0.0,0.0,1.0,1.0,True,3
MRT,numeric,0.041044797892478044,0.030333496474681594,0.023037054112519655,0.02045035068290883,1.0,1.0,False,4
RH,numeric,0.0027651772560393123,0.028995637623600967,0.013902875396435893,0.03163528977482465,1.0,1.0,False,5
Top,numeric,0.06833100609793122,0.03575162361731883,0.02107415559421772,0.017386489479512744,1.0,1.0,False,6
RATemp,numeric,0.018579672702628686,0.03265249518123149,0.019804328029867802,0.03621262458471761,1.0,1.0,False,7
Air Velo,numeric,0.017172946142886843,0.01556896963669403,0.007571086737185866,0.020598006644518274,1.0,1.0,False,8
