Feature,Type,Univariate_Score,Perm_DeltaR2,Perm_DeltaMAE,Perm_DeltaAcc,Combined_Score,Stability_Freq,Selected,Rank
Clothing,categorical,0.39075433617284083,0.007107846231087148,0.00621476281425158,0.006621004566210039,1.0,1.0,True,1
Season,categorical,0.3423220618313034,0.05441361242807964,0.03617085533614801,0.018949771689497703,1.0,1.0,True,2
Activity,categorical,0.16546141439178608,0.010240090028639357,0.004655142193751412,0.0031963470319634644,1.0,1.0,True,3
MRT,numeric,0.33427764517134434,0.09555984985602003,0.06712718877113058,0.034703196347031944,1.0,1.0,False,4
RH,numeric,0.325604547468956,0.06704578174685867,0.04526143759855552,0.03127853881278537,1.0,1.0,False,5
Top,numeric,0.34820425437285063,0.08971507475530059,0.0652767135875422,0.03105022831050227,1.0,1.0,False,6
RATemp,numeric,0.35396998660550694,0.055831760855315805,0.035518276505467405,0.021232876712328756,1.0,1.0,False,7
Air Velo,numeric,0.12181591040826834,0.052857395671484286,0.03167069687088133,0.012328767123287659,1.0,1.0,False,8
