Feature,Type,Univariate_Score,Perm_DeltaR2,Perm_DeltaMAE,Perm_DeltaAcc,Combined_Score,Stability_Freq,Selected,Rank
Clothing,categorical,0.39075433617284083,0.003892052173614502,0.004774399598439534,0.01095890410958904,1.0,1.0,True,1
Season,categorical,0.3423220618313034,0.0315138578414917,0.021733943621317545,0.014611872146118721,1.0,1.0,True,2
Activity,categorical,0.16546141439178608,0.0004280209541320801,0.00014842748641967772,0.0031963470319634757,1.0,1.0,True,3
MRT,numeric,0.33427764517134434,0.25125483671824134,0.16118561426798503,0.08904109589041095,1.0,1.0,False,4
RH,numeric,0.325604547468956,0.050485583146413174,0.037661298116048174,0.03242009132420091,1.0,1.0,False,5
Top,numeric,0.34820425437285063,0.04205880562464396,0.03501828908920288,0.02557077625570776,1.0,1.0,False,6
RATemp,numeric,0.35396998660550694,0.06748632589975992,0.045360712210337314,0.027168949771689488,1.0,1.0,False,7
Air Velo,numeric,0.12181591040826834,0.021167163054148355,0.01181482474009196,0.006621004566210042,1.0,1.0,False,8
