Feature,Type,Univariate_Score,Perm_DeltaR2,Perm_DeltaMAE,Perm_DeltaAcc,Combined_Score,Stability_Freq,Selected,Rank
Clothing,categorical,0.39075433617284083,0.007596454952976635,0.009022756169841146,0.009817351598173518,1.0,1.0,True,1
Season,categorical,0.3423220618313034,0.2934293964451438,0.17926915508817315,0.08812785388127853,1.0,1.0,True,2
Activity,categorical,0.16546141439178608,0.003403781131295425,0.001968291758661378,0.0006849315068493178,1.0,1.0,True,3
MRT,numeric,0.33427764517134434,0.026894206600075715,0.025134255431805107,0.015525114155251147,1.0,1.0,False,4
RH,numeric,0.325604547468956,0.02004639406603244,0.01600078640474494,0.007990867579908674,1.0,1.0,False,5
Top,numeric,0.34820425437285063,0.011508195221103914,0.012088349810051335,0.011187214611872148,1.0,1.0,False,6
RATemp,numeric,0.35396998660550694,0.004094844664917067,0.005246418499530359,0.0073059360730593605,1.0,1.0,False,7
Air Velo,numeric,0.12181591040826834,0.023948907869927906,0.01545139906044512,0.011187214611872146,1.0,1.0,False,8
