Feature,Type,Univariate_Score,Perm_DeltaR2,Perm_DeltaMAE,Perm_DeltaAcc,Combined_Score,Stability_Freq,Selected,Rank
Clothing,categorical,0.39075433617284083,0.0,0.0,0.0,1.0,1.0,True,1
Season,categorical,0.3423220618313034,0.012813689731791613,0.009005974214427467,0.0038812785388127892,1.0,1.0,True,2
Activity,categorical,0.16546141439178608,0.0,0.0,0.0,1.0,1.0,True,3
MRT,numeric,0.33427764517134434,0.08891507571180597,0.05426543503601687,0.013698630136986297,1.0,1.0,False,4
RH,numeric,0.325604547468956,0.04020991902116665,0.027750719321087948,0.00799086757990867,1.0,1.0,False,5
Top,numeric,0.34820425437285063,0.03351051017864287,0.023385711292525112,0.0025114155251141617,1.0,1.0,False,6
RATemp,numeric,0.35396998660550694,0.025793853103701376,0.017803065551524985,0.0036529680365296802,1.0,1.0,False,7
Air Velo,numeric,0.12181591040826834,0.053428581478567015,0.030248159260567266,0.006392694063926943,1.0,1.0,False,8
