Feature,Type,Univariate_Score,Perm_DeltaR2,Perm_DeltaMAE,Perm_DeltaAcc,Combined_Score,Stability_Freq,Selected,Rank
MRT,numeric,0.19961525576076694,0.01353208917713827,0.008221512572719917,0.011980280351627457,1.0,1.0,True,1
RH,numeric,0.005344435399548221,0.0,0.0,0.0,1.0,1.0,True,2
Top,numeric,0.22641087588146216,0.06535471432567945,0.02898048784386705,0.012698978379662626,1.0,1.0,True,3
RATemp,numeric,0.2118439991855703,0.06624607300276678,0.028719945772571625,0.015623267601172086,1.0,1.0,False,4
Air Velo,numeric,0.018771042586310023,0.0,0.0,0.0,1.0,1.0,False,5
