Feature,Type,Univariate_Score,Perm_DeltaR2,Perm_DeltaMAE,Perm_DeltaAcc,Combined_Score,Stability_Freq,Selected,Rank
MRT,numeric,0.19961525576076694,0.035303159554799395,0.02925841410954793,0.03816425120772946,1.0,1.0,True,1
RH,numeric,0.005344435399548221,0.0074448704719543455,0.005369428793589274,0.014884770729389396,1.0,1.0,True,2
Top,numeric,0.22641087588146216,0.34606789747873945,0.1399979869524638,0.08750692959531164,1.0,1.0,True,3
RATemp,numeric,0.2118439991855703,0.03323635260264079,0.03274142742156982,0.04651540350043557,1.0,1.0,False,4
Air Velo,numeric,0.018771042586310023,0.012225166956583659,0.007288257280985515,0.010895303714263078,1.0,1.0,False,5
