Feature,Type,Univariate_Score,Perm_DeltaR2,Perm_DeltaMAE,Perm_DeltaAcc,Combined_Score,Stability_Freq,Selected,Rank
MRT,numeric,0.19961525576076694,0.04907105238296488,0.03448624009309638,0.04463847311317019,1.0,1.0,True,1
RH,numeric,0.005344435399548221,0.011792685835243035,0.005919407119953527,0.018874237744515722,1.0,1.0,True,2
Top,numeric,0.22641087588146216,0.1920653751897345,0.08805802581641198,0.08352142234893482,1.0,1.0,True,3
RATemp,numeric,0.2118439991855703,0.06125323036977927,0.04483630510357757,0.05699493149600064,1.0,1.0,False,4
Air Velo,numeric,0.018771042586310023,0.017160574673158645,0.009849676750001285,0.01234061930783242,1.0,1.0,False,5
