Feature,Type,Univariate_Score,Perm_DeltaR2,Perm_DeltaMAE,Perm_DeltaAcc,Combined_Score,Stability_Freq,Selected,Rank
MRT,numeric,0.19961525576076694,0.006483625129771231,0.02567215284956762,0.05375980042765503,1.0,1.0,True,1
RH,numeric,0.005344435399548221,0.0011194222092676695,0.0037022438427849027,0.02324780232834403,1.0,1.0,True,2
Top,numeric,0.22641087588146216,0.14201243633869615,0.08213257993355425,0.07627504553734062,1.0,1.0,True,3
RATemp,numeric,0.2118439991855703,0.04764250182688749,0.05212470443919235,0.08026847232121645,1.0,1.0,False,4
Air Velo,numeric,0.018771042586310023,0.00034431933288596727,0.0014688628859202153,0.008004672527124414,1.0,1.0,False,5
