Feature,Type,Univariate_Score,Perm_DeltaR2,Perm_DeltaMAE,Perm_DeltaAcc,Combined_Score,Stability_Freq,Selected,Rank
Clothing,categorical,0.36107642774840565,0.0071515875525631325,0.005275749686821119,0.0015873015873015856,1.0,1.0,True,1
Season,categorical,0.0,9.621932880084692e-17,1.4802973661668754e-17,0.0,1.0,1.0,True,2
Activity,categorical,0.0,7.401486830834378e-17,5.1810407815840633e-17,0.0,1.0,1.0,True,3
MRT,numeric,0.041044797892478044,0.027922222327825107,0.014074826150960798,0.025138427464008843,1.0,1.0,False,4
RH,numeric,0.0027651772560393123,0.019175822814034606,0.009160719140898377,0.00793650793650793,1.0,1.0,False,5
Top,numeric,0.06833100609793122,0.05421704371540163,0.03635933232556624,0.02214839424141749,1.0,1.0,False,6
RATemp,numeric,0.018579672702628686,0.009976903351960909,0.011429806746115356,0.02698412698412698,1.0,1.0,False,7
Air Velo,numeric,0.017172946142886843,0.04243246924627768,0.022290853429851626,0.026836471022517527,1.0,1.0,False,8
