Feature,Type,Univariate_Score,Perm_DeltaR2,Perm_DeltaMAE,Perm_DeltaAcc,Combined_Score,Stability_Freq,Selected,Rank
Clothing,categorical,0.13212140341337114,0.003324276871522458,0.0020281141134731303,0.004389583695211629,1.0,1.0,True,1
Season,categorical,0.024364923877041998,0.017790380090017113,0.01290044690922081,0.008562040414567778,1.0,1.0,True,2
Activity,categorical,0.003723005400763959,0.0030275963894599374,0.0030809935563017145,0.005056163511087956,1.0,1.0,True,3
MRT,numeric,0.14295464481428105,0.02723720435025665,0.01882124377080139,0.019330814660413413,1.0,1.0,False,4
RH,numeric,0.0034558369527280227,0.009126984358548402,0.007674479912146729,0.011421602686584457,1.0,1.0,False,5
Top,numeric,0.2583906156626027,0.10593894584026109,0.0722476312291119,0.053572462509408836,1.0,1.0,False,6
RATemp,numeric,0.25737310816365094,0.11098760638611523,0.07430660606826882,0.05226535811475885,1.0,1.0,False,7
Air Velo,numeric,0.021045774083030204,0.007983501649798604,0.007433098275460903,0.014047391581263386,1.0,1.0,False,8
