Feature,Type,Univariate_Score,Perm_DeltaR2,Perm_DeltaMAE,Perm_DeltaAcc,Combined_Score,Stability_Freq,Selected,Rank
Clothing,categorical,0.36107642774840565,0.006160918871561687,0.0017288605372111003,0.0031746031746031746,1.0,1.0,True,1
Season,categorical,0.0,0.0,0.0,0.0,1.0,1.0,True,2
Activity,categorical,0.0,0.0,0.0,0.0,1.0,1.0,True,3
MRT,numeric,0.041044797892478044,0.02689859867095947,0.022870254516601563,0.03650793650793651,1.0,1.0,False,4
RH,numeric,0.0027651772560393123,0.013764790693918862,0.00509253740310669,0.02200073827980805,1.0,1.0,False,5
Top,numeric,0.06833100609793122,0.03125754197438558,0.018827406565348308,0.02986341823551127,1.0,1.0,False,6
RATemp,numeric,0.018579672702628686,0.013878651460011798,0.010239895184834797,0.0126984126984127,1.0,1.0,False,7
Air Velo,numeric,0.017172946142886843,0.021167715390523277,0.014060763518015542,0.007936507936507933,1.0,1.0,False,8
