Feature,Type,Univariate_Score,Perm_DeltaR2,Perm_DeltaMAE,Perm_DeltaAcc,Combined_Score,Stability_Freq,Selected,Rank
Clothing,categorical,0.13212140341337114,0.01903226579279956,0.013352675537076131,0.015146054079092119,1.0,1.0,True,1
Season,categorical,0.024364923877041998,0.022888057850300146,0.013923875265064084,0.0052711192171848754,1.0,1.0,True,2
Activity,categorical,0.003723005400763959,0.0011944161993659923,0.003089737715986041,0.009873487348734873,1.0,1.0,True,3
MRT,numeric,0.14295464481428105,0.0035676444371328963,0.0013327979855338513,0.009015835794105724,1.0,1.0,False,4
RH,numeric,0.0034558369527280227,0.0012945766148964478,0.00278732648274657,0.0046088819408256635,1.0,1.0,False,5
Top,numeric,0.2583906156626027,0.08141170249627769,0.056716705280467496,0.03909226448960685,1.0,1.0,False,6
RATemp,numeric,0.25737310816365094,0.08906899117844391,0.0568137323288877,0.035371431880030106,1.0,1.0,False,7
Air Velo,numeric,0.021045774083030204,0.0037369357179834286,0.004002578630179358,0.0017565572346708378,1.0,1.0,False,8
