Feature,Type,Univariate_Score,Perm_DeltaR2,Perm_DeltaMAE,Perm_DeltaAcc,Combined_Score,Stability_Freq,Selected,Rank
Clothing,categorical,0.13212140341337114,0.004970355828603109,0.004608484109242757,0.0035102194429969314,1.0,1.0,True,1
Season,categorical,0.024364923877041998,0.006343003114064534,0.0026117205619812013,0.0004393202478142566,1.0,1.0,True,2
Activity,categorical,0.003723005400763959,0.0012332995732625327,0.0011594772338867187,0.0010986624978287323,1.0,1.0,True,3
MRT,numeric,0.14295464481428105,0.019115726153055828,0.015344822406768798,0.010757194140466674,1.0,1.0,False,4
RH,numeric,0.0034558369527280227,0.00392149289449056,0.0031591733296712243,0.00922644896068554,1.0,1.0,False,5
Top,numeric,0.2583906156626027,0.14109337329864502,0.08841868638992309,0.043056279312141746,1.0,1.0,False,6
RATemp,numeric,0.25737310816365094,0.08259350061416626,0.05595227082570394,0.02745570609692548,1.0,1.0,False,7
Air Velo,numeric,0.021045774083030204,0.005750544865926107,0.004214656352996826,0.007249869723814484,1.0,1.0,False,8
