Feature,Type,Univariate_Score,Perm_DeltaR2,Perm_DeltaMAE,Perm_DeltaAcc,Combined_Score,Stability_Freq,Selected,Rank
Clothing,categorical,0.39075433617284083,0.005816015245745198,0.0050896863086689875,0.010958904109589041,1.0,1.0,True,1
Season,categorical,0.3423220618313034,0.30016876084272603,0.17928447181009985,0.08607305936073059,1.0,1.0,True,2
Activity,categorical,0.16546141439178608,0.00276591318287455,0.0019138058037376337,0.0009132420091324236,1.0,1.0,True,3
MRT,numeric,0.33427764517134434,0.027798052832933916,0.02281746112467358,0.012785388127853889,1.0,1.0,False,4
RH,numeric,0.325604547468956,0.014493852777398045,0.012517350504561663,0.008675799086757991,1.0,1.0,False,5
Top,numeric,0.34820425437285063,0.010013586944877372,0.010780361054456004,0.01415525114155251,1.0,1.0,False,6
RATemp,numeric,0.35396998660550694,0.006643576036291163,0.00600313578957498,0.005251141552511414,1.0,1.0,False,7
Air Velo,numeric,0.12181591040826834,0.020501471181601318,0.011299027898019702,0.009817351598173523,1.0,1.0,False,8
