Feature,Type,Univariate_Score,Perm_DeltaR2,Perm_DeltaMAE,Perm_DeltaAcc,Combined_Score,Stability_Freq,Selected,Rank
Clothing,categorical,0.39075433617284083,0.00228648583094279,0.002727599938710531,0.0070776255707762584,1.0,1.0,True,1
Season,categorical,0.3423220618313034,0.0352704922358195,0.02330009539922078,0.016210045662100457,1.0,1.0,True,2
Activity,categorical,0.16546141439178608,0.0004773934682210287,0.000480047861735026,0.0027397260273972638,1.0,1.0,True,3
MRT,numeric,0.33427764517134434,0.25603366295496627,0.1584084431330363,0.07511415525114154,1.0,1.0,False,4
RH,numeric,0.325604547468956,0.04729236761728922,0.03680597941080729,0.03538812785388128,1.0,1.0,False,5
Top,numeric,0.34820425437285063,0.04559922218322754,0.03645285765329996,0.03356164383561643,1.0,1.0,False,6
RATemp,numeric,0.35396998660550694,0.06744881073633831,0.044649374485015866,0.024885844748858445,1.0,1.0,False,7
Air Velo,numeric,0.12181591040826834,0.024867423375447593,0.01636048158009847,0.006849315068493145,1.0,1.0,False,8
