Feature,Type,Univariate_Score,Perm_DeltaR2,Perm_DeltaMAE,Perm_DeltaAcc,Combined_Score,Stability_Freq,Selected,Rank
Clothing,categorical,0.39075433617284083,0.008866008236997222,0.006595424610064711,0.005479452054794513,1.0,1.0,True,1
Season,categorical,0.3423220618313034,0.06687732354301068,0.0445530896709822,0.020091324200913228,1.0,1.0,True,2
Activity,categorical,0.16546141439178608,0.010943050713734581,0.00565005620671691,0.004566210045662096,1.0,1.0,True,3
MRT,numeric,0.33427764517134434,0.09629750180026532,0.06777883008653798,0.03196347031963469,1.0,1.0,False,4
RH,numeric,0.325604547468956,0.07118232908413634,0.04911546089344747,0.03424657534246574,1.0,1.0,False,5
Top,numeric,0.34820425437285063,0.09398131731281248,0.06640345925298209,0.03767123287671231,1.0,1.0,False,6
RATemp,numeric,0.35396998660550694,0.05384541393100724,0.03625551237898758,0.024429223744292218,1.0,1.0,False,7
Air Velo,numeric,0.12181591040826834,0.057183500998479096,0.034220636203317924,0.016894977168949755,1.0,1.0,False,8
