Feature,Type,Univariate_Score,Perm_DeltaR2,Perm_DeltaMAE,Perm_DeltaAcc,Combined_Score,Stability_Freq,Selected,Rank
Clothing,categorical,0.39075433617284083,0.0,0.0,0.0,1.0,1.0,True,1
Season,categorical,0.3423220618313034,0.013195537458622208,0.008937481165364709,0.0038812785388127892,1.0,1.0,True,2
Activity,categorical,0.16546141439178608,0.0,0.0,0.0,1.0,1.0,True,3
MRT,numeric,0.33427764517134434,0.07925016036193466,0.05190436373324155,0.011643835616438364,1.0,1.0,False,4
RH,numeric,0.325604547468956,0.03987262914295329,0.02787051151008264,0.007762557077625573,1.0,1.0,False,5
Top,numeric,0.34820425437285063,0.034488426185545186,0.025228806957468597,0.00479452054794521,1.0,1.0,False,6
RATemp,numeric,0.35396998660550694,0.024655048781625093,0.017674883799521774,0.004109589041095896,1.0,1.0,False,7
Air Velo,numeric,0.12181591040826834,0.059413775146130755,0.03295222943067108,0.009817351598173518,1.0,1.0,False,8
