Feature,Type,Univariate_Score,Perm_DeltaR2,Perm_DeltaMAE,Perm_DeltaAcc,Combined_Score,Stability_Freq,Selected,Rank
MRT,numeric,0.19961525576076694,0.04950246681986131,0.03797346002984013,0.05226894749346639,1.0,1.0,True,1
RH,numeric,0.005344435399548221,0.01722123618980768,0.007450940077195438,0.019606794963174155,1.0,1.0,True,2
Top,numeric,0.22641087588146216,0.18959107005384054,0.08788773587519058,0.07732834402470898,1.0,1.0,True,3
RATemp,numeric,0.2118439991855703,0.07096956421312342,0.047410776879271074,0.05520115625247486,1.0,1.0,False,4
Air Velo,numeric,0.018771042586310023,0.015436553655407702,0.008913100897886697,0.011261582323592301,1.0,1.0,False,5
