Feature,Type,Univariate_Score,Perm_DeltaR2,Perm_DeltaMAE,Perm_DeltaAcc,Combined_Score,Stability_Freq,Selected,Rank
MRT,numeric,0.19961525576076694,0.006571400296500762,0.024716688334826875,0.045408648134948916,1.0,1.0,True,1
RH,numeric,0.005344435399548221,0.0,0.0031157766397713694,0.01998297299437713,1.0,1.0,True,2
Top,numeric,0.22641087588146216,0.1362941880264142,0.07860506771444263,0.06573018135740873,1.0,1.0,True,3
RATemp,numeric,0.2118439991855703,0.036874012656823885,0.04550354941376044,0.072632058287796,1.0,1.0,False,4
Air Velo,numeric,0.018771042586310023,0.0,0.0016985610064966055,0.011631820701671017,1.0,1.0,False,5
