Feature,Type,Univariate_Score,Perm_DeltaR2,Perm_DeltaMAE,Perm_DeltaAcc,Combined_Score,Stability_Freq,Selected,Rank
MRT,numeric,0.19961525576076694,0.01291591472740273,0.00784182589745001,0.014170032470103738,1.0,1.0,True,1
RH,numeric,0.005344435399548221,0.0,0.0,0.0,1.0,1.0,True,2
Top,numeric,0.22641087588146216,0.07291601073287965,0.03200023110828539,0.022881523719014803,1.0,1.0,True,3
RATemp,numeric,0.2118439991855703,0.07153625130169626,0.03055598365798574,0.017811039835273615,1.0,1.0,False,4
Air Velo,numeric,0.018771042586310023,0.0,0.0,0.0,1.0,1.0,False,5
