Feature,Type,Univariate_Score,Perm_DeltaR2,Perm_DeltaMAE,Perm_DeltaAcc,Combined_Score,Stability_Freq,Selected,Rank
MRT,numeric,0.19961525576076694,0.04172752300898234,0.030122029781341552,0.03707135503286608,1.0,1.0,True,1
RH,numeric,0.005344435399548221,0.0048880338668823246,0.0049522201220194495,0.018894036588263236,1.0,1.0,True,2
Top,numeric,0.22641087588146216,0.32042361497879024,0.13276533683141073,0.08062485150867191,1.0,1.0,True,3
RATemp,numeric,0.2118439991855703,0.040325129032135004,0.03744256893793742,0.06795161162588105,1.0,1.0,False,4
Air Velo,numeric,0.018771042586310023,0.014002891381581622,0.007626056671142578,0.014156173279480475,1.0,1.0,False,5
