Feature,Type,Univariate_Score,Perm_DeltaR2,Perm_DeltaMAE,Perm_DeltaAcc,Combined_Score,Stability_Freq,Selected,Rank
Clothing,categorical,0.36107642774840565,0.0011245592976306376,0.00045182861462369497,0.0,1.0,1.0,True,1
Season,categorical,0.0,0.0,0.0,0.0,1.0,1.0,True,2
Activity,categorical,0.0,0.0,0.0,0.0,1.0,1.0,True,3
MRT,numeric,0.041044797892478044,0.019039843247750685,0.019903244454510343,0.029974160206718364,1.0,1.0,False,4
RH,numeric,0.0027651772560393123,0.021074318150642528,0.01114149502381557,0.026910299003322258,1.0,1.0,False,5
Top,numeric,0.06833100609793122,0.04618263846823521,0.0314071624446962,0.026836471022517537,1.0,1.0,False,6
RATemp,numeric,0.018579672702628686,0.02098376003130057,0.01619236980867276,0.03794758213362865,1.0,1.0,False,7
Air Velo,numeric,0.017172946142886843,0.02263726591264858,0.011174236264450074,0.03964562569213732,1.0,1.0,False,8
