Feature,Type,Univariate_Score,Perm_DeltaR2,Perm_DeltaMAE,Perm_DeltaAcc,Combined_Score,Stability_Freq,Selected,Rank
Clothing,categorical,0.13212140341337114,0.01278908236156751,0.011330482221629846,0.01668476058132129,1.0,1.0,True,1
Season,categorical,0.024364923877041998,0.02466241272584052,0.014033455702077502,0.005489693706212725,1.0,1.0,True,2
Activity,categorical,0.003723005400763959,0.0017613388244275868,0.004333660842853729,0.009217763881651323,1.0,1.0,True,3
MRT,numeric,0.14295464481428105,0.0019325680968821292,0.0016319773887608856,0.007477853048462742,1.0,1.0,False,4
RH,numeric,0.0034558369527280227,0.002931745396659754,0.004459066249245236,0.0017580047478432004,1.0,1.0,False,5
Top,numeric,0.2583906156626027,0.09715830235650298,0.06273505984759627,0.03251259336459962,1.0,1.0,False,6
RATemp,numeric,0.25737310816365094,0.0847357608120619,0.05524660746249695,0.03513331596317526,1.0,1.0,False,7
Air Velo,numeric,0.021045774083030204,0.002797016818760981,0.00334286311251543,0.004835417752301547,1.0,1.0,False,8
