Feature,Type,Univariate_Score,Perm_DeltaR2,Perm_DeltaMAE,Perm_DeltaAcc,Combined_Score,Stability_Freq,Selected,Rank
Clothing,categorical,0.36107642774840565,0.00492024024327596,0.0013791879018147787,0.001587301587301589,1.0,1.0,True,1
Season,categorical,0.0,0.0,0.0,0.0,1.0,1.0,True,2
Activity,categorical,0.0,0.0,0.0,0.0,1.0,1.0,True,3
MRT,numeric,0.041044797892478044,0.04871206283569336,0.027902134259541828,0.03333333333333333,1.0,1.0,False,4
RH,numeric,0.0027651772560393123,0.017178547382354737,0.006935826937357584,0.02694721299372462,1.0,1.0,False,5
Top,numeric,0.06833100609793122,0.03341809113820394,0.020883711179097493,0.032853451458102624,1.0,1.0,False,6
RATemp,numeric,0.018579672702628686,0.02170801560084025,0.012241148948669433,0.015873015873015872,1.0,1.0,False,7
Air Velo,numeric,0.017172946142886843,0.013093376159667968,0.007619349161783855,0.007899593946105572,1.0,1.0,False,8
