Feature,Type,Univariate_Score,Perm_DeltaR2,Perm_DeltaMAE,Perm_DeltaAcc,Combined_Score,Stability_Freq,Selected,Rank
Clothing,categorical,0.13212140341337114,0.005719673633575438,0.006529506047566731,0.005926842684268415,1.0,1.0,True,1
Season,categorical,0.024364923877041998,0.006518336137135823,0.002859914302825928,0.0008779167390423245,1.0,1.0,True,2
Activity,categorical,0.003723005400763959,0.0013704578081766765,0.0010329047838846842,0.0010972149846563656,1.0,1.0,True,3
MRT,numeric,0.14295464481428105,0.02030132214228312,0.014214619000752767,0.007465549186497604,1.0,1.0,False,4
RH,numeric,0.0034558369527280227,0.00409466028213501,0.003967412312825521,0.0070291239650280765,1.0,1.0,False,5
Top,numeric,0.2583906156626027,0.14081534544626872,0.08788383801778157,0.037796740200335834,1.0,1.0,False,6
RATemp,numeric,0.25737310816365094,0.0931863029797872,0.05967902342478435,0.026585750680331192,1.0,1.0,False,7
Air Velo,numeric,0.021045774083030204,0.003596182664235433,0.004926872253417969,0.007689189971628732,1.0,1.0,False,8
