Feature,Type,Univariate_Score,Perm_DeltaR2,Perm_DeltaMAE,Perm_DeltaAcc,Combined_Score,Stability_Freq,Selected,Rank
Clothing,categorical,0.36107642774840565,0.03114590942597084,0.01800317284174572,0.0238095238095238,1.0,1.0,True,1
Season,categorical,0.0,8.881784197001252e-17,1.4802973661668754e-17,0.0,1.0,1.0,True,2
Activity,categorical,0.0,7.401486830834377e-17,7.401486830834377e-18,0.0,1.0,1.0,True,3
MRT,numeric,0.041044797892478044,0.02790615742823499,0.017580980837763365,0.02045035068290882,1.0,1.0,False,4
RH,numeric,0.0027651772560393123,0.02349364530463446,0.01397472430376773,0.01424880029531192,1.0,1.0,False,5
Top,numeric,0.06833100609793122,0.048843889589653446,0.03321909141973781,0.026836471022517523,1.0,1.0,False,6
RATemp,numeric,0.018579672702628686,0.014824695311052688,0.01291888059072134,0.022148394241417485,1.0,1.0,False,7
Air Velo,numeric,0.017172946142886843,0.04660296314621921,0.021327258100137223,0.017312661498708005,1.0,1.0,False,8
