Feature,Type,Univariate_Score,Perm_DeltaR2,Perm_DeltaMAE,Perm_DeltaAcc,Combined_Score,Stability_Freq,Selected,Rank
Clothing,categorical,0.13212140341337114,0.0040459952844781166,0.002498004115802751,0.004832522725956804,1.0,1.0,True,1
Season,categorical,0.024364923877041998,0.016078112574730834,0.0135328400317175,0.008339847142608995,1.0,1.0,True,2
Activity,categorical,0.003723005400763959,0.0027087039876260233,0.0024547750234007832,0.006372676741358348,1.0,1.0,True,3
MRT,numeric,0.14295464481428105,0.024309211070163154,0.015742749251734748,0.017124080829135534,1.0,1.0,False,4
RH,numeric,0.0034558369527280227,0.012994839139464361,0.008562536908583735,0.011631492096578079,1.0,1.0,False,5
Top,numeric,0.2583906156626027,0.1023556836914055,0.06848555272837671,0.03886500492154479,1.0,1.0,False,6
RATemp,numeric,0.25737310816365094,0.11157693062653377,0.0762233303262741,0.05646025128828673,1.0,1.0,False,7
Air Velo,numeric,0.021045774083030204,0.007293349182129427,0.006300474961933511,0.01339456314052458,1.0,1.0,False,8
