Feature,Type,Univariate_Score,Perm_DeltaR2,Perm_DeltaMAE,Perm_DeltaAcc,Combined_Score,Stability_Freq,Selected,Rank
Clothing,categorical,0.39075433617284083,0.0,0.0,0.0,1.0,1.0,True,1
Season,categorical,0.3423220618313034,0.012043861175197113,0.008282538554068826,0.0029680365296803693,1.0,1.0,True,2
Activity,categorical,0.16546141439178608,0.0,0.0,0.0,1.0,1.0,True,3
MRT,numeric,0.33427764517134434,0.08592082134092358,0.05377229268686673,0.012100456621004566,1.0,1.0,False,4
RH,numeric,0.325604547468956,0.04148296988537638,0.028873898067989644,0.0075342465753424695,1.0,1.0,False,5
Top,numeric,0.34820425437285063,0.03460180399101103,0.024286462219085585,0.0045662100456621045,1.0,1.0,False,6
RATemp,numeric,0.35396998660550694,0.024844553965281388,0.01734448529616944,0.005022831050228308,1.0,1.0,False,7
Air Velo,numeric,0.12181591040826834,0.0555149750472181,0.03269762937786004,0.008904109589041096,1.0,1.0,False,8
