Feature,Type,Univariate_Score,Perm_DeltaR2,Perm_DeltaMAE,Perm_DeltaAcc,Combined_Score,Stability_Freq,Selected,Rank
Clothing,categorical,0.39075433617284083,0.003944170475006103,0.005232457319895427,0.009132420091324204,1.0,1.0,True,1
Season,categorical,0.3423220618313034,0.03425318002700805,0.024361280600229903,0.019178082191780823,1.0,1.0,True,2
Activity,categorical,0.16546141439178608,0.0003671685854593913,0.0003715276718139649,0.0036529680365296802,1.0,1.0,True,3
MRT,numeric,0.33427764517134434,0.26090395053227744,0.15630042950312298,0.07511415525114155,1.0,1.0,False,4
RH,numeric,0.325604547468956,0.04945429960886637,0.03453616301218669,0.03059360730593607,1.0,1.0,False,5
Top,numeric,0.34820425437285063,0.044581405321757,0.03437287807464599,0.02625570776255708,1.0,1.0,False,6
RATemp,numeric,0.35396998660550694,0.06878153880437214,0.04606945912043253,0.023287671232876707,1.0,1.0,False,7
Air Velo,numeric,0.12181591040826834,0.021788386503855388,0.01110931634902954,0.01232876712328767,1.0,1.0,False,8
