Feature,Type,Univariate_Score,Perm_DeltaR2,Perm_DeltaMAE,Perm_DeltaAcc,Combined_Score,Stability_Freq,Selected,Rank
Clothing,categorical,0.39075433617284083,0.007251389633047944,0.006570544213689478,0.005022831050228302,1.0,1.0,True,1
Season,categorical,0.3423220618313034,0.05889868277774825,0.04032199604625321,0.020776255707762543,1.0,1.0,True,2
Activity,categorical,0.16546141439178608,0.012310880353955408,0.006208584770718513,0.005479452054794513,1.0,1.0,True,3
MRT,numeric,0.33427764517134434,0.09318167473443875,0.06458890613608982,0.03333333333333332,1.0,1.0,False,4
RH,numeric,0.325604547468956,0.06998418498577065,0.049298001438620544,0.035159817351598156,1.0,1.0,False,5
Top,numeric,0.34820425437285063,0.08902875608392408,0.06358292734818188,0.035844748858447475,1.0,1.0,False,6
RATemp,numeric,0.35396998660550694,0.051952301547691926,0.03565135342176891,0.02831050228310501,1.0,1.0,False,7
Air Velo,numeric,0.12181591040826834,0.05362990046131383,0.031069649764336054,0.007077625570776247,1.0,1.0,False,8
