Feature,Type,Univariate_Score,Perm_DeltaR2,Perm_DeltaMAE,Perm_DeltaAcc,Combined_Score,Stability_Freq,Selected,Rank
Clothing,categorical,0.39075433617284083,0.0032980158666731985,0.0038006417565755665,0.005707762557077622,1.0,1.0,True,1
Season,categorical,0.3423220618313034,0.3177162940623844,0.19312082309081788,0.09406392694063927,1.0,1.0,True,2
Activity,categorical,0.16546141439178608,0.003796551492876099,0.003034797912561812,0.0020547945205479498,1.0,1.0,True,3
MRT,numeric,0.33427764517134434,0.02963498613145594,0.027196268611202744,0.02100456621004566,1.0,1.0,False,4
RH,numeric,0.325604547468956,0.015467724972566082,0.013356374264968305,0.008675799086757993,1.0,1.0,False,5
Top,numeric,0.34820425437285063,0.009161175762442405,0.008538384318404146,0.012328767123287673,1.0,1.0,False,6
RATemp,numeric,0.35396998660550694,0.008867244729354316,0.007107263662807013,0.0063926940639269444,1.0,1.0,False,7
Air Velo,numeric,0.12181591040826834,0.027745809172980897,0.01736682392803292,0.00890410958904109,1.0,1.0,False,8
