Feature,Type,Univariate_Score,Perm_DeltaR2,Perm_DeltaMAE,Perm_DeltaAcc,Combined_Score,Stability_Freq,Selected,Rank
MRT,numeric,0.19961525576076694,0.004541832203173627,0.025687553195933095,0.0501168131781104,1.0,1.0,True,1
RH,numeric,0.005344435399548221,0.0,0.0038840141423911456,0.02361210105329849,1.0,1.0,True,2
Top,numeric,0.22641087588146216,0.14647484332387184,0.08272464506955776,0.06753979567593253,1.0,1.0,True,3
RATemp,numeric,0.2118439991855703,0.022494673455121402,0.03867787495909749,0.06795953116338008,1.0,1.0,False,4
Air Velo,numeric,0.018771042586310023,0.0018582701445470102,0.002475842534700708,0.005816900293022894,1.0,1.0,False,5
