Feature,Type,Univariate_Score,Perm_DeltaR2,Perm_DeltaMAE,Perm_DeltaAcc,Combined_Score,Stability_Freq,Selected,Rank
MRT,numeric,0.19961525576076694,0.04445878267288207,0.03176829020182291,0.03342638789894669,1.0,1.0,True,1
RH,numeric,0.005344435399548221,0.008425184090932212,0.006031493345896402,0.012704918032786876,1.0,1.0,True,2
Top,numeric,0.22641087588146216,0.3055330475171407,0.1271047075589498,0.07844697869644411,1.0,1.0,True,3
RATemp,numeric,0.2118439991855703,0.04715597629547119,0.03993394772211711,0.06068147620178982,1.0,1.0,False,4
Air Velo,numeric,0.018771042586310023,0.008597560723622642,0.005390600363413492,0.012712837570285893,1.0,1.0,False,5
