Feature,Type,Univariate_Score,Perm_DeltaR2,Perm_DeltaMAE,Perm_DeltaAcc,Combined_Score,Stability_Freq,Selected,Rank
MRT,numeric,0.19961525576076694,0.04110574237016443,0.03366694041917346,0.03810881444523641,1.0,1.0,True,1
RH,numeric,0.005344435399548221,0.014347973466892257,0.006910057342465236,0.018864338322641967,1.0,1.0,True,2
Top,numeric,0.22641087588146216,0.19098350338512474,0.09058640151511509,0.08024669359309416,1.0,1.0,True,3
RATemp,numeric,0.2118439991855703,0.07473026335332088,0.05041760049304776,0.05740476756157441,1.0,1.0,False,4
Air Velo,numeric,0.018771042586310023,0.011852081056147953,0.008887410866617321,0.010891343945513584,1.0,1.0,False,5
