Feature,Type,Univariate_Score,Perm_DeltaR2,Perm_DeltaMAE,Perm_DeltaAcc,Combined_Score,Stability_Freq,Selected,Rank
MRT,numeric,0.19961525576076694,0.012148749563351739,0.007476087748985642,0.007984873683376883,1.0,1.0,True,1
RH,numeric,0.005344435399548221,0.0,0.0,0.0,1.0,1.0,True,2
Top,numeric,0.22641087588146216,0.06477294752958432,0.027416503714091774,0.005094242496238221,1.0,1.0,True,3
RATemp,numeric,0.2118439991855703,0.07172033514283215,0.03163198455808925,0.02069375148491328,1.0,1.0,False,4
Air Velo,numeric,0.018771042586310023,0.0,0.0,0.0,1.0,1.0,False,5
