Feature,Type,Univariate_Score,Perm_DeltaR2,Perm_DeltaMAE,Perm_DeltaAcc,Combined_Score,Stability_Freq,Selected,Rank
Clothing,categorical,0.13212140341337114,0.0022926284857254157,0.0014097611554051055,0.00307162295176886,1.0,1.0,True,1
Season,categorical,0.024364923877041998,0.01903592293220933,0.014278717154451743,0.009439957153610097,1.0,1.0,True,2
Activity,categorical,0.003723005400763959,0.005112557690371392,0.0039983467380104425,0.004617567019859884,1.0,1.0,True,3
MRT,numeric,0.14295464481428105,0.0295492755588265,0.01980804454477417,0.01668982687742459,1.0,1.0,False,4
RH,numeric,0.0034558369527280227,0.010432526577567087,0.007599396126529816,0.011633663366336628,1.0,1.0,False,5
Top,numeric,0.2583906156626027,0.09510652309217846,0.06905274816995237,0.04939421573736322,1.0,1.0,False,6
RATemp,numeric,0.25737310816365094,0.11667517210034986,0.07815699264276617,0.054238318568698984,1.0,1.0,False,7
Air Velo,numeric,0.021045774083030204,0.012008825120173065,0.009064846692442896,0.011635834636095185,1.0,1.0,False,8
