Feature,Type,Univariate_Score,Perm_DeltaR2,Perm_DeltaMAE,Perm_DeltaAcc,Combined_Score,Stability_Freq,Selected,Rank
Clothing,categorical,0.13212140341337114,0.022660844622485646,0.014193697719001034,0.013609518846621505,1.0,1.0,True,1
Season,categorical,0.024364923877041998,0.025501001958466475,0.016204636101341107,0.0065898037172138265,1.0,1.0,True,2
Activity,categorical,0.003723005400763959,0.0031661723613441916,0.0038726735306577375,0.008777719877250883,1.0,1.0,True,3
MRT,numeric,0.14295464481428105,0.006071777789388655,0.003719168088796747,0.005496207515488387,1.0,1.0,False,4
RH,numeric,0.0034558369527280227,0.00020131848832161126,0.0014484161011512878,0.0010972149846563584,1.0,1.0,False,5
Top,numeric,0.2583906156626027,0.08285766609836713,0.0571136109730294,0.042176915059927045,1.0,1.0,False,6
RATemp,numeric,0.25737310816365094,0.07709120856651702,0.04999951811775209,0.03316976434485554,1.0,1.0,False,7
Air Velo,numeric,0.021045774083030204,0.0033859284841420466,0.0033484472928403545,0.0035102194429969314,1.0,1.0,False,8
