Feature,Type,Univariate_Score,Perm_DeltaR2,Perm_DeltaMAE,Perm_DeltaAcc,Combined_Score,Stability_Freq,Selected,Rank
Clothing,categorical,0.13212140341337114,0.005658825238545735,0.005401460329691569,0.0059290139540269775,1.0,1.0,True,1
Season,categorical,0.024364923877041998,0.007227349281311035,0.003078023592631022,0.0004400440044004454,1.0,1.0,True,2
Activity,categorical,0.003723005400763959,0.0012585838635762532,0.0009064118067423502,0.001097214984656362,1.0,1.0,True,3
MRT,numeric,0.14295464481428105,0.020158207416534422,0.013392035166422525,0.007470615482600888,1.0,1.0,False,4
RH,numeric,0.0034558369527280227,0.005728431542714437,0.004152293999989827,0.00768918997162874,1.0,1.0,False,5
Top,numeric,0.2583906156626027,0.13598623275756835,0.08425600528717041,0.04328643390654855,1.0,1.0,False,6
RATemp,numeric,0.25737310816365094,0.07896231810251872,0.05486791531244913,0.027903711423773958,1.0,1.0,False,7
Air Velo,numeric,0.021045774083030204,0.00648806889851888,0.006001726786295573,0.006147588443054826,1.0,1.0,False,8
