Feature,Type,Univariate_Score,Perm_DeltaR2,Perm_DeltaMAE,Perm_DeltaAcc,Combined_Score,Stability_Freq,Selected,Rank
Clothing,categorical,0.36107642774840565,0.0009745599538742693,0.0003013257640868424,0.001550387596899224,1.0,1.0,True,1
Season,categorical,0.0,0.0,0.0,0.0,1.0,1.0,True,2
Activity,categorical,0.0,0.0,0.0,0.0,1.0,1.0,True,3
MRT,numeric,0.041044797892478044,0.03123224251760768,0.026008331826923435,0.03152454780361758,1.0,1.0,False,4
RH,numeric,0.0027651772560393123,0.01459656662405009,0.009454429416442131,0.02056109265411591,1.0,1.0,False,5
Top,numeric,0.06833100609793122,0.023255445397566188,0.01777476221718799,0.02668881506090809,1.0,1.0,False,6
RATemp,numeric,0.018579672702628686,0.020390942716001184,0.014457886592676794,0.026836471022517537,1.0,1.0,False,7
Air Velo,numeric,0.017172946142886843,0.01716035033556259,0.007334883152927458,0.02377260981912145,1.0,1.0,False,8
