Feature,Type,Univariate_Score,Perm_DeltaR2,Perm_DeltaMAE,Perm_DeltaAcc,Combined_Score,Stability_Freq,Selected,Rank
Clothing,categorical,0.36107642774840565,0.007320164649809831,0.004993359176153052,0.011074197120708739,1.0,1.0,True,1
Season,categorical,0.0,5.921189464667501e-17,1.4802973661668754e-17,0.0,1.0,1.0,True,2
Activity,categorical,0.0,8.141635513917815e-17,1.4802973661668754e-17,0.0,1.0,1.0,True,3
MRT,numeric,0.041044797892478044,0.019559525872716567,0.01378444271905192,0.01587301587301587,1.0,1.0,False,4
RH,numeric,0.0027651772560393123,0.0340326724404118,0.018777869373728086,0.009523809523809521,1.0,1.0,False,5
Top,numeric,0.06833100609793122,0.06557154921867009,0.03953071447260327,0.037873754152823916,1.0,1.0,False,6
RATemp,numeric,0.018579672702628686,0.013276283701466171,0.011566881442291389,0.028497600590623832,1.0,1.0,False,7
Air Velo,numeric,0.017172946142886843,0.016487325115471987,0.011420248410525004,0.02672572905131044,1.0,1.0,False,8
