Feature,Type,Univariate_Score,Perm_DeltaR2,Perm_DeltaMAE,Perm_DeltaAcc,Combined_Score,Stability_Freq,Selected,Rank
Clothing,categorical,0.36107642774840565,0.004734265804290772,0.0022853771845499677,0.0031746031746031746,1.0,1.0,True,1
Season,categorical,0.0,0.0,0.0,0.0,1.0,1.0,True,2
Activity,categorical,0.0,0.0,0.0,0.0,1.0,1.0,True,3
MRT,numeric,0.041044797892478044,0.050199453035990396,0.027654898166656495,0.02535991140642304,1.0,1.0,False,4
RH,numeric,0.0027651772560393123,0.02503514289855957,0.007302085558573404,0.020634920634920638,1.0,1.0,False,5
Top,numeric,0.06833100609793122,0.016064059734344483,0.010365442434946696,0.015799187892211155,1.0,1.0,False,6
RATemp,numeric,0.018579672702628686,0.026265160242716475,0.016503560543060302,0.023809523809523815,1.0,1.0,False,7
Air Velo,numeric,0.017172946142886843,0.010508986314137778,0.008505050341288248,0.014285714285714285,1.0,1.0,False,8
