Feature,Type,Univariate_Score,Perm_DeltaR2,Perm_DeltaMAE,Perm_DeltaAcc,Combined_Score,Stability_Freq,Selected,Rank
Clothing,categorical,0.39075433617284083,0.0,0.0,0.0,1.0,1.0,True,1
Season,categorical,0.3423220618313034,0.012286919369536572,0.008669387565928468,0.0034246575342465778,1.0,1.0,True,2
Activity,categorical,0.16546141439178608,0.0,0.0,0.0,1.0,1.0,True,3
MRT,numeric,0.33427764517134434,0.0833199624631432,0.05459385159168413,0.009589041095890408,1.0,1.0,False,4
RH,numeric,0.325604547468956,0.04119789655801917,0.027197580701220934,0.0066210045662100534,1.0,1.0,False,5
Top,numeric,0.34820425437285063,0.03548429303643585,0.024467869172611928,0.005022831050228309,1.0,1.0,False,6
RATemp,numeric,0.35396998660550694,0.023847576556972738,0.018188509598809084,0.0045662100456621,1.0,1.0,False,7
Air Velo,numeric,0.12181591040826834,0.058086739168500844,0.0319004723892542,0.0063926940639269444,1.0,1.0,False,8
