Feature,Type,Univariate_Score,Perm_DeltaR2,Perm_DeltaMAE,Perm_DeltaAcc,Combined_Score,Stability_Freq,Selected,Rank
Clothing,categorical,0.39075433617284083,0.0023946166469944,0.005682657009789367,0.01004566210045662,1.0,1.0,True,1
Season,categorical,0.3423220618313034,0.2826357208663396,0.16994728094477168,0.07945205479452054,1.0,1.0,True,2
Activity,categorical,0.16546141439178608,0.004954560170276682,0.003255459156274609,0.0006849315068493178,1.0,1.0,True,3
MRT,numeric,0.33427764517134434,0.029617355442129595,0.025403668837140826,0.013698630136986304,1.0,1.0,False,4
RH,numeric,0.325604547468956,0.021750092253466774,0.016318266041525472,0.009817351598173521,1.0,1.0,False,5
Top,numeric,0.34820425437285063,0.009614658555439866,0.008042353499296828,0.005479452054794521,1.0,1.0,False,6
RATemp,numeric,0.35396998660550694,0.005234503580852823,0.005618308968525229,0.011187214611872142,1.0,1.0,False,7
Air Velo,numeric,0.12181591040826834,0.02640300631930048,0.015967879194187642,0.010502283105022828,1.0,1.0,False,8
