Feature,Type,Univariate_Score,Perm_DeltaR2,Perm_DeltaMAE,Perm_DeltaAcc,Combined_Score,Stability_Freq,Selected,Rank
Clothing,categorical,0.39075433617284083,0.008161797572697053,0.006103147151288501,0.01050228310502281,1.0,1.0,True,1
Season,categorical,0.3423220618313034,0.05469098232564501,0.03738023080173691,0.020319634703196334,1.0,1.0,True,2
Activity,categorical,0.16546141439178608,0.011851759231547798,0.0067676474490202,0.005022831050228309,1.0,1.0,True,3
MRT,numeric,0.33427764517134434,0.0993540544668144,0.06994886438305183,0.03858447488584473,1.0,1.0,False,4
RH,numeric,0.325604547468956,0.062128834447136884,0.04373551053365208,0.026484018264840176,1.0,1.0,False,5
Top,numeric,0.34820425437285063,0.09308102313187107,0.06571978427519591,0.03607305936073059,1.0,1.0,False,6
RATemp,numeric,0.35396998660550694,0.05449419611247639,0.03727153878621852,0.02214611872146118,1.0,1.0,False,7
Air Velo,numeric,0.12181591040826834,0.056264893822845205,0.033837820181172824,0.010958904109589024,1.0,1.0,False,8
