Feature,Type,Univariate_Score,Perm_DeltaR2,Perm_DeltaMAE,Perm_DeltaAcc,Combined_Score,Stability_Freq,Selected,Rank
MRT,numeric,0.19961525576076694,0.009756258787136329,0.029881446070056484,0.05701671022412293,1.0,1.0,True,1
RH,numeric,0.005344435399548221,0.0,0.004590709897600709,0.027979725984002536,1.0,1.0,True,2
Top,numeric,0.22641087588146216,0.14750961289014747,0.0815302457828178,0.07078284628177714,1.0,1.0,True,3
RATemp,numeric,0.2118439991855703,0.030668993541568417,0.0419053872247508,0.06247723132969035,1.0,1.0,False,4
Air Velo,numeric,0.018771042586310023,0.0,0.0010039731637814463,0.008002692642749668,1.0,1.0,False,5
