Feature,Type,Univariate_Score,Perm_DeltaR2,Perm_DeltaMAE,Perm_DeltaAcc,Combined_Score,Stability_Freq,Selected,Rank
MRT,numeric,0.19961525576076694,0.04250378608703613,0.031977283954620364,0.034871703492516025,1.0,1.0,True,1
RH,numeric,0.005344435399548221,0.01025377114613851,0.008163162072499593,0.015613368179298315,1.0,1.0,True,2
Top,numeric,0.22641087588146216,0.2912820021311442,0.12075651884078979,0.0806367308149204,1.0,1.0,True,3
RATemp,numeric,0.2118439991855703,0.035211058457692464,0.03361385265986124,0.05488041498376495,1.0,1.0,False,4
Air Velo,numeric,0.018771042586310023,0.00997196833292643,0.00581985314687093,0.010532984873683374,1.0,1.0,False,5
