Feature,Type,Univariate_Score,Perm_DeltaR2,Perm_DeltaMAE,Perm_DeltaAcc,Combined_Score,Stability_Freq,Selected,Rank
MRT,numeric,0.19961525576076694,0.012696460203531396,0.007593218747208812,0.007992793220875897,1.0,1.0,True,1
RH,numeric,0.005344435399548221,0.0,0.0,0.0,1.0,1.0,True,2
Top,numeric,0.22641087588146216,0.07756828705243937,0.033190995272390146,0.019975053456878118,1.0,1.0,True,3
RATemp,numeric,0.2118439991855703,0.0701555331439652,0.030164139789795503,0.014890710382513658,1.0,1.0,False,4
Air Velo,numeric,0.018771042586310023,0.0,0.0,0.0,1.0,1.0,False,5
