Feature,Type,Univariate_Score,Perm_DeltaR2,Perm_DeltaMAE,Perm_DeltaAcc,Combined_Score,Stability_Freq,Selected,Rank
MRT,numeric,0.19961525576076694,0.040929836832437096,0.03145301227664139,0.04608774847548904,1.0,1.0,True,1
RH,numeric,0.005344435399548221,0.014153244957654059,0.007494445679866066,0.01960283519442465,1.0,1.0,True,2
Top,numeric,0.22641087588146216,0.1789853612361922,0.08151082972899854,0.07589490773738815,1.0,1.0,True,3
RATemp,numeric,0.2118439991855703,0.06378077642674508,0.04705682034143778,0.057369129642828864,1.0,1.0,False,4
Air Velo,numeric,0.018771042586310023,0.014344310524969872,0.008140001653264487,0.007622554842797176,1.0,1.0,False,5
