Feature,Type,Univariate_Score,Perm_DeltaR2,Perm_DeltaMAE,Perm_DeltaAcc,Combined_Score,Stability_Freq,Selected,Rank
Clothing,categorical,0.13212140341337114,0.006091392040252686,0.004326677322387696,0.004173180475942317,1.0,1.0,True,1
Season,categorical,0.024364923877041998,0.006557075182596841,0.0022783557573954265,0.0002200220022002227,1.0,1.0,True,2
Activity,categorical,0.003723005400763959,0.001058197021484375,0.0008932312329610187,0.0004393202478142566,1.0,1.0,True,3
MRT,numeric,0.14295464481428105,0.02410256465276082,0.016218964258829755,0.006599936309420407,1.0,1.0,False,4
RH,numeric,0.0034558369527280227,0.006271048386891682,0.005194314320882161,0.005269671704012509,1.0,1.0,False,5
Top,numeric,0.2583906156626027,0.1425897717475891,0.08749241034189861,0.04285435122459615,1.0,1.0,False,6
RATemp,numeric,0.25737310816365094,0.07751829226811727,0.05313142935434978,0.03274564298535117,1.0,1.0,False,7
Air Velo,numeric,0.021045774083030204,0.008567229906717936,0.008031209309895832,0.012966099241503085,1.0,1.0,False,8
