Feature,Type,Univariate_Score,Perm_DeltaR2,Perm_DeltaMAE,Perm_DeltaAcc,Combined_Score,Stability_Freq,Selected,Rank
Clothing,categorical,0.13212140341337114,0.0033788902275235567,0.0022581035516472613,0.005487522436454177,1.0,1.0,True,1
Season,categorical,0.024364923877041998,0.01925041186223182,0.013389899158138676,0.0072397371316078925,1.0,1.0,True,2
Activity,categorical,0.003723005400763959,0.00390890558302975,0.0035325749475724937,0.005497655028660768,1.0,1.0,True,3
MRT,numeric,0.14295464481428105,0.028931133934820864,0.0191620947031673,0.019988709397255514,1.0,1.0,False,4
RH,numeric,0.0034558369527280227,0.00959761197099435,0.00846434450068301,0.009437062127265361,1.0,1.0,False,5
Top,numeric,0.2583906156626027,0.09131536532384962,0.06371345764627068,0.04216171617161717,1.0,1.0,False,6
RATemp,numeric,0.25737310816365094,0.11537785290150859,0.07549730573469005,0.05029384517399108,1.0,1.0,False,7
Air Velo,numeric,0.021045774083030204,0.007475132909728099,0.00575176582592228,0.013169474842221068,1.0,1.0,False,8
