Feature,Type,Univariate_Score,Perm_DeltaR2,Perm_DeltaMAE,Perm_DeltaAcc,Combined_Score,Stability_Freq,Selected,Rank
Clothing,categorical,0.36107642774840565,0.0179542911759358,0.007979256594560417,0.012698412698412695,1.0,1.0,True,1
Season,categorical,0.0,3.700743415417188e-17,4.4408920985006264e-17,0.0,1.0,1.0,True,2
Activity,categorical,0.0,2.2204460492503132e-17,2.2204460492503132e-17,0.0,1.0,1.0,True,3
MRT,numeric,0.041044797892478044,0.029596371461231303,0.012845179881213174,0.009486895533407154,1.0,1.0,False,4
RH,numeric,0.0027651772560393123,0.028189178290484986,0.0175539390873014,0.01587301587301586,1.0,1.0,False,5
Top,numeric,0.06833100609793122,0.061777933815181596,0.033355498551282295,0.026799557032115163,1.0,1.0,False,6
RATemp,numeric,0.018579672702628686,0.015281619061691173,0.01236060246505343,0.017460317460317454,1.0,1.0,False,7
Air Velo,numeric,0.017172946142886843,0.025862991022228277,0.01169421751953014,0.017312661498708005,1.0,1.0,False,8
