Feature,Type,Univariate_Score,Perm_DeltaR2,Perm_DeltaMAE,Perm_DeltaAcc,Combined_Score,Stability_Freq,Selected,Rank
Clothing,categorical,0.36107642774840565,0.000876588185656102,0.0005117756943975908,0.006275378368401632,1.0,1.0,True,1
Season,categorical,0.0,0.0,0.0,0.0,1.0,1.0,True,2
Activity,categorical,0.0,0.0,0.0,0.0,1.0,1.0,True,3
MRT,numeric,0.041044797892478044,0.022706902142707704,0.020755416003074113,0.03152454780361758,1.0,1.0,False,4
RH,numeric,0.0027651772560393123,0.021816096362245064,0.007759975849297988,0.02694721299372463,1.0,1.0,False,5
Top,numeric,0.06833100609793122,0.039555401378418224,0.02476931169777426,0.032964193429309716,1.0,1.0,False,6
RATemp,numeric,0.018579672702628686,0.01988217194387838,0.013821741944838265,0.03311184939091915,1.0,1.0,False,7
Air Velo,numeric,0.017172946142886843,0.011225703893371342,0.005567543246985703,0.03636028054632706,1.0,1.0,False,8
