Feature,Type,Univariate_Score,Perm_DeltaR2,Perm_DeltaMAE,Perm_DeltaAcc,Combined_Score,Stability_Freq,Selected,Rank
Clothing,categorical,0.13212140341337114,0.018316788502497326,0.014184473185012782,0.012952347866365585,1.0,1.0,True,1
Season,categorical,0.024364923877041998,0.027459059785089574,0.016094336989443597,0.004831075212784438,1.0,1.0,True,2
Activity,categorical,0.003723005400763959,0.0017879964413305565,0.002291441696472189,0.00548752243645418,1.0,1.0,True,3
MRT,numeric,0.14295464481428105,0.005226631288362552,0.0032756932267492254,0.007256383533090149,1.0,1.0,False,4
RH,numeric,0.0034558369527280227,0.001739787280926534,0.0044414752681664355,0.003955329743500669,1.0,1.0,False,5
Top,numeric,0.2583906156626027,0.08484275524322613,0.05669389921046677,0.037341497307625496,1.0,1.0,False,6
RATemp,numeric,0.25737310816365094,0.07416465139142756,0.05329861651660126,0.040860401829656647,1.0,1.0,False,7
Air Velo,numeric,0.021045774083030204,0.005084814029771663,0.00409841181718534,0.007691361241387288,1.0,1.0,False,8
