Feature,Type,Univariate_Score,Perm_DeltaR2,Perm_DeltaMAE,Perm_DeltaAcc,Combined_Score,Stability_Freq,Selected,Rank
Clothing,categorical,0.36107642774840565,0.003591247399648031,0.0009215990702311197,0.0031746031746031746,1.0,1.0,True,1
Season,categorical,0.0,0.0,0.0,0.0,1.0,1.0,True,2
Activity,categorical,0.0,0.0,0.0,0.0,1.0,1.0,True,3
MRT,numeric,0.041044797892478044,0.04778355360031128,0.026837527751922607,0.030158730158730163,1.0,1.0,False,4
RH,numeric,0.0027651772560393123,0.024690357844034828,0.008095669746398925,0.01738648947951274,1.0,1.0,False,5
Top,numeric,0.06833100609793122,0.037419776121775314,0.020728770891825357,0.023551125876707275,1.0,1.0,False,6
RATemp,numeric,0.018579672702628686,0.012587122122446698,0.00984708070755005,0.0238095238095238,1.0,1.0,False,7
Air Velo,numeric,0.017172946142886843,0.014668587843577066,0.008425629138946534,0.015799187892211155,1.0,1.0,False,8
