Feature,Type,Univariate_Score,Perm_DeltaR2,Perm_DeltaMAE,Perm_DeltaAcc,Combined_Score,Stability_Freq,Selected,Rank
Clothing,categorical,0.39075433617284083,0.0,0.0,0.0,1.0,1.0,True,1
Season,categorical,0.3423220618313034,0.012563042880541381,0.008326518762940644,0.00296803652968037,1.0,1.0,True,2
Activity,categorical,0.16546141439178608,0.0,0.0,0.0,1.0,1.0,True,3
MRT,numeric,0.33427764517134434,0.07579067351918214,0.047626535238640015,0.006849315068493149,1.0,1.0,False,4
RH,numeric,0.325604547468956,0.041202435925675095,0.02794038277601434,0.00570776255707763,1.0,1.0,False,5
Top,numeric,0.34820425437285063,0.0331919163744703,0.021846687063167173,0.002511415525114158,1.0,1.0,False,6
RATemp,numeric,0.35396998660550694,0.025116246343137406,0.017394554846943234,0.004337899543379002,1.0,1.0,False,7
Air Velo,numeric,0.12181591040826834,0.05586839732182096,0.031578278893696944,0.0036529680365296807,1.0,1.0,False,8
