Feature,Type,Univariate_Score,Perm_DeltaR2,Perm_DeltaMAE,Perm_DeltaAcc,Combined_Score,Stability_Freq,Selected,Rank
Clothing,categorical,0.39075433617284083,0.007979512102520339,0.007281648877736508,0.006849315068493141,1.0,1.0,True,1
Season,categorical,0.3423220618313034,0.06325589687423834,0.044309139507566306,0.02191780821917808,1.0,1.0,True,2
Activity,categorical,0.16546141439178608,0.011442995871822728,0.005405876874331428,0.0022831050228310445,1.0,1.0,True,3
MRT,numeric,0.33427764517134434,0.09056584124249198,0.06197496858605646,0.030365296803652964,1.0,1.0,False,4
RH,numeric,0.325604547468956,0.06584134608188741,0.045155915851170694,0.025799086757990846,1.0,1.0,False,5
Top,numeric,0.34820425437285063,0.09477948116042569,0.06828052156287148,0.03995433789954337,1.0,1.0,False,6
RATemp,numeric,0.35396998660550694,0.05072104593770631,0.035066056383661934,0.023744292237442906,1.0,1.0,False,7
Air Velo,numeric,0.12181591040826834,0.058057920704973065,0.03766045778204027,0.015753424657534234,1.0,1.0,False,8
