Feature,Type,Univariate_Score,Perm_DeltaR2,Perm_DeltaMAE,Perm_DeltaAcc,Combined_Score,Stability_Freq,Selected,Rank
Clothing,categorical,0.39075433617284083,0.002767772169841498,0.0042778342229461645,0.010958904109589041,1.0,1.0,True,1
Season,categorical,0.3423220618313034,0.29871506057133546,0.17545431998054045,0.08538812785388127,1.0,1.0,True,2
Activity,categorical,0.16546141439178608,0.0033587369514896494,0.00242611052558556,0.0011415525114155296,1.0,1.0,True,3
MRT,numeric,0.33427764517134434,0.03271624078468116,0.027788113451702717,0.01392694063926941,1.0,1.0,False,4
RH,numeric,0.325604547468956,0.02026736655485406,0.01694108300994787,0.01141552511415526,1.0,1.0,False,5
Top,numeric,0.34820425437285063,0.008023060127597495,0.009588142487735563,0.009589041095890413,1.0,1.0,False,6
RATemp,numeric,0.35396998660550694,0.00504137726699089,0.006924458718176256,0.008219178082191785,1.0,1.0,False,7
Air Velo,numeric,0.12181591040826834,0.025697134620008378,0.01736568313328348,0.01027397260273973,1.0,1.0,False,8
