Feature,Type,Univariate_Score,Perm_DeltaR2,Perm_DeltaMAE,Perm_DeltaAcc,Combined_Score,Stability_Freq,Selected,Rank
Clothing,categorical,0.39075433617284083,0.0038344462712605796,0.003612724939982097,0.0075342465753424626,1.0,1.0,True,1
Season,categorical,0.3423220618313034,0.03358249664306641,0.024454168478647866,0.015981735159817344,1.0,1.0,True,2
Activity,categorical,0.16546141439178608,0.00045399268468221025,0.0003998041152954102,0.003196347031963479,1.0,1.0,True,3
MRT,numeric,0.33427764517134434,0.2630087733268737,0.16451301972071328,0.08036529680365297,1.0,1.0,False,4
RH,numeric,0.325604547468956,0.05355629523595175,0.03975332180658976,0.027853881278538817,1.0,1.0,False,5
Top,numeric,0.34820425437285063,0.047044074535369865,0.03762538035710653,0.0271689497716895,1.0,1.0,False,6
RATemp,numeric,0.35396998660550694,0.071990704536438,0.04403781493504842,0.02054794520547945,1.0,1.0,False,7
Air Velo,numeric,0.12181591040826834,0.021997233231862385,0.012986846764882407,0.007762557077625569,1.0,1.0,False,8
