Feature,Type,Univariate_Score,Perm_DeltaR2,Perm_DeltaMAE,Perm_DeltaAcc,Combined_Score,Stability_Freq,Selected,Rank
MRT,numeric,0.19961525576076694,0.007826820926534002,0.030095134401242736,0.05521501544309813,1.0,1.0,True,1
RH,numeric,0.005344435399548221,0.0,0.004805615026869299,0.02323196325334601,1.0,1.0,True,2
Top,numeric,0.22641087588146216,0.15744109742300358,0.08503995528791579,0.06609250019798844,1.0,1.0,True,3
RATemp,numeric,0.2118439991855703,0.03243660233599836,0.046784378632015386,0.06865051081016868,1.0,1.0,False,4
Air Velo,numeric,0.018771042586310023,0.0,0.0023283987365170828,0.009446028351944257,1.0,1.0,False,5
