Feature,Type,Univariate_Score,Perm_DeltaR2,Perm_DeltaMAE,Perm_DeltaAcc,Combined_Score,Stability_Freq,Selected,Rank
MRT,numeric,0.19961525576076694,0.04599036773045857,0.03332376480102539,0.0352439217549695,1.0,1.0,True,1
RH,numeric,0.005344435399548221,0.00877153476079305,0.005165290832519531,0.013073176526490848,1.0,1.0,True,2
Top,numeric,0.22641087588146216,0.30432199239730834,0.12505103349685667,0.08101290884612339,1.0,1.0,True,3
RATemp,numeric,0.2118439991855703,0.041235514481862384,0.03803015947341919,0.06140413399857447,1.0,1.0,False,4
Air Velo,numeric,0.018771042586310023,0.013035523891448974,0.0071408629417419435,0.0076205749584224184,1.0,1.0,False,5
