Feature,Type,Univariate_Score,Perm_DeltaR2,Perm_DeltaMAE,Perm_DeltaAcc,Combined_Score,Stability_Freq,Selected,Rank
MRT,numeric,0.19961525576076694,0.012060582438191038,0.0074815877721322675,0.00725825611784271,1.0,1.0,True,1
RH,numeric,0.005344435399548221,0.0,0.0,0.0,1.0,1.0,True,2
Top,numeric,0.22641087588146216,0.07314061728146878,0.03208048904498463,0.023594282093925712,1.0,1.0,True,3
RATemp,numeric,0.2118439991855703,0.07199861056864551,0.031982908807653275,0.022158865922230136,1.0,1.0,False,4
Air Velo,numeric,0.018771042586310023,0.0,0.0,0.0,1.0,1.0,False,5
