Feature,Type,Univariate_Score,Perm_DeltaR2,Perm_DeltaMAE,Perm_DeltaAcc,Combined_Score,Stability_Freq,Selected,Rank
MRT,numeric,0.19961525576076694,0.04311396249235059,0.03267352462643884,0.04174784192603152,1.0,1.0,True,1
RH,numeric,0.005344435399548221,0.011707165152653383,0.0058106193662614825,0.014152213510730973,1.0,1.0,True,2
Top,numeric,0.22641087588146216,0.19534468898216337,0.08882299436085617,0.07844499881206937,1.0,1.0,True,3
RATemp,numeric,0.2118439991855703,0.08376972425501177,0.0557914199035062,0.06538370159182703,1.0,1.0,False,4
Air Velo,numeric,0.018771042586310023,0.022229481397391428,0.011774464481426213,0.009806367308149207,1.0,1.0,False,5
