Feature,Type,Univariate_Score,Perm_DeltaR2,Perm_DeltaMAE,Perm_DeltaAcc,Combined_Score,Stability_Freq,Selected,Rank
Clothing,categorical,0.36107642774840565,0.0011041286176401322,0.0005877174619087544,0.007862679955703219,1.0,1.0,True,1
Season,categorical,0.0,0.0,0.0,0.0,1.0,1.0,True,2
Activity,categorical,0.0,0.0,0.0,0.0,1.0,1.0,True,3
MRT,numeric,0.041044797892478044,0.036347717466972344,0.02508346170532407,0.031413805832410484,1.0,1.0,False,4
RH,numeric,0.0027651772560393123,0.00920925393763498,0.006736791468794134,0.03156146179401993,1.0,1.0,False,5
Top,numeric,0.06833100609793122,0.026603061778300095,0.022458601101165952,0.02676264304171282,1.0,1.0,False,6
RATemp,numeric,0.018579672702628686,0.022130921078695794,0.016443608886873514,0.026799557032115173,1.0,1.0,False,7
Air Velo,numeric,0.017172946142886843,0.024063874505093445,0.012271194964773335,0.03314876338132152,1.0,1.0,False,8
