Feature,Type,Univariate_Score,Perm_DeltaR2,Perm_DeltaMAE,Perm_DeltaAcc,Combined_Score,Stability_Freq,Selected,Rank
Clothing,categorical,0.13212140341337114,0.01850128180270541,0.011846182118243568,0.010534277111921715,1.0,1.0,True,1
Season,categorical,0.024364923877041998,0.022384228083360366,0.01402313743283461,0.0048289039430258855,1.0,1.0,True,2
Activity,categorical,0.003723005400763959,0.002049116334219892,0.0032162029729636034,0.00658401366452435,1.0,1.0,True,3
MRT,numeric,0.14295464481428105,0.0024307805023837965,0.00151048884255085,0.0037403740374037375,1.0,1.0,False,4
RH,numeric,0.0034558369527280227,0.0009335424626947253,0.0024178611269333183,0.003512390712755483,1.0,1.0,False,5
Top,numeric,0.2583906156626027,0.09888064198722155,0.06273765799912547,0.038889612645475066,1.0,1.0,False,6
RATemp,numeric,0.25737310816365094,0.06778049375813307,0.05138261940439861,0.03622256962538359,1.0,1.0,False,7
Air Velo,numeric,0.021045774083030204,0.005310729603397364,0.0046223193774947765,0.004176075502287066,1.0,1.0,False,8
