Feature,Type,Univariate_Score,Perm_DeltaR2,Perm_DeltaMAE,Perm_DeltaAcc,Combined_Score,Stability_Freq,Selected,Rank
Clothing,categorical,0.36107642774840565,0.016832379647795218,0.006843463058044419,0.007936507936507933,1.0,1.0,True,1
Season,categorical,0.0,2.960594732333751e-17,0.0,0.0,1.0,1.0,True,2
Activity,categorical,0.0,2.2204460492503132e-17,0.0,0.0,1.0,1.0,True,3
MRT,numeric,0.041044797892478044,0.0210526617918665,0.010572406357661598,0.01746031746031745,1.0,1.0,False,4
RH,numeric,0.0027651772560393123,0.028767169553023934,0.0161530760199533,0.012624584717607964,1.0,1.0,False,5
Top,numeric,0.06833100609793122,0.06701846198857837,0.04117659915101204,0.030011074197120707,1.0,1.0,False,6
RATemp,numeric,0.018579672702628686,0.01762959877200271,0.01391610155385003,0.025359911406423026,1.0,1.0,False,7
Air Velo,numeric,0.017172946142886843,0.03144702754215524,0.008225319115566787,0.018826135105204863,1.0,1.0,False,8
