Feature,Type,Univariate_Score,Perm_DeltaR2,Perm_DeltaMAE,Perm_DeltaAcc,Combined_Score,Stability_Freq,Selected,Rank
Clothing,categorical,0.13212140341337114,0.008741116523742676,0.006713076432545979,0.006809825719414034,1.0,1.0,True,1
Season,categorical,0.024364923877041998,0.005933304627736409,0.002772092819213867,0.0008779167390423245,1.0,1.0,True,2
Activity,categorical,0.003723005400763959,0.0010074655214945476,0.0008322755495707194,0.0006586184934282942,1.0,1.0,True,3
MRT,numeric,0.14295464481428105,0.020305514335632324,0.013315550486246743,0.009455156041919979,1.0,1.0,False,4
RH,numeric,0.0034558369527280227,0.0035396019617716474,0.003257842858632405,0.00900859822824388,1.0,1.0,False,5
Top,numeric,0.2583906156626027,0.13475821018218995,0.08437616427739461,0.038885270105957964,1.0,1.0,False,6
RATemp,numeric,0.25737310816365094,0.08927137056986492,0.06289165019989014,0.036903624572983615,1.0,1.0,False,7
Air Velo,numeric,0.021045774083030204,0.004670202732086182,0.005240948994954427,0.00637050547159979,1.0,1.0,False,8
