Feature,Type,Univariate_Score,Perm_DeltaR2,Perm_DeltaMAE,Perm_DeltaAcc,Combined_Score,Stability_Freq,Selected,Rank
Clothing,categorical,0.13212140341337114,0.003326109804091115,0.0017886631269751353,0.003511666956169305,1.0,1.0,True,1
Season,categorical,0.024364923877041998,0.018948420972350975,0.013921523775293581,0.006585461177696712,1.0,1.0,True,2
Activity,categorical,0.003723005400763959,0.00254456585557928,0.002423103033475408,0.004832522725956805,1.0,1.0,True,3
MRT,numeric,0.14295464481428105,0.02879585430448265,0.01818360697778351,0.019762897342365818,1.0,1.0,False,4
RH,numeric,0.0034558369527280227,0.009374772804826776,0.00754390897835681,0.013393115627352209,1.0,1.0,False,5
Top,numeric,0.2583906156626027,0.09362631545790626,0.06368498991432733,0.039520728388628336,1.0,1.0,False,6
RATemp,numeric,0.25737310816365094,0.11663404535414983,0.07601796879731865,0.05116814313010247,1.0,1.0,False,7
Air Velo,numeric,0.021045774083030204,0.007767592534172481,0.008283154322804005,0.015591888136182033,1.0,1.0,False,8
