Feature,Type,Univariate_Score,Perm_DeltaR2,Perm_DeltaMAE,Perm_DeltaAcc,Combined_Score,Stability_Freq,Selected,Rank
Clothing,categorical,0.36107642774840565,0.0021062135696411134,0.0008147358894348145,0.003174603174603178,1.0,1.0,True,1
Season,categorical,0.0,0.0,0.0,0.0,1.0,1.0,True,2
Activity,categorical,0.0,0.0,0.0,0.0,1.0,1.0,True,3
MRT,numeric,0.041044797892478044,0.040673820177714023,0.023464810848236085,0.017460317460317464,1.0,1.0,False,4
RH,numeric,0.0027651772560393123,0.013260567188262939,0.005478894710540772,0.026984126984126982,1.0,1.0,False,5
Top,numeric,0.06833100609793122,0.030963448683420818,0.017975457509358722,0.014211886304909566,1.0,1.0,False,6
RATemp,numeric,0.018579672702628686,0.02727675835291545,0.016490304470062257,0.01904761904761905,1.0,1.0,False,7
Air Velo,numeric,0.017172946142886843,0.018369619051615396,0.012631658713022867,0.012661498708010338,1.0,1.0,False,8
