Feature,Type,Univariate_Score,Perm_DeltaR2,Perm_DeltaMAE,Perm_DeltaAcc,Combined_Score,Stability_Freq,Selected,Rank
Clothing,categorical,0.39075433617284083,0.0,0.0,0.0,1.0,1.0,True,1
Season,categorical,0.3423220618313034,0.011528383387094736,0.007674304236840605,0.002968036529680366,1.0,1.0,True,2
Activity,categorical,0.16546141439178608,0.0,0.0,0.0,1.0,1.0,True,3
MRT,numeric,0.33427764517134434,0.08028991298895485,0.053741976074772824,0.015068493150684936,1.0,1.0,False,4
RH,numeric,0.325604547468956,0.042462796757518115,0.028560514649569085,0.006849315068493152,1.0,1.0,False,5
Top,numeric,0.34820425437285063,0.03318043570270563,0.025429473430447568,0.005251141552511418,1.0,1.0,False,6
RATemp,numeric,0.35396998660550694,0.024038768259018687,0.017122517928412732,0.0031963470319634757,1.0,1.0,False,7
Air Velo,numeric,0.12181591040826834,0.05832706671459613,0.03275920508003176,0.0047945205479452135,1.0,1.0,False,8
