Feature,Type,Univariate_Score,Perm_DeltaR2,Perm_DeltaMAE,Perm_DeltaAcc,Combined_Score,Stability_Freq,Selected,Rank
Clothing,categorical,0.39075433617284083,0.004100143909454346,0.005630310376485188,0.007990867579908682,1.0,1.0,True,1
Season,categorical,0.3423220618313034,0.03501958052317301,0.024547171592712403,0.020091324200913245,1.0,1.0,True,2
Activity,categorical,0.16546141439178608,0.0003955443700154623,0.00015630324681599936,0.002283105022831048,1.0,1.0,True,3
MRT,numeric,0.33427764517134434,0.2593436559041341,0.15974910656611124,0.07876712328767124,1.0,1.0,False,4
RH,numeric,0.325604547468956,0.050379415353139244,0.03616194327672322,0.028767123287671233,1.0,1.0,False,5
Top,numeric,0.34820425437285063,0.04283863306045532,0.03552071253458659,0.029908675799086754,1.0,1.0,False,6
RATemp,numeric,0.35396998660550694,0.06917289892832437,0.04711540540059408,0.0312785388127854,1.0,1.0,False,7
Air Velo,numeric,0.12181591040826834,0.025080227851867677,0.013584144910176597,0.005707762557077626,1.0,1.0,False,8
