Feature,Type,Univariate_Score,Perm_DeltaR2,Perm_DeltaMAE,Perm_DeltaAcc,Combined_Score,Stability_Freq,Selected,Rank
Clothing,categorical,0.39075433617284083,0.00551506481521357,0.008012895322349566,0.01210045662100457,1.0,1.0,True,1
Season,categorical,0.3423220618313034,0.29283970679455185,0.1707396605062758,0.0776255707762557,1.0,1.0,True,2
Activity,categorical,0.16546141439178608,0.0031673055305486697,0.0020532604120905074,0.0002283105022831059,1.0,1.0,True,3
MRT,numeric,0.33427764517134434,0.028022716300006544,0.023863638908806724,0.010730593607305942,1.0,1.0,False,4
RH,numeric,0.325604547468956,0.02430197122907852,0.019148257009315772,0.008219178082191789,1.0,1.0,False,5
Top,numeric,0.34820425437285063,0.012876627925298534,0.012456985991632318,0.012785388127853885,1.0,1.0,False,6
RATemp,numeric,0.35396998660550694,0.008050485746362964,0.006735018543620708,0.0013698630136986319,1.0,1.0,False,7
Air Velo,numeric,0.12181591040826834,0.021731685826387768,0.012808158397038949,0.008675799086757996,1.0,1.0,False,8
