Feature,Type,Univariate_Score,Perm_DeltaR2,Perm_DeltaMAE,Perm_DeltaAcc,Combined_Score,Stability_Freq,Selected,Rank
Clothing,categorical,0.39075433617284083,0.01041465707395033,0.008754400961887605,0.00821917808219177,1.0,1.0,True,1
Season,categorical,0.3423220618313034,0.059821045675078934,0.039304685098487155,0.01598173515981734,1.0,1.0,True,2
Activity,categorical,0.16546141439178608,0.011751695845322237,0.005318611928573384,0.0020547945205479424,1.0,1.0,True,3
MRT,numeric,0.33427764517134434,0.09675330509389965,0.06705346906121419,0.0321917808219178,1.0,1.0,False,4
RH,numeric,0.325604547468956,0.06518649190841998,0.04517243662094311,0.026712328767123268,1.0,1.0,False,5
Top,numeric,0.34820425437285063,0.0854496986062951,0.06280851066836736,0.03858447488584473,1.0,1.0,False,6
RATemp,numeric,0.35396998660550694,0.05665337344008908,0.036535648870199805,0.020319634703196334,1.0,1.0,False,7
Air Velo,numeric,0.12181591040826834,0.05223930644624072,0.03084443015413361,0.012328767123287662,1.0,1.0,False,8
