Feature,Type,Univariate_Score,Perm_DeltaR2,Perm_DeltaMAE,Perm_DeltaAcc,Combined_Score,Stability_Freq,Selected,Rank
MRT,numeric,0.19961525576076694,0.011926415526954563,0.007044329633021862,0.01126950186109131,1.0,1.0,True,1
RH,numeric,0.005344435399548221,0.0,0.0,0.0,1.0,1.0,True,2
Top,numeric,0.22641087588146216,0.06678583844709793,0.029555749270940956,0.02540587629682426,1.0,1.0,True,3
RATemp,numeric,0.2118439991855703,0.07700985837584934,0.03406466948581819,0.023614080937673233,1.0,1.0,False,4
Air Velo,numeric,0.018771042586310023,0.0,0.0,0.0,1.0,1.0,False,5
