Feature,Type,Univariate_Score,Perm_DeltaR2,Perm_DeltaMAE,Perm_DeltaAcc,Combined_Score,Stability_Freq,Selected,Rank
MRT,numeric,0.19961525576076694,0.005240999615071325,0.024340368031343436,0.05771164963966106,1.0,1.0,True,1
RH,numeric,0.005344435399548221,0.0,0.00380665180686756,0.019606794963174155,1.0,1.0,True,2
Top,numeric,0.22641087588146216,0.15629589217144596,0.08636510479752177,0.07479013225627622,1.0,1.0,True,3
RATemp,numeric,0.2118439991855703,0.040209644624064636,0.0459873577734196,0.06394036588263245,1.0,1.0,False,4
Air Velo,numeric,0.018771042586310023,0.0,0.0010150279644353408,0.003633087827670874,1.0,1.0,False,5
