Feature,Type,Univariate_Score,Perm_DeltaR2,Perm_DeltaMAE,Perm_DeltaAcc,Combined_Score,Stability_Freq,Selected,Rank
MRT,numeric,0.19961525576076694,0.046013486385345456,0.031430979569753006,0.04249425833531321,1.0,1.0,True,1
RH,numeric,0.005344435399548221,0.012841331958770751,0.007104094823201497,0.016706264354161705,1.0,1.0,True,2
Top,numeric,0.22641087588146216,0.3024074991544088,0.1256492018699646,0.08681001029539873,1.0,1.0,True,3
RATemp,numeric,0.2118439991855703,0.04456962744394938,0.03645485242207845,0.05338758216520155,1.0,1.0,False,4
Air Velo,numeric,0.018771042586310023,0.01011743942896525,0.006588129202524821,0.011251682901718532,1.0,1.0,False,5
