Feature,Type,Univariate_Score,Perm_DeltaR2,Perm_DeltaMAE,Perm_DeltaAcc,Combined_Score,Stability_Freq,Selected,Rank
MRT,numeric,0.19961525576076694,0.053136226656781874,0.0362435874578203,0.04537696998495288,1.0,1.0,True,1
RH,numeric,0.005344435399548221,0.009978325412624525,0.005099628015613922,0.01706066365724242,1.0,1.0,True,2
Top,numeric,0.22641087588146216,0.18951209245336745,0.0862116201015766,0.07735012275283124,1.0,1.0,True,3
RATemp,numeric,0.2118439991855703,0.0904622809442702,0.05637873553023799,0.06937514849132811,1.0,1.0,False,4
Air Velo,numeric,0.018771042586310023,0.015138698723264996,0.01009466201527418,0.009069850320741268,1.0,1.0,False,5
