Feature,Type,Univariate_Score,Perm_DeltaR2,Perm_DeltaMAE,Perm_DeltaAcc,Combined_Score,Stability_Freq,Selected,Rank
Clothing,categorical,0.13212140341337114,0.017478082841091824,0.01226174730506934,0.019756383533090144,1.0,1.0,True,1
Season,categorical,0.024364923877041998,0.029786318747429798,0.01739150278609874,0.006149759712813385,1.0,1.0,True,2
Activity,categorical,0.003723005400763959,0.0018254648808665379,0.002668401538084697,0.007459759133808119,1.0,1.0,True,3
MRT,numeric,0.14295464481428105,0.003926189631761427,0.0017880681110065428,0.0065992125528342325,1.0,1.0,False,4
RH,numeric,0.0034558369527280227,0.0026176937026375063,0.0038781731538016046,0.005051820971570841,1.0,1.0,False,5
Top,numeric,0.2583906156626027,0.0854277206473428,0.05828564680036731,0.03975233049620752,1.0,1.0,False,6
RATemp,numeric,0.25737310816365094,0.0900548880918693,0.05906618512721688,0.0404203578252562,1.0,1.0,False,7
Air Velo,numeric,0.021045774083030204,0.00399564594290572,0.004164936675268501,0.003735307741300449,1.0,1.0,False,8
