Feature,Type,Univariate_Score,Perm_DeltaR2,Perm_DeltaMAE,Perm_DeltaAcc,Combined_Score,Stability_Freq,Selected,Rank
Clothing,categorical,0.13212140341337114,0.006039186318715413,0.005244298775990804,0.0057118869781714945,1.0,1.0,True,1
Season,categorical,0.024364923877041998,0.006815274556477864,0.0029973785082499185,0.0006586184934282904,1.0,1.0,True,2
Activity,categorical,0.003723005400763959,0.0014385501543680828,0.0012392242749532064,0.0008779167390423317,1.0,1.0,True,3
MRT,numeric,0.14295464481428105,0.02356943686803182,0.018308575948079425,0.00988796248045857,1.0,1.0,False,4
RH,numeric,0.0034558369527280227,0.00548237959543864,0.004730367660522461,0.0050489259452261015,1.0,1.0,False,5
Top,numeric,0.2583906156626027,0.14783659378687541,0.09179937442143757,0.04547435006658561,1.0,1.0,False,6
RATemp,numeric,0.25737310816365094,0.08715060154596965,0.055333991845448814,0.023509061432459042,1.0,1.0,False,7
Air Velo,numeric,0.021045774083030204,0.008157042662302653,0.005553408463795979,0.005272566730357238,1.0,1.0,False,8
