Feature,Type,Univariate_Score,Perm_DeltaR2,Perm_DeltaMAE,Perm_DeltaAcc,Combined_Score,Stability_Freq,Selected,Rank
Clothing,categorical,0.36107642774840565,0.0041374286015828455,0.001824343204498291,0.0031746031746031746,1.0,1.0,True,1
Season,categorical,0.0,0.0,0.0,0.0,1.0,1.0,True,2
Activity,categorical,0.0,0.0,0.0,0.0,1.0,1.0,True,3
MRT,numeric,0.041044797892478044,0.05985281467437744,0.030187106132507323,0.025359911406423036,1.0,1.0,False,4
RH,numeric,0.0027651772560393123,0.020406119028727212,0.008235637346903482,0.025322997416020676,1.0,1.0,False,5
Top,numeric,0.06833100609793122,0.024178183078765868,0.017430782318115234,0.02207456626061279,1.0,1.0,False,6
RATemp,numeric,0.018579672702628686,0.018213180700937907,0.01444173256556193,0.023809523809523808,1.0,1.0,False,7
Air Velo,numeric,0.017172946142886843,0.022266650199890138,0.011291897296905518,0.0174234034699151,1.0,1.0,False,8
