Feature,Type,Univariate_Score,Perm_DeltaR2,Perm_DeltaMAE,Perm_DeltaAcc,Combined_Score,Stability_Freq,Selected,Rank
Clothing,categorical,0.36107642774840565,0.019108394176210394,0.011449635271824344,0.019047619047619042,1.0,1.0,True,1
Season,categorical,0.0,7.401486830834377e-18,2.960594732333751e-17,0.0,1.0,1.0,True,2
Activity,categorical,0.0,7.401486830834377e-18,3.700743415417188e-17,0.0,1.0,1.0,True,3
MRT,numeric,0.041044797892478044,0.01996807516217581,0.011682295227565356,0.011037283130306382,1.0,1.0,False,4
RH,numeric,0.0027651772560393123,0.005537441400347872,0.008529462172086277,0.011074197120708739,1.0,1.0,False,5
Top,numeric,0.06833100609793122,0.04539569706401128,0.028979058244893864,0.02532299741602066,1.0,1.0,False,6
RATemp,numeric,0.018579672702628686,0.013028984500051882,0.013071277679714841,0.026873385012919894,1.0,1.0,False,7
Air Velo,numeric,0.017172946142886843,0.029691260191355245,0.011758376693958517,0.01886304909560722,1.0,1.0,False,8
