Feature,Type,Univariate_Score,Perm_DeltaR2,Perm_DeltaMAE,Perm_DeltaAcc,Combined_Score,Stability_Freq,Selected,Rank
Clothing,categorical,0.36107642774840565,0.0009854666566429192,0.0008112073599450505,0.003174603174603178,1.0,1.0,True,1
Season,categorical,0.0,0.0,0.0,0.0,1.0,1.0,True,2
Activity,categorical,0.0,0.0,0.0,0.0,1.0,1.0,True,3
MRT,numeric,0.041044797892478044,0.02914349887546312,0.021590677071731124,0.03462532299741602,1.0,1.0,False,4
RH,numeric,0.0027651772560393123,0.01681085993438925,0.0077693005172411985,0.020598006644518278,1.0,1.0,False,5
Top,numeric,0.06833100609793122,0.03882635573774814,0.02240085844765013,0.025249169435215955,1.0,1.0,False,6
RATemp,numeric,0.018579672702628686,0.021705725598345684,0.01742880747907137,0.036286452565522334,1.0,1.0,False,7
Air Velo,numeric,0.017172946142886843,0.021779806525087392,0.01292985353877223,0.0330749354005168,1.0,1.0,False,8
