Feature,Type,Univariate_Score,Perm_DeltaR2,Perm_DeltaMAE,Perm_DeltaAcc,Combined_Score,Stability_Freq,Selected,Rank
Clothing,categorical,0.13212140341337114,0.0028475309477699272,0.001791690234505235,0.0028508771929824594,1.0,1.0,True,1
Season,categorical,0.024364923877041998,0.01478186480816237,0.012581003580206921,0.008777719877250876,1.0,1.0,True,2
Activity,categorical,0.003723005400763959,0.0037300895670273177,0.0030808482011197564,0.007252040993573046,1.0,1.0,True,3
MRT,numeric,0.14295464481428105,0.02374501500171468,0.016831609520368374,0.020870244919228766,1.0,1.0,False,4
RH,numeric,0.0034558369527280227,0.012853197339128361,0.008646293648490226,0.012298071912454403,1.0,1.0,False,5
Top,numeric,0.2583906156626027,0.10351185801252386,0.06895528064251237,0.04237015806843843,1.0,1.0,False,6
RATemp,numeric,0.25737310816365094,0.1070283009910975,0.07242890192948011,0.05138527010595796,1.0,1.0,False,7
Air Velo,numeric,0.021045774083030204,0.006732352115423394,0.00665064409341419,0.014273203636153092,1.0,1.0,False,8
