Feature,Type,Univariate_Score,Perm_DeltaR2,Perm_DeltaMAE,Perm_DeltaAcc,Combined_Score,Stability_Freq,Selected,Rank
Clothing,categorical,0.39075433617284083,0.0028863906860351557,0.004491194089253743,0.010730593607305935,1.0,1.0,True,1
Season,categorical,0.3423220618313034,0.03769539992014567,0.024984025955200197,0.01917808219178082,1.0,1.0,True,2
Activity,categorical,0.16546141439178608,0.0006628712018330892,0.0002864241600036621,0.002511415525114154,1.0,1.0,True,3
MRT,numeric,0.33427764517134434,0.25988069772720335,0.15814614295959473,0.08105022831050226,1.0,1.0,False,4
RH,numeric,0.325604547468956,0.04858915408452352,0.034712354342142746,0.026484018264840183,1.0,1.0,False,5
Top,numeric,0.34820425437285063,0.04236198266347249,0.033742332458496095,0.024885844748858445,1.0,1.0,False,6
RATemp,numeric,0.35396998660550694,0.061701234181722006,0.03937576611836751,0.020776255707762557,1.0,1.0,False,7
Air Velo,numeric,0.12181591040826834,0.026068969567616777,0.016104865074157714,0.015981735159817354,1.0,1.0,False,8
