Feature,Type,Univariate_Score,Perm_DeltaR2,Perm_DeltaMAE,Perm_DeltaAcc,Combined_Score,Stability_Freq,Selected,Rank
Clothing,categorical,0.39075433617284083,0.004000428167692645,0.005278075938997014,0.010730593607305935,1.0,1.0,True,1
Season,categorical,0.3423220618313034,0.30974730189763644,0.1776445927356032,0.07899543378995434,1.0,1.0,True,2
Activity,categorical,0.16546141439178608,0.0019901706348923443,0.0017208631297366789,0.0002283105022831059,1.0,1.0,True,3
MRT,numeric,0.33427764517134434,0.03168299599303155,0.02607014145845286,0.017351598173515986,1.0,1.0,False,4
RH,numeric,0.325604547468956,0.016285475903224496,0.014384420400104986,0.0091324200913242,1.0,1.0,False,5
Top,numeric,0.34820425437285063,0.010184515523777488,0.009951086900245893,0.013013698630136992,1.0,1.0,False,6
RATemp,numeric,0.35396998660550694,0.00657197521672898,0.00616148682614152,0.0073059360730593605,1.0,1.0,False,7
Air Velo,numeric,0.12181591040826834,0.023220339013695364,0.012663209502772776,0.005707762557077626,1.0,1.0,False,8
