Feature,Type,Univariate_Score,Perm_DeltaR2,Perm_DeltaMAE,Perm_DeltaAcc,Combined_Score,Stability_Freq,Selected,Rank
Clothing,categorical,0.39075433617284083,0.008741646455345135,0.007124011916030367,0.006164383561643826,1.0,1.0,True,1
Season,categorical,0.3423220618313034,0.05354003878103255,0.034482933039651484,0.01324200913242008,1.0,1.0,True,2
Activity,categorical,0.16546141439178608,0.013331224767834904,0.006681337436611301,0.003424657534246567,1.0,1.0,True,3
MRT,numeric,0.33427764517134434,0.09571301643657591,0.06809946863675195,0.03173515981735159,1.0,1.0,False,4
RH,numeric,0.325604547468956,0.06761979269477938,0.04496982434099008,0.02968036529680363,1.0,1.0,False,5
Top,numeric,0.34820425437285063,0.09706376154589941,0.0685529712144892,0.03858447488584473,1.0,1.0,False,6
RATemp,numeric,0.35396998660550694,0.057513786251887786,0.03820515501039655,0.022374429223744285,1.0,1.0,False,7
Air Velo,numeric,0.12181591040826834,0.05728054879504968,0.03628261066710074,0.011187214611872135,1.0,1.0,False,8
