Feature,Type,Univariate_Score,Perm_DeltaR2,Perm_DeltaMAE,Perm_DeltaAcc,Combined_Score,Stability_Freq,Selected,Rank
Clothing,categorical,0.39075433617284083,0.0,0.0,0.0,1.0,1.0,True,1
Season,categorical,0.3423220618313034,0.010781809985319945,0.007944713599437152,0.003652968036529676,1.0,1.0,True,2
Activity,categorical,0.16546141439178608,0.0,0.0,0.0,1.0,1.0,True,3
MRT,numeric,0.33427764517134434,0.08628258863826098,0.05321418815766062,0.01369863013698631,1.0,1.0,False,4
RH,numeric,0.325604547468956,0.04156182162798652,0.02936288220229849,0.00821917808219178,1.0,1.0,False,5
Top,numeric,0.34820425437285063,0.03795274888755372,0.02656568244834598,0.005251141552511421,1.0,1.0,False,6
RATemp,numeric,0.35396998660550694,0.026582336207734886,0.018638208757386,0.0027397260273972677,1.0,1.0,False,7
Air Velo,numeric,0.12181591040826834,0.05534399113651169,0.029798211481830306,0.00776255707762558,1.0,1.0,False,8
