Feature,Type,Univariate_Score,Perm_DeltaR2,Perm_DeltaMAE,Perm_DeltaAcc,Combined_Score,Stability_Freq,Selected,Rank
MRT,numeric,0.19961525576076694,0.048281283714034166,0.03525587508112572,0.04862794012829651,1.0,1.0,True,1
RH,numeric,0.005344435399548221,0.015997554392057176,0.009000940770639095,0.026152292706105966,1.0,1.0,True,2
Top,numeric,0.22641087588146216,0.19432433864428203,0.08847644159141081,0.07551674982181042,1.0,1.0,True,3
RATemp,numeric,0.2118439991855703,0.05983130039353486,0.04354533908523307,0.04650154430981231,1.0,1.0,False,4
Air Velo,numeric,0.018771042586310023,0.01607425480856265,0.009868992959082381,0.01014888730498139,1.0,1.0,False,5
