Feature,Type,Univariate_Score,Perm_DeltaR2,Perm_DeltaMAE,Perm_DeltaAcc,Combined_Score,Stability_Freq,Selected,Rank
MRT,numeric,0.19961525576076694,0.04632548888524374,0.033517722288767496,0.03741585491407301,1.0,1.0,True,1
RH,numeric,0.005344435399548221,0.0056707501411437985,0.005308779080708821,0.015253029223093365,1.0,1.0,True,2
Top,numeric,0.22641087588146216,0.3270613312721253,0.13085219065348308,0.07954779440880652,1.0,1.0,True,3
RATemp,numeric,0.2118439991855703,0.03456875483194987,0.033558019002278644,0.05304110239961986,1.0,1.0,False,4
Air Velo,numeric,0.018771042586310023,0.014826385180155438,0.008037714163462321,0.01234457907658192,1.0,1.0,False,5
