Feature,Type,Univariate_Score,Perm_DeltaR2,Perm_DeltaMAE,Perm_DeltaAcc,Combined_Score,Stability_Freq,Selected,Rank
MRT,numeric,0.19961525576076694,0.01344509062587571,0.00737715336733713,0.014162112932604725,1.0,1.0,True,1
RH,numeric,0.005344435399548221,0.0,0.0,0.0,1.0,1.0,True,2
Top,numeric,0.22641087588146216,0.07074328196510447,0.030644130404012045,0.014898629920012665,1.0,1.0,True,3
RATemp,numeric,0.2118439991855703,0.06940635395821124,0.030312062735348356,0.031604894274174386,1.0,1.0,False,4
Air Velo,numeric,0.018771042586310023,0.0,0.0,0.0,1.0,1.0,False,5
