Feature,Type,Univariate_Score,Perm_DeltaR2,Perm_DeltaMAE,Perm_DeltaAcc,Combined_Score,Stability_Freq,Selected,Rank
MRT,numeric,0.19961525576076694,0.0041950859188794555,0.02333847302120915,0.047200443494099936,1.0,1.0,True,1
RH,numeric,0.005344435399548221,0.0,0.0023434858860636194,0.018525778094559277,1.0,1.0,True,2
Top,numeric,0.22641087588146216,0.17125927462758614,0.09405535384004537,0.08640413399857448,1.0,1.0,True,3
RATemp,numeric,0.2118439991855703,0.021685158857199897,0.041341261447222374,0.07120456165359942,1.0,1.0,False,4
Air Velo,numeric,0.018771042586310023,0.0,0.0017780230813329613,0.007634434149045699,1.0,1.0,False,5
