Feature,Type,Univariate_Score,Perm_DeltaR2,Perm_DeltaMAE,Perm_DeltaAcc,Combined_Score,Stability_Freq,Selected,Rank
Clothing,categorical,0.13212140341337114,0.003859527905782064,0.004660662015279134,0.00636688668866886,1.0,1.0,True,1
Season,categorical,0.024364923877041998,0.006149216492970784,0.0019853552182515465,0.0002192982456140339,1.0,1.0,True,2
Activity,categorical,0.003723005400763959,0.0014877875645955404,0.0011334419250488281,0.0015372589890568036,1.0,1.0,True,3
MRT,numeric,0.14295464481428105,0.0213185985883077,0.014321839809417725,0.008128510219442987,1.0,1.0,False,4
RH,numeric,0.0034558369527280227,0.004156045118967692,0.003738824526468913,0.007906316947484223,1.0,1.0,False,5
Top,numeric,0.2583906156626027,0.1293408234914144,0.0825141986211141,0.04130189334722946,1.0,1.0,False,6
RATemp,numeric,0.25737310816365094,0.08352798620859782,0.05568908452987671,0.025699872618840835,1.0,1.0,False,7
Air Velo,numeric,0.021045774083030204,0.009288386503855387,0.006302718321482341,0.008349979734815582,1.0,1.0,False,8
