Feature,Type,Univariate_Score,Perm_DeltaR2,Perm_DeltaMAE,Perm_DeltaAcc,Combined_Score,Stability_Freq,Selected,Rank
Clothing,categorical,0.36107642774840565,0.016711732090720487,0.009465125586996623,0.012698412698412691,1.0,1.0,True,1
Season,categorical,0.0,2.960594732333751e-17,2.2204460492503132e-17,0.0,1.0,1.0,True,2
Activity,categorical,0.0,1.4802973661668754e-17,3.700743415417188e-17,0.0,1.0,1.0,True,3
MRT,numeric,0.041044797892478044,0.016171729898038344,0.01031858509359264,0.01424880029531192,1.0,1.0,False,4
RH,numeric,0.0027651772560393123,0.006760608666321377,0.009867081095404165,0.009523809523809514,1.0,1.0,False,5
Top,numeric,0.06833100609793122,0.05664754556043058,0.03470398365999061,0.037984496124031,1.0,1.0,False,6
RATemp,numeric,0.018579672702628686,0.01826919731066615,0.010857270482384999,0.01742340346991509,1.0,1.0,False,7
Air Velo,numeric,0.017172946142886843,0.02256188959323565,0.010525539010276759,0.00944998154300479,1.0,1.0,False,8
