Feature,Type,Univariate_Score,Perm_DeltaR2,Perm_DeltaMAE,Perm_DeltaAcc,Combined_Score,Stability_Freq,Selected,Rank
Clothing,categorical,0.13212140341337114,0.011671608949742182,0.012567961400160971,0.016685484337907466,1.0,1.0,True,1
Season,categorical,0.024364923877041998,0.027257293859961285,0.01676513751856653,0.00395605350008685,1.0,1.0,True,2
Activity,categorical,0.003723005400763959,0.0032082468664296274,0.005058211217431833,0.011410022581205496,1.0,1.0,True,3
MRT,numeric,0.14295464481428105,0.0036510908509450003,0.002252834364941547,0.004398268774245843,1.0,1.0,False,4
RH,numeric,0.0034558369527280227,0.0016124195601360987,0.0027020316268044093,0.0030745179781136002,1.0,1.0,False,5
Top,numeric,0.2583906156626027,0.09182187760155609,0.05980484256145739,0.03140814081408141,1.0,1.0,False,6
RATemp,numeric,0.25737310816365094,0.08730737461602814,0.058243400826471135,0.03930866770887615,1.0,1.0,False,7
Air Velo,numeric,0.021045774083030204,0.004321520363908397,0.004441843173127361,0.005055439754501763,1.0,1.0,False,8
