Feature,Type,Univariate_Score,Perm_DeltaR2,Perm_DeltaMAE,Perm_DeltaAcc,Combined_Score,Stability_Freq,Selected,Rank
Clothing,categorical,0.13212140341337114,0.0030401566805911885,0.001783593866348025,0.0032923687105552678,1.0,1.0,True,1
Season,categorical,0.024364923877041998,0.016421650808309516,0.01171756718983999,0.005483179896937055,1.0,1.0,True,2
Activity,categorical,0.003723005400763959,0.0034767913906961364,0.0030837949049591215,0.004612500723756589,1.0,1.0,True,3
MRT,numeric,0.14295464481428105,0.027955824389334805,0.017949198101388997,0.017349892884025244,1.0,1.0,False,4
RH,numeric,0.0034558369527280227,0.0116297126051547,0.009698374829709314,0.01383750217126976,1.0,1.0,False,5
Top,numeric,0.2583906156626027,0.08802345428027351,0.06276173829610435,0.043257483643101155,1.0,1.0,False,6
RATemp,numeric,0.25737310816365094,0.11461319809908191,0.07801868370813811,0.05798810144172312,1.0,1.0,False,7
Air Velo,numeric,0.021045774083030204,0.009327324925605078,0.008151789406052604,0.010757917897052861,1.0,1.0,False,8
