Feature,Type,Univariate_Score,Perm_DeltaR2,Perm_DeltaMAE,Perm_DeltaAcc,Combined_Score,Stability_Freq,Selected,Rank
Clothing,categorical,0.36107642774840565,0.0016553441683451332,0.0011496186256408692,0.0015873015873015856,1.0,1.0,True,1
Season,categorical,0.0,0.0,0.0,0.0,1.0,1.0,True,2
Activity,categorical,0.0,0.0,0.0,0.0,1.0,1.0,True,3
MRT,numeric,0.041044797892478044,0.06649503707885743,0.039096240202585855,0.030158730158730163,1.0,1.0,False,4
RH,numeric,0.0027651772560393123,0.008379288514455161,0.003862531979878744,0.01579918789221115,1.0,1.0,False,5
Top,numeric,0.06833100609793122,0.025881441434224446,0.01626929044723511,0.014138058324104844,1.0,1.0,False,6
RATemp,numeric,0.018579672702628686,0.020683340231577554,0.012002515792846679,0.019047619047619053,1.0,1.0,False,7
Air Velo,numeric,0.017172946142886843,0.014979954560597739,0.007569527626037598,0.007936507936507934,1.0,1.0,False,8
