Feature,Type,Univariate_Score,Perm_DeltaR2,Perm_DeltaMAE,Perm_DeltaAcc,Combined_Score,Stability_Freq,Selected,Rank
Clothing,categorical,0.36107642774840565,0.0013593822839887526,0.0010008996384626972,0.003100775193798455,1.0,1.0,True,1
Season,categorical,0.0,0.0,0.0,0.0,1.0,1.0,True,2
Activity,categorical,0.0,0.0,0.0,0.0,1.0,1.0,True,3
MRT,numeric,0.041044797892478044,0.03203350580931497,0.026320978176314645,0.028349944629014395,1.0,1.0,False,4
RH,numeric,0.0027651772560393123,0.020763938247676972,0.009221531580932566,0.02369878183831672,1.0,1.0,False,5
Top,numeric,0.06833100609793122,0.02288525366667419,0.019146050216476085,0.020339608711701738,1.0,1.0,False,6
RATemp,numeric,0.018579672702628686,0.022173338783118633,0.016668783990219836,0.03636028054632706,1.0,1.0,False,7
Air Velo,numeric,0.017172946142886843,0.01990718906366858,0.010613350571823442,0.026836471022517534,1.0,1.0,False,8
