Feature,Type,Univariate_Score,Perm_DeltaR2,Perm_DeltaMAE,Perm_DeltaAcc,Combined_Score,Stability_Freq,Selected,Rank
Clothing,categorical,0.39075433617284083,0.0,0.0,0.0,1.0,1.0,True,1
Season,categorical,0.3423220618313034,0.012392585239513669,0.008078477335327443,0.0025114155251141617,1.0,1.0,True,2
Activity,categorical,0.16546141439178608,0.0,0.0,0.0,1.0,1.0,True,3
MRT,numeric,0.33427764517134434,0.08146895630209242,0.05254675503992702,0.008675799086757991,1.0,1.0,False,4
RH,numeric,0.325604547468956,0.042484112135244716,0.029067592000921894,0.00684931506849316,1.0,1.0,False,5
Top,numeric,0.34820425437285063,0.03864009809684004,0.02631681198983952,0.0027397260273972603,1.0,1.0,False,6
RATemp,numeric,0.35396998660550694,0.022475643173424775,0.016356137109357988,0.004337899543378998,1.0,1.0,False,7
Air Velo,numeric,0.12181591040826834,0.05898696814558385,0.0342037538788423,0.008675799086757998,1.0,1.0,False,8
