Feature,Type,Univariate_Score,Perm_DeltaR2,Perm_DeltaMAE,Perm_DeltaAcc,Combined_Score,Stability_Freq,Selected,Rank
Clothing,categorical,0.39075433617284083,0.010512159017320891,0.009200356974960414,0.007762557077625558,1.0,1.0,True,1
Season,categorical,0.3423220618313034,0.05959004950263547,0.040867482468194376,0.018721461187214593,1.0,1.0,True,2
Activity,categorical,0.16546141439178608,0.01136605153531096,0.006231289603474107,0.004109589041095881,1.0,1.0,True,3
MRT,numeric,0.33427764517134434,0.0943138496661537,0.06732363258919209,0.03881278538812784,1.0,1.0,False,4
RH,numeric,0.325604547468956,0.06661396312235073,0.0456889770530938,0.027853881278538793,1.0,1.0,False,5
Top,numeric,0.34820425437285063,0.09264579751166543,0.06644425916315168,0.037214611872146114,1.0,1.0,False,6
RATemp,numeric,0.35396998660550694,0.0579901816408873,0.03644863192984019,0.01963470319634702,1.0,1.0,False,7
Air Velo,numeric,0.12181591040826834,0.055732745088776015,0.0358790073822426,0.018493150684931497,1.0,1.0,False,8
