Feature,Type,Univariate_Score,Perm_DeltaR2,Perm_DeltaMAE,Perm_DeltaAcc,Combined_Score,Stability_Freq,Selected,Rank
Clothing,categorical,0.39075433617284083,0.004787341753641765,0.004745761553446452,0.011872146118721463,1.0,1.0,True,1
Season,categorical,0.3423220618313034,0.03623496691385905,0.02574541966120402,0.019634703196347025,1.0,1.0,True,2
Activity,categorical,0.16546141439178608,0.0006055315335591634,0.0002978761990865072,0.0027397260273972638,1.0,1.0,True,3
MRT,numeric,0.33427764517134434,0.2377811511357625,0.14766782919565835,0.07488584474885845,1.0,1.0,False,4
RH,numeric,0.325604547468956,0.04733095566431682,0.03270010550816854,0.026712328767123282,1.0,1.0,False,5
Top,numeric,0.34820425437285063,0.040101488431294754,0.03324375947316488,0.024657534246575345,1.0,1.0,False,6
RATemp,numeric,0.35396998660550694,0.06584717035293579,0.04509182373682658,0.0271689497716895,1.0,1.0,False,7
Air Velo,numeric,0.12181591040826834,0.025826537609100343,0.015730086962382,0.007990867579908674,1.0,1.0,False,8
