Feature,Type,Univariate_Score,Perm_DeltaR2,Perm_DeltaMAE,Perm_DeltaAcc,Combined_Score,Stability_Freq,Selected,Rank
Clothing,categorical,0.39075433617284083,0.004437240481669958,0.007247408129069108,0.01643835616438356,1.0,1.0,True,1
Season,categorical,0.3423220618313034,0.30305282948446977,0.18239308580293065,0.08584474885844749,1.0,1.0,True,2
Activity,categorical,0.16546141439178608,0.0027042098277204017,0.0016660099951392986,0.0015981735159817378,1.0,1.0,True,3
MRT,numeric,0.33427764517134434,0.02785589269308451,0.024084742675372993,0.01643835616438356,1.0,1.0,False,4
RH,numeric,0.325604547468956,0.01900634937797014,0.0172687004770407,0.007305936073059363,1.0,1.0,False,5
Top,numeric,0.34820425437285063,0.009167268633042897,0.00851870807878993,0.007990867579908679,1.0,1.0,False,6
RATemp,numeric,0.35396998660550694,0.007008795351799968,0.007053285539318617,0.010273972602739722,1.0,1.0,False,7
Air Velo,numeric,0.12181591040826834,0.021671228675479347,0.014604208394266483,0.01164383561643836,1.0,1.0,False,8
