Feature,Type,Univariate_Score,Perm_DeltaR2,Perm_DeltaMAE,Perm_DeltaAcc,Combined_Score,Stability_Freq,Selected,Rank
MRT,numeric,0.19961525576076694,0.008652896388629273,0.028377565803049714,0.05702858953037142,1.0,1.0,True,1
RH,numeric,0.005344435399548221,0.0,0.003745987142193933,0.019618674269422674,1.0,1.0,True,2
Top,numeric,0.22641087588146216,0.16981517110020147,0.08972356342216069,0.08208798606161401,1.0,1.0,True,3
RATemp,numeric,0.2118439991855703,0.024022462750612372,0.04144050544218336,0.07666508275916686,1.0,1.0,False,4
Air Velo,numeric,0.018771042586310023,0.0,0.0005756333227904549,0.0065415379741823095,1.0,1.0,False,5
