Feature,Type,Univariate_Score,Perm_DeltaR2,Perm_DeltaMAE,Perm_DeltaAcc,Combined_Score,Stability_Freq,Selected,Rank
MRT,numeric,0.19961525576076694,0.046209763381622304,0.0337055586528613,0.04247445949156569,1.0,1.0,True,1
RH,numeric,0.005344435399548221,0.019316157534366114,0.009095400279083272,0.020333412528708326,1.0,1.0,True,2
Top,numeric,0.22641087588146216,0.20156808839941434,0.09448881495448727,0.08895026530450623,1.0,1.0,True,3
RATemp,numeric,0.2118439991855703,0.07565021157040983,0.05310082627070188,0.07226775956284154,1.0,1.0,False,4
Air Velo,numeric,0.018771042586310023,0.013569501864356726,0.008415725581576787,0.01161004197354875,1.0,1.0,False,5
