Feature,Type,Univariate_Score,Perm_DeltaR2,Perm_DeltaMAE,Perm_DeltaAcc,Combined_Score,Stability_Freq,Selected,Rank
MRT,numeric,0.19961525576076694,0.0353358268737793,0.02852994600931803,0.04067078482616614,1.0,1.0,True,1
RH,numeric,0.005344435399548221,0.004507188002268473,0.0034544547398885086,0.012348538845331422,1.0,1.0,True,2
Top,numeric,0.22641087588146216,0.3080461104710897,0.13280857006708782,0.09622832026609646,1.0,1.0,True,3
RATemp,numeric,0.2118439991855703,0.04660514990488688,0.03977031310399373,0.05882434465827195,1.0,1.0,False,4
Air Velo,numeric,0.018771042586310023,0.015931499004364018,0.009807034333546957,0.01452839154193394,1.0,1.0,False,5
