Feature,Type,Univariate_Score,Perm_DeltaR2,Perm_DeltaMAE,Perm_DeltaAcc,Combined_Score,Stability_Freq,Selected,Rank
MRT,numeric,0.19961525576076694,0.013007334750058316,0.007787836948877221,0.00761859507404767,1.0,1.0,True,1
RH,numeric,0.005344435399548221,0.0,0.0,0.0,1.0,1.0,True,2
Top,numeric,0.22641087588146216,0.07065211494139184,0.030140794712779417,0.01598756632612655,1.0,1.0,True,3
RATemp,numeric,0.2118439991855703,0.06760813033940302,0.029739147127476873,0.0166943850479132,1.0,1.0,False,4
Air Velo,numeric,0.018771042586310023,0.0,0.0,0.0,1.0,1.0,False,5
