Feature,Type,Univariate_Score,Perm_DeltaR2,Perm_DeltaMAE,Perm_DeltaAcc,Combined_Score,Stability_Freq,Selected,Rank
Clothing,categorical,0.13212140341337114,0.003019163292156287,0.0014951838359310798,0.0030701754385964895,1.0,1.0,True,1
Season,categorical,0.024364923877041998,0.018591364552522874,0.014190066141441974,0.009000636905795834,1.0,1.0,True,2
Activity,categorical,0.003723005400763959,0.003532639508633295,0.003053602864576832,0.005053268484743216,1.0,1.0,True,3
MRT,numeric,0.14295464481428105,0.025892958029994147,0.017390705634479448,0.020637919055063396,1.0,1.0,False,4
RH,numeric,0.0034558369527280227,0.010100977631523756,0.008044587929644116,0.011195066875108564,1.0,1.0,False,5
Top,numeric,0.2583906156626027,0.1027962072007023,0.06942863635029314,0.04324662729430839,1.0,1.0,False,6
RATemp,numeric,0.25737310816365094,0.1218129480979214,0.08128585504744587,0.050282988825198306,1.0,1.0,False,7
Air Velo,numeric,0.021045774083030204,0.008662471891313077,0.0068560513690688165,0.014053181633952869,1.0,1.0,False,8
