Feature,Type,Univariate_Score,Perm_DeltaR2,Perm_DeltaMAE,Perm_DeltaAcc,Combined_Score,Stability_Freq,Selected,Rank
Clothing,categorical,0.36107642774840565,0.000730439027150472,0.0007669727007548015,0.006349206349206349,1.0,1.0,True,1
Season,categorical,0.0,0.0,0.0,0.0,1.0,1.0,True,2
Activity,categorical,0.0,0.0,0.0,0.0,1.0,1.0,True,3
MRT,numeric,0.041044797892478044,0.06562912066777546,0.02932862440745036,0.02535991140642303,1.0,1.0,False,4
RH,numeric,0.0027651772560393123,0.01365297238032023,0.006567128499348959,0.015836101882613512,1.0,1.0,False,5
Top,numeric,0.06833100609793122,0.018171687920888264,0.014785675207773843,0.014174972314507206,1.0,1.0,False,6
RATemp,numeric,0.018579672702628686,0.02401506900787353,0.013617448012034097,0.02380952380952381,1.0,1.0,False,7
Air Velo,numeric,0.017172946142886843,0.013242391745249433,0.010335894425710044,0.022222222222222223,1.0,1.0,False,8
