Feature,Type,Univariate_Score,Perm_DeltaR2,Perm_DeltaMAE,Perm_DeltaAcc,Combined_Score,Stability_Freq,Selected,Rank
Clothing,categorical,0.13212140341337114,0.015984456045532062,0.013640835851114313,0.014050286607608126,1.0,1.0,True,1
Season,categorical,0.024364923877041998,0.023262624535508168,0.013880403954530265,0.005273290486943432,1.0,1.0,True,2
Activity,categorical,0.003723005400763959,0.001367317346818379,0.0033272132139205027,0.007459759133808123,1.0,1.0,True,3
MRT,numeric,0.14295464481428105,0.0018713930303420646,0.0010779688378985538,0.007258554802848705,1.0,1.0,False,4
RH,numeric,0.0034558369527280227,0.003259814595973406,0.0042043822286420346,0.006364715418910319,1.0,1.0,False,5
Top,numeric,0.2583906156626027,0.09350331189138006,0.05873287051037732,0.03646140929882461,1.0,1.0,False,6
RATemp,numeric,0.25737310816365094,0.060349492457454176,0.04261682404469445,0.03403899600486364,1.0,1.0,False,7
Air Velo,numeric,0.021045774083030204,0.0016761053989031937,0.0021538508497892218,0.005053268484743212,1.0,1.0,False,8
