Feature,Type,Univariate_Score,Perm_DeltaR2,Perm_DeltaMAE,Perm_DeltaAcc,Combined_Score,Stability_Freq,Selected,Rank
Clothing,categorical,0.36107642774840565,0.01266828196059088,0.005626473422292166,0.0,1.0,1.0,True,1
Season,categorical,0.0,8.141635513917814e-17,0.0,0.0,1.0,1.0,True,2
Activity,categorical,0.0,2.960594732333751e-17,2.2204460492503132e-17,0.0,1.0,1.0,True,3
MRT,numeric,0.041044797892478044,0.011109506831930247,0.00539428091678061,0.01576227390180877,1.0,1.0,False,4
RH,numeric,0.0027651772560393123,0.026992028658183943,0.014652848750010078,0.012698412698412695,1.0,1.0,False,5
Top,numeric,0.06833100609793122,0.0586000129014877,0.03284850721133202,0.0252860834256183,1.0,1.0,False,6
RATemp,numeric,0.018579672702628686,0.008803404782442046,0.006420410535776082,0.015799187892211138,1.0,1.0,False,7
Air Velo,numeric,0.017172946142886843,0.022350504579133817,0.010907619681449035,0.014248800295311916,1.0,1.0,False,8
