Feature,Type,Univariate_Score,Perm_DeltaR2,Perm_DeltaMAE,Perm_DeltaAcc,Combined_Score,Stability_Freq,Selected,Rank
Clothing,categorical,0.13212140341337114,0.0032798369725545243,0.0036338845888773596,0.005929737710613163,1.0,1.0,True,1
Season,categorical,0.024364923877041998,0.008504414558410644,0.0045308272043863935,0.001097214984656362,1.0,1.0,True,2
Activity,categorical,0.003723005400763959,0.0006889422734578451,0.0007558107376098633,0.0004393202478142529,1.0,1.0,True,3
MRT,numeric,0.14295464481428105,0.023542678356170653,0.014696455001831055,0.007910659487001329,1.0,1.0,False,4
RH,numeric,0.0034558369527280227,0.005525648593902587,0.0034856796264648446,0.007470615482600888,1.0,1.0,False,5
Top,numeric,0.2583906156626027,0.13569692373275757,0.08807254632314046,0.04351007469167969,1.0,1.0,False,6
RATemp,numeric,0.25737310816365094,0.08315007686614992,0.056565209229787194,0.029441694169416936,1.0,1.0,False,7
Air Velo,numeric,0.021045774083030204,0.007651638984680176,0.005577675501505534,0.004831798969370615,1.0,1.0,False,8
