Feature,Type,Univariate_Score,Perm_DeltaR2,Perm_DeltaMAE,Perm_DeltaAcc,Combined_Score,Stability_Freq,Selected,Rank
Clothing,categorical,0.36107642774840565,0.001443630573412295,0.00036740883256534864,0.0,1.0,1.0,True,1
Season,categorical,0.0,0.0,0.0,0.0,1.0,1.0,True,2
Activity,categorical,0.0,0.0,0.0,0.0,1.0,1.0,True,3
MRT,numeric,0.041044797892478044,0.036720690526280485,0.0316609014214592,0.05356220007382799,1.0,1.0,False,4
RH,numeric,0.0027651772560393123,0.01539685710120565,0.00831641167408347,0.029863418235511262,1.0,1.0,False,5
Top,numeric,0.06833100609793122,0.04154939132326248,0.02587108365932007,0.01886304909560724,1.0,1.0,False,6
RATemp,numeric,0.018579672702628686,0.02154568470349705,0.014461000453311224,0.029900332225913623,1.0,1.0,False,7
Air Velo,numeric,0.017172946142886843,0.021183088463596525,0.010418679921926681,0.042709486895533416,1.0,1.0,False,8
