Feature,Type,Univariate_Score,Perm_DeltaR2,Perm_DeltaMAE,Perm_DeltaAcc,Combined_Score,Stability_Freq,Selected,Rank
Clothing,categorical,0.39075433617284083,0.0033696277734587944,0.0047215298602700205,0.005251141552511411,1.0,1.0,True,1
Season,categorical,0.3423220618313034,0.30773802057894,0.179337498837229,0.07579908675799088,1.0,1.0,True,2
Activity,categorical,0.16546141439178608,0.0024043254843376586,0.0014213970451774304,0.0002283105022831059,1.0,1.0,True,3
MRT,numeric,0.33427764517134434,0.031201956666279118,0.02731792631356386,0.017579908675799085,1.0,1.0,False,4
RH,numeric,0.325604547468956,0.0184750293876774,0.0152985319090982,0.0070776255707762584,1.0,1.0,False,5
Top,numeric,0.34820425437285063,0.005517343560045148,0.008395582768399898,0.0091324200913242,1.0,1.0,False,6
RATemp,numeric,0.35396998660550694,0.009725815791940207,0.008969011283525985,0.007534246575342474,1.0,1.0,False,7
Air Velo,numeric,0.12181591040826834,0.03148109662558009,0.017617817095724898,0.009360730593607303,1.0,1.0,False,8
