Feature,Type,Univariate_Score,Perm_DeltaR2,Perm_DeltaMAE,Perm_DeltaAcc,Combined_Score,Stability_Freq,Selected,Rank
Clothing,categorical,0.39075433617284083,0.0,0.0,0.0,1.0,1.0,True,1
Season,categorical,0.3423220618313034,0.012418621713305825,0.0080727278022427,0.0031963470319634722,1.0,1.0,True,2
Activity,categorical,0.16546141439178608,0.0,0.0,0.0,1.0,1.0,True,3
MRT,numeric,0.33427764517134434,0.0758436578734854,0.05026281648739593,0.012100456621004566,1.0,1.0,False,4
RH,numeric,0.325604547468956,0.041830542460335976,0.028988836212028322,0.0068493150684931555,1.0,1.0,False,5
Top,numeric,0.34820425437285063,0.03528492147406837,0.024770710210746217,0.008904109589041101,1.0,1.0,False,6
RATemp,numeric,0.35396998660550694,0.024696850890402206,0.017694982656542436,0.0034246575342465778,1.0,1.0,False,7
Air Velo,numeric,0.12181591040826834,0.059598915231136126,0.03166830791700568,0.005251141552511414,1.0,1.0,False,8
