Feature,Type,Univariate_Score,Perm_DeltaR2,Perm_DeltaMAE,Perm_DeltaAcc,Combined_Score,Stability_Freq,Selected,Rank
Clothing,categorical,0.39075433617284083,0.007575495684751288,0.006135638510587042,0.009360730593607291,1.0,1.0,True,1
Season,categorical,0.3423220618313034,0.0583944634538399,0.041082724178217726,0.023287671232876707,1.0,1.0,True,2
Activity,categorical,0.16546141439178608,0.013325012617706295,0.007806198979275961,0.005022831050228301,1.0,1.0,True,3
MRT,numeric,0.33427764517134434,0.08734117578619414,0.06276647398883986,0.03264840182648401,1.0,1.0,False,4
RH,numeric,0.325604547468956,0.06633088261600881,0.04674866557488244,0.03196347031963469,1.0,1.0,False,5
Top,numeric,0.34820425437285063,0.09711215469913057,0.06874783324356627,0.03995433789954337,1.0,1.0,False,6
RATemp,numeric,0.35396998660550694,0.05224513978139454,0.03542814566726753,0.025342465753424644,1.0,1.0,False,7
Air Velo,numeric,0.12181591040826834,0.053804146241918184,0.03270405152598193,0.012328767123287662,1.0,1.0,False,8
