Feature,Type,Univariate_Score,Perm_DeltaR2,Perm_DeltaMAE,Perm_DeltaAcc,Combined_Score,Stability_Freq,Selected,Rank
Clothing,categorical,0.39075433617284083,0.005341227849324544,0.005360241731007894,0.011415525114155256,1.0,1.0,True,1
Season,categorical,0.3423220618313034,0.033967725435892736,0.02527700265248617,0.01917808219178082,1.0,1.0,True,2
Activity,categorical,0.16546141439178608,0.0007478793462117512,0.00046544472376505535,0.0018264840182648438,1.0,1.0,True,3
MRT,numeric,0.33427764517134434,0.2645472168922424,0.16540789206822715,0.08584474885844748,1.0,1.0,False,4
RH,numeric,0.325604547468956,0.04978410005569458,0.037436942259470626,0.030593607305936077,1.0,1.0,False,5
Top,numeric,0.34820425437285063,0.040444501241048175,0.033045319716135654,0.024885844748858445,1.0,1.0,False,6
RATemp,numeric,0.35396998660550694,0.07125111023585001,0.04831698338190714,0.026484018264840183,1.0,1.0,False,7
Air Velo,numeric,0.12181591040826834,0.023914015293121337,0.01493837833404541,0.010502283105022828,1.0,1.0,False,8
