Feature,Type,Univariate_Score,Perm_DeltaR2,Perm_DeltaMAE,Perm_DeltaAcc,Combined_Score,Stability_Freq,Selected,Rank
MRT,numeric,0.19961525576076694,0.011912175911960794,0.007395841332846475,0.011988199889126472,1.0,1.0,True,1
RH,numeric,0.005344435399548221,0.0,0.0,0.0,1.0,1.0,True,2
Top,numeric,0.22641087588146216,0.0773349490945238,0.03451341529903919,0.025059396531242572,1.0,1.0,True,3
RATemp,numeric,0.2118439991855703,0.07515494135660852,0.032835363043602024,0.027613447374673316,1.0,1.0,False,4
Air Velo,numeric,0.018771042586310023,0.0,0.0,0.0,1.0,1.0,False,5
