RMSE,MAE,R2,Accuracy,Residual_STD,MBE
0.7526559320838834,0.6277429477858647,0.2592133356530387,0.4477124183006536,0.7526455072893243,-0.003961370754538667
