Feature,Type,Univariate_Score,Perm_DeltaR2,Perm_DeltaMAE,Perm_DeltaAcc,Combined_Score,Stability_Freq,Selected,Rank
MRT,numeric,0.19961525576076694,0.04567110538482666,0.031784216562906906,0.04105092262611863,1.0,1.0,True,1
RH,numeric,0.005344435399548221,0.009531223773956298,0.00564274787902832,0.015615348063673064,1.0,1.0,True,2
Top,numeric,0.22641087588146216,0.3206873734792074,0.13437720934549965,0.08713075156410865,1.0,1.0,True,3
RATemp,numeric,0.2118439991855703,0.042324654261271154,0.03724308808644612,0.05450621683693672,1.0,1.0,False,4
Air Velo,numeric,0.018771042586310023,0.01716736952463786,0.008832271893819172,0.012348538845331429,1.0,1.0,False,5
