Feature,Type,Univariate_Score,Perm_DeltaR2,Perm_DeltaMAE,Perm_DeltaAcc,Combined_Score,Stability_Freq,Selected,Rank
MRT,numeric,0.19961525576076694,0.0394290305605937,0.03260581531434,0.043197117288350365,1.0,1.0,True,1
RH,numeric,0.005344435399548221,0.01762762640026818,0.008171780480838478,0.01852577809455928,1.0,1.0,True,2
Top,numeric,0.22641087588146216,0.1910952149179784,0.09222028104433486,0.09039360101370082,1.0,1.0,True,3
RATemp,numeric,0.2118439991855703,0.06985930218355892,0.047548078800077456,0.06463728518254534,1.0,1.0,False,4
Air Velo,numeric,0.018771042586310023,0.016407609191788096,0.009769217060118403,0.010525065336184367,1.0,1.0,False,5
