Feature,Type,Univariate_Score,Perm_DeltaR2,Perm_DeltaMAE,Perm_DeltaAcc,Combined_Score,Stability_Freq,Selected,Rank
MRT,numeric,0.19961525576076694,0.008918865842032268,0.027089230746642223,0.051566088540429246,1.0,1.0,True,1
RH,numeric,0.005344435399548221,0.0,0.004470307024568676,0.024704997228161867,1.0,1.0,True,2
Top,numeric,0.22641087588146216,0.1446814913709388,0.07952218778082584,0.06643106042607112,1.0,1.0,True,3
RATemp,numeric,0.2118439991855703,0.021325453441361095,0.03720174074726013,0.06502534251999684,1.0,1.0,False,4
Air Velo,numeric,0.018771042586310023,0.0,0.0018234674502341692,0.008008632295873914,1.0,1.0,False,5
