Feature,Type,Univariate_Score,Perm_DeltaR2,Perm_DeltaMAE,Perm_DeltaAcc,Combined_Score,Stability_Freq,Selected,Rank
Clothing,categorical,0.36107642774840565,0.0026607632637023924,0.0011856555938720703,0.0,1.0,1.0,True,1
Season,categorical,0.0,0.0,0.0,0.0,1.0,1.0,True,2
Activity,categorical,0.0,0.0,0.0,0.0,1.0,1.0,True,3
MRT,numeric,0.041044797892478044,0.04929614464441935,0.027525643507639565,0.02694721299372462,1.0,1.0,False,4
RH,numeric,0.0027651772560393123,0.011771821975708007,0.006366113821665446,0.020634920634920638,1.0,1.0,False,5
Top,numeric,0.06833100609793122,0.025510923067728675,0.016092896461486816,0.028276116648209677,1.0,1.0,False,6
RATemp,numeric,0.018579672702628686,0.01694985628128052,0.010535939534505209,0.014285714285714285,1.0,1.0,False,7
Air Velo,numeric,0.017172946142886843,0.015002445379892987,0.009674735864003501,0.011111111111111113,1.0,1.0,False,8
