Feature,Type,Univariate_Score,Perm_DeltaR2,Perm_DeltaMAE,Perm_DeltaAcc,Combined_Score,Stability_Freq,Selected,Rank
Clothing,categorical,0.13212140341337114,0.005377352237701416,0.004344852765401205,0.0035102194429969236,1.0,1.0,True,1
Season,categorical,0.024364923877041998,0.006816788514455159,0.002909974257151286,0.0006593422500144793,1.0,1.0,True,2
Activity,categorical,0.003723005400763959,0.001344883441925049,0.001094965140024821,0.0019765792368710566,1.0,1.0,True,3
MRT,numeric,0.14295464481428105,0.019822847843170163,0.01408406098683675,0.01143173527879103,1.0,1.0,False,4
RH,numeric,0.0034558369527280227,0.004546570777893067,0.0031717777252197265,0.005275461756701983,1.0,1.0,False,5
Top,numeric,0.2583906156626027,0.14244850079218546,0.08781586488087971,0.049441983672051416,1.0,1.0,False,6
RATemp,numeric,0.25737310816365094,0.08356132109959921,0.05606656869252523,0.029451826761623535,1.0,1.0,False,7
Air Velo,numeric,0.021045774083030204,0.008813575903574625,0.0064049402872721345,0.008786404956285099,1.0,1.0,False,8
