Feature,Type,Univariate_Score,Perm_DeltaR2,Perm_DeltaMAE,Perm_DeltaAcc,Combined_Score,Stability_Freq,Selected,Rank
Clothing,categorical,0.36107642774840565,0.0007856492595701944,0.00019524177409488975,0.0031376891842008125,1.0,1.0,True,1
Season,categorical,0.0,0.0,0.0,0.0,1.0,1.0,True,2
Activity,categorical,0.0,0.0,0.0,0.0,1.0,1.0,True,3
MRT,numeric,0.041044797892478044,0.046461257903813766,0.029368810576556957,0.03314876338132152,1.0,1.0,False,4
RH,numeric,0.0027651772560393123,0.008670038095431765,0.004928082891329718,0.02207456626061277,1.0,1.0,False,5
Top,numeric,0.06833100609793122,0.033869562527671745,0.022294453254055942,0.023551125876707275,1.0,1.0,False,6
RATemp,numeric,0.018579672702628686,0.01886942744988278,0.0161044593165312,0.04259874492432632,1.0,1.0,False,7
Air Velo,numeric,0.017172946142886843,0.014364209760729444,0.010283857070671823,0.03477297895902547,1.0,1.0,False,8
