Feature,Type,Univariate_Score,Perm_DeltaR2,Perm_DeltaMAE,Perm_DeltaAcc,Combined_Score,Stability_Freq,Selected,Rank
Clothing,categorical,0.13212140341337114,0.022870037719380475,0.01832783581682932,0.019097765039661856,1.0,1.0,True,1
Season,categorical,0.024364923877041998,0.02677239851635898,0.015834081909751028,0.006367610445255056,1.0,1.0,True,2
Activity,categorical,0.003723005400763959,0.0019580930637976097,0.0033402706049928755,0.00921559261189277,1.0,1.0,True,3
MRT,numeric,0.14295464481428105,0.0028295961339773004,0.002689970211135084,0.003520352035203519,1.0,1.0,False,4
RH,numeric,0.0034558369527280227,0.0014893416952775685,0.002671255792081169,0.005710439464999125,1.0,1.0,False,5
Top,numeric,0.2583906156626027,0.08482372671567294,0.05518025716028792,0.03449134387122922,1.0,1.0,False,6
RATemp,numeric,0.25737310816365094,0.08014543129840046,0.054402234272125,0.04128886572867814,1.0,1.0,False,7
Air Velo,numeric,0.021045774083030204,0.0036766566157528935,0.004298167385376288,0.003958224769845404,1.0,1.0,False,8
