Feature,Type,Univariate_Score,Perm_DeltaR2,Perm_DeltaMAE,Perm_DeltaAcc,Combined_Score,Stability_Freq,Selected,Rank
Clothing,categorical,0.36107642774840565,0.011648764468814955,0.007358159477242854,0.01111111111111111,1.0,1.0,True,1
Season,categorical,0.0,5.921189464667501e-17,4.4408920985006264e-17,0.0,1.0,1.0,True,2
Activity,categorical,0.0,6.661338147750939e-17,2.960594732333751e-17,0.0,1.0,1.0,True,3
MRT,numeric,0.041044797892478044,0.02992901759101894,0.01701281465012833,0.018899963086009594,1.0,1.0,False,4
RH,numeric,0.0027651772560393123,0.036905220248863314,0.019892612873189237,0.015836101882613498,1.0,1.0,False,5
Top,numeric,0.06833100609793122,0.07658780306961677,0.03548312552360701,0.028423772609819115,1.0,1.0,False,6
RATemp,numeric,0.018579672702628686,0.016989383253859118,0.015163350452717661,0.02691029900332225,1.0,1.0,False,7
Air Velo,numeric,0.017172946142886843,0.028293277029576867,0.011560151780469088,0.017275747508305645,1.0,1.0,False,8
