Feature,Type,Univariate_Score,Perm_DeltaR2,Perm_DeltaMAE,Perm_DeltaAcc,Combined_Score,Stability_Freq,Selected,Rank
Clothing,categorical,0.13212140341337114,0.004239809791237096,0.002383040420656031,0.002851600949568641,1.0,1.0,True,1
Season,categorical,0.024364923877041998,0.015926199161088447,0.011199654367894822,0.004169561693011403,1.0,1.0,True,2
Activity,categorical,0.003723005400763959,0.0026285440359835673,0.0023495588596302553,0.005715505761102432,1.0,1.0,True,3
MRT,numeric,0.14295464481428105,0.029039485188237086,0.01891806607629532,0.025256209831509464,1.0,1.0,False,4
RH,numeric,0.0034558369527280227,0.013101438103213247,0.00869256598723045,0.012074431127323258,1.0,1.0,False,5
Top,numeric,0.2583906156626027,0.10472147749773668,0.06855058642757171,0.05115511551155115,1.0,1.0,False,6
RATemp,numeric,0.25737310816365094,0.12186949806062605,0.07957588277730065,0.05226101557524173,1.0,1.0,False,7
Air Velo,numeric,0.021045774083030204,0.00884986125414038,0.007498153988943557,0.013398905680041692,1.0,1.0,False,8
