Feature,Type,Univariate_Score,Perm_DeltaR2,Perm_DeltaMAE,Perm_DeltaAcc,Combined_Score,Stability_Freq,Selected,Rank
Clothing,categorical,0.39075433617284083,0.0,0.0,0.0,1.0,1.0,True,1
Season,categorical,0.3423220618313034,0.012143689345152456,0.008264316597944132,0.0018264840182648436,1.0,1.0,True,2
Activity,categorical,0.16546141439178608,0.0,0.0,0.0,1.0,1.0,True,3
MRT,numeric,0.33427764517134434,0.07908931806101051,0.05116628241475676,0.015068493150684929,1.0,1.0,False,4
RH,numeric,0.325604547468956,0.04229853251618302,0.028591920277810812,0.008904109589041101,1.0,1.0,False,5
Top,numeric,0.34820425437285063,0.037056262834710106,0.02582439477836438,0.0022831050228310523,1.0,1.0,False,6
RATemp,numeric,0.35396998660550694,0.024303913971116538,0.016642342990656138,0.0009132420091324201,1.0,1.0,False,7
Air Velo,numeric,0.12181591040826834,0.057061932460167955,0.03171068995294683,0.005936073059360732,1.0,1.0,False,8
