Feature,Type,Univariate_Score,Perm_DeltaR2,Perm_DeltaMAE,Perm_DeltaAcc,Combined_Score,Stability_Freq,Selected,Rank
Clothing,categorical,0.39075433617284083,0.005335096945997586,0.006628615070231328,0.010273972602739722,1.0,1.0,True,1
Season,categorical,0.3423220618313034,0.3221311862647387,0.1922965230441625,0.091324200913242,1.0,1.0,True,2
Activity,categorical,0.16546141439178608,0.0019096481057739572,0.0015070496204273808,0.001141552511415526,1.0,1.0,True,3
MRT,numeric,0.33427764517134434,0.027238763262248222,0.023341690184334577,0.016666666666666663,1.0,1.0,False,4
RH,numeric,0.325604547468956,0.01942368528561414,0.014877725588525048,0.009589041095890417,1.0,1.0,False,5
Top,numeric,0.34820425437285063,0.010783216929144687,0.0128407415100228,0.01666666666666667,1.0,1.0,False,6
RATemp,numeric,0.35396998660550694,0.009598166076444724,0.008419889439012033,0.007305936073059363,1.0,1.0,False,7
Air Velo,numeric,0.12181591040826834,0.02909277228973322,0.018509683939928932,0.013013698630136988,1.0,1.0,False,8
