Feature,Type,Univariate_Score,Perm_DeltaR2,Perm_DeltaMAE,Perm_DeltaAcc,Combined_Score,Stability_Freq,Selected,Rank
Clothing,categorical,0.39075433617284083,0.003927004337310791,0.004226322968800863,0.01118721461187215,1.0,1.0,True,1
Season,categorical,0.3423220618313034,0.03219197591145833,0.022181475162506105,0.015525114155251147,1.0,1.0,True,2
Activity,categorical,0.16546141439178608,0.0006382584571838379,0.0005394538243611654,0.0038812785388127866,1.0,1.0,True,3
MRT,numeric,0.33427764517134434,0.26088873147964475,0.16017150084177653,0.07853881278538813,1.0,1.0,False,4
RH,numeric,0.325604547468956,0.050144358476003015,0.039397970835367835,0.03447488584474886,1.0,1.0,False,5
Top,numeric,0.34820425437285063,0.04232810338338216,0.03457178672154745,0.026484018264840183,1.0,1.0,False,6
RATemp,numeric,0.35396998660550694,0.06721972227096558,0.04716373284657797,0.024885844748858445,1.0,1.0,False,7
Air Velo,numeric,0.12181591040826834,0.021495978037516274,0.013519036769866943,0.008675799086757991,1.0,1.0,False,8
