Feature,Type,Univariate_Score,Perm_DeltaR2,Perm_DeltaMAE,Perm_DeltaAcc,Combined_Score,Stability_Freq,Selected,Rank
Clothing,categorical,0.39075433617284083,0.007863685014666003,0.005862861402496951,0.007990867579908663,1.0,1.0,True,1
Season,categorical,0.3423220618313034,0.06521425946241008,0.04231938846933033,0.019178082191780806,1.0,1.0,True,2
Activity,categorical,0.16546141439178608,0.012615801481881853,0.006780751517536277,0.005479452054794521,1.0,1.0,True,3
MRT,numeric,0.33427764517134434,0.09318342505382338,0.0641217577336141,0.038127853881278526,1.0,1.0,False,4
RH,numeric,0.325604547468956,0.06561214845439789,0.04621865510346691,0.03356164383561641,1.0,1.0,False,5
Top,numeric,0.34820425437285063,0.09445285967217418,0.06534605189600853,0.040410958904109576,1.0,1.0,False,6
RATemp,numeric,0.35396998660550694,0.05259716257668638,0.03435059407183601,0.02237442922374428,1.0,1.0,False,7
Air Velo,numeric,0.12181591040826834,0.0549582921761545,0.033654772501088386,0.012328767123287667,1.0,1.0,False,8
