Feature,Type,Univariate_Score,Perm_DeltaR2,Perm_DeltaMAE,Perm_DeltaAcc,Combined_Score,Stability_Freq,Selected,Rank
MRT,numeric,0.19961525576076694,0.015023211591685098,0.009020132067305422,0.01524114991684485,1.0,1.0,True,1
RH,numeric,0.005344435399548221,0.0,0.0,0.0,1.0,1.0,True,2
Top,numeric,0.22641087588146216,0.07621724053426447,0.03385789332175616,0.02979132018690107,1.0,1.0,True,3
RATemp,numeric,0.2118439991855703,0.06964146908870862,0.02962600154071876,0.02033143264433356,1.0,1.0,False,4
Air Velo,numeric,0.018771042586310023,0.0,0.0,0.0,1.0,1.0,False,5
