Feature,Type,Univariate_Score,Perm_DeltaR2,Perm_DeltaMAE,Perm_DeltaAcc,Combined_Score,Stability_Freq,Selected,Rank
MRT,numeric,0.19961525576076694,0.04278552111701785,0.032267876401042304,0.04065494575116814,1.0,1.0,True,1
RH,numeric,0.005344435399548221,0.015068384871025426,0.0072053624692308554,0.01887819751326523,1.0,1.0,True,2
Top,numeric,0.22641087588146216,0.19331584988724068,0.08912767351288484,0.08206422744911697,1.0,1.0,True,3
RATemp,numeric,0.2118439991855703,0.07023937208202893,0.04771307401219709,0.06064385839866952,1.0,1.0,False,4
Air Velo,numeric,0.018771042586310023,0.007958087666667495,0.006953967367739307,0.009794488001900688,1.0,1.0,False,5
