Feature,Type,Univariate_Score,Perm_DeltaR2,Perm_DeltaMAE,Perm_DeltaAcc,Combined_Score,Stability_Freq,Selected,Rank
MRT,numeric,0.19961525576076694,0.041343561808268224,0.03097872734069824,0.03486774372376652,1.0,1.0,True,1
RH,numeric,0.005344435399548221,0.006346364816029866,0.005565265814463298,0.014173992238853244,1.0,1.0,True,2
Top,numeric,0.22641087588146216,0.3484755516052246,0.1408451596895854,0.08936010137007998,1.0,1.0,True,3
RATemp,numeric,0.2118439991855703,0.04653978745142619,0.040725119908650714,0.06608458066048943,1.0,1.0,False,4
Air Velo,numeric,0.018771042586310023,0.011140565077463785,0.007301612695058186,0.015237190148095344,1.0,1.0,False,5
