Feature,Type,Univariate_Score,Perm_DeltaR2,Perm_DeltaMAE,Perm_DeltaAcc,Combined_Score,Stability_Freq,Selected,Rank
MRT,numeric,0.19961525576076694,0.004290606578016898,0.02581036925529075,0.05157994773105251,1.0,1.0,True,1
RH,numeric,0.005344435399548221,0.0,0.006849414967801966,0.022160845806604896,1.0,1.0,True,2
Top,numeric,0.22641087588146216,0.15184372738956184,0.08425793045553907,0.07222816187534647,1.0,1.0,True,3
RATemp,numeric,0.2118439991855703,0.04749363139728142,0.049037371601869675,0.07882117684327236,1.0,1.0,False,4
Air Velo,numeric,0.018771042586310023,0.00020559664363756593,0.003291834171410324,0.014183891660727014,1.0,1.0,False,5
