Feature,Type,Univariate_Score,Perm_DeltaR2,Perm_DeltaMAE,Perm_DeltaAcc,Combined_Score,Stability_Freq,Selected,Rank
Clothing,categorical,0.36107642774840565,0.0006741021762156407,0.00019472584119297013,0.001587301587301589,1.0,1.0,True,1
Season,categorical,0.0,0.0,0.0,0.0,1.0,1.0,True,2
Activity,categorical,0.0,0.0,0.0,0.0,1.0,1.0,True,3
MRT,numeric,0.041044797892478044,0.03882411275275495,0.03105015652694403,0.033001107419712086,1.0,1.0,False,4
RH,numeric,0.0027651772560393123,0.019961453587019617,0.01028271630699884,0.019010705057216686,1.0,1.0,False,5
Top,numeric,0.06833100609793122,0.027044980458502992,0.015399252811505565,0.023514211886304908,1.0,1.0,False,6
RATemp,numeric,0.018579672702628686,0.023269773044330845,0.0158052167356915,0.0283499446290144,1.0,1.0,False,7
Air Velo,numeric,0.017172946142886843,0.01483948911171869,0.008303244118988884,0.03477297895902549,1.0,1.0,False,8
