Feature,Type,Univariate_Score,Perm_DeltaR2,Perm_DeltaMAE,Perm_DeltaAcc,Combined_Score,Stability_Freq,Selected,Rank
Clothing,categorical,0.36107642774840565,0.018403200216583652,0.010949272469345028,0.009486895533407156,1.0,1.0,True,1
Season,categorical,0.0,2.960594732333751e-17,1.4802973661668754e-17,0.0,1.0,1.0,True,2
Activity,categorical,0.0,2.960594732333751e-17,0.0,0.0,1.0,1.0,True,3
MRT,numeric,0.041044797892478044,0.018597254384736424,0.010247803715629944,0.01579918789221114,1.0,1.0,False,4
RH,numeric,0.0027651772560393123,0.0217765814207049,0.013721963228934037,0.01742340346991509,1.0,1.0,False,5
Top,numeric,0.06833100609793122,0.08237629974991502,0.044751503835799206,0.04263565891472867,1.0,1.0,False,6
RATemp,numeric,0.018579672702628686,0.011704311257459963,0.015121920414479063,0.02377260981912143,1.0,1.0,False,7
Air Velo,numeric,0.017172946142886843,0.0324834981351694,0.017049813433907074,0.02211148025101512,1.0,1.0,False,8
