Feature,Type,Univariate_Score,Perm_DeltaR2,Perm_DeltaMAE,Perm_DeltaAcc,Combined_Score,Stability_Freq,Selected,Rank
Clothing,categorical,0.13212140341337114,0.02570835429989978,0.017296932890761264,0.013394563140524573,1.0,1.0,True,1
Season,categorical,0.024364923877041998,0.02074124182246004,0.013084753742163401,0.002633750217126977,1.0,1.0,True,2
Activity,categorical,0.003723005400763959,0.0024544465288008246,0.002777191851413156,0.005050373458398476,1.0,1.0,True,3
MRT,numeric,0.14295464481428105,0.005007909361415863,0.002289775581692529,0.006815615772103527,1.0,1.0,False,4
RH,numeric,0.0034558369527280227,0.0010154922883557865,0.0016071936762925767,0.0028581147588443026,1.0,1.0,False,5
Top,numeric,0.2583906156626027,0.10343684672480069,0.06444419379418939,0.03469761449829194,1.0,1.0,False,6
RATemp,numeric,0.25737310816365094,0.07804017113815165,0.051938975549890645,0.03490171385559608,1.0,1.0,False,7
Air Velo,numeric,0.021045774083030204,0.0018293777625493373,0.0017445509053250004,0.004395373747901107,1.0,1.0,False,8
