Feature,Type,Univariate_Score,Perm_DeltaR2,Perm_DeltaMAE,Perm_DeltaAcc,Combined_Score,Stability_Freq,Selected,Rank
Clothing,categorical,0.13212140341337114,0.003349534612955751,0.0018950244901239015,0.0021937062127265422,1.0,1.0,True,1
Season,categorical,0.024364923877041998,0.016190030546506966,0.011955846605224137,0.008561316657981589,1.0,1.0,True,2
Activity,categorical,0.003723005400763959,0.0033820273604444465,0.0029692245388091157,0.00571333449134388,1.0,1.0,True,3
MRT,numeric,0.14295464481428105,0.02840611659133192,0.018404592209911894,0.023276735568293672,1.0,1.0,False,4
RH,numeric,0.0034558369527280227,0.0096566613757571,0.00706748694575352,0.011854409125123037,1.0,1.0,False,5
Top,numeric,0.2583906156626027,0.10383189474318517,0.07077757753994957,0.04653971976144982,1.0,1.0,False,6
RATemp,numeric,0.25737310816365094,0.11481743594367175,0.07892874661370883,0.050076718198135604,1.0,1.0,False,7
Air Velo,numeric,0.021045774083030204,0.010786414595082441,0.01028002036389651,0.020206560129697175,1.0,1.0,False,8
