Feature,Type,Univariate_Score,Perm_DeltaR2,Perm_DeltaMAE,Perm_DeltaAcc,Combined_Score,Stability_Freq,Selected,Rank
Clothing,categorical,0.36107642774840565,0.00635606050491333,0.002121945222218831,0.006349206349206349,1.0,1.0,True,1
Season,categorical,0.0,0.0,0.0,0.0,1.0,1.0,True,2
Activity,categorical,0.0,0.0,0.0,0.0,1.0,1.0,True,3
MRT,numeric,0.041044797892478044,0.04313554366429647,0.027105871836344404,0.020634920634920634,1.0,1.0,False,4
RH,numeric,0.0027651772560393123,0.018250819047292074,0.00859231154123942,0.02222222222222222,1.0,1.0,False,5
Top,numeric,0.06833100609793122,0.03226722081502279,0.017826199531555176,0.018826135105204877,1.0,1.0,False,6
RATemp,numeric,0.018579672702628686,0.018654616673787434,0.013462857405344645,0.020634920634920634,1.0,1.0,False,7
Air Velo,numeric,0.017172946142886843,0.030115556716918946,0.01681094169616699,0.022185308231819863,1.0,1.0,False,8
