Feature,Type,Univariate_Score,Perm_DeltaR2,Perm_DeltaMAE,Perm_DeltaAcc,Combined_Score,Stability_Freq,Selected,Rank
Clothing,categorical,0.13212140341337114,0.005457015832265219,0.005166848500569662,0.004174627989114695,1.0,1.0,True,1
Season,categorical,0.024364923877041998,0.0062298377354939784,0.003009196122487386,0.0006578947368421018,1.0,1.0,True,2
Activity,categorical,0.003723005400763959,0.0015746196111043292,0.0010956645011901856,0.0010979387412425473,1.0,1.0,True,3
MRT,numeric,0.14295464481428105,0.02226821978886922,0.016264204184214273,0.013183226217358573,1.0,1.0,False,4
RH,numeric,0.0034558369527280227,0.0053035497665405275,0.004193635781606039,0.005274738000115802,1.0,1.0,False,5
Top,numeric,0.2583906156626027,0.12327028910319009,0.07748820781707763,0.03185976492386081,1.0,1.0,False,6
RATemp,numeric,0.25737310816365094,0.0818881869316101,0.05459740161895752,0.02702289965838689,1.0,1.0,False,7
Air Velo,numeric,0.021045774083030204,0.006777616341908772,0.004972608884175618,0.007689913728214921,1.0,1.0,False,8
