Feature,Type,Univariate_Score,Perm_DeltaR2,Perm_DeltaMAE,Perm_DeltaAcc,Combined_Score,Stability_Freq,Selected,Rank
Clothing,categorical,0.39075433617284083,0.0,0.0,0.0,1.0,1.0,True,1
Season,categorical,0.3423220618313034,0.011876623127872247,0.008029631596437253,0.003652968036529687,1.0,1.0,True,2
Activity,categorical,0.16546141439178608,0.0,0.0,0.0,1.0,1.0,True,3
MRT,numeric,0.33427764517134434,0.0830840056340025,0.05492515230626949,0.015981735159817354,1.0,1.0,False,4
RH,numeric,0.325604547468956,0.03947303120738644,0.027393735748361105,0.0061643835616438415,1.0,1.0,False,5
Top,numeric,0.34820425437285063,0.036268431525553306,0.02602786859347859,0.0029680365296803697,1.0,1.0,False,6
RATemp,numeric,0.35396998660550694,0.026002186286585915,0.018515465097130313,0.0029680365296803736,1.0,1.0,False,7
Air Velo,numeric,0.12181591040826834,0.05685349845215282,0.032938745299310526,0.008219178082191789,1.0,1.0,False,8
