Feature,Type,Univariate_Score,Perm_DeltaR2,Perm_DeltaMAE,Perm_DeltaAcc,Combined_Score,Stability_Freq,Selected,Rank
Clothing,categorical,0.39075433617284083,0.0016183381807854873,0.004394117523664217,0.011415525114155247,1.0,1.0,True,1
Season,categorical,0.3423220618313034,0.3136792025718524,0.18543964686230138,0.08812785388127854,1.0,1.0,True,2
Activity,categorical,0.16546141439178608,0.004256894583652556,0.003435211050347238,0.0018264840182648401,1.0,1.0,True,3
MRT,numeric,0.33427764517134434,0.028137983075617844,0.025695239710387834,0.015753424657534248,1.0,1.0,False,4
RH,numeric,0.325604547468956,0.022835928549151886,0.018588840814451463,0.014383561643835622,1.0,1.0,False,5
Top,numeric,0.34820425437285063,0.011327363399375687,0.010626032230148427,0.00958904109589041,1.0,1.0,False,6
RATemp,numeric,0.35396998660550694,0.010906961398681237,0.008175215498821341,0.006849315068493152,1.0,1.0,False,7
Air Velo,numeric,0.12181591040826834,0.026679443951753323,0.017206893247265605,0.01415525114155251,1.0,1.0,False,8
