Feature,Type,Univariate_Score,Perm_DeltaR2,Perm_DeltaMAE,Perm_DeltaAcc,Combined_Score,Stability_Freq,Selected,Rank
Clothing,categorical,0.39075433617284083,0.013463063126288356,0.009875990973764586,0.007077625570776243,1.0,1.0,True,1
Season,categorical,0.3423220618313034,0.05773342544784549,0.03609600677925421,0.01803652968036529,1.0,1.0,True,2
Activity,categorical,0.16546141439178608,0.011128733172395062,0.006044287936463418,0.0013698630136986245,1.0,1.0,True,3
MRT,numeric,0.33427764517134434,0.10496030193957502,0.07045361245723647,0.03013698630136984,1.0,1.0,False,4
RH,numeric,0.325604547468956,0.07247606317536423,0.05065062863725559,0.02968036529680364,1.0,1.0,False,5
Top,numeric,0.34820425437285063,0.09363749647776695,0.0653610193270128,0.033105022831050226,1.0,1.0,False,6
RATemp,numeric,0.35396998660550694,0.05751579614820355,0.039317030546147394,0.027168949771689488,1.0,1.0,False,7
Air Velo,numeric,0.12181591040826834,0.059435281062036216,0.03625039923220219,0.01529680365296802,1.0,1.0,False,8
