Feature,Type,Univariate_Score,Perm_DeltaR2,Perm_DeltaMAE,Perm_DeltaAcc,Combined_Score,Stability_Freq,Selected,Rank
Clothing,categorical,0.39075433617284083,0.005539242426554362,0.0073500871658325195,0.012100456621004575,1.0,1.0,True,1
Season,categorical,0.3423220618313034,0.035127731164296475,0.023081386089324953,0.014840182648401826,1.0,1.0,True,2
Activity,categorical,0.16546141439178608,0.000510720411936442,0.00047306617101033525,0.0018264840182648438,1.0,1.0,True,3
MRT,numeric,0.33427764517134434,0.2505978584289551,0.1531718850135803,0.07534246575342465,1.0,1.0,False,4
RH,numeric,0.325604547468956,0.04547242720921835,0.033614460627237955,0.02579908675799087,1.0,1.0,False,5
Top,numeric,0.34820425437285063,0.03805466890335083,0.03149044911066691,0.019178082191780823,1.0,1.0,False,6
RATemp,numeric,0.35396998660550694,0.06416151126225789,0.04164473215738932,0.017808219178082195,1.0,1.0,False,7
Air Velo,numeric,0.12181591040826834,0.024563459555308025,0.015577117602030436,0.009817351598173516,1.0,1.0,False,8
