Feature,Type,Univariate_Score,Perm_DeltaR2,Perm_DeltaMAE,Perm_DeltaAcc,Combined_Score,Stability_Freq,Selected,Rank
MRT,numeric,0.19961525576076694,0.006497225480238936,0.026923820759378873,0.05193830680288271,1.0,1.0,True,1
RH,numeric,0.005344435399548221,9.044027819052522e-05,0.0037184689880587355,0.018523798210184527,1.0,1.0,True,2
Top,numeric,0.22641087588146216,0.1484795894903029,0.08129784064676568,0.06790409440088699,1.0,1.0,True,3
RATemp,numeric,0.2118439991855703,0.040474530055441466,0.04744619063052134,0.07010770570998655,1.0,1.0,False,4
Air Velo,numeric,0.018771042586310023,0.0006072947089456788,0.0017313602864010105,0.010903223251762104,1.0,1.0,False,5
