Feature,Type,Univariate_Score,Perm_DeltaR2,Perm_DeltaMAE,Perm_DeltaAcc,Combined_Score,Stability_Freq,Selected,Rank
MRT,numeric,0.19961525576076694,0.013959571165877555,0.008459469717141918,0.01671022412291121,1.0,1.0,True,1
RH,numeric,0.005344435399548221,0.0,0.0,0.0,1.0,1.0,True,2
Top,numeric,0.22641087588146216,0.06386687440319917,0.02864087081634293,0.01962857369129643,1.0,1.0,True,3
RATemp,numeric,0.2118439991855703,0.07192643772831095,0.031831494165754134,0.021077849053615264,1.0,1.0,False,4
Air Velo,numeric,0.018771042586310023,0.0,0.0,0.0,1.0,1.0,False,5
