Feature,Type,Univariate_Score,Perm_DeltaR2,Perm_DeltaMAE,Perm_DeltaAcc,Combined_Score,Stability_Freq,Selected,Rank
MRT,numeric,0.19961525576076694,0.03942735195159912,0.029625066121419276,0.033056149520867974,1.0,1.0,True,1
RH,numeric,0.005344435399548221,0.006055883566538493,0.0040803988774617515,0.015615348063673068,1.0,1.0,True,2
Top,numeric,0.22641087588146216,0.300119686126709,0.12392720778783162,0.07844301892769462,1.0,1.0,True,3
RATemp,numeric,0.2118439991855703,0.045085982481638594,0.03938480218251546,0.06103587550487051,1.0,1.0,False,4
Air Velo,numeric,0.018771042586310023,0.012198448181152344,0.007236909866333008,0.014534331195058203,1.0,1.0,False,5
