Feature,Type,Univariate_Score,Perm_DeltaR2,Perm_DeltaMAE,Perm_DeltaAcc,Combined_Score,Stability_Freq,Selected,Rank
MRT,numeric,0.19961525576076694,0.05170781974874624,0.03916933651128624,0.04575710778490537,1.0,1.0,True,1
RH,numeric,0.005344435399548221,0.01689150985071124,0.00813328646445537,0.01924645600696919,1.0,1.0,True,2
Top,numeric,0.22641087588146216,0.2059558625521658,0.09040868660131682,0.07260829967529897,1.0,1.0,True,3
RATemp,numeric,0.2118439991855703,0.07071224600840631,0.0497288183479544,0.06172685515165914,1.0,1.0,False,4
Air Velo,numeric,0.018771042586310023,0.021019388616821507,0.011008270731083429,0.009079749742615034,1.0,1.0,False,5
