Feature,Type,Univariate_Score,Perm_DeltaR2,Perm_DeltaMAE,Perm_DeltaAcc,Combined_Score,Stability_Freq,Selected,Rank
Clothing,categorical,0.13212140341337114,0.015298676891241402,0.013072675031464937,0.014703838804933131,1.0,1.0,True,1
Season,categorical,0.024364923877041998,0.023489390425004347,0.015010631453612241,0.0052682241908401355,1.0,1.0,True,2
Activity,categorical,0.003723005400763959,0.002417536097930199,0.0038858021805571186,0.007461930403566679,1.0,1.0,True,3
MRT,numeric,0.14295464481428105,0.0029535887991346986,0.002409252452418283,0.0048404840484048365,1.0,1.0,False,4
RH,numeric,0.0034558369527280227,0.0021895876170708282,0.0036927644860390205,0.005486798679867984,1.0,1.0,False,5
Top,numeric,0.2583906156626027,0.09069392660737062,0.0654687070381159,0.04480921776388165,1.0,1.0,False,6
RATemp,numeric,0.25737310816365094,0.06810574110785692,0.04590271452919472,0.02856377743037461,1.0,1.0,False,7
Air Velo,numeric,0.021045774083030204,0.002104843506056368,0.002735347960623809,0.004618290776446058,1.0,1.0,False,8
