Feature,Type,Univariate_Score,Perm_DeltaR2,Perm_DeltaMAE,Perm_DeltaAcc,Combined_Score,Stability_Freq,Selected,Rank
Clothing,categorical,0.13212140341337114,0.002749892521294517,0.0015339018105935557,0.0019744079671125047,1.0,1.0,True,1
Season,categorical,0.024364923877041998,0.01818765682849141,0.013305244323541956,0.007245527184297382,1.0,1.0,True,2
Activity,categorical,0.003723005400763959,0.003036127572268136,0.0029101530286489504,0.003736755254472819,1.0,1.0,True,3
MRT,numeric,0.14295464481428105,0.028058996472622333,0.018818541344896002,0.02020438885993862,1.0,1.0,False,4
RH,numeric,0.0034558369527280227,0.012036162087592544,0.008907258249266949,0.014268861096635985,1.0,1.0,False,5
Top,numeric,0.2583906156626027,0.10124870837753512,0.07027698290429112,0.045876034971918236,1.0,1.0,False,6
RATemp,numeric,0.25737310816365094,0.10829578660523512,0.06958607353612509,0.03931228649180708,1.0,1.0,False,7
Air Velo,numeric,0.021045774083030204,0.009331809849169733,0.008525044075367857,0.012955242892710325,1.0,1.0,False,8
