Feature,Type,Univariate_Score,Perm_DeltaR2,Perm_DeltaMAE,Perm_DeltaAcc,Combined_Score,Stability_Freq,Selected,Rank
Clothing,categorical,0.36107642774840565,0.0012374441433767424,0.00019267909756862288,0.001587301587301589,1.0,1.0,True,1
Season,categorical,0.0,0.0,0.0,0.0,1.0,1.0,True,2
Activity,categorical,0.0,0.0,0.0,0.0,1.0,1.0,True,3
MRT,numeric,0.041044797892478044,0.036170167065003346,0.025470379074371434,0.04104835732742711,1.0,1.0,False,4
RH,numeric,0.0027651772560393123,0.009091467612059825,0.00411676261903966,0.017386489479512733,1.0,1.0,False,5
Top,numeric,0.06833100609793122,0.025399004349829647,0.021494162004117877,0.026651901070505725,1.0,1.0,False,6
RATemp,numeric,0.018579672702628686,0.0217172376684191,0.017204177413598,0.03477297895902547,1.0,1.0,False,7
Air Velo,numeric,0.017172946142886843,0.014072588937656305,0.007744388893752434,0.0347360649686231,1.0,1.0,False,8
