Feature,Type,Univariate_Score,Perm_DeltaR2,Perm_DeltaMAE,Perm_DeltaAcc,Combined_Score,Stability_Freq,Selected,Rank
Clothing,categorical,0.13212140341337114,0.007492212454477945,0.0056337833404541005,0.004608158184239471,1.0,1.0,True,1
Season,categorical,0.024364923877041998,0.008066797256469726,0.0037153164545694986,0.0006586184934282942,1.0,1.0,True,2
Activity,categorical,0.003723005400763959,0.0013715465863545736,0.0011126915613810223,0.0008786404956285093,1.0,1.0,True,3
MRT,numeric,0.14295464481428105,0.02251094977060954,0.015185650189717612,0.007915725783104618,1.0,1.0,False,4
RH,numeric,0.0034558369527280227,0.005376835664113363,0.004910965760548909,0.0076870187018701856,1.0,1.0,False,5
Top,numeric,0.2583906156626027,0.12880332072575887,0.08250471750895182,0.04261334028139655,1.0,1.0,False,6
RATemp,numeric,0.25737310816365094,0.08179792165756226,0.05493253866831462,0.030316715882114525,1.0,1.0,False,7
Air Velo,numeric,0.021045774083030204,0.004608837763468424,0.005864322185516357,0.007249869723814484,1.0,1.0,False,8
