Feature,Type,Univariate_Score,Perm_DeltaR2,Perm_DeltaMAE,Perm_DeltaAcc,Combined_Score,Stability_Freq,Selected,Rank
Clothing,categorical,0.36107642774840565,0.0052561084429423015,0.003243720531463623,0.0031746031746031746,1.0,1.0,True,1
Season,categorical,0.0,0.0,0.0,0.0,1.0,1.0,True,2
Activity,categorical,0.0,0.0,0.0,0.0,1.0,1.0,True,3
MRT,numeric,0.041044797892478044,0.04358222484588623,0.0242604653040568,0.02535991140642303,1.0,1.0,False,4
RH,numeric,0.0027651772560393123,0.02417922019958496,0.009005328019460043,0.019010705057216686,1.0,1.0,False,5
Top,numeric,0.06833100609793122,0.023145675659179688,0.01465121905008952,0.017423403469915104,1.0,1.0,False,6
RATemp,numeric,0.018579672702628686,0.02371970017751058,0.013974332809448242,0.015873015873015872,1.0,1.0,False,7
Air Velo,numeric,0.017172946142886843,0.016855470339457196,0.009475505352020264,0.015873015873015876,1.0,1.0,False,8
