Feature,Type,Univariate_Score,Perm_DeltaR2,Perm_DeltaMAE,Perm_DeltaAcc,Combined_Score,Stability_Freq,Selected,Rank
Clothing,categorical,0.36107642774840565,0.011101438165547761,0.005924902935460908,0.00476190476190476,1.0,1.0,True,1
Season,categorical,0.0,4.4408920985006264e-17,1.4802973661668754e-17,0.0,1.0,1.0,True,2
Activity,categorical,0.0,2.960594732333751e-17,2.960594732333751e-17,0.0,1.0,1.0,True,3
MRT,numeric,0.041044797892478044,0.026657403053320632,0.012031482580683473,0.014248800295311915,1.0,1.0,False,4
RH,numeric,0.0027651772560393123,0.015475868341206653,0.011265718408976869,0.009523809523809516,1.0,1.0,False,5
Top,numeric,0.06833100609793122,0.045497240885647106,0.025884710207209293,0.025212255444813574,1.0,1.0,False,6
RATemp,numeric,0.018579672702628686,0.009200880355246679,0.01208923786902078,0.012624584717607962,1.0,1.0,False,7
Air Velo,numeric,0.017172946142886843,0.03375289908570257,0.01051980930132559,0.003100775193798448,1.0,1.0,False,8
