Feature,Type,Univariate_Score,Perm_DeltaR2,Perm_DeltaMAE,Perm_DeltaAcc,Combined_Score,Stability_Freq,Selected,Rank
Clothing,categorical,0.39075433617284083,0.009292514804483194,0.007164678348726352,0.005936073059360728,1.0,1.0,True,1
Season,categorical,0.3423220618313034,0.055592510231756244,0.03647486757821149,0.015068493150684916,1.0,1.0,True,2
Activity,categorical,0.16546141439178608,0.012933271914983738,0.00727664081814503,0.004794520547945195,1.0,1.0,True,3
MRT,numeric,0.33427764517134434,0.09123425342594291,0.06608308915209343,0.03789954337899542,1.0,1.0,False,4
RH,numeric,0.325604547468956,0.06714146149706104,0.047797030473421355,0.029908675799086744,1.0,1.0,False,5
Top,numeric,0.34820425437285063,0.08984652462633169,0.06442569849246257,0.03767123287671231,1.0,1.0,False,6
RATemp,numeric,0.35396998660550694,0.056658422334887805,0.03759265021127923,0.01621004566210044,1.0,1.0,False,7
Air Velo,numeric,0.12181591040826834,0.06159020150366627,0.03615585410820017,0.00867579908675798,1.0,1.0,False,8
