Feature,Type,Univariate_Score,Perm_DeltaR2,Perm_DeltaMAE,Perm_DeltaAcc,Combined_Score,Stability_Freq,Selected,Rank
Clothing,categorical,0.39075433617284083,0.0032339612642923996,0.004051371415456135,0.011415525114155252,1.0,1.0,True,1
Season,categorical,0.3423220618313034,0.030318307876586913,0.02288949092229207,0.013470319634703205,1.0,1.0,True,2
Activity,categorical,0.16546141439178608,0.0004899501800537109,0.0001635154088338216,0.0018264840182648401,1.0,1.0,True,3
MRT,numeric,0.33427764517134434,0.2385028243064881,0.14335590203603107,0.06438356164383562,1.0,1.0,False,4
RH,numeric,0.325604547468956,0.0479205330212911,0.03636561234792074,0.031963470319634694,1.0,1.0,False,5
Top,numeric,0.34820425437285063,0.04208847284317017,0.03270156780878703,0.019634703196347032,1.0,1.0,False,6
RATemp,numeric,0.35396998660550694,0.06720484495162964,0.0466568907101949,0.029908675799086754,1.0,1.0,False,7
Air Velo,numeric,0.12181591040826834,0.027800838152567547,0.01602021853129069,0.008219178082191777,1.0,1.0,False,8
