Feature,Type,Univariate_Score,Perm_DeltaR2,Perm_DeltaMAE,Perm_DeltaAcc,Combined_Score,Stability_Freq,Selected,Rank
Clothing,categorical,0.39075433617284083,0.0048027546992876965,0.006541891522479526,0.00936073059360731,1.0,1.0,True,1
Season,categorical,0.3423220618313034,0.31507310635923946,0.18974910502355055,0.091324200913242,1.0,1.0,True,2
Activity,categorical,0.16546141439178608,0.0019920991946468384,0.001052728609665632,0.0006849315068493142,1.0,1.0,True,3
MRT,numeric,0.33427764517134434,0.023668100137594628,0.020949707443848557,0.012328767123287676,1.0,1.0,False,4
RH,numeric,0.325604547468956,0.01804047982650294,0.012281808497394981,0.002283105022831052,1.0,1.0,False,5
Top,numeric,0.34820425437285063,0.006517246746284193,0.00783434093101738,0.011643835616438352,1.0,1.0,False,6
RATemp,numeric,0.35396998660550694,0.0031986430260403376,0.004281243474729595,0.006621004566210051,1.0,1.0,False,7
Air Velo,numeric,0.12181591040826834,0.02247537170845156,0.014743911266050245,0.010730593607305942,1.0,1.0,False,8
