Feature,Type,Univariate_Score,Perm_DeltaR2,Perm_DeltaMAE,Perm_DeltaAcc,Combined_Score,Stability_Freq,Selected,Rank
Clothing,categorical,0.39075433617284083,0.0,0.0,0.0,1.0,1.0,True,1
Season,categorical,0.3423220618313034,0.01186804709147713,0.008384916610148634,0.0047945205479452135,1.0,1.0,True,2
Activity,categorical,0.16546141439178608,0.0,0.0,0.0,1.0,1.0,True,3
MRT,numeric,0.33427764517134434,0.0882702342234207,0.05633538135908894,0.011187214611872146,1.0,1.0,False,4
RH,numeric,0.325604547468956,0.03775554237824435,0.02605907041678731,0.0059360730593607325,1.0,1.0,False,5
Top,numeric,0.34820425437285063,0.035841219522022946,0.025059683243695074,0.0036529680365296802,1.0,1.0,False,6
RATemp,numeric,0.35396998660550694,0.027101769497645194,0.01914209121498414,0.005022831050228316,1.0,1.0,False,7
Air Velo,numeric,0.12181591040826834,0.051559685344634135,0.029715683141239835,0.005479452054794517,1.0,1.0,False,8
