Feature,Type,Univariate_Score,Perm_DeltaR2,Perm_DeltaMAE,Perm_DeltaAcc,Combined_Score,Stability_Freq,Selected,Rank
MRT,numeric,0.19961525576076694,0.008633282399725035,0.02825389712434722,0.05373406193078325,1.0,1.0,True,1
RH,numeric,0.005344435399548221,0.00020863551451419938,0.006893060318574831,0.027965866793379257,1.0,1.0,True,2
Top,numeric,0.22641087588146216,0.17035624957535467,0.09326790527204902,0.07552070959055993,1.0,1.0,True,3
RATemp,numeric,0.2118439991855703,0.03807061826000614,0.04320902419441002,0.06648451730418944,1.0,1.0,False,4
Air Velo,numeric,0.018771042586310023,0.0019661020332379193,0.001852116914400903,0.010540904411182392,1.0,1.0,False,5
