Feature,Type,Univariate_Score,Perm_DeltaR2,Perm_DeltaMAE,Perm_DeltaAcc,Combined_Score,Stability_Freq,Selected,Rank
MRT,numeric,0.19961525576076694,0.05202907182383889,0.03672364824095502,0.041387502969826566,1.0,1.0,True,1
RH,numeric,0.005344435399548221,0.017651478667003666,0.008632481377728074,0.018876217628890475,1.0,1.0,True,2
Top,numeric,0.22641087588146216,0.19368778930803177,0.08706122688228729,0.07515245109685595,1.0,1.0,True,3
RATemp,numeric,0.2118439991855703,0.06460405915388208,0.04414130202255161,0.053722182624534744,1.0,1.0,False,4
Air Velo,numeric,0.018771042586310023,0.018781038074725746,0.010503184860909376,0.011982260236002214,1.0,1.0,False,5
