Feature,Type,Univariate_Score,Perm_DeltaR2,Perm_DeltaMAE,Perm_DeltaAcc,Combined_Score,Stability_Freq,Selected,Rank
MRT,numeric,0.19961525576076694,0.04834820826848348,0.032840005556742345,0.03670903619228636,1.0,1.0,True,1
RH,numeric,0.005344435399548221,0.006307895978291829,0.006721878051757812,0.015243129801219609,1.0,1.0,True,2
Top,numeric,0.22641087588146216,0.3292213280995687,0.13217443625132244,0.08390749980201155,1.0,1.0,True,3
RATemp,numeric,0.2118439991855703,0.043094905217488606,0.035990730921427405,0.05412805892135899,1.0,1.0,False,4
Air Velo,numeric,0.018771042586310023,0.009970994790395102,0.005814127127329509,0.011629840817296264,1.0,1.0,False,5
