Feature,Type,Univariate_Score,Perm_DeltaR2,Perm_DeltaMAE,Perm_DeltaAcc,Combined_Score,Stability_Freq,Selected,Rank
MRT,numeric,0.19961525576076694,0.014147616730481306,0.008322777203930376,0.010895303714263081,1.0,1.0,True,1
RH,numeric,0.005344435399548221,0.0,0.0,0.0,1.0,1.0,True,2
Top,numeric,0.22641087588146216,0.07192911723816507,0.03111033097429241,0.02144016789419497,1.0,1.0,True,3
RATemp,numeric,0.2118439991855703,0.07223769968744057,0.029651690887263993,0.013073176526490852,1.0,1.0,False,4
Air Velo,numeric,0.018771042586310023,0.0,0.0,0.0,1.0,1.0,False,5
