Feature,Type,Univariate_Score,Perm_DeltaR2,Perm_DeltaMAE,Perm_DeltaAcc,Combined_Score,Stability_Freq,Selected,Rank
Clothing,categorical,0.36107642774840565,0.0022445599238077795,0.0010419090588887532,0.003174603174603178,1.0,1.0,True,1
Season,categorical,0.0,0.0,0.0,0.0,1.0,1.0,True,2
Activity,categorical,0.0,0.0,0.0,0.0,1.0,1.0,True,3
MRT,numeric,0.041044797892478044,0.02747466564178467,0.02179329792658488,0.019047619047619053,1.0,1.0,False,4
RH,numeric,0.0027651772560393123,0.009938542048136394,0.002729217211405436,0.020561092654115914,1.0,1.0,False,5
Top,numeric,0.06833100609793122,0.02837065855662028,0.016867204507191976,0.02513842746400886,1.0,1.0,False,6
RATemp,numeric,0.018579672702628686,0.01670083999633789,0.014199976126352945,0.02694721299372462,1.0,1.0,False,7
Air Velo,numeric,0.017172946142886843,0.01813382307688395,0.010566389560699463,0.011111111111111108,1.0,1.0,False,8
