Feature,Type,Univariate_Score,Perm_DeltaR2,Perm_DeltaMAE,Perm_DeltaAcc,Combined_Score,Stability_Freq,Selected,Rank
Clothing,categorical,0.13212140341337114,0.017747971033468066,0.013608074905983768,0.012075154883909433,1.0,1.0,True,1
Season,categorical,0.024364923877041998,0.022562543938871388,0.013842737771181649,0.006366886688668869,1.0,1.0,True,2
Activity,categorical,0.003723005400763959,0.000962654478055569,0.0024290662109343057,0.008343465925539926,1.0,1.0,True,3
MRT,numeric,0.14295464481428105,0.0059454696981608626,0.00417908969811575,0.0039603960396039604,1.0,1.0,False,4
RH,numeric,0.0034558369527280227,0.0028561640886496076,0.004170788114950434,0.0037316889583695204,1.0,1.0,False,5
Top,numeric,0.2583906156626027,0.08274727227446728,0.05416756140364516,0.03757454692837704,1.0,1.0,False,6
RATemp,numeric,0.25737310816365094,0.08491860004377329,0.05755947426478737,0.042608273985293266,1.0,1.0,False,7
Air Velo,numeric,0.021045774083030204,0.002718921748660323,0.0018134808107733418,0.005711163221585318,1.0,1.0,False,8
