Feature,Type,Univariate_Score,Perm_DeltaR2,Perm_DeltaMAE,Perm_DeltaAcc,Combined_Score,Stability_Freq,Selected,Rank
Clothing,categorical,0.36107642774840565,0.0012184328589727993,0.0006760806588980298,0.001587301587301589,1.0,1.0,True,1
Season,categorical,0.0,0.0,0.0,0.0,1.0,1.0,True,2
Activity,categorical,0.0,0.0,0.0,0.0,1.0,1.0,True,3
MRT,numeric,0.041044797892478044,0.02206476196489619,0.02200435227341933,0.044112218530823186,1.0,1.0,False,4
RH,numeric,0.0027651772560393123,0.014191291449189208,0.011284455070499688,0.030047988187523085,1.0,1.0,False,5
Top,numeric,0.06833100609793122,0.031026237286754993,0.018620925797685418,0.026614987080103358,1.0,1.0,False,6
RATemp,numeric,0.018579672702628686,0.021978996854352686,0.015084252652225927,0.02831303063861203,1.0,1.0,False,7
Air Velo,numeric,0.017172946142886843,0.01117460293984929,0.007389833178697606,0.03004798818752307,1.0,1.0,False,8
