Feature,Type,Univariate_Score,Perm_DeltaR2,Perm_DeltaMAE,Perm_DeltaAcc,Combined_Score,Stability_Freq,Selected,Rank
Clothing,categorical,0.13212140341337114,0.0032628516082555603,0.001482770352518085,0.0030737942215274187,1.0,1.0,True,1
Season,categorical,0.024364923877041998,0.015219655366905092,0.011445592467428142,0.007461930403566681,1.0,1.0,True,2
Activity,categorical,0.003723005400763959,0.004278189131461259,0.003787997070496869,0.006152654739158133,1.0,1.0,True,3
MRT,numeric,0.14295464481428105,0.025178049418141828,0.016420558611336643,0.020863731109953095,1.0,1.0,False,4
RH,numeric,0.0034558369527280227,0.010735171006118021,0.008936013307951286,0.011638005905853748,1.0,1.0,False,5
Top,numeric,0.2583906156626027,0.10353684557575886,0.06940394638289597,0.04763982977245093,1.0,1.0,False,6
RATemp,numeric,0.25737310816365094,0.10646085901655862,0.07460694270664453,0.05224871171327659,1.0,1.0,False,7
Air Velo,numeric,0.021045774083030204,0.006796690133907579,0.00766681712211464,0.014704562561519313,1.0,1.0,False,8
