Feature,Type,Univariate_Score,Perm_DeltaR2,Perm_DeltaMAE,Perm_DeltaAcc,Combined_Score,Stability_Freq,Selected,Rank
Clothing,categorical,0.13212140341337114,0.004433898131052653,0.004427325725555419,0.005268224190840132,1.0,1.0,True,1
Season,categorical,0.024364923877041998,0.009266428152720134,0.003813612461090088,0.0006586184934282904,1.0,1.0,True,2
Activity,categorical,0.003723005400763959,0.001402723789215088,0.0010923544565836587,0.0006578947368421128,1.0,1.0,True,3
MRT,numeric,0.14295464481428105,0.02605043252309163,0.018217901388804116,0.010324387701928084,1.0,1.0,False,4
RH,numeric,0.0034558369527280227,0.008193866411844889,0.004995346069335938,0.007032742747959009,1.0,1.0,False,5
Top,numeric,0.2583906156626027,0.13660677671432492,0.08725541830062865,0.043265444965549196,1.0,1.0,False,6
RATemp,numeric,0.25737310816365094,0.0800259788831075,0.05553963581720989,0.031414654623357074,1.0,1.0,False,7
Air Velo,numeric,0.021045774083030204,0.012110896905263265,0.008740270137786865,0.00790921197382896,1.0,1.0,False,8
