Feature,Type,Univariate_Score,Perm_DeltaR2,Perm_DeltaMAE,Perm_DeltaAcc,Combined_Score,Stability_Freq,Selected,Rank
Clothing,categorical,0.36107642774840565,0.011618966361272819,0.0040914808267831304,0.011111111111111108,1.0,1.0,True,1
Season,categorical,0.0,2.960594732333751e-17,0.0,0.0,1.0,1.0,True,2
Activity,categorical,0.0,4.4408920985006264e-17,0.0,0.0,1.0,1.0,True,3
MRT,numeric,0.041044797892478044,0.009374473819909768,0.006723237272735072,0.017386489479512723,1.0,1.0,False,4
RH,numeric,0.0027651772560393123,0.009212090070462583,0.00797623289959016,0.009449981543004794,1.0,1.0,False,5
Top,numeric,0.06833100609793122,0.056255874072626014,0.0271879557166002,0.01731266149870801,1.0,1.0,False,6
RATemp,numeric,0.018579672702628686,0.014680525417910605,0.01147147426823616,0.02687338501291988,1.0,1.0,False,7
Air Velo,numeric,0.017172946142886843,0.03424908777496756,0.010998504706779781,0.012624584717607967,1.0,1.0,False,8
