Feature,Type,Univariate_Score,Perm_DeltaR2,Perm_DeltaMAE,Perm_DeltaAcc,Combined_Score,Stability_Freq,Selected,Rank
Clothing,categorical,0.39075433617284083,0.0029947479565938314,0.004466807842254639,0.010273972602739729,1.0,1.0,True,1
Season,categorical,0.3423220618313034,0.03344085216522217,0.021214747428894044,0.01803652968036531,1.0,1.0,True,2
Activity,categorical,0.16546141439178608,0.00022159417470296225,0.00015458265940348307,0.0011415525114155296,1.0,1.0,True,3
MRT,numeric,0.33427764517134434,0.24664610226949052,0.1523108681042989,0.0771689497716895,1.0,1.0,False,4
RH,numeric,0.325604547468956,0.04999934832255045,0.034939901034037275,0.03333333333333334,1.0,1.0,False,5
Top,numeric,0.34820425437285063,0.03462088902791342,0.027767280737559,0.018721461187214607,1.0,1.0,False,6
RATemp,numeric,0.35396998660550694,0.06838340361913045,0.04543205897013346,0.03036529680365297,1.0,1.0,False,7
Air Velo,numeric,0.12181591040826834,0.025425517559051515,0.013879342873891195,0.0070776255707762515,1.0,1.0,False,8
