Feature,Type,Univariate_Score,Perm_DeltaR2,Perm_DeltaMAE,Perm_DeltaAcc,Combined_Score,Stability_Freq,Selected,Rank
Clothing,categorical,0.39075433617284083,0.008760010690733972,0.006597008876260943,0.004794520547945199,1.0,1.0,True,1
Season,categorical,0.3423220618313034,0.059334375714603836,0.039773651350107596,0.017808219178082174,1.0,1.0,True,2
Activity,categorical,0.16546141439178608,0.015176372432424617,0.00819109524201509,0.004109589041095885,1.0,1.0,True,3
MRT,numeric,0.33427764517134434,0.09563059368247291,0.06733852622916978,0.03995433789954336,1.0,1.0,False,4
RH,numeric,0.325604547468956,0.06798318770944242,0.04551240945090461,0.027168949771689488,1.0,1.0,False,5
Top,numeric,0.34820425437285063,0.09183299531262049,0.06704608858426697,0.03972602739726025,1.0,1.0,False,6
RATemp,numeric,0.35396998660550694,0.05366042835016147,0.03706638519341905,0.020776255707762554,1.0,1.0,False,7
Air Velo,numeric,0.12181591040826834,0.05878729160981531,0.03664484640755118,0.01484018264840182,1.0,1.0,False,8
