Feature,Type,Univariate_Score,Perm_DeltaR2,Perm_DeltaMAE,Perm_DeltaAcc,Combined_Score,Stability_Freq,Selected,Rank
Clothing,categorical,0.39075433617284083,0.0,0.0,0.0,1.0,1.0,True,1
Season,categorical,0.3423220618313034,0.012938531316907365,0.009018098744916502,0.002968036529680366,1.0,1.0,True,2
Activity,categorical,0.16546141439178608,0.0,0.0,0.0,1.0,1.0,True,3
MRT,numeric,0.33427764517134434,0.07879216986030475,0.04881988386984283,0.008219178082191778,1.0,1.0,False,4
RH,numeric,0.325604547468956,0.04537429013750262,0.03060225444067822,0.009589041095890405,1.0,1.0,False,5
Top,numeric,0.34820425437285063,0.03339986490951693,0.024228742597136983,0.004109589041095889,1.0,1.0,False,6
RATemp,numeric,0.35396998660550694,0.02480091626518109,0.01810164731244212,0.007077625570776262,1.0,1.0,False,7
Air Velo,numeric,0.12181591040826834,0.05530741350375338,0.033235776596210985,0.006849315068493152,1.0,1.0,False,8
