Feature,Type,Univariate_Score,Perm_DeltaR2,Perm_DeltaMAE,Perm_DeltaAcc,Combined_Score,Stability_Freq,Selected,Rank
Clothing,categorical,0.39075433617284083,0.004914094019421222,0.004839490004169536,0.010730593607305938,1.0,1.0,True,1
Season,categorical,0.3423220618313034,0.30524103560540644,0.18214820016235195,0.08333333333333334,1.0,1.0,True,2
Activity,categorical,0.16546141439178608,0.0028624458382433176,0.001958657108483123,0.0013698630136986284,1.0,1.0,True,3
MRT,numeric,0.33427764517134434,0.031231432975783756,0.02373257743929962,0.011872146118721463,1.0,1.0,False,4
RH,numeric,0.325604547468956,0.022169992653210797,0.01795147274329851,0.006164383561643837,1.0,1.0,False,5
Top,numeric,0.34820425437285063,0.011175549496865144,0.012745647747381725,0.013470319634703198,1.0,1.0,False,6
RATemp,numeric,0.35396998660550694,0.008467342483349096,0.007198835993179928,0.011187214611872146,1.0,1.0,False,7
Air Velo,numeric,0.12181591040826834,0.027258591196876188,0.017483140108700525,0.013013698630136988,1.0,1.0,False,8
