Feature,Type,Univariate_Score,Perm_DeltaR2,Perm_DeltaMAE,Perm_DeltaAcc,Combined_Score,Stability_Freq,Selected,Rank
MRT,numeric,0.19961525576076694,0.04229350350024352,0.03193746993185478,0.03955808980755525,1.0,1.0,True,1
RH,numeric,0.005344435399548221,0.015481961118414225,0.007889795432106994,0.01924051635384493,1.0,1.0,True,2
Top,numeric,0.22641087588146216,0.1951108924497537,0.09050205735872945,0.08025065336184367,1.0,1.0,True,3
RATemp,numeric,0.2118439991855703,0.0703347266225686,0.04712471858665266,0.05301734378712284,1.0,1.0,False,4
Air Velo,numeric,0.018771042586310023,0.02045484528984828,0.010672021100240354,0.009810327076898707,1.0,1.0,False,5
