Feature,Type,Univariate_Score,Perm_DeltaR2,Perm_DeltaMAE,Perm_DeltaAcc,Combined_Score,Stability_Freq,Selected,Rank
MRT,numeric,0.19961525576076694,0.013946625088530831,0.007938603426429143,0.014514532351310677,1.0,1.0,True,1
RH,numeric,0.005344435399548221,0.0,0.0,0.0,1.0,1.0,True,2
Top,numeric,0.22641087588146216,0.06331082421208337,0.026443679378317007,0.010531004989308623,1.0,1.0,True,3
RATemp,numeric,0.2118439991855703,0.06825505687270417,0.029923252601343552,0.01670428446978696,1.0,1.0,False,4
Air Velo,numeric,0.018771042586310023,0.0,0.0,0.0,1.0,1.0,False,5
