Feature,Type,Univariate_Score,Perm_DeltaR2,Perm_DeltaMAE,Perm_DeltaAcc,Combined_Score,Stability_Freq,Selected,Rank
MRT,numeric,0.19961525576076694,0.008516767630040145,0.027728236867615063,0.05810366674586205,1.0,1.0,True,1
RH,numeric,0.005344435399548221,0.0006244748914122189,0.004778441070348032,0.021063989862992006,1.0,1.0,True,2
Top,numeric,0.22641087588146216,0.1480974219272341,0.08449188818343571,0.07554842797180643,1.0,1.0,True,3
RATemp,numeric,0.2118439991855703,0.03488336989197787,0.04583629444564848,0.07153916211293261,1.0,1.0,False,4
Air Velo,numeric,0.018771042586310023,0.0004821912793505856,0.0018327062685294642,0.007630474380296184,1.0,1.0,False,5
