Feature,Type,Univariate_Score,Perm_DeltaR2,Perm_DeltaMAE,Perm_DeltaAcc,Combined_Score,Stability_Freq,Selected,Rank
MRT,numeric,0.19961525576076694,0.03672747611999512,0.02996964057286581,0.044319711728835025,1.0,1.0,True,1
RH,numeric,0.005344435399548221,0.006802546977996826,0.005244807402292887,0.013067236873366594,1.0,1.0,True,2
Top,numeric,0.22641087588146216,0.3089529315630595,0.1297365784645081,0.09150827591668645,1.0,1.0,True,3
RATemp,numeric,0.2118439991855703,0.04103626807530721,0.03812585274378459,0.06067949631741507,1.0,1.0,False,4
Air Velo,numeric,0.018771042586310023,0.016852609316507974,0.009354511896769207,0.014520472004434936,1.0,1.0,False,5
