Feature,Type,Univariate_Score,Perm_DeltaR2,Perm_DeltaMAE,Perm_DeltaAcc,Combined_Score,Stability_Freq,Selected,Rank
Clothing,categorical,0.13212140341337114,0.00467776854832967,0.003918794790903727,0.0041710092061837695,1.0,1.0,True,1
Season,categorical,0.024364923877041998,0.0070817033449808746,0.003395342826843262,0.001097214984656362,1.0,1.0,True,2
Activity,categorical,0.003723005400763959,0.0008878628412882486,0.000824423631032308,0.0008793642522146947,1.0,1.0,True,3
MRT,numeric,0.14295464481428105,0.021278011798858642,0.014967183272043863,0.009233686526547383,1.0,1.0,False,4
RH,numeric,0.0034558369527280227,0.0048723061879475905,0.003365635871887207,0.00703201899137282,1.0,1.0,False,5
Top,numeric,0.2583906156626027,0.13111098210016886,0.08528661727905275,0.04019888830988362,1.0,1.0,False,6
RATemp,numeric,0.25737310816365094,0.07334239880243938,0.05066349903742472,0.026799258873255755,1.0,1.0,False,7
Air Velo,numeric,0.021045774083030204,0.008671454588572183,0.006958667437235513,0.008130681489201545,1.0,1.0,False,8
