Feature,Type,Univariate_Score,Perm_DeltaR2,Perm_DeltaMAE,Perm_DeltaAcc,Combined_Score,Stability_Freq,Selected,Rank
Clothing,categorical,0.36107642774840565,0.00418175458908081,0.001290436585744222,0.0015873015873015856,1.0,1.0,True,1
Season,categorical,0.0,0.0,0.0,0.0,1.0,1.0,True,2
Activity,categorical,0.0,0.0,0.0,0.0,1.0,1.0,True,3
MRT,numeric,0.041044797892478044,0.042917267481486,0.01964462995529175,0.022222222222222227,1.0,1.0,False,4
RH,numeric,0.0027651772560393123,0.01697935660680135,0.005724600950876872,0.023809523809523808,1.0,1.0,False,5
Top,numeric,0.06833100609793122,0.03219530185063681,0.018332425753275556,0.020487264673311193,1.0,1.0,False,6
RATemp,numeric,0.018579672702628686,0.0184569517771403,0.012947320938110352,0.030158730158730163,1.0,1.0,False,7
Air Velo,numeric,0.017172946142886843,0.013969568411509198,0.010332834720611573,0.007899593946105572,1.0,1.0,False,8
