Feature,Type,Univariate_Score,Perm_DeltaR2,Perm_DeltaMAE,Perm_DeltaAcc,Combined_Score,Stability_Freq,Selected,Rank
Clothing,categorical,0.36107642774840565,0.0016466644474336805,0.0013172454825667904,0.006312292358803995,1.0,1.0,True,1
Season,categorical,0.0,0.0,0.0,0.0,1.0,1.0,True,2
Activity,categorical,0.0,0.0,0.0,0.0,1.0,1.0,True,3
MRT,numeric,0.041044797892478044,0.026796422295546858,0.02021313861016373,0.030047988187523085,1.0,1.0,False,4
RH,numeric,0.0027651772560393123,0.009693157821568616,0.00697792177931702,0.023698781838316724,1.0,1.0,False,5
Top,numeric,0.06833100609793122,0.03151003356320313,0.020980704700412155,0.024990771502399416,1.0,1.0,False,6
RATemp,numeric,0.018579672702628686,0.024376760650921724,0.01580018731106192,0.029974160206718344,1.0,1.0,False,7
Air Velo,numeric,0.017172946142886843,0.01701256876265167,0.01249594857403092,0.0427094868955334,1.0,1.0,False,8
