Feature,Type,Univariate_Score,Perm_DeltaR2,Perm_DeltaMAE,Perm_DeltaAcc,Combined_Score,Stability_Freq,Selected,Rank
Clothing,categorical,0.36107642774840565,0.017953942243316968,0.0073850864132533655,0.00793650793650793,1.0,1.0,True,1
Season,categorical,0.0,4.4408920985006264e-17,0.0,0.0,1.0,1.0,True,2
Activity,categorical,0.0,2.960594732333751e-17,1.4802973661668754e-17,0.0,1.0,1.0,True,3
MRT,numeric,0.041044797892478044,0.018441349602639236,0.008227763305557004,0.01269841269841269,1.0,1.0,False,4
RH,numeric,0.0027651772560393123,0.04456661922955506,0.021703600213681763,0.02222222222222222,1.0,1.0,False,5
Top,numeric,0.06833100609793122,0.04573340761128564,0.030659606167125965,0.028349944629014384,1.0,1.0,False,6
RATemp,numeric,0.018579672702628686,0.010914404248127136,0.007237734191910613,0.015799187892211138,1.0,1.0,False,7
Air Velo,numeric,0.017172946142886843,0.032745519834779344,0.009152229170766073,0.012698412698412695,1.0,1.0,False,8
