Feature,Type,Univariate_Score,Perm_DeltaR2,Perm_DeltaMAE,Perm_DeltaAcc,Combined_Score,Stability_Freq,Selected,Rank
Clothing,categorical,0.13212140341337114,0.002746147639833274,0.001527301072318606,0.004391031208383999,1.0,1.0,True,1
Season,categorical,0.024364923877041998,0.014917585281493215,0.010826007040840468,0.007240460888194075,1.0,1.0,True,2
Activity,categorical,0.003723005400763959,0.0031773924350878037,0.0029533346665848057,0.005276909269874364,1.0,1.0,True,3
MRT,numeric,0.14295464481428105,0.029744597325401873,0.020898418120284288,0.02195370852874761,1.0,1.0,False,4
RH,numeric,0.0034558369527280227,0.010096918515940856,0.009252323765689238,0.01449177812518094,1.0,1.0,False,5
Top,numeric,0.2583906156626027,0.09188473260521389,0.06402775807154051,0.044348184818481844,1.0,1.0,False,6
RATemp,numeric,0.25737310816365094,0.11199337293527081,0.0789188861655801,0.061492530832030566,1.0,1.0,False,7
Air Velo,numeric,0.021045774083030204,0.007246578048589436,0.005836969948984283,0.01208094493659893,1.0,1.0,False,8
