Feature,Type,Univariate_Score,Perm_DeltaR2,Perm_DeltaMAE,Perm_DeltaAcc,Combined_Score,Stability_Freq,Selected,Rank
Clothing,categorical,0.13212140341337114,0.015802001226618886,0.012453724570366021,0.019538532800648482,1.0,1.0,True,1
Season,categorical,0.024364923877041998,0.024023946330946233,0.014739898508681432,0.004390307451797815,1.0,1.0,True,2
Activity,categorical,0.003723005400763959,0.002616037665992921,0.003716741634812689,0.008997018122864924,1.0,1.0,True,3
MRT,numeric,0.14295464481428105,0.0015147301027672367,0.0008957588318828349,0.005719848300619527,1.0,1.0,False,4
RH,numeric,0.0034558369527280227,0.0008991786759145878,0.0030171361952603397,0.0026380927566440836,1.0,1.0,False,5
Top,numeric,0.2583906156626027,0.08429046591276348,0.05607054654818008,0.03207110184702681,1.0,1.0,False,6
RATemp,numeric,0.25737310816365094,0.07767779844115331,0.05154862868589416,0.034703404550981407,1.0,1.0,False,7
Air Velo,numeric,0.021045774083030204,0.0024853493907600016,0.00417996294928702,0.007254936019917772,1.0,1.0,False,8
