Feature,Type,Univariate_Score,Perm_DeltaR2,Perm_DeltaMAE,Perm_DeltaAcc,Combined_Score,Stability_Freq,Selected,Rank
Clothing,categorical,0.39075433617284083,0.008623886222813086,0.006684771337938804,0.006392694063926929,1.0,1.0,True,1
Season,categorical,0.3423220618313034,0.05816711908058636,0.04022578905012726,0.02077625570776254,1.0,1.0,True,2
Activity,categorical,0.16546141439178608,0.0124419732339537,0.006665854765134505,0.0025114155251141543,1.0,1.0,True,3
MRT,numeric,0.33427764517134434,0.09581151746359325,0.064020046037526,0.028082191780821907,1.0,1.0,False,4
RH,numeric,0.325604547468956,0.06461115167638239,0.04356759702514894,0.023059360730593594,1.0,1.0,False,5
Top,numeric,0.34820425437285063,0.09690605515023554,0.06696109126414493,0.035159817351598156,1.0,1.0,False,6
RATemp,numeric,0.35396998660550694,0.05708650552725717,0.03842784404409349,0.025342465753424644,1.0,1.0,False,7
Air Velo,numeric,0.12181591040826834,0.05698891686077355,0.03316520435111541,0.006621004566210042,1.0,1.0,False,8
