Feature,Type,Univariate_Score,Perm_DeltaR2,Perm_DeltaMAE,Perm_DeltaAcc,Combined_Score,Stability_Freq,Selected,Rank
Clothing,categorical,0.39075433617284083,0.007312870025634766,0.006778176625569661,0.015068493150684929,1.0,1.0,True,1
Season,categorical,0.3423220618313034,0.038439230124155684,0.027155792713165282,0.01780821917808219,1.0,1.0,True,2
Activity,categorical,0.16546141439178608,0.00031971534093221024,0.00024621486663818366,0.0027397260273972638,1.0,1.0,True,3
MRT,numeric,0.33427764517134434,0.2488017002741496,0.15180785258611043,0.0732876712328767,1.0,1.0,False,4
RH,numeric,0.325604547468956,0.04760634899139404,0.035676848888397214,0.02968036529680365,1.0,1.0,False,5
Top,numeric,0.34820425437285063,0.041603418191274014,0.034365832805633545,0.02374429223744292,1.0,1.0,False,6
RATemp,numeric,0.35396998660550694,0.06873716513315836,0.043623558680216466,0.024429223744292232,1.0,1.0,False,7
Air Velo,numeric,0.12181591040826834,0.02173080046971639,0.011125651995340984,0.0029680365296803624,1.0,1.0,False,8
