Feature,Type,Univariate_Score,Perm_DeltaR2,Perm_DeltaMAE,Perm_DeltaAcc,Combined_Score,Stability_Freq,Selected,Rank
Clothing,categorical,0.39075433617284083,0.0,0.0,0.0,1.0,1.0,True,1
Season,categorical,0.3423220618313034,0.012587406599302792,0.008843340020154189,0.0038812785388127936,1.0,1.0,True,2
Activity,categorical,0.16546141439178608,0.0,0.0,0.0,1.0,1.0,True,3
MRT,numeric,0.33427764517134434,0.0806897243900364,0.051532904036138104,0.012557077625570772,1.0,1.0,False,4
RH,numeric,0.325604547468956,0.04192992370134736,0.029803468013822637,0.00936073059360731,1.0,1.0,False,5
Top,numeric,0.34820425437285063,0.03488722749140386,0.023391953650537624,0.0031963470319634757,1.0,1.0,False,6
RATemp,numeric,0.35396998660550694,0.02675416982848073,0.01967407970636167,0.0054794520547945275,1.0,1.0,False,7
Air Velo,numeric,0.12181591040826834,0.05575778157545515,0.032740016097190676,0.004794520547945206,1.0,1.0,False,8
