Feature,Type,Univariate_Score,Perm_DeltaR2,Perm_DeltaMAE,Perm_DeltaAcc,Combined_Score,Stability_Freq,Selected,Rank
Clothing,categorical,0.39075433617284083,0.0033842505541187584,0.0040674332061115,0.01073059360730593,1.0,1.0,True,1
Season,categorical,0.3423220618313034,0.31306984210615607,0.18890848209935363,0.08378995433789954,1.0,1.0,True,2
Activity,categorical,0.16546141439178608,0.003859352832008874,0.003188722019968826,0.0013698630136986319,1.0,1.0,True,3
MRT,numeric,0.33427764517134434,0.032594429001524226,0.026362665581496608,0.014840182648401826,1.0,1.0,False,4
RH,numeric,0.325604547468956,0.02274395301577024,0.01580121695950679,0.009132420091324207,1.0,1.0,False,5
Top,numeric,0.34820425437285063,0.010356520868566421,0.011626996451864002,0.011187214611872151,1.0,1.0,False,6
RATemp,numeric,0.35396998660550694,0.006913968136193034,0.006547743529196959,0.005936073059360732,1.0,1.0,False,7
Air Velo,numeric,0.12181591040826834,0.026178444278430586,0.0181122425498033,0.00936073059360731,1.0,1.0,False,8
