Feature,Type,Univariate_Score,Perm_DeltaR2,Perm_DeltaMAE,Perm_DeltaAcc,Combined_Score,Stability_Freq,Selected,Rank
MRT,numeric,0.19961525576076694,0.013966532470857019,0.007929540290039968,0.011978300467252711,1.0,1.0,True,1
RH,numeric,0.005344435399548221,0.0,0.0,0.0,1.0,1.0,True,2
Top,numeric,0.22641087588146216,0.07478058861191647,0.03234853157448846,0.022141046962857368,1.0,1.0,True,3
RATemp,numeric,0.2118439991855703,0.07537540272034937,0.03447737936692996,0.030842638789894662,1.0,1.0,False,4
Air Velo,numeric,0.018771042586310023,0.0,0.0,0.0,1.0,1.0,False,5
