Feature,Type,Univariate_Score,Perm_DeltaR2,Perm_DeltaMAE,Perm_DeltaAcc,Combined_Score,Stability_Freq,Selected,Rank
MRT,numeric,0.19961525576076694,0.03797597247112514,0.03138564038898446,0.03773065652965867,1.0,1.0,True,1
RH,numeric,0.005344435399548221,0.01335287399301514,0.007168600261202082,0.01924249623821969,1.0,1.0,True,2
Top,numeric,0.22641087588146216,0.19017410098620346,0.08552109140286643,0.06862279242892215,1.0,1.0,True,3
RATemp,numeric,0.2118439991855703,0.07280010665613507,0.04786414306217415,0.06100617723924921,1.0,1.0,False,4
Air Velo,numeric,0.018771042586310023,0.018677765104158195,0.011375292909349946,0.006893957392888254,1.0,1.0,False,5
