Feature,Type,Univariate_Score,Perm_DeltaR2,Perm_DeltaMAE,Perm_DeltaAcc,Combined_Score,Stability_Freq,Selected,Rank
MRT,numeric,0.19961525576076694,0.009448027611256946,0.029398661186714303,0.05230458541221193,1.0,1.0,True,1
RH,numeric,0.005344435399548221,0.0,0.004660584732221633,0.02217470499722816,1.0,1.0,True,2
Top,numeric,0.22641087588146216,0.1755915911835484,0.09342930357599169,0.07659776669042527,1.0,1.0,True,3
RATemp,numeric,0.2118439991855703,0.038926385069729945,0.04765047875620561,0.07119268234735092,1.0,1.0,False,4
Air Velo,numeric,0.018771042586310023,0.0,0.0,0.009448008236319002,1.0,1.0,False,5
