Feature,Type,Univariate_Score,Perm_DeltaR2,Perm_DeltaMAE,Perm_DeltaAcc,Combined_Score,Stability_Freq,Selected,Rank
MRT,numeric,0.19961525576076694,0.039726722240448,0.03002716700236003,0.029421081808822358,1.0,1.0,True,1
RH,numeric,0.005344435399548221,0.005797843138376871,0.004594560464223226,0.01596974736675377,1.0,1.0,True,2
Top,numeric,0.22641087588146216,0.3057484229405721,0.1225502332051595,0.07407341411261584,1.0,1.0,True,3
RATemp,numeric,0.2118439991855703,0.044471919536590576,0.039163756370544436,0.06430466460758691,1.0,1.0,False,4
Air Velo,numeric,0.018771042586310023,0.009674549102783203,0.005413818359375,0.012340619307832416,1.0,1.0,False,5
