Feature,Type,Univariate_Score,Perm_DeltaR2,Perm_DeltaMAE,Perm_DeltaAcc,Combined_Score,Stability_Freq,Selected,Rank
Clothing,categorical,0.13212140341337114,0.003655105151069764,0.0021281521739744623,0.003950987203983562,1.0,1.0,True,1
Season,categorical,0.024364923877041998,0.014329286256393983,0.011439528806673828,0.010537895894852633,1.0,1.0,True,2
Activity,categorical,0.003723005400763959,0.0028020974376801178,0.0025395854932324102,0.0043989925308320355,1.0,1.0,True,3
MRT,numeric,0.14295464481428105,0.031555672839773764,0.020799326967205635,0.02240026634242372,1.0,1.0,False,4
RH,numeric,0.0034558369527280227,0.012374124268743226,0.00823716597436428,0.010542962190955943,1.0,1.0,False,5
Top,numeric,0.2583906156626027,0.10240643982300117,0.07049212420873749,0.04918215505761102,1.0,1.0,False,6
RATemp,numeric,0.25737310816365094,0.11041374601509313,0.07324240787168193,0.04500969833825488,1.0,1.0,False,7
Air Velo,numeric,0.021045774083030204,0.01152221664624713,0.008128698911443417,0.012949452840020845,1.0,1.0,False,8
