Feature,Type,Univariate_Score,Perm_DeltaR2,Perm_DeltaMAE,Perm_DeltaAcc,Combined_Score,Stability_Freq,Selected,Rank
Clothing,categorical,0.36107642774840565,0.018033606069022587,0.007652101267723,0.00793650793650793,1.0,1.0,True,1
Season,categorical,0.0,5.921189464667501e-17,2.2204460492503132e-17,0.0,1.0,1.0,True,2
Activity,categorical,0.0,8.141635513917815e-17,2.960594732333751e-17,0.0,1.0,1.0,True,3
MRT,numeric,0.041044797892478044,0.020609148767329173,0.012600275518771787,0.01893687707641195,1.0,1.0,False,4
RH,numeric,0.0027651772560393123,0.022029146263558088,0.01215932499343321,0.011111111111111105,1.0,1.0,False,5
Top,numeric,0.06833100609793122,0.03685837881712482,0.02166555141519019,0.026873385012919887,1.0,1.0,False,6
RATemp,numeric,0.018579672702628686,0.015229341868714191,0.013029454738610325,0.011111111111111105,1.0,1.0,False,7
Air Velo,numeric,0.017172946142886843,0.024764290995881857,0.0075916699106037015,0.014174972314507192,1.0,1.0,False,8
