Feature,Type,Univariate_Score,Perm_DeltaR2,Perm_DeltaMAE,Perm_DeltaAcc,Combined_Score,Stability_Freq,Selected,Rank
Clothing,categorical,0.13212140341337114,0.019319339180186187,0.01476715456349884,0.014043772798332466,1.0,1.0,True,1
Season,categorical,0.024364923877041998,0.024209841487766066,0.015520392972328278,0.00592539517109606,1.0,1.0,True,2
Activity,categorical,0.003723005400763959,0.00203247290003572,0.002808552652390824,0.006801864396966018,1.0,1.0,True,3
MRT,numeric,0.14295464481428105,0.0049400228993757254,0.001892871656909708,0.004839760291818655,1.0,1.0,False,4
RH,numeric,0.0034558369527280227,0.0015450297103781169,0.002198501271369735,0.0017565572346708342,1.0,1.0,False,5
Top,numeric,0.2583906156626027,0.09564415845847207,0.0613654085327891,0.034054918649759715,1.0,1.0,False,6
RATemp,numeric,0.25737310816365094,0.07953721901022155,0.05410822266312352,0.03712219906201146,1.0,1.0,False,7
Air Velo,numeric,0.021045774083030204,0.001998130319891874,0.001981321279265965,0.0024166232412714947,1.0,1.0,False,8
