Feature,Type,Univariate_Score,Perm_DeltaR2,Perm_DeltaMAE,Perm_DeltaAcc,Combined_Score,Stability_Freq,Selected,Rank
Clothing,categorical,0.36107642774840565,0.000827646557262951,0.0003601473345515193,0.0,1.0,1.0,True,1
Season,categorical,0.0,0.0,0.0,0.0,1.0,1.0,True,2
Activity,categorical,0.0,0.0,0.0,0.0,1.0,1.0,True,3
MRT,numeric,0.041044797892478044,0.0401301901996514,0.026726056904259964,0.03156146179401993,1.0,1.0,False,4
RH,numeric,0.0027651772560393123,0.013077497941948308,0.0070580074800914135,0.025322997416020676,1.0,1.0,False,5
Top,numeric,0.06833100609793122,0.03333592703788157,0.022002098603539768,0.015651531930601703,1.0,1.0,False,6
RATemp,numeric,0.018579672702628686,0.023508047136621153,0.0169410669977283,0.028313030638612024,1.0,1.0,False,7
Air Velo,numeric,0.017172946142886843,0.011669127658409906,0.010228945338685628,0.04274640088593577,1.0,1.0,False,8
