Feature,Type,Univariate_Score,Perm_DeltaR2,Perm_DeltaMAE,Perm_DeltaAcc,Combined_Score,Stability_Freq,Selected,Rank
Clothing,categorical,0.36107642774840565,0.0013869524002075196,0.0018527626991271973,0.007936507936507941,1.0,1.0,True,1
Season,categorical,0.0,0.0,0.0,0.0,1.0,1.0,True,2
Activity,categorical,0.0,0.0,0.0,0.0,1.0,1.0,True,3
MRT,numeric,0.041044797892478044,0.06856478055318196,0.03548656304677328,0.031746031746031744,1.0,1.0,False,4
RH,numeric,0.0027651772560393123,0.018745660781860355,0.009059576193491618,0.026910299003322265,1.0,1.0,False,5
Top,numeric,0.06833100609793122,0.03370933532714844,0.018971598148345946,0.015688445921004067,1.0,1.0,False,6
RATemp,numeric,0.018579672702628686,0.01581369638442993,0.007975927988688151,0.007936507936507938,1.0,1.0,False,7
Air Velo,numeric,0.017172946142886843,0.015494322776794434,0.011168098449707032,0.015836101882613512,1.0,1.0,False,8
