Feature,Type,Univariate_Score,Perm_DeltaR2,Perm_DeltaMAE,Perm_DeltaAcc,Combined_Score,Stability_Freq,Selected,Rank
Clothing,categorical,0.13212140341337114,0.005466258525848389,0.004848774274190266,0.004390307451797807,1.0,1.0,True,1
Season,categorical,0.024364923877041998,0.006079455216725667,0.0025923848152160645,0.0015358114758844412,1.0,1.0,True,2
Activity,categorical,0.003723005400763959,0.0013914982477823894,0.0010650356610616047,0.0010979387412425473,1.0,1.0,True,3
MRT,numeric,0.14295464481428105,0.01809768279393514,0.01410338481267293,0.00901294076776099,1.0,1.0,False,4
RH,numeric,0.0034558369527280227,0.006096700827280681,0.0044883807500203455,0.008344189682126104,1.0,1.0,False,5
Top,numeric,0.2583906156626027,0.14747586647669475,0.09259953101476033,0.046576631347345264,1.0,1.0,False,6
RATemp,numeric,0.25737310816365094,0.08242262204488118,0.05548696120580038,0.02637007121764807,1.0,1.0,False,7
Air Velo,numeric,0.021045774083030204,0.00664618412653605,0.005505200227101644,0.00878712871287128,1.0,1.0,False,8
