Feature,Type,Univariate_Score,Perm_DeltaR2,Perm_DeltaMAE,Perm_DeltaAcc,Combined_Score,Stability_Freq,Selected,Rank
Clothing,categorical,0.39075433617284083,0.006749818190156143,0.005642214327694131,0.0034246575342465704,1.0,1.0,True,1
Season,categorical,0.3423220618313034,0.05639097887109943,0.037668909804714636,0.016894977168949762,1.0,1.0,True,2
Activity,categorical,0.16546141439178608,0.009725589518106263,0.005719045405722501,0.005251141552511411,1.0,1.0,True,3
MRT,numeric,0.33427764517134434,0.08996900330027788,0.06440041352483902,0.03767123287671232,1.0,1.0,False,4
RH,numeric,0.325604547468956,0.0693973761325238,0.04901039385738356,0.031735159817351574,1.0,1.0,False,5
Top,numeric,0.34820425437285063,0.09293251841401805,0.0666108147002624,0.04246575342465751,1.0,1.0,False,6
RATemp,numeric,0.35396998660550694,0.053470030100114405,0.03559847610948484,0.02214611872146118,1.0,1.0,False,7
Air Velo,numeric,0.12181591040826834,0.056953148290271614,0.03413409098174911,0.008219178082191771,1.0,1.0,False,8
