Feature,Type,Univariate_Score,Perm_DeltaR2,Perm_DeltaMAE,Perm_DeltaAcc,Combined_Score,Stability_Freq,Selected,Rank
Clothing,categorical,0.39075433617284083,0.005549557700449544,0.007591849740606381,0.012557077625570779,1.0,1.0,True,1
Season,categorical,0.3423220618313034,0.29091039869777185,0.1717184786005461,0.0821917808219178,1.0,1.0,True,2
Activity,categorical,0.16546141439178608,0.003103755050828546,0.002411665289359048,0.0004566210045662118,1.0,1.0,True,3
MRT,numeric,0.33427764517134434,0.029252462337232464,0.026967244702487975,0.014383561643835613,1.0,1.0,False,4
RH,numeric,0.325604547468956,0.019829064053418,0.011750346791481976,0.004794520547945207,1.0,1.0,False,5
Top,numeric,0.34820425437285063,0.011055525604038286,0.011133399089685105,0.014611872146118726,1.0,1.0,False,6
RATemp,numeric,0.35396998660550694,0.0062525438843864896,0.006805569033519506,0.0070776255707762584,1.0,1.0,False,7
Air Velo,numeric,0.12181591040826834,0.018847686987720887,0.012122401630449222,0.006849315068493152,1.0,1.0,False,8
