Feature,Type,Univariate_Score,Perm_DeltaR2,Perm_DeltaMAE,Perm_DeltaAcc,Combined_Score,Stability_Freq,Selected,Rank
Clothing,categorical,0.39075433617284083,0.0030060609181722007,0.0038782914479573564,0.00936073059360731,1.0,1.0,True,1
Season,categorical,0.3423220618313034,0.036853313446044915,0.026469779014587403,0.021917808219178082,1.0,1.0,True,2
Activity,categorical,0.16546141439178608,0.0002082705497741699,0.0001594225565592448,0.0031963470319634757,1.0,1.0,True,3
MRT,numeric,0.33427764517134434,0.2409762144088745,0.14745438893636068,0.07968036529680365,1.0,1.0,False,4
RH,numeric,0.325604547468956,0.04642034769058227,0.03252999385197957,0.026484018264840183,1.0,1.0,False,5
Top,numeric,0.34820425437285063,0.04168136517206828,0.03199986219406127,0.023972602739726026,1.0,1.0,False,6
RATemp,numeric,0.35396998660550694,0.07175602118174235,0.047997383276621494,0.026484018264840186,1.0,1.0,False,7
Air Velo,numeric,0.12181591040826834,0.023983760674794515,0.011527005831400556,0.008219178082191777,1.0,1.0,False,8
