Feature,Type,Univariate_Score,Perm_DeltaR2,Perm_DeltaMAE,Perm_DeltaAcc,Combined_Score,Stability_Freq,Selected,Rank
Clothing,categorical,0.39075433617284083,0.0,0.0,0.0,1.0,1.0,True,1
Season,categorical,0.3423220618313034,0.012642211867636277,0.008373010532788737,0.004337899543378998,1.0,1.0,True,2
Activity,categorical,0.16546141439178608,0.0,0.0,0.0,1.0,1.0,True,3
MRT,numeric,0.33427764517134434,0.08407561440990195,0.05462504092972018,0.019634703196347032,1.0,1.0,False,4
RH,numeric,0.325604547468956,0.039263929386210476,0.027404895374229344,0.00936073059360731,1.0,1.0,False,5
Top,numeric,0.34820425437285063,0.03364768902751646,0.023302915837156185,0.0034246575342465778,1.0,1.0,False,6
RATemp,numeric,0.35396998660550694,0.026043901955164612,0.019309336388770644,0.004337899543379002,1.0,1.0,False,7
Air Velo,numeric,0.12181591040826834,0.058172637765439926,0.0316848424931694,0.005707762557077623,1.0,1.0,False,8
