Feature,Type,Univariate_Score,Perm_DeltaR2,Perm_DeltaMAE,Perm_DeltaAcc,Combined_Score,Stability_Freq,Selected,Rank
MRT,numeric,0.19961525576076694,0.04455392460870246,0.03645781546227934,0.046489665003563795,1.0,1.0,True,1
RH,numeric,0.005344435399548221,0.014289890268568995,0.006744521500957101,0.021428288587946466,1.0,1.0,True,2
Top,numeric,0.22641087588146216,0.19756352156474888,0.09108976654781693,0.08425793933634276,1.0,1.0,True,3
RATemp,numeric,0.2118439991855703,0.07087206955616313,0.0489008764614199,0.06211293260473588,1.0,1.0,False,4
Air Velo,numeric,0.018771042586310023,0.014228087989194163,0.008904005547770223,0.01233071988595866,1.0,1.0,False,5
