Feature,Type,Univariate_Score,Perm_DeltaR2,Perm_DeltaMAE,Perm_DeltaAcc,Combined_Score,Stability_Freq,Selected,Rank
MRT,numeric,0.19961525576076694,0.012973444033387368,0.007808073010887315,0.01161004197354874,1.0,1.0,True,1
RH,numeric,0.005344435399548221,0.0,0.0,0.0,1.0,1.0,True,2
Top,numeric,0.22641087588146216,0.07131793064445897,0.030145484740685995,0.018167419022729062,1.0,1.0,True,3
RATemp,numeric,0.2118439991855703,0.06981530611389479,0.0311394366047826,0.01998099311000237,1.0,1.0,False,4
Air Velo,numeric,0.018771042586310023,0.0,0.0,0.0,1.0,1.0,False,5
