Feature,Type,Univariate_Score,Perm_DeltaR2,Perm_DeltaMAE,Perm_DeltaAcc,Combined_Score,Stability_Freq,Selected,Rank
MRT,numeric,0.19961525576076694,0.007192325895359186,0.028153008083171394,0.05955492199255563,1.0,1.0,True,1
RH,numeric,0.005344435399548221,0.0,0.003520698576450935,0.019612734616298397,1.0,1.0,True,2
Top,numeric,0.22641087588146216,0.13622477020367393,0.07736685343223433,0.0704304268630712,1.0,1.0,True,3
RATemp,numeric,0.2118439991855703,0.042576325922524715,0.047840801466186945,0.0675615744040548,1.0,1.0,False,4
Air Velo,numeric,0.018771042586310023,0.0,0.0006954043821219076,0.009091629048863546,1.0,1.0,False,5
