Feature,Type,Univariate_Score,Perm_DeltaR2,Perm_DeltaMAE,Perm_DeltaAcc,Combined_Score,Stability_Freq,Selected,Rank
MRT,numeric,0.19961525576076694,0.04224382638931274,0.02918475866317749,0.03997782529500277,1.0,1.0,True,1
RH,numeric,0.005344435399548221,0.006332194805145264,0.00500412384668986,0.01560148887304981,1.0,1.0,True,2
Top,numeric,0.22641087588146216,0.3023277203241984,0.1261566996574402,0.07846479765581689,1.0,1.0,True,3
RATemp,numeric,0.2118439991855703,0.040590890248616535,0.03935074806213379,0.05739684802407539,1.0,1.0,False,4
Air Velo,numeric,0.018771042586310023,0.016366899013519287,0.007653037707010905,0.014168052585728985,1.0,1.0,False,5
