Feature,Type,Univariate_Score,Perm_DeltaR2,Perm_DeltaMAE,Perm_DeltaAcc,Combined_Score,Stability_Freq,Selected,Rank
Clothing,categorical,0.13212140341337114,0.0031071074389553846,0.0018668748760320465,0.002632302703954607,1.0,1.0,True,1
Season,categorical,0.024364923877041998,0.017062771551631124,0.01354480928366423,0.010093509350935092,1.0,1.0,True,2
Activity,categorical,0.003723005400763959,0.002378299735691036,0.0024550168254839316,0.00439537374790111,1.0,1.0,True,3
MRT,numeric,0.14295464481428105,0.02164061200979934,0.015857601603231346,0.019990880667014065,1.0,1.0,False,4
RH,numeric,0.0034558369527280227,0.010349319539241165,0.009195208486838998,0.010533553355335535,1.0,1.0,False,5
Top,numeric,0.2583906156626027,0.10636920981587968,0.06899104001809572,0.03797767934688206,1.0,1.0,False,6
RATemp,numeric,0.25737310816365094,0.11206049272243868,0.07466398586973175,0.050728099125702045,1.0,1.0,False,7
Air Velo,numeric,0.021045774083030204,0.008444409013523805,0.0065924610760413225,0.011858751664640153,1.0,1.0,False,8
