Feature,Type,Univariate_Score,Perm_DeltaR2,Perm_DeltaMAE,Perm_DeltaAcc,Combined_Score,Stability_Freq,Selected,Rank
Clothing,categorical,0.13212140341337114,0.006885198752085367,0.005301177501678467,0.003732412714955702,1.0,1.0,True,1
Season,categorical,0.024364923877041998,0.008040467898050945,0.0037539323170979813,0.0004400440044004454,1.0,1.0,True,2
Activity,categorical,0.003723005400763959,0.0013641357421875,0.0010519425074259439,0.0013179607434427698,1.0,1.0,True,3
MRT,numeric,0.14295464481428105,0.024657392501831056,0.01659357150395711,0.011865265473915813,1.0,1.0,False,4
RH,numeric,0.0034558369527280227,0.006985398133595784,0.005347343285878499,0.010103641943141688,1.0,1.0,False,5
Top,numeric,0.2583906156626027,0.1388786276181539,0.09004445473353069,0.05227910948989636,1.0,1.0,False,6
RATemp,numeric,0.25737310816365094,0.0734301209449768,0.051220734914143876,0.02877873313647154,1.0,1.0,False,7
Air Velo,numeric,0.021045774083030204,0.009366301695505777,0.006456840038299561,0.008572173006774361,1.0,1.0,False,8
