Feature,Type,Univariate_Score,Perm_DeltaR2,Perm_DeltaMAE,Perm_DeltaAcc,Combined_Score,Stability_Freq,Selected,Rank
Clothing,categorical,0.36107642774840565,0.03445511023822905,0.01394530740090966,0.011111111111111105,1.0,1.0,True,1
Season,categorical,0.0,5.921189464667501e-17,0.0,0.0,1.0,1.0,True,2
Activity,categorical,0.0,4.4408920985006264e-17,2.960594732333751e-17,0.0,1.0,1.0,True,3
MRT,numeric,0.041044797892478044,0.02888881644884924,0.01283507116739963,0.017238833517903274,1.0,1.0,False,4
RH,numeric,0.0027651772560393123,0.019348039100734675,0.011608673916006914,0.011111111111111105,1.0,1.0,False,5
Top,numeric,0.06833100609793122,0.0518917986526809,0.0334970078523628,0.028423772609819115,1.0,1.0,False,6
RATemp,numeric,0.018579672702628686,0.008828185498170105,0.011188551950547377,0.02214839424141748,1.0,1.0,False,7
Air Velo,numeric,0.017172946142886843,0.04471517218958539,0.018009690094630812,0.011074197120708748,1.0,1.0,False,8
