Feature,Type,Univariate_Score,Perm_DeltaR2,Perm_DeltaMAE,Perm_DeltaAcc,Combined_Score,Stability_Freq,Selected,Rank
Clothing,categorical,0.36107642774840565,0.00021311351995140595,0.00039520690961182634,0.001587301587301589,1.0,1.0,True,1
Season,categorical,0.0,0.0,0.0,0.0,1.0,1.0,True,2
Activity,categorical,0.0,0.0,0.0,0.0,1.0,1.0,True,3
MRT,numeric,0.041044797892478044,0.040503006566909125,0.02622322771194968,0.04256183093392396,1.0,1.0,False,4
RH,numeric,0.0027651772560393123,0.020705635494270715,0.00885932540888011,0.026836471022517534,1.0,1.0,False,5
Top,numeric,0.06833100609793122,0.03181973640091114,0.02074574624394784,0.028386858619416765,1.0,1.0,False,6
RATemp,numeric,0.018579672702628686,0.01979025899578791,0.01508169289256509,0.04414913252122554,1.0,1.0,False,7
Air Velo,numeric,0.017172946142886843,0.011041396969330344,0.00622033107396532,0.031598375784422296,1.0,1.0,False,8
