Feature,Type,Univariate_Score,Perm_DeltaR2,Perm_DeltaMAE,Perm_DeltaAcc,Combined_Score,Stability_Freq,Selected,Rank
Clothing,categorical,0.13212140341337114,0.015372877316147292,0.012104553207094146,0.012510132592206591,1.0,1.0,True,1
Season,categorical,0.024364923877041998,0.01923696029334967,0.012432245815231613,0.004831798969370623,1.0,1.0,True,2
Activity,categorical,0.003723005400763959,0.0025392802260941756,0.0035647840875282577,0.0065847374211105425,1.0,1.0,True,3
MRT,numeric,0.14295464481428105,0.0035461875763082166,0.002623939965310858,0.007257107289676332,1.0,1.0,False,4
RH,numeric,0.0034558369527280227,0.0022433849387352824,0.004467973678613497,0.005925395171096052,1.0,1.0,False,5
Top,numeric,0.2583906156626027,0.0772657598542327,0.05314723569551788,0.03361270337560072,1.0,1.0,False,6
RATemp,numeric,0.25737310816365094,0.08099775209894543,0.05655570986254562,0.03975377800937989,1.0,1.0,False,7
Air Velo,numeric,0.021045774083030204,0.00304414088714271,0.003978881966606185,0.00857144925018818,1.0,1.0,False,8
