Feature,Type,Univariate_Score,Perm_DeltaR2,Perm_DeltaMAE,Perm_DeltaAcc,Combined_Score,Stability_Freq,Selected,Rank
Clothing,categorical,0.39075433617284083,0.003179879983266195,0.004375263055165609,0.006621004566210042,1.0,1.0,True,1
Season,categorical,0.3423220618313034,0.030037808418273925,0.021218605836232505,0.014611872146118718,1.0,1.0,True,2
Activity,categorical,0.16546141439178608,0.0004812876383463542,0.00029064019521077473,0.0036529680365296876,1.0,1.0,True,3
MRT,numeric,0.33427764517134434,0.2563986897468567,0.15381077527999878,0.07100456621004567,1.0,1.0,False,4
RH,numeric,0.325604547468956,0.052981781959533694,0.03752115567525228,0.03447488584474886,1.0,1.0,False,5
Top,numeric,0.34820425437285063,0.04257696469624837,0.034541622797648115,0.024657534246575345,1.0,1.0,False,6
RATemp,numeric,0.35396998660550694,0.06579885880152384,0.04549562931060792,0.021461187214611866,1.0,1.0,False,7
Air Velo,numeric,0.12181591040826834,0.019301692644755047,0.01133517026901245,0.010273972602739727,1.0,1.0,False,8
