Feature,Type,Univariate_Score,Perm_DeltaR2,Perm_DeltaMAE,Perm_DeltaAcc,Combined_Score,Stability_Freq,Selected,Rank
Clothing,categorical,0.39075433617284083,0.0,0.0,0.0,1.0,1.0,True,1
Season,categorical,0.3423220618313034,0.013270319910056042,0.008907454152646214,0.0041095890410958996,1.0,1.0,True,2
Activity,categorical,0.16546141439178608,0.0,0.0,0.0,1.0,1.0,True,3
MRT,numeric,0.33427764517134434,0.07828974545544813,0.051278972744776705,0.01803652968036529,1.0,1.0,False,4
RH,numeric,0.325604547468956,0.040961610382501804,0.02738056938848425,0.005707762557077627,1.0,1.0,False,5
Top,numeric,0.34820425437285063,0.035553625409511305,0.02416142545250815,0.004566210045662107,1.0,1.0,False,6
RATemp,numeric,0.35396998660550694,0.02183901603154921,0.015606113537986405,0.0034246575342465778,1.0,1.0,False,7
Air Velo,numeric,0.12181591040826834,0.059805937805124755,0.03362333112955639,0.0073059360730593605,1.0,1.0,False,8
