Feature,Type,Univariate_Score,Perm_DeltaR2,Perm_DeltaMAE,Perm_DeltaAcc,Combined_Score,Stability_Freq,Selected,Rank
Clothing,categorical,0.39075433617284083,0.0017175268566534507,0.0038278541861359594,0.0073059360730593605,1.0,1.0,True,1
Season,categorical,0.3423220618313034,0.31528646032160135,0.1899824189292442,0.09383561643835617,1.0,1.0,True,2
Activity,categorical,0.16546141439178608,0.001682421158610074,0.0016137702668121904,0.002054794520547943,1.0,1.0,True,3
MRT,numeric,0.33427764517134434,0.024904627897265615,0.02252120966191527,0.012557077625570779,1.0,1.0,False,4
RH,numeric,0.325604547468956,0.016989905581409826,0.014721518670913137,0.005022831050228308,1.0,1.0,False,5
Top,numeric,0.34820425437285063,0.010090602675732616,0.012209709568099658,0.014611872146118721,1.0,1.0,False,6
RATemp,numeric,0.35396998660550694,0.005497870857566486,0.006630907186203738,0.005479452054794521,1.0,1.0,False,7
Air Velo,numeric,0.12181591040826834,0.02476322000232607,0.017505841306145638,0.008675799086757996,1.0,1.0,False,8
