Feature,Type,Univariate_Score,Perm_DeltaR2,Perm_DeltaMAE,Perm_DeltaAcc,Combined_Score,Stability_Freq,Selected,Rank
Clothing,categorical,0.39075433617284083,0.010443443319038088,0.00789431672664589,0.008219178082191771,1.0,1.0,True,1
Season,categorical,0.3423220618313034,0.0585637105827161,0.03731353869086449,0.014840182648401817,1.0,1.0,True,2
Activity,categorical,0.16546141439178608,0.01254092723407696,0.006561674998584281,0.0015981735159817305,1.0,1.0,True,3
MRT,numeric,0.33427764517134434,0.09704260375581798,0.06511652865084155,0.03150684931506848,1.0,1.0,False,4
RH,numeric,0.325604547468956,0.07182904898349683,0.04863264967717566,0.027397260273972584,1.0,1.0,False,5
Top,numeric,0.34820425437285063,0.09990620234978663,0.07095710590367146,0.036757990867579894,1.0,1.0,False,6
RATemp,numeric,0.35396998660550694,0.04974020458514798,0.03126627728671199,0.020776255707762543,1.0,1.0,False,7
Air Velo,numeric,0.12181591040826834,0.0567187653199544,0.03454447712937081,0.007305936073059349,1.0,1.0,False,8
