Feature,Type,Univariate_Score,Perm_DeltaR2,Perm_DeltaMAE,Perm_DeltaAcc,Combined_Score,Stability_Freq,Selected,Rank
MRT,numeric,0.19961525576076694,0.042403782433200046,0.03329286852564578,0.04355547636018057,1.0,1.0,True,1
RH,numeric,0.005344435399548221,0.013840326484968224,0.007885400211690995,0.0214183891660727,1.0,1.0,True,2
Top,numeric,0.22641087588146216,0.20400438456507838,0.09359586185765753,0.08495881840500516,1.0,1.0,True,3
RATemp,numeric,0.2118439991855703,0.06947135504750163,0.04788846551091018,0.055919854280510016,1.0,1.0,False,4
Air Velo,numeric,0.018771042586310023,0.02738588696601904,0.012847739330457946,0.00943810881444523,1.0,1.0,False,5
