Feature,Type,Univariate_Score,Perm_DeltaR2,Perm_DeltaMAE,Perm_DeltaAcc,Combined_Score,Stability_Freq,Selected,Rank
MRT,numeric,0.19961525576076694,0.04431970119476318,0.031999516487121585,0.03596855943612893,1.0,1.0,True,1
RH,numeric,0.005344435399548221,0.007270280520121256,0.005189331372578938,0.01707254296349093,1.0,1.0,True,2
Top,numeric,0.22641087588146216,0.3029555598894755,0.12737015088399253,0.08173160687415855,1.0,1.0,True,3
RATemp,numeric,0.2118439991855703,0.0501228411992391,0.043032427628835045,0.06718935614160132,1.0,1.0,False,4
Air Velo,numeric,0.018771042586310023,0.011515637238820394,0.006205642223358154,0.012332699770333407,1.0,1.0,False,5
