Feature,Type,Univariate_Score,Perm_DeltaR2,Perm_DeltaMAE,Perm_DeltaAcc,Combined_Score,Stability_Freq,Selected,Rank
MRT,numeric,0.19961525576076694,0.01288165794816989,0.007704438546812087,0.014156173279480475,1.0,1.0,True,1
RH,numeric,0.005344435399548221,0.0,0.0,0.0,1.0,1.0,True,2
Top,numeric,0.22641087588146216,0.07249356394652139,0.030483138043946582,0.018903936010137005,1.0,1.0,True,3
RATemp,numeric,0.2118439991855703,0.07494616879162205,0.03245250912853636,0.021780708006652407,1.0,1.0,False,4
Air Velo,numeric,0.018771042586310023,0.0,0.0,0.0,1.0,1.0,False,5
