Feature,Type,Univariate_Score,Perm_DeltaR2,Perm_DeltaMAE,Perm_DeltaAcc,Combined_Score,Stability_Freq,Selected,Rank
MRT,numeric,0.19961525576076694,0.006483010627640178,0.028407923369412287,0.05048111190306487,1.0,1.0,True,1
RH,numeric,0.005344435399548221,0.00020682131831308847,0.00561114524116207,0.029434940999445637,1.0,1.0,True,2
Top,numeric,0.22641087588146216,0.14506552261078906,0.08584506358173544,0.08389364061138829,1.0,1.0,True,3
RATemp,numeric,0.2118439991855703,0.038669773557456356,0.04878112165569822,0.07770452205591193,1.0,1.0,False,4
Air Velo,numeric,0.018771042586310023,0.0,0.0009019295985757642,0.008363031598954618,1.0,1.0,False,5
