Feature,Type,Univariate_Score,Perm_DeltaR2,Perm_DeltaMAE,Perm_DeltaAcc,Combined_Score,Stability_Freq,Selected,Rank
Clothing,categorical,0.13212140341337114,0.0037042074283460446,0.0023001126791343178,0.003950263447397373,1.0,1.0,True,1
Season,categorical,0.024364923877041998,0.017638752994179874,0.013550092795747593,0.008336228359678064,1.0,1.0,True,2
Activity,categorical,0.003723005400763959,0.00328097123048392,0.0027902424531395837,0.004837589022060107,1.0,1.0,True,3
MRT,numeric,0.14295464481428105,0.025184183508462937,0.016622671767844297,0.024805309478316252,1.0,1.0,False,4
RH,numeric,0.0034558369527280227,0.013295308931024648,0.009944442822150583,0.014715418910312092,1.0,1.0,False,5
Top,numeric,0.2583906156626027,0.09775716006714848,0.068177449601245,0.04434601354872329,1.0,1.0,False,6
RATemp,numeric,0.25737310816365094,0.113755206367208,0.07823155948257135,0.0557748538011696,1.0,1.0,False,7
Air Velo,numeric,0.021045774083030204,0.009656715540981398,0.006499273597839275,0.012513027618551331,1.0,1.0,False,8
