Feature,Type,Univariate_Score,Perm_DeltaR2,Perm_DeltaMAE,Perm_DeltaAcc,Combined_Score,Stability_Freq,Selected,Rank
Clothing,categorical,0.36107642774840565,0.004030950864156087,0.001522986094156901,0.006349206349206349,1.0,1.0,True,1
Season,categorical,0.0,0.0,0.0,0.0,1.0,1.0,True,2
Activity,categorical,0.0,0.0,0.0,0.0,1.0,1.0,True,3
MRT,numeric,0.041044797892478044,0.04908342361450195,0.03111911614735921,0.031746031746031744,1.0,1.0,False,4
RH,numeric,0.0027651772560393123,0.013037856419881182,0.0066098332405090336,0.02846068660022149,1.0,1.0,False,5
Top,numeric,0.06833100609793122,0.018070240815480552,0.014437274138132733,0.01572535991140643,1.0,1.0,False,6
RATemp,numeric,0.018579672702628686,0.01115990479787191,0.00925530989964803,0.015873015873015865,1.0,1.0,False,7
Air Velo,numeric,0.017172946142886843,0.01509428819020589,0.01143601338068644,0.01424880029531192,1.0,1.0,False,8
