Feature,Type,Univariate_Score,Perm_DeltaR2,Perm_DeltaMAE,Perm_DeltaAcc,Combined_Score,Stability_Freq,Selected,Rank
Clothing,categorical,0.13212140341337114,0.007325553894042968,0.0066907286643981935,0.0046132244803427595,1.0,1.0,True,1
Season,categorical,0.024364923877041998,0.00727011760075887,0.0031692862510681154,0.0004385964912280678,1.0,1.0,True,2
Activity,categorical,0.003723005400763959,0.001317922274271647,0.0011273980140686034,0.0008779167390423282,1.0,1.0,True,3
MRT,numeric,0.14295464481428105,0.021467467149098717,0.016675388813018797,0.011644519715129401,1.0,1.0,False,4
RH,numeric,0.0034558369527280227,0.00440843105316162,0.0036839803059895834,0.007245527184297371,1.0,1.0,False,5
Top,numeric,0.2583906156626027,0.13061760266621908,0.08150798082351685,0.035374326906374855,1.0,1.0,False,6
RATemp,numeric,0.25737310816365094,0.09201938311258953,0.05988175868988037,0.029004545191361236,1.0,1.0,False,7
Air Velo,numeric,0.021045774083030204,0.011814347902933757,0.007603987058003745,0.007908488217242772,1.0,1.0,False,8
