Feature,Type,Univariate_Score,Perm_DeltaR2,Perm_DeltaMAE,Perm_DeltaAcc,Combined_Score,Stability_Freq,Selected,Rank
Clothing,categorical,0.36107642774840565,0.023901038706713243,0.01002864815762176,0.00952380952380952,1.0,1.0,True,1
Season,categorical,0.0,0.0,0.0,0.0,1.0,1.0,True,2
Activity,categorical,0.0,0.0,1.4802973661668754e-17,0.0,1.0,1.0,True,3
MRT,numeric,0.041044797892478044,0.026983840605405957,0.013660064518092586,0.0205610926541159,1.0,1.0,False,4
RH,numeric,0.0027651772560393123,0.019302600296735414,0.014174959414912069,0.01579918789221114,1.0,1.0,False,5
Top,numeric,0.06833100609793122,0.05685659794429412,0.028373665240510666,0.015836101882613505,1.0,1.0,False,6
RATemp,numeric,0.018579672702628686,0.011494282420369465,0.008345465321980713,0.017349575489110366,1.0,1.0,False,7
Air Velo,numeric,0.017172946142886843,0.02815396010523912,0.011742983172624047,0.00476190476190476,1.0,1.0,False,8
