Feature,Type,Univariate_Score,Perm_DeltaR2,Perm_DeltaMAE,Perm_DeltaAcc,Combined_Score,Stability_Freq,Selected,Rank
Clothing,categorical,0.36107642774840565,0.0006366439662126281,0.0004571991359513695,0.003137689184200816,1.0,1.0,True,1
Season,categorical,0.0,0.0,0.0,0.0,1.0,1.0,True,2
Activity,categorical,0.0,0.0,0.0,0.0,1.0,1.0,True,3
MRT,numeric,0.041044797892478044,0.03611073713082534,0.02561049124496024,0.03285345145810263,1.0,1.0,False,4
RH,numeric,0.0027651772560393123,0.027516972061422278,0.01266688536011984,0.025359911406423036,1.0,1.0,False,5
Top,numeric,0.06833100609793122,0.03600377497338762,0.025649749374159363,0.032964193429309716,1.0,1.0,False,6
RATemp,numeric,0.018579672702628686,0.02260206044292117,0.015230127633872072,0.025249169435215945,1.0,1.0,False,7
Air Velo,numeric,0.017172946142886843,0.015091467938586543,0.007389508760065484,0.03636028054632706,1.0,1.0,False,8
