Feature,Type,Univariate_Score,Perm_DeltaR2,Perm_DeltaMAE,Perm_DeltaAcc,Combined_Score,Stability_Freq,Selected,Rank
Clothing,categorical,0.13212140341337114,0.013776950239148312,0.012385051878356049,0.01953708528747611,1.0,1.0,True,1
Season,categorical,0.024364923877041998,0.021525207414988277,0.012903841374476524,0.003952434717155931,1.0,1.0,True,2
Activity,categorical,0.003723005400763959,0.0007147402440324635,0.0018513247110758743,0.006583289907938168,1.0,1.0,True,3
MRT,numeric,0.14295464481428105,0.002655956586136317,0.0015729990418038426,0.004400440044004398,1.0,1.0,False,4
RH,numeric,0.0034558369527280227,0.0029136663127203866,0.00514627139592867,0.0037302414451971535,1.0,1.0,False,5
Top,numeric,0.2583906156626027,0.09691317420128112,0.06309020849666133,0.04832450350298186,1.0,1.0,False,6
RATemp,numeric,0.25737310816365094,0.08293541872300333,0.05208101343187186,0.03711713276590816,1.0,1.0,False,7
Air Velo,numeric,0.021045774083030204,0.0012821416270259714,0.003201986438529936,0.007909935730415152,1.0,1.0,False,8
