Feature,Type,Univariate_Score,Perm_DeltaR2,Perm_DeltaMAE,Perm_DeltaAcc,Combined_Score,Stability_Freq,Selected,Rank
Clothing,categorical,0.39075433617284083,0.0032408674558003746,0.004449621836344401,0.005251141552511414,1.0,1.0,True,1
Season,categorical,0.3423220618313034,0.03360288937886556,0.022917310396830242,0.02077625570776256,1.0,1.0,True,2
Activity,categorical,0.16546141439178608,0.00028347174326578777,0.00015906095504760742,0.0020547945205479498,1.0,1.0,True,3
MRT,numeric,0.33427764517134434,0.24755541880925494,0.15159859259923297,0.07214611872146118,1.0,1.0,False,4
RH,numeric,0.325604547468956,0.05066864887873331,0.03690741459528605,0.027625570776255708,1.0,1.0,False,5
Top,numeric,0.34820425437285063,0.038987553119659416,0.033282160758972175,0.030593607305936067,1.0,1.0,False,6
RATemp,numeric,0.35396998660550694,0.07361741463343302,0.04767571687698364,0.02625570776255708,1.0,1.0,False,7
Air Velo,numeric,0.12181591040826834,0.021994197368621824,0.013987525304158529,0.01004566210045662,1.0,1.0,False,8
