Feature,Type,Univariate_Score,Perm_DeltaR2,Perm_DeltaMAE,Perm_DeltaAcc,Combined_Score,Stability_Freq,Selected,Rank
Clothing,categorical,0.39075433617284083,0.0,0.0,0.0,1.0,1.0,True,1
Season,categorical,0.3423220618313034,0.012594314292105366,0.008590504924813221,0.004109589041095896,1.0,1.0,True,2
Activity,categorical,0.16546141439178608,0.0,0.0,0.0,1.0,1.0,True,3
MRT,numeric,0.33427764517134434,0.07798924080637358,0.051481199100980604,0.011187214611872148,1.0,1.0,False,4
RH,numeric,0.325604547468956,0.042226494308247646,0.028554287832125196,0.007762557077625569,1.0,1.0,False,5
Top,numeric,0.34820425437285063,0.035286165467961324,0.02577899263010729,0.004109589041095896,1.0,1.0,False,6
RATemp,numeric,0.35396998660550694,0.02447040761531345,0.017445686283046442,0.0038812785388127936,1.0,1.0,False,7
Air Velo,numeric,0.12181591040826834,0.05585935369631769,0.030228729675988088,0.007077625570776255,1.0,1.0,False,8
