Feature,Type,Univariate_Score,Perm_DeltaR2,Perm_DeltaMAE,Perm_DeltaAcc,Combined_Score,Stability_Freq,Selected,Rank
Clothing,categorical,0.39075433617284083,0.003576617279914215,0.005738528718633451,0.009589041095890411,1.0,1.0,True,1
Season,categorical,0.3423220618313034,0.30741915987235235,0.1804706277013159,0.0865296803652968,1.0,1.0,True,2
Activity,categorical,0.16546141439178608,0.002790543321355828,0.0021070098467462625,0.0009132420091324201,1.0,1.0,True,3
MRT,numeric,0.33427764517134434,0.024332821910507767,0.020124779251650772,0.0077625570776255716,1.0,1.0,False,4
RH,numeric,0.325604547468956,0.02281817905846224,0.018258084606271215,0.007990867579908682,1.0,1.0,False,5
Top,numeric,0.34820425437285063,0.007401129781901536,0.007957345788287476,0.007305936073059365,1.0,1.0,False,6
RATemp,numeric,0.35396998660550694,0.007592361552180386,0.00788560432336911,0.010045662100456624,1.0,1.0,False,7
Air Velo,numeric,0.12181591040826834,0.02652038054101598,0.018204980540460543,0.015068493150684934,1.0,1.0,False,8
