Feature,Type,Univariate_Score,Perm_DeltaR2,Perm_DeltaMAE,Perm_DeltaAcc,Combined_Score,Stability_Freq,Selected,Rank
Clothing,categorical,0.39075433617284083,0.00928674886328027,0.006785053214009906,0.007762557077625565,1.0,1.0,True,1
Season,categorical,0.3423220618313034,0.05894430504112734,0.042682954582873696,0.02625570776255707,1.0,1.0,True,2
Activity,categorical,0.16546141439178608,0.0102449250779756,0.005849415323175408,0.004566210045662097,1.0,1.0,True,3
MRT,numeric,0.33427764517134434,0.09782983951674275,0.06776048492469978,0.035388127853881256,1.0,1.0,False,4
RH,numeric,0.325604547468956,0.0701236036411382,0.04984897258889755,0.03242009132420091,1.0,1.0,False,5
Top,numeric,0.34820425437285063,0.0879851833122907,0.06389991162185028,0.03493150684931505,1.0,1.0,False,6
RATemp,numeric,0.35396998660550694,0.05617804274953666,0.037460913712513186,0.027397260273972594,1.0,1.0,False,7
Air Velo,numeric,0.12181591040826834,0.049584571452077494,0.03466619955316356,0.012557077625570765,1.0,1.0,False,8
