Feature,Type,Univariate_Score,Perm_DeltaR2,Perm_DeltaMAE,Perm_DeltaAcc,Combined_Score,Stability_Freq,Selected,Rank
MRT,numeric,0.19961525576076694,0.006182165315328262,0.025436060283398197,0.04903183654074602,1.0,1.0,True,1
RH,numeric,0.005344435399548221,0.0012755651923807307,0.004084522006783612,0.023259681634592543,1.0,1.0,True,2
Top,numeric,0.22641087588146216,0.1612479106663544,0.08602023181250874,0.07699572344975054,1.0,1.0,True,3
RATemp,numeric,0.2118439991855703,0.02798841019505041,0.04282121505164481,0.07339233388770096,1.0,1.0,False,4
Air Velo,numeric,0.018771042586310023,0.0006492719882594958,0.0006153249516454314,0.006191098439851113,1.0,1.0,False,5
