Feature,Type,Univariate_Score,Perm_DeltaR2,Perm_DeltaMAE,Perm_DeltaAcc,Combined_Score,Stability_Freq,Selected,Rank
MRT,numeric,0.19961525576076694,0.04559520068508296,0.036992162668129616,0.04392967450700879,1.0,1.0,True,1
RH,numeric,0.005344435399548221,0.015653321033732424,0.007827408164321823,0.012342599192207178,1.0,1.0,True,2
Top,numeric,0.22641087588146216,0.2109148713112401,0.09553522035136827,0.08678229191415224,1.0,1.0,True,3
RATemp,numeric,0.2118439991855703,0.0765737092525562,0.04964901330067245,0.06609645996673795,1.0,1.0,False,4
Air Velo,numeric,0.018771042586310023,0.0119669282793541,0.008380809055439357,0.011255642670468047,1.0,1.0,False,5
