Feature,Type,Univariate_Score,Perm_DeltaR2,Perm_DeltaMAE,Perm_DeltaAcc,Combined_Score,Stability_Freq,Selected,Rank
MRT,numeric,0.19961525576076694,0.014228277397401165,0.008176637762717725,0.015617327948047832,1.0,1.0,True,1
RH,numeric,0.005344435399548221,0.0,0.0,0.0,1.0,1.0,True,2
Top,numeric,0.22641087588146216,0.06834027330556323,0.02989518493276764,0.01126356220796705,1.0,1.0,True,3
RATemp,numeric,0.2118439991855703,0.06781112402489942,0.029280821348319865,0.013083075948364614,1.0,1.0,False,4
Air Velo,numeric,0.018771042586310023,0.0,0.0,0.0,1.0,1.0,False,5
