Feature,Type,Univariate_Score,Perm_DeltaR2,Perm_DeltaMAE,Perm_DeltaAcc,Combined_Score,Stability_Freq,Selected,Rank
MRT,numeric,0.19961525576076694,0.040818309783935545,0.031842299302419025,0.04287043636651619,1.0,1.0,True,1
RH,numeric,0.005344435399548221,0.010416936874389649,0.006238114833831787,0.014508592698186423,1.0,1.0,True,2
Top,numeric,0.22641087588146216,0.3193014025688171,0.12878892421722413,0.07155104141918112,1.0,1.0,True,3
RATemp,numeric,0.2118439991855703,0.05575829346974691,0.043311206499735515,0.06464718460441911,1.0,1.0,False,4
Air Velo,numeric,0.018771042586310023,0.01066741148630778,0.007007857163747151,0.015233230379345842,1.0,1.0,False,5
