Feature,Type,Univariate_Score,Perm_DeltaR2,Perm_DeltaMAE,Perm_DeltaAcc,Combined_Score,Stability_Freq,Selected,Rank
Clothing,categorical,0.13212140341337114,0.0034330199220412435,0.0017238740088667327,0.0030745179781136037,1.0,1.0,True,1
Season,categorical,0.024364923877041998,0.013490779627087507,0.010807758549406306,0.00855842163163684,1.0,1.0,True,2
Activity,categorical,0.003723005400763959,0.003442782776025788,0.0030187089774803407,0.006374124254530718,1.0,1.0,True,3
MRT,numeric,0.14295464481428105,0.021774023982371632,0.015394157439629162,0.019545770366510343,1.0,1.0,False,4
RH,numeric,0.0034558369527280227,0.010087304317513266,0.008142054301148791,0.013832435875166466,1.0,1.0,False,5
Top,numeric,0.2583906156626027,0.10427041901380571,0.0720324526237021,0.04479474263215795,1.0,1.0,False,6
RATemp,numeric,0.25737310816365094,0.1134186998829583,0.07829325244081703,0.05732514040877772,1.0,1.0,False,7
Air Velo,numeric,0.021045774083030204,0.009745631946482258,0.008405348736836812,0.013832435875166462,1.0,1.0,False,8
