Feature,Type,Univariate_Score,Perm_DeltaR2,Perm_DeltaMAE,Perm_DeltaAcc,Combined_Score,Stability_Freq,Selected,Rank
Clothing,categorical,0.13212140341337114,0.017895461789115434,0.01624283707620232,0.01843190898037172,1.0,1.0,True,1
Season,categorical,0.024364923877041998,0.02521162592954394,0.015626954042863454,0.0072469746974697545,1.0,1.0,True,2
Activity,categorical,0.003723005400763959,0.0023441497762586158,0.003959941998871707,0.007680504892594526,1.0,1.0,True,3
MRT,numeric,0.14295464481428105,0.002658262005261758,0.002482449372343698,0.0070378090440623015,1.0,1.0,False,4
RH,numeric,0.0034558369527280227,0.0016459324903484117,0.003472384037278068,0.007465549186497595,1.0,1.0,False,5
Top,numeric,0.2583906156626027,0.08241687944037175,0.05549881050934931,0.03623921602686584,1.0,1.0,False,6
RATemp,numeric,0.25737310816365094,0.08119567779354431,0.05541115799134866,0.03888382259278559,1.0,1.0,False,7
Air Velo,numeric,0.021045774083030204,0.002875172841125232,0.002682079892921478,0.005274738000115802,1.0,1.0,False,8
