Feature,Type,Univariate_Score,Perm_DeltaR2,Perm_DeltaMAE,Perm_DeltaAcc,Combined_Score,Stability_Freq,Selected,Rank
Clothing,categorical,0.13212140341337114,0.0050202012062072745,0.004658567905426025,0.0052675004342539475,1.0,1.0,True,1
Season,categorical,0.024364923877041998,0.0067467768987019856,0.002932393550872803,0.0010979387412425508,1.0,1.0,True,2
Activity,categorical,0.003723005400763959,0.0011144399642944336,0.0008953253428141278,0.0008779167390423282,1.0,1.0,True,3
MRT,numeric,0.14295464481428105,0.021288041273752847,0.013722248872121177,0.006812720745758785,1.0,1.0,False,4
RH,numeric,0.0034558369527280227,0.003796672821044922,0.003537972768147786,0.006372676741358345,1.0,1.0,False,5
Top,numeric,0.2583906156626027,0.13575553099314372,0.08239050308863322,0.03382838283828383,1.0,1.0,False,6
RATemp,numeric,0.25737310816365094,0.0845180630683899,0.05561900536219279,0.029883909443575947,1.0,1.0,False,7
Air Velo,numeric,0.021045774083030204,0.007665832837422689,0.00545498530069987,0.0032930924671414562,1.0,1.0,False,8
