Feature,Type,Univariate_Score,Perm_DeltaR2,Perm_DeltaMAE,Perm_DeltaAcc,Combined_Score,Stability_Freq,Selected,Rank
Clothing,categorical,0.36107642774840565,0.0008998194153452044,0.00025193758378967425,0.0,1.0,1.0,True,1
Season,categorical,0.0,0.0,0.0,0.0,1.0,1.0,True,2
Activity,categorical,0.0,0.0,0.0,0.0,1.0,1.0,True,3
MRT,numeric,0.041044797892478044,0.039410884762549274,0.027881295457331444,0.03783684016242155,1.0,1.0,False,4
RH,numeric,0.0027651772560393123,0.014669869197480026,0.008202341851524034,0.02842377260981912,1.0,1.0,False,5
Top,numeric,0.06833100609793122,0.02067898927135603,0.01692239115138627,0.0343669250645995,1.0,1.0,False,6
RATemp,numeric,0.018579672702628686,0.027151356047535897,0.017631302516326157,0.04418604651162791,1.0,1.0,False,7
Air Velo,numeric,0.017172946142886843,0.018615841837865996,0.011297606667644811,0.03643410852713179,1.0,1.0,False,8
