Feature,Type,Univariate_Score,Perm_DeltaR2,Perm_DeltaMAE,Perm_DeltaAcc,Combined_Score,Stability_Freq,Selected,Rank
Clothing,categorical,0.36107642774840565,0.01555593898718469,0.005336954214957205,0.004761904761904756,1.0,1.0,True,1
Season,categorical,0.0,2.2204460492503132e-17,2.960594732333751e-17,0.0,1.0,1.0,True,2
Activity,categorical,0.0,5.1810407815840633e-17,3.700743415417188e-17,0.0,1.0,1.0,True,3
MRT,numeric,0.041044797892478044,0.008877315556649352,0.007024019861683906,0.015762273901808777,1.0,1.0,False,4
RH,numeric,0.0027651772560393123,0.014223952570384774,0.013229538918775912,0.017460317460317447,1.0,1.0,False,5
Top,numeric,0.06833100609793122,0.06782313329507747,0.02760443656279398,0.01266149870801033,1.0,1.0,False,6
RATemp,numeric,0.018579672702628686,0.012732478181562831,0.01268524197133602,0.025396825396825383,1.0,1.0,False,7
Air Velo,numeric,0.017172946142886843,0.014572121590802017,0.004045931595337423,0.01107419712070874,1.0,1.0,False,8
