Feature,Type,Univariate_Score,Perm_DeltaR2,Perm_DeltaMAE,Perm_DeltaAcc,Combined_Score,Stability_Freq,Selected,Rank
Clothing,categorical,0.36107642774840565,0.0019369045893351234,0.0007218440373738608,0.006349206349206349,1.0,1.0,True,1
Season,categorical,0.0,0.0,0.0,0.0,1.0,1.0,True,2
Activity,categorical,0.0,0.0,0.0,0.0,1.0,1.0,True,3
MRT,numeric,0.041044797892478044,0.047641921043396,0.02735167344411214,0.020598006644518274,1.0,1.0,False,4
RH,numeric,0.0027651772560393123,0.012014587720235188,0.0063112338383992505,0.028571428571428574,1.0,1.0,False,5
Top,numeric,0.06833100609793122,0.021316138903299968,0.013852691650390625,0.018863049095607244,1.0,1.0,False,6
RATemp,numeric,0.018579672702628686,0.011681926250457763,0.00836184024810791,0.020634920634920634,1.0,1.0,False,7
Air Velo,numeric,0.017172946142886843,0.011136317253112794,0.007219505310058594,0.014285714285714282,1.0,1.0,False,8
