Feature,Type,Univariate_Score,Perm_DeltaR2,Perm_DeltaMAE,Perm_DeltaAcc,Combined_Score,Stability_Freq,Selected,Rank
Clothing,categorical,0.39075433617284083,0.007400802771250407,0.007135713100433349,0.00867579908675799,1.0,1.0,True,1
Season,categorical,0.3423220618313034,0.03329400618871053,0.023074877262115476,0.015525114155251133,1.0,1.0,True,2
Activity,categorical,0.16546141439178608,0.0003380815188090007,0.00014301935831705727,0.002283105022831048,1.0,1.0,True,3
MRT,numeric,0.33427764517134434,0.25580233335494995,0.15558770100275676,0.07785388127853882,1.0,1.0,False,4
RH,numeric,0.325604547468956,0.0531593402226766,0.038823894659678136,0.030821917808219173,1.0,1.0,False,5
Top,numeric,0.34820425437285063,0.036679069201151535,0.0300167719523112,0.02123287671232876,1.0,1.0,False,6
RATemp,numeric,0.35396998660550694,0.06694306532541912,0.042709589004516595,0.02100456621004566,1.0,1.0,False,7
Air Velo,numeric,0.12181591040826834,0.02538430293401082,0.014691630999247234,0.013242009132420093,1.0,1.0,False,8
