Feature,Type,Univariate_Score,Perm_DeltaR2,Perm_DeltaMAE,Perm_DeltaAcc,Combined_Score,Stability_Freq,Selected,Rank
Clothing,categorical,0.39075433617284083,0.0,0.0,0.0,1.0,1.0,True,1
Season,categorical,0.3423220618313034,0.012578252985855359,0.008731253999284174,0.0027397260273972603,1.0,1.0,True,2
Activity,categorical,0.16546141439178608,0.0,0.0,0.0,1.0,1.0,True,3
MRT,numeric,0.33427764517134434,0.08235354317464978,0.049511965429905554,0.0054794520547945275,1.0,1.0,False,4
RH,numeric,0.325604547468956,0.03975971836016892,0.028481339055667337,0.0070776255707762584,1.0,1.0,False,5
Top,numeric,0.34820425437285063,0.03705938846317601,0.025428354051013048,0.00639269406392694,1.0,1.0,False,6
RATemp,numeric,0.35396998660550694,0.02483771453037185,0.017272645856523022,0.0020547945205479498,1.0,1.0,False,7
Air Velo,numeric,0.12181591040826834,0.06012064901548151,0.035297118180926464,0.0077625570776255716,1.0,1.0,False,8
