Feature,Type,Univariate_Score,Perm_DeltaR2,Perm_DeltaMAE,Perm_DeltaAcc,Combined_Score,Stability_Freq,Selected,Rank
Clothing,categorical,0.39075433617284083,0.009896235247984251,0.0070954326882474465,0.008904109589041084,1.0,1.0,True,1
Season,categorical,0.3423220618313034,0.05838343360977279,0.039465224053629636,0.02260273972602738,1.0,1.0,True,2
Activity,categorical,0.16546141439178608,0.01440278254628618,0.007832525730253281,0.003196347031963468,1.0,1.0,True,3
MRT,numeric,0.33427764517134434,0.08994330296041396,0.06162270804406718,0.02716894977168948,1.0,1.0,False,4
RH,numeric,0.325604547468956,0.06999502410293132,0.046214750138004454,0.02625570776255707,1.0,1.0,False,5
Top,numeric,0.34820425437285063,0.08824054194679903,0.0650110450388175,0.03652968036529679,1.0,1.0,False,6
RATemp,numeric,0.35396998660550694,0.05504249238262924,0.03684413152685055,0.024885844748858434,1.0,1.0,False,7
Air Velo,numeric,0.12181591040826834,0.05677577852397918,0.03513373816710642,0.014155251141552494,1.0,1.0,False,8
