Feature,Type,Univariate_Score,Perm_DeltaR2,Perm_DeltaMAE,Perm_DeltaAcc,Combined_Score,Stability_Freq,Selected,Rank
Clothing,categorical,0.39075433617284083,0.002565293884739043,0.004724427890892387,0.011415525114155252,1.0,1.0,True,1
Season,categorical,0.3423220618313034,0.29867053324633014,0.17627271108620507,0.07990867579908675,1.0,1.0,True,2
Activity,categorical,0.16546141439178608,0.0015830577012343916,0.001457878042751141,0.0004566210045662118,1.0,1.0,True,3
MRT,numeric,0.33427764517134434,0.028131703111996215,0.023708879861932947,0.010502283105022828,1.0,1.0,False,4
RH,numeric,0.325604547468956,0.018569893786354187,0.014054200719504977,0.007762557077625573,1.0,1.0,False,5
Top,numeric,0.34820425437285063,0.008414574119524353,0.00894609294217561,0.006164383561643838,1.0,1.0,False,6
RATemp,numeric,0.35396998660550694,0.008611620334877612,0.007828126368830754,0.009817351598173516,1.0,1.0,False,7
Air Velo,numeric,0.12181591040826834,0.026470471820195317,0.01575443101447803,0.009132420091324204,1.0,1.0,False,8
