Feature,Type,Univariate_Score,Perm_DeltaR2,Perm_DeltaMAE,Perm_DeltaAcc,Combined_Score,Stability_Freq,Selected,Rank
MRT,numeric,0.19961525576076694,0.048762183407853675,0.03688486172638174,0.0438920567038885,1.0,1.0,True,1
RH,numeric,0.005344435399548221,0.012643232125097126,0.006475706286239851,0.013079116179615113,1.0,1.0,True,2
Top,numeric,0.22641087588146216,0.20170921601423492,0.09259161636908828,0.08349172408331354,1.0,1.0,True,3
RATemp,numeric,0.2118439991855703,0.06282765699538811,0.04652009174632044,0.061390274807951214,1.0,1.0,False,4
Air Velo,numeric,0.018771042586310023,0.02017851614008034,0.011486127684351578,0.010162746495604658,1.0,1.0,False,5
