Feature,Type,Univariate_Score,Perm_DeltaR2,Perm_DeltaMAE,Perm_DeltaAcc,Combined_Score,Stability_Freq,Selected,Rank
MRT,numeric,0.19961525576076694,0.034424050649007165,0.025999144713083906,0.027241229112219833,1.0,1.0,True,1
RH,numeric,0.005344435399548221,0.006713394323984783,0.00582970380783081,0.0199631741506296,1.0,1.0,True,2
Top,numeric,0.22641087588146216,0.3283231735229492,0.13707924286524453,0.09261899105092262,1.0,1.0,True,3
RATemp,numeric,0.2118439991855703,0.046552439530690506,0.03984527587890625,0.06321572820147305,1.0,1.0,False,4
Air Velo,numeric,0.018771042586310023,0.014466190338134765,0.008748372395833334,0.01633998574483249,1.0,1.0,False,5
