Feature,Type,Univariate_Score,Perm_DeltaR2,Perm_DeltaMAE,Perm_DeltaAcc,Combined_Score,Stability_Freq,Selected,Rank
MRT,numeric,0.19961525576076694,0.014802581330646589,0.008652124037267702,0.01271481745466064,1.0,1.0,True,1
RH,numeric,0.005344435399548221,0.0,0.0,0.0,1.0,1.0,True,2
Top,numeric,0.22641087588146216,0.07021760128340152,0.030830285437023885,0.014912489110635935,1.0,1.0,True,3
RATemp,numeric,0.2118439991855703,0.07106327463826245,0.03140318552767123,0.019622634038172167,1.0,1.0,False,4
Air Velo,numeric,0.018771042586310023,0.0,0.0,0.0,1.0,1.0,False,5
