Feature,Type,Univariate_Score,Perm_DeltaR2,Perm_DeltaMAE,Perm_DeltaAcc,Combined_Score,Stability_Freq,Selected,Rank
MRT,numeric,0.19961525576076694,0.005513684923726488,0.022981065528143673,0.045046329294369206,1.0,1.0,True,1
RH,numeric,0.005344435399548221,0.0,0.0033316683573093656,0.018535677516433043,1.0,1.0,True,2
Top,numeric,0.22641087588146216,0.16167548015369992,0.09036283853878338,0.08420448245822444,1.0,1.0,True,3
RATemp,numeric,0.2118439991855703,0.030186778927024788,0.0416828422856196,0.06539162112932605,1.0,1.0,False,4
Air Velo,numeric,0.018771042586310023,0.0005137920374069497,0.00146226328290268,0.0043656450463292985,1.0,1.0,False,5
