Feature,Type,Univariate_Score,Perm_DeltaR2,Perm_DeltaMAE,Perm_DeltaAcc,Combined_Score,Stability_Freq,Selected,Rank
Clothing,categorical,0.13212140341337114,0.01704619122850181,0.012567250897432469,0.011849342829019734,1.0,1.0,True,1
Season,categorical,0.024364923877041998,0.02759189831610403,0.01724683010983586,0.008128510219442988,1.0,1.0,True,2
Activity,categorical,0.003723005400763959,0.002668442729341347,0.003855661538509713,0.00746265416015286,1.0,1.0,True,3
MRT,numeric,0.14295464481428105,0.0013212539538410245,0.0015147607621949371,0.005939146546233572,1.0,1.0,False,4
RH,numeric,0.0034558369527280227,0.0014906561761793093,0.0024400304894406587,0.00768846621504256,1.0,1.0,False,5
Top,numeric,0.2583906156626027,0.07918321840985143,0.05198122224026734,0.03581002837125818,1.0,1.0,False,6
RATemp,numeric,0.25737310816365094,0.0867488973511215,0.05482779824693149,0.03074952232065311,1.0,1.0,False,7
Air Velo,numeric,0.021045774083030204,0.0045616321968946424,0.003899613211014611,0.00351094319958312,1.0,1.0,False,8
