Feature,Type,Univariate_Score,Perm_DeltaR2,Perm_DeltaMAE,Perm_DeltaAcc,Combined_Score,Stability_Freq,Selected,Rank
Clothing,categorical,0.36107642774840565,0.020253503714294317,0.011720441614913776,0.015873015873015865,1.0,1.0,True,1
Season,categorical,0.0,4.4408920985006264e-17,4.440892098500626e-17,0.0,1.0,1.0,True,2
Activity,categorical,0.0,5.921189464667501e-17,4.440892098500626e-17,0.0,1.0,1.0,True,3
MRT,numeric,0.041044797892478044,0.018730007657132747,0.013573110854547718,0.01742340346991509,1.0,1.0,False,4
RH,numeric,0.0027651772560393123,0.03442253429702941,0.01709305847802704,0.01428571428571428,1.0,1.0,False,5
Top,numeric,0.06833100609793122,0.047853614947839726,0.027686236870899116,0.023735695828719077,1.0,1.0,False,6
RATemp,numeric,0.018579672702628686,0.013297382615736195,0.008287610209910852,0.0205610926541159,1.0,1.0,False,7
Air Velo,numeric,0.017172946142886843,0.02916029367638425,0.012663341838206906,0.01579918789221114,1.0,1.0,False,8
