Feature,Type,Univariate_Score,Perm_DeltaR2,Perm_DeltaMAE,Perm_DeltaAcc,Combined_Score,Stability_Freq,Selected,Rank
Clothing,categorical,0.36107642774840565,0.0017279704411824546,0.0009170611699422201,0.0,1.0,1.0,True,1
Season,categorical,0.0,0.0,0.0,0.0,1.0,1.0,True,2
Activity,categorical,0.0,0.0,0.0,0.0,1.0,1.0,True,3
MRT,numeric,0.041044797892478044,0.042281603813171385,0.02245775063832601,0.0253968253968254,1.0,1.0,False,4
RH,numeric,0.0027651772560393123,0.023162802060445152,0.011874421437581379,0.02849760059062385,1.0,1.0,False,5
Top,numeric,0.06833100609793122,0.01658012866973877,0.012481498718261718,0.00937615356220008,1.0,1.0,False,6
RATemp,numeric,0.018579672702628686,0.01699022054672241,0.0129640261332194,0.015873015873015872,1.0,1.0,False,7
Air Velo,numeric,0.017172946142886843,0.02594377597173055,0.01461867888768514,0.011074197120708746,1.0,1.0,False,8
