Feature,Type,Univariate_Score,Perm_DeltaR2,Perm_DeltaMAE,Perm_DeltaAcc,Combined_Score,Stability_Freq,Selected,Rank
Clothing,categorical,0.36107642774840565,0.0,0.0,0.0,1.0,1.0,True,1
Season,categorical,0.0,0.0,0.0,0.0,1.0,1.0,True,2
Activity,categorical,0.0,0.0,0.0,0.0,1.0,1.0,True,3
MRT,numeric,0.041044797892478044,0.0034608189569615535,0.0022670833265293474,0.0,1.0,1.0,False,4
RH,numeric,0.0027651772560393123,0.0,0.0,0.0,1.0,1.0,False,5
Top,numeric,0.06833100609793122,0.009511664978787599,0.004262978307322592,0.0,1.0,1.0,False,6
RATemp,numeric,0.018579672702628686,0.0,0.0,0.0,1.0,1.0,False,7
Air Velo,numeric,0.017172946142886843,0.0,0.0,0.0,1.0,1.0,False,8
