Feature,Type,Univariate_Score,Perm_DeltaR2,Perm_DeltaMAE,Perm_DeltaAcc,Combined_Score,Stability_Freq,Selected,Rank
Clothing,categorical,0.36107642774840565,0.001416737795124597,0.0006408974245106706,0.0,1.0,1.0,True,1
Season,categorical,0.0,0.0,0.0,0.0,1.0,1.0,True,2
Activity,categorical,0.0,0.0,0.0,0.0,1.0,1.0,True,3
MRT,numeric,0.041044797892478044,0.040093628954762914,0.030742490333104812,0.042598744924326325,1.0,1.0,False,4
RH,numeric,0.0027651772560393123,0.015268812317140803,0.007182836300516022,0.020634920634920638,1.0,1.0,False,5
Top,numeric,0.06833100609793122,0.03656893262263493,0.022110064666226108,0.02521225544481359,1.0,1.0,False,6
RATemp,numeric,0.018579672702628686,0.026962959986919277,0.017089108266579597,0.04256183093392395,1.0,1.0,False,7
Air Velo,numeric,0.017172946142886843,0.01068830373902318,0.007211650532477668,0.036397194536729426,1.0,1.0,False,8
