Feature,Type,Univariate_Score,Perm_DeltaR2,Perm_DeltaMAE,Perm_DeltaAcc,Combined_Score,Stability_Freq,Selected,Rank
Clothing,categorical,0.13212140341337114,0.005194719632466634,0.005276902516682942,0.0048289039430258794,1.0,1.0,True,1
Season,categorical,0.024364923877041998,0.00799169937769572,0.003716901938120524,0.0006586184934282942,1.0,1.0,True,2
Activity,categorical,0.003723005400763959,0.0010542352994283041,0.0008680144945780435,0.0013172369868565809,1.0,1.0,True,3
MRT,numeric,0.14295464481428105,0.020486740271250407,0.015715165932973226,0.007254936019917779,1.0,1.0,False,4
RH,numeric,0.0034558369527280227,0.007535922527313233,0.0048487226168314615,0.0068119969891726005,1.0,1.0,False,5
Top,numeric,0.2583906156626027,0.13975438276926677,0.08838483492533367,0.045700885878061495,1.0,1.0,False,6
RATemp,numeric,0.25737310816365094,0.08415132761001587,0.057047386964162186,0.032731891610213656,1.0,1.0,False,7
Air Velo,numeric,0.021045774083030204,0.009705448150634765,0.007292946179707846,0.00966938799143072,1.0,1.0,False,8
