Feature,Type,Univariate_Score,Perm_DeltaR2,Perm_DeltaMAE,Perm_DeltaAcc,Combined_Score,Stability_Freq,Selected,Rank
Clothing,categorical,0.13212140341337114,0.004082523802090362,0.002549943757359448,0.0037302414451971535,1.0,1.0,True,1
Season,categorical,0.024364923877041998,0.014627895910318567,0.01213169781701479,0.0070291239650280835,1.0,1.0,True,2
Activity,categorical,0.003723005400763959,0.002838761513017718,0.0027159784391579474,0.005934804006716465,1.0,1.0,True,3
MRT,numeric,0.14295464481428105,0.02863274260653088,0.017424762320454718,0.01867147241039893,1.0,1.0,False,4
RH,numeric,0.0034558369527280227,0.011959897988600539,0.00804638416721366,0.009881448671182909,1.0,1.0,False,5
Top,numeric,0.2583906156626027,0.09422365448309084,0.06441766216651794,0.04127800937988535,1.0,1.0,False,6
RATemp,numeric,0.25737310816365094,0.11365908032574885,0.07768368326679963,0.060840426147877935,1.0,1.0,False,7
Air Velo,numeric,0.021045774083030204,0.008704610392065397,0.006888610941745585,0.013609518846621507,1.0,1.0,False,8
