Feature,Type,Univariate_Score,Perm_DeltaR2,Perm_DeltaMAE,Perm_DeltaAcc,Combined_Score,Stability_Freq,Selected,Rank
Clothing,categorical,0.39075433617284083,0.003086389728421487,0.005006759973702998,0.009817351598173514,1.0,1.0,True,1
Season,categorical,0.3423220618313034,0.2737328288098932,0.16560551626252856,0.0824200913242009,1.0,1.0,True,2
Activity,categorical,0.16546141439178608,0.004413315307101799,0.00272680594142564,0.0002283105022831059,1.0,1.0,True,3
MRT,numeric,0.33427764517134434,0.03458162992637276,0.027621719739719948,0.013926940639269404,1.0,1.0,False,4
RH,numeric,0.325604547468956,0.021283550058973772,0.018094456858344397,0.008904109589041096,1.0,1.0,False,5
Top,numeric,0.34820425437285063,0.009306613024975189,0.009305602336291052,0.007990867579908686,1.0,1.0,False,6
RATemp,numeric,0.35396998660550694,0.007516948581308173,0.008846798066387204,0.00639269406392694,1.0,1.0,False,7
Air Velo,numeric,0.12181591040826834,0.022122847655067373,0.013079386996275408,0.008675799086757991,1.0,1.0,False,8
