Feature,Type,Univariate_Score,Perm_DeltaR2,Perm_DeltaMAE,Perm_DeltaAcc,Combined_Score,Stability_Freq,Selected,Rank
Clothing,categorical,0.39075433617284083,0.005644897619883219,0.006041145324707032,0.01506849315068493,1.0,1.0,True,1
Season,categorical,0.3423220618313034,0.03456500371297201,0.023903707663218178,0.019863013698630135,1.0,1.0,True,2
Activity,categorical,0.16546141439178608,0.000878421465555827,0.00041081110636393233,0.003196347031963468,1.0,1.0,True,3
MRT,numeric,0.33427764517134434,0.26220979293187463,0.16473458607991537,0.08378995433789954,1.0,1.0,False,4
RH,numeric,0.325604547468956,0.05110048055648804,0.03715805212656657,0.032191780821917815,1.0,1.0,False,5
Top,numeric,0.34820425437285063,0.039455795288085946,0.03217766284942627,0.02602739726027397,1.0,1.0,False,6
RATemp,numeric,0.35396998660550694,0.06644977728525797,0.04543960889180501,0.02397260273972603,1.0,1.0,False,7
Air Velo,numeric,0.12181591040826834,0.02252077261606852,0.013582130273183186,0.009817351598173514,1.0,1.0,False,8
