Feature,Type,Univariate_Score,Perm_DeltaR2,Perm_DeltaMAE,Perm_DeltaAcc,Combined_Score,Stability_Freq,Selected,Rank
Clothing,categorical,0.39075433617284083,0.0,0.0,0.0,1.0,1.0,True,1
Season,categorical,0.3423220618313034,0.012212156703588401,0.008054100024593992,0.0034246575342465704,1.0,1.0,True,2
Activity,categorical,0.16546141439178608,0.0,0.0,0.0,1.0,1.0,True,3
MRT,numeric,0.33427764517134434,0.08202129447782937,0.0513749064610524,0.0070776255707762584,1.0,1.0,False,4
RH,numeric,0.325604547468956,0.04023134231894661,0.02678859500034449,0.006849315068493152,1.0,1.0,False,5
Top,numeric,0.34820425437285063,0.03295269317477199,0.022862475966929075,0.0036529680365296876,1.0,1.0,False,6
RATemp,numeric,0.35396998660550694,0.025819105093093226,0.018070589933177516,0.006164383561643834,1.0,1.0,False,7
Air Velo,numeric,0.12181591040826834,0.05878052331723551,0.032972353938190604,0.00479452054794521,1.0,1.0,False,8
