Feature,Type,Univariate_Score,Perm_DeltaR2,Perm_DeltaMAE,Perm_DeltaAcc,Combined_Score,Stability_Freq,Selected,Rank
Clothing,categorical,0.39075433617284083,0.009477062891711678,0.00711325724256798,0.011415525114155237,1.0,1.0,True,1
Season,categorical,0.3423220618313034,0.06181025577839032,0.04274322852431374,0.021232876712328756,1.0,1.0,True,2
Activity,categorical,0.16546141439178608,0.008805583620415095,0.0035839226075206434,0.003881278538812779,1.0,1.0,True,3
MRT,numeric,0.33427764517134434,0.09610449212542149,0.06730007609445225,0.0415525114155251,1.0,1.0,False,4
RH,numeric,0.325604547468956,0.07517042095159454,0.05158343460799917,0.03515981735159816,1.0,1.0,False,5
Top,numeric,0.34820425437285063,0.1031206592690455,0.07477985475508642,0.04474885844748857,1.0,1.0,False,6
RATemp,numeric,0.35396998660550694,0.056274521134289233,0.03843064175957269,0.025342465753424644,1.0,1.0,False,7
Air Velo,numeric,0.12181591040826834,0.059345771475480515,0.037848157478644354,0.01552511415525113,1.0,1.0,False,8
