Feature,Type,Univariate_Score,Perm_DeltaR2,Perm_DeltaMAE,Perm_DeltaAcc,Combined_Score,Stability_Freq,Selected,Rank
MRT,numeric,0.19961525576076694,0.013343970065540884,0.007825407223161999,0.010893323829888332,1.0,1.0,True,1
RH,numeric,0.005344435399548221,0.0,0.0,0.0,1.0,1.0,True,2
Top,numeric,0.22641087588146216,0.07314633413606923,0.03158609308044909,0.011255642670468042,1.0,1.0,True,3
RATemp,numeric,0.2118439991855703,0.07494535264472436,0.03352973586332719,0.019592935772550876,1.0,1.0,False,4
Air Velo,numeric,0.018771042586310023,0.0,0.0,0.0,1.0,1.0,False,5
