Feature,Type,Univariate_Score,Perm_DeltaR2,Perm_DeltaMAE,Perm_DeltaAcc,Combined_Score,Stability_Freq,Selected,Rank
MRT,numeric,0.19961525576076694,0.005350391152264048,0.026200165224882853,0.058109606398986303,1.0,1.0,True,1
RH,numeric,0.005344435399548221,0.00030178181299114943,0.005107023824624817,0.023962540587629685,1.0,1.0,True,2
Top,numeric,0.22641087588146216,0.13807284579127635,0.0785780289965383,0.06753583590718303,1.0,1.0,True,3
RATemp,numeric,0.2118439991855703,0.022484256505344417,0.03920981952189809,0.061029935851746264,1.0,1.0,False,4
Air Velo,numeric,0.018771042586310023,0.0,0.0015263424549633255,0.009824186267521977,1.0,1.0,False,5
