Feature,Type,Univariate_Score,Perm_DeltaR2,Perm_DeltaMAE,Perm_DeltaAcc,Combined_Score,Stability_Freq,Selected,Rank
MRT,numeric,0.19961525576076694,0.05228178768728897,0.03724239732273174,0.04719450384097569,1.0,1.0,True,1
RH,numeric,0.005344435399548221,0.017421007188138486,0.009402491248077719,0.021069929516116255,1.0,1.0,True,2
Top,numeric,0.22641087588146216,0.18862044791338622,0.08506206583735419,0.07333887700958264,1.0,1.0,True,3
RATemp,numeric,0.2118439991855703,0.07807029001237344,0.05097123857109824,0.06465114437316861,1.0,1.0,False,4
Air Velo,numeric,0.018771042586310023,0.013925662499522437,0.008381993220168667,0.008361051714579867,1.0,1.0,False,5
