Feature,Type,Univariate_Score,Perm_DeltaR2,Perm_DeltaMAE,Perm_DeltaAcc,Combined_Score,Stability_Freq,Selected,Rank
MRT,numeric,0.19961525576076694,0.03752072652180989,0.029525848229726155,0.039609566801298804,1.0,1.0,True,1
RH,numeric,0.005344435399548221,0.011017080148061116,0.007599882284800212,0.021065969747366742,1.0,1.0,True,2
Top,numeric,0.22641087588146216,0.3055434862772624,0.12474866310755413,0.07479607190940049,1.0,1.0,True,3
RATemp,numeric,0.2118439991855703,0.038400145371754964,0.03659700155258179,0.06612219846360971,1.0,1.0,False,4
Air Velo,numeric,0.018771042586310023,0.006583933035532634,0.0051688631375630695,0.01487091153876613,1.0,1.0,False,5
