Feature,Type,Univariate_Score,Perm_DeltaR2,Perm_DeltaMAE,Perm_DeltaAcc,Combined_Score,Stability_Freq,Selected,Rank
Clothing,categorical,0.36107642774840565,0.0008168642016152786,0.00025400025438995224,0.004724990771502402,1.0,1.0,True,1
Season,categorical,0.0,0.0,0.0,0.0,1.0,1.0,True,2
Activity,categorical,0.0,0.0,0.0,0.0,1.0,1.0,True,3
MRT,numeric,0.041044797892478044,0.02365160828524929,0.021604945788629783,0.029900332225913623,1.0,1.0,False,4
RH,numeric,0.0027651772560393123,0.017692271043591862,0.009353277586814375,0.02679955703211518,1.0,1.0,False,5
Top,numeric,0.06833100609793122,0.040915312630298066,0.02406745214561376,0.020487264673311193,1.0,1.0,False,6
RATemp,numeric,0.018579672702628686,0.020421708208780847,0.013942947949897108,0.023551125876707272,1.0,1.0,False,7
Air Velo,numeric,0.017172946142886843,0.020967323593482506,0.008758067934500846,0.03314876338132152,1.0,1.0,False,8
