Feature,Type,Univariate_Score,Perm_DeltaR2,Perm_DeltaMAE,Perm_DeltaAcc,Combined_Score,Stability_Freq,Selected,Rank
Clothing,categorical,0.36107642774840565,0.008064714479286902,0.006107041772121172,0.006349206349206346,1.0,1.0,True,1
Season,categorical,0.0,5.921189464667501e-17,2.960594732333751e-17,0.0,1.0,1.0,True,2
Activity,categorical,0.0,3.700743415417188e-17,3.700743415417188e-17,0.0,1.0,1.0,True,3
MRT,numeric,0.041044797892478044,0.02327751585993395,0.012570135839613337,0.012587670727205602,1.0,1.0,False,4
RH,numeric,0.0027651772560393123,0.02457752033730182,0.01499279363035456,0.01428571428571428,1.0,1.0,False,5
Top,numeric,0.06833100609793122,0.055514447852417284,0.026944891857447723,0.019010705057216682,1.0,1.0,False,6
RATemp,numeric,0.018579672702628686,0.022076157421442394,0.016856014275570885,0.023735695828719077,1.0,1.0,False,7
Air Velo,numeric,0.017172946142886843,0.02291683936480471,0.007698426205421101,0.017312661498708005,1.0,1.0,False,8
