Feature,Type,Univariate_Score,Perm_DeltaR2,Perm_DeltaMAE,Perm_DeltaAcc,Combined_Score,Stability_Freq,Selected,Rank
Clothing,categorical,0.13212140341337114,0.0023015255694741167,0.0016236376352939323,0.0021966012390712795,1.0,1.0,True,1
Season,categorical,0.024364923877041998,0.015065578269973087,0.012833558030362032,0.00745903537722193,1.0,1.0,True,2
Activity,categorical,0.003723005400763959,0.0032277205391333013,0.003003599815002874,0.005496207515488401,1.0,1.0,True,3
MRT,numeric,0.14295464481428105,0.027678811277822863,0.018577853445333695,0.020856493544091248,1.0,1.0,False,4
RH,numeric,0.0034558369527280227,0.012914489484250839,0.00995283568165563,0.012955966649296505,1.0,1.0,False,5
Top,numeric,0.2583906156626027,0.0924355822624032,0.0646250054090491,0.04412454403335069,1.0,1.0,False,6
RATemp,numeric,0.25737310816365094,0.1117863788548454,0.07562814246229795,0.05313748480111169,1.0,1.0,False,7
Air Velo,numeric,0.021045774083030204,0.008707214297184478,0.007552874921603887,0.010980111169011637,1.0,1.0,False,8
