Feature,Type,Univariate_Score,Perm_DeltaR2,Perm_DeltaMAE,Perm_DeltaAcc,Combined_Score,Stability_Freq,Selected,Rank
Clothing,categorical,0.13212140341337114,0.0066317359606424976,0.0057822465896606445,0.007026952695269524,1.0,1.0,True,1
Season,categorical,0.024364923877041998,0.007637568314870199,0.0024248361587524414,0.00021929824561403764,1.0,1.0,True,2
Activity,categorical,0.003723005400763959,0.0010666449864705405,0.0009184320767720539,0.0010986624978287286,1.0,1.0,True,3
MRT,numeric,0.14295464481428105,0.02443620761235555,0.016432034969329833,0.00768918997162874,1.0,1.0,False,4
RH,numeric,0.0034558369527280227,0.0034380515416463217,0.0025827844937642416,0.008790023739216024,1.0,1.0,False,5
Top,numeric,0.2583906156626027,0.13291521072387696,0.08082972367604574,0.03274202420242024,1.0,1.0,False,6
RATemp,numeric,0.25737310816365094,0.07916264931360881,0.05468277136484782,0.028345926697932945,1.0,1.0,False,7
Air Velo,numeric,0.021045774083030204,0.007385798295338949,0.00560374657313029,0.008132129002373922,1.0,1.0,False,8
