Feature,Type,Univariate_Score,Perm_DeltaR2,Perm_DeltaMAE,Perm_DeltaAcc,Combined_Score,Stability_Freq,Selected,Rank
Clothing,categorical,0.13212140341337114,0.02260856993026126,0.014488817713238816,0.015590440623009665,1.0,1.0,True,1
Season,categorical,0.024364923877041998,0.025498803991274122,0.015619708087351952,0.009218487638237505,1.0,1.0,True,2
Activity,categorical,0.003723005400763959,0.0022944609788737875,0.003683251209078946,0.007679781136008342,1.0,1.0,True,3
MRT,numeric,0.14295464481428105,0.004674265715373394,0.0022777796843460743,0.0070407040704070336,1.0,1.0,False,4
RH,numeric,0.0034558369527280227,0.0009862223663124575,0.0024994307577475305,0.0015372589890567964,1.0,1.0,False,5
Top,numeric,0.2583906156626027,0.09537045814535722,0.0595813364628062,0.036028602860286016,1.0,1.0,False,6
RATemp,numeric,0.25737310816365094,0.0833842026575837,0.057621847918523005,0.045243471715592606,1.0,1.0,False,7
Air Velo,numeric,0.021045774083030204,0.004781495550903532,0.003949293940342246,0.00351094319958312,1.0,1.0,False,8
