Feature,Type,Univariate_Score,Perm_DeltaR2,Perm_DeltaMAE,Perm_DeltaAcc,Combined_Score,Stability_Freq,Selected,Rank
Clothing,categorical,0.36107642774840565,0.00449666182200114,0.0020048101743062336,0.006349206349206349,1.0,1.0,True,1
Season,categorical,0.0,0.0,0.0,0.0,1.0,1.0,True,2
Activity,categorical,0.0,0.0,0.0,0.0,1.0,1.0,True,3
MRT,numeric,0.041044797892478044,0.056023168563842776,0.025171303749084474,0.02857142857142857,1.0,1.0,False,4
RH,numeric,0.0027651772560393123,0.014316761493682861,0.004660495122273763,0.023772609819121455,1.0,1.0,False,5
Top,numeric,0.06833100609793122,0.02458422581354777,0.01922359863917033,0.022074566260612778,1.0,1.0,False,6
RATemp,numeric,0.018579672702628686,0.02166354656219482,0.014816598097483317,0.023809523809523815,1.0,1.0,False,7
Air Velo,numeric,0.017172946142886843,0.019168078899383545,0.012965726852416991,0.014285714285714285,1.0,1.0,False,8
