Feature,Type,Univariate_Score,Perm_DeltaR2,Perm_DeltaMAE,Perm_DeltaAcc,Combined_Score,Stability_Freq,Selected,Rank
Clothing,categorical,0.39075433617284083,0.002658876297538915,0.005698035494693462,0.010730593607305935,1.0,1.0,True,1
Season,categorical,0.3423220618313034,0.3155621387729722,0.18550098979004914,0.08584474885844748,1.0,1.0,True,2
Activity,categorical,0.16546141439178608,0.0033693611632597356,0.0022501117835333076,0.0009132420091324201,1.0,1.0,True,3
MRT,numeric,0.33427764517134434,0.033131377582621815,0.02678468156533274,0.014383561643835618,1.0,1.0,False,4
RH,numeric,0.325604547468956,0.01887630207518297,0.017894033521436724,0.010045662100456624,1.0,1.0,False,5
Top,numeric,0.34820425437285063,0.006491529802462236,0.006974787706374386,0.01141552511415526,1.0,1.0,False,6
RATemp,numeric,0.35396998660550694,0.009344204077559886,0.008721198840149293,0.008904109589041101,1.0,1.0,False,7
Air Velo,numeric,0.12181591040826834,0.022340590815149625,0.014774748510403973,0.013926940639269405,1.0,1.0,False,8
