Feature,Type,Univariate_Score,Perm_DeltaR2,Perm_DeltaMAE,Perm_DeltaAcc,Combined_Score,Stability_Freq,Selected,Rank
Clothing,categorical,0.39075433617284083,0.008601029376054545,0.006892782012094793,0.0061643835616438224,1.0,1.0,True,1
Season,categorical,0.3423220618313034,0.06356519577069714,0.04248042084286209,0.020091324200913235,1.0,1.0,True,2
Activity,categorical,0.16546141439178608,0.011968024856906965,0.006407888723415636,0.005251141552511407,1.0,1.0,True,3
MRT,numeric,0.33427764517134434,0.0924750773777326,0.06438931970754569,0.03264840182648401,1.0,1.0,False,4
RH,numeric,0.325604547468956,0.06864690158931552,0.048425787790654255,0.031278538812785375,1.0,1.0,False,5
Top,numeric,0.34820425437285063,0.08332616702106202,0.06054726694938632,0.034246575342465745,1.0,1.0,False,6
RATemp,numeric,0.35396998660550694,0.052967613399959736,0.03545300146440242,0.01803652968036528,1.0,1.0,False,7
Air Velo,numeric,0.12181591040826834,0.052055951221316864,0.031448921008160685,0.011187214611872142,1.0,1.0,False,8
