Feature,Type,Univariate_Score,Perm_DeltaR2,Perm_DeltaMAE,Perm_DeltaAcc,Combined_Score,Stability_Freq,Selected,Rank
Clothing,categorical,0.39075433617284083,0.005234150091807047,0.005229067802429199,0.006392694063926936,1.0,1.0,True,1
Season,categorical,0.3423220618313034,0.03687340021133423,0.022589441140492755,0.010730593607305931,1.0,1.0,True,2
Activity,categorical,0.16546141439178608,0.0004635175069173178,0.00031451384226481116,0.003196347031963468,1.0,1.0,True,3
MRT,numeric,0.33427764517134434,0.2541921734809876,0.15789082447687786,0.07990867579908675,1.0,1.0,False,4
RH,numeric,0.325604547468956,0.05654110908508301,0.04201066096623739,0.03652968036529681,1.0,1.0,False,5
Top,numeric,0.34820425437285063,0.041965643564860024,0.03362090190251668,0.02374429223744293,1.0,1.0,False,6
RATemp,numeric,0.35396998660550694,0.06852744023005167,0.044550236066182455,0.021917808219178082,1.0,1.0,False,7
Air Velo,numeric,0.12181591040826834,0.02308679024378459,0.012988428274790447,0.005936073059360725,1.0,1.0,False,8
