Feature,Type,Univariate_Score,Perm_DeltaR2,Perm_DeltaMAE,Perm_DeltaAcc,Combined_Score,Stability_Freq,Selected,Rank
Clothing,categorical,0.39075433617284083,0.0,0.0,0.0,1.0,1.0,True,1
Season,categorical,0.3423220618313034,0.011615972656460638,0.008184532776610163,0.0027397260273972603,1.0,1.0,True,2
Activity,categorical,0.16546141439178608,0.0,0.0,0.0,1.0,1.0,True,3
MRT,numeric,0.33427764517134434,0.08255229181118204,0.053024906556192096,0.013926940639269405,1.0,1.0,False,4
RH,numeric,0.325604547468956,0.0410197318407981,0.027849871640060066,0.007077625570776262,1.0,1.0,False,5
Top,numeric,0.34820425437285063,0.03558453275572426,0.02429853079970757,0.004109589041095893,1.0,1.0,False,6
RATemp,numeric,0.35396998660550694,0.02376924927787877,0.01774906076345576,0.0038812785388127892,1.0,1.0,False,7
Air Velo,numeric,0.12181591040826834,0.06331649718687317,0.03698383650905503,0.00799086757990868,1.0,1.0,False,8
