Feature,Type,Univariate_Score,Perm_DeltaR2,Perm_DeltaMAE,Perm_DeltaAcc,Combined_Score,Stability_Freq,Selected,Rank
MRT,numeric,0.19961525576076694,0.010695888579208593,0.006950773783912711,0.007256276233467962,1.0,1.0,True,1
RH,numeric,0.005344435399548221,0.0,0.0,0.0,1.0,1.0,True,2
Top,numeric,0.22641087588146216,0.06836492714174765,0.029157457989387632,0.01854359705393204,1.0,1.0,True,3
RATemp,numeric,0.2118439991855703,0.07928781070408429,0.03464739936687261,0.017062643541617167,1.0,1.0,False,4
Air Velo,numeric,0.018771042586310023,0.0,0.0,0.0,1.0,1.0,False,5
