Feature,Type,Univariate_Score,Perm_DeltaR2,Perm_DeltaMAE,Perm_DeltaAcc,Combined_Score,Stability_Freq,Selected,Rank
MRT,numeric,0.19961525576076694,0.03464012145996094,0.025991435845692957,0.026896729231012904,1.0,1.0,True,1
RH,numeric,0.005344435399548221,0.007334009806315103,0.0051658312479654946,0.011249703017343784,1.0,1.0,True,2
Top,numeric,0.22641087588146216,0.3312241792678833,0.13652092615763348,0.08932446345133445,1.0,1.0,True,3
RATemp,numeric,0.2118439991855703,0.04553781747817993,0.04110697110493978,0.07123228003484595,1.0,1.0,False,4
Air Velo,numeric,0.018771042586310023,0.011410144964853923,0.006499342123667399,0.012338639423457662,1.0,1.0,False,5
