Feature,Type,Univariate_Score,Perm_DeltaR2,Perm_DeltaMAE,Perm_DeltaAcc,Combined_Score,Stability_Freq,Selected,Rank
MRT,numeric,0.19961525576076694,0.0023854443735946917,0.026116593319931804,0.05845608616456799,1.0,1.0,True,1
RH,numeric,0.005344435399548221,0.0,0.005468183401166341,0.025789973865526263,1.0,1.0,True,2
Top,numeric,0.22641087588146216,0.15404930296502642,0.08782801934326424,0.08098321058050209,1.0,1.0,True,3
RATemp,numeric,0.2118439991855703,0.032735980136127524,0.04478417703045899,0.0712184208442227,1.0,1.0,False,4
Air Velo,numeric,0.018771042586310023,7.37081110156949e-05,0.00102175744997323,0.009816266730022963,1.0,1.0,False,5
