Feature,Type,Univariate_Score,Perm_DeltaR2,Perm_DeltaMAE,Perm_DeltaAcc,Combined_Score,Stability_Freq,Selected,Rank
MRT,numeric,0.19961525576076694,0.053765131084602555,0.038548700202129645,0.04282291914152215,1.0,1.0,True,1
RH,numeric,0.005344435399548221,0.013262212256710856,0.00683109923482661,0.020329452759958823,1.0,1.0,True,2
Top,numeric,0.22641087588146216,0.18010791452769642,0.08481596150859523,0.08496871782687893,1.0,1.0,True,3
RATemp,numeric,0.2118439991855703,0.0737651989710474,0.050734972260343444,0.06461946622317258,1.0,1.0,False,4
Air Velo,numeric,0.018771042586310023,0.014291932435166656,0.008502511702717801,0.009434149045695731,1.0,1.0,False,5
