Feature,Type,Univariate_Score,Perm_DeltaR2,Perm_DeltaMAE,Perm_DeltaAcc,Combined_Score,Stability_Freq,Selected,Rank
Clothing,categorical,0.13212140341337114,0.004162470499674479,0.004286173979441325,0.005051820971570838,1.0,1.0,True,1
Season,categorical,0.024364923877041998,0.009532606601715088,0.004305533568064372,0.0002192982456140339,1.0,1.0,True,2
Activity,categorical,0.003723005400763959,0.0011806567509969077,0.0010544816652933756,0.0004393202478142529,1.0,1.0,True,3
MRT,numeric,0.14295464481428105,0.017588452498118086,0.012152846654256184,0.007255659776503965,1.0,1.0,False,4
RH,numeric,0.0034558369527280227,0.004713610808054607,0.0031242489814758303,0.004828180186439693,1.0,1.0,False,5
Top,numeric,0.2583906156626027,0.1400453845659892,0.08755286137262981,0.04458847200509524,1.0,1.0,False,6
RATemp,numeric,0.25737310816365094,0.08140906492869059,0.05760415395100911,0.03295191361241388,1.0,1.0,False,7
Air Velo,numeric,0.021045774083030204,0.008615346749623618,0.008081253369649252,0.008345637195298471,1.0,1.0,False,8
