Feature,Type,Univariate_Score,Perm_DeltaR2,Perm_DeltaMAE,Perm_DeltaAcc,Combined_Score,Stability_Freq,Selected,Rank
Clothing,categorical,0.36107642774840565,0.010837882015607987,0.004919014376367414,0.009523809523809523,1.0,1.0,True,1
Season,categorical,0.0,5.921189464667501e-17,0.0,0.0,1.0,1.0,True,2
Activity,categorical,0.0,5.181040781584064e-17,7.401486830834377e-18,0.0,1.0,1.0,True,3
MRT,numeric,0.041044797892478044,0.027733909692192426,0.01507398735940418,0.01893687707641195,1.0,1.0,False,4
RH,numeric,0.0027651772560393123,0.03849022664453226,0.021663620367099352,0.015799187892211145,1.0,1.0,False,5
Top,numeric,0.06833100609793122,0.04468823749317995,0.026961715972858773,0.026799557032115163,1.0,1.0,False,6
RATemp,numeric,0.018579672702628686,0.008055618800295787,0.008685381842183015,0.0238095238095238,1.0,1.0,False,7
Air Velo,numeric,0.017172946142886843,0.029082037798646942,0.007597818036355168,0.014101144333702461,1.0,1.0,False,8
