Feature,Type,Univariate_Score,Perm_DeltaR2,Perm_DeltaMAE,Perm_DeltaAcc,Combined_Score,Stability_Freq,Selected,Rank
Clothing,categorical,0.36107642774840565,0.002477482954661051,0.0012054800987243651,0.0031746031746031746,1.0,1.0,True,1
Season,categorical,0.0,0.0,0.0,0.0,1.0,1.0,True,2
Activity,categorical,0.0,0.0,0.0,0.0,1.0,1.0,True,3
MRT,numeric,0.041044797892478044,0.055266014734903966,0.025702138741811115,0.02694721299372462,1.0,1.0,False,4
RH,numeric,0.0027651772560393123,0.01232901414235433,0.007688721021016439,0.022222222222222227,1.0,1.0,False,5
Top,numeric,0.06833100609793122,0.01608404318491618,0.012886222203572589,0.017275747508305656,1.0,1.0,False,6
RATemp,numeric,0.018579672702628686,0.01226741075515747,0.011401995023091634,0.022222222222222227,1.0,1.0,False,7
Air Velo,numeric,0.017172946142886843,0.011238912741343181,0.008406360944112143,0.011111111111111113,1.0,1.0,False,8
