Feature,Type,Univariate_Score,Perm_DeltaR2,Perm_DeltaMAE,Perm_DeltaAcc,Combined_Score,Stability_Freq,Selected,Rank
Clothing,categorical,0.13212140341337114,0.0036108631970560878,0.002051975359980844,0.004171009206183784,1.0,1.0,True,1
Season,categorical,0.024364923877041998,0.01459127716263441,0.011240785013238597,0.007019715129407673,1.0,1.0,True,2
Activity,categorical,0.003723005400763959,0.0023770122826521542,0.0026818296682079804,0.003957501013259224,1.0,1.0,True,3
MRT,numeric,0.14295464481428105,0.026041500898162262,0.017305724561200518,0.021305222627525915,1.0,1.0,False,4
RH,numeric,0.0034558369527280227,0.012823520741439737,0.009252307713989558,0.011201580684384234,1.0,1.0,False,5
Top,numeric,0.2583906156626027,0.09855978084816584,0.06715414219953526,0.049826298419315615,1.0,1.0,False,6
RATemp,numeric,0.25737310816365094,0.10581776770005988,0.07038932973635596,0.047867089340512994,1.0,1.0,False,7
Air Velo,numeric,0.021045774083030204,0.009605082309077397,0.007779825599892305,0.014712523883967345,1.0,1.0,False,8
