Feature,Type,Univariate_Score,Perm_DeltaR2,Perm_DeltaMAE,Perm_DeltaAcc,Combined_Score,Stability_Freq,Selected,Rank
Clothing,categorical,0.36107642774840565,0.0011925312136305138,0.0005862893754337757,0.0,1.0,1.0,True,1
Season,categorical,0.0,0.0,0.0,0.0,1.0,1.0,True,2
Activity,categorical,0.0,0.0,0.0,0.0,1.0,1.0,True,3
MRT,numeric,0.041044797892478044,0.028207695882785166,0.023615601894629763,0.03447766703580657,1.0,1.0,False,4
RH,numeric,0.0027651772560393123,0.021652448607764403,0.007922828519076292,0.026873385012919894,1.0,1.0,False,5
Top,numeric,0.06833100609793122,0.0499551396164819,0.02941336874944645,0.02982650424510891,1.0,1.0,False,6
RATemp,numeric,0.018579672702628686,0.022409217440758585,0.017895860244196395,0.036212624584717606,1.0,1.0,False,7
Air Velo,numeric,0.017172946142886843,0.015330462857164542,0.007750531886279247,0.037873754152823916,1.0,1.0,False,8
