Feature,Type,Univariate_Score,Perm_DeltaR2,Perm_DeltaMAE,Perm_DeltaAcc,Combined_Score,Stability_Freq,Selected,Rank
Clothing,categorical,0.13212140341337114,0.02149567777379318,0.016491492609077084,0.016689826877424582,1.0,1.0,True,1
Season,categorical,0.024364923877041998,0.026807750378328832,0.015697513380906355,0.006143969660123909,1.0,1.0,True,2
Activity,categorical,0.003723005400763959,0.0028107904693478827,0.004148608677622879,0.010316426379480055,1.0,1.0,True,3
MRT,numeric,0.14295464481428105,0.002722252192553598,0.0014990938676001948,0.0032996062764171106,1.0,1.0,False,4
RH,numeric,0.0034558369527280227,0.00040033796122616774,0.0023279563481326754,0.0026330264605407957,1.0,1.0,False,5
Top,numeric,0.2583906156626027,0.08622698767400667,0.0575256938391446,0.042623472873603144,1.0,1.0,False,6
RATemp,numeric,0.25737310816365094,0.09671529010482739,0.06383463046630813,0.048328846042498985,1.0,1.0,False,7
Air Velo,numeric,0.021045774083030204,0.0022345764847198006,0.002407243050574729,0.0032938162237276377,1.0,1.0,False,8
