Feature,Type,Univariate_Score,Perm_DeltaR2,Perm_DeltaMAE,Perm_DeltaAcc,Combined_Score,Stability_Freq,Selected,Rank
Clothing,categorical,0.39075433617284083,0.0042332684969749994,0.006759541759943674,0.01187214611872146,1.0,1.0,True,1
Season,categorical,0.3423220618313034,0.31304325796494087,0.17818610017209754,0.07168949771689496,1.0,1.0,True,2
Activity,categorical,0.16546141439178608,0.004847021106681848,0.002968154621677551,0.0009132420091324236,1.0,1.0,True,3
MRT,numeric,0.33427764517134434,0.02853177685041005,0.026310035296627315,0.013242009132420096,1.0,1.0,False,4
RH,numeric,0.325604547468956,0.020014895327494987,0.017016676497507214,0.01255707762557078,1.0,1.0,False,5
Top,numeric,0.34820425437285063,0.01230968134167986,0.011363619799141429,0.015068493150684929,1.0,1.0,False,6
RATemp,numeric,0.35396998660550694,0.0038947029295223713,0.005524759646152584,0.00388127853881279,1.0,1.0,False,7
Air Velo,numeric,0.12181591040826834,0.0164089966028814,0.009145801735313904,0.004566210045662097,1.0,1.0,False,8
