Feature,Type,Univariate_Score,Perm_DeltaR2,Perm_DeltaMAE,Perm_DeltaAcc,Combined_Score,Stability_Freq,Selected,Rank
Clothing,categorical,0.39075433617284083,0.01025715524580315,0.007974734762399339,0.003652968036529676,1.0,1.0,True,1
Season,categorical,0.3423220618313034,0.0586257207606687,0.040335584960625434,0.02191780821917807,1.0,1.0,True,2
Activity,categorical,0.16546141439178608,0.011185632520242095,0.005160129723637144,0.005251141552511407,1.0,1.0,True,3
MRT,numeric,0.33427764517134434,0.09433237756393581,0.06778529180746919,0.03493150684931506,1.0,1.0,False,4
RH,numeric,0.325604547468956,0.06789190923052885,0.047069530432197526,0.029680365296803634,1.0,1.0,False,5
Top,numeric,0.34820425437285063,0.08870386373316722,0.06397871829154715,0.040410958904109576,1.0,1.0,False,6
RATemp,numeric,0.35396998660550694,0.05195218077029552,0.0354338810271186,0.022602739726027384,1.0,1.0,False,7
Air Velo,numeric,0.12181591040826834,0.058184347044063923,0.03554790132612835,0.012100456621004554,1.0,1.0,False,8
