Feature,Type,Univariate_Score,Perm_DeltaR2,Perm_DeltaMAE,Perm_DeltaAcc,Combined_Score,Stability_Freq,Selected,Rank
Clothing,categorical,0.39075433617284083,0.0031063596407572428,0.004128515720367432,0.010502283105022834,1.0,1.0,True,1
Season,categorical,0.3423220618313034,0.03318628470102946,0.02181313832600911,0.0136986301369863,1.0,1.0,True,2
Activity,categorical,0.16546141439178608,0.0005989710489908855,0.0003249526023864746,0.0031963470319634757,1.0,1.0,True,3
MRT,numeric,0.33427764517134434,0.2547722776730855,0.15979102849960328,0.08538812785388127,1.0,1.0,False,4
RH,numeric,0.325604547468956,0.0527802030245463,0.037900102138519284,0.02602739726027397,1.0,1.0,False,5
Top,numeric,0.34820425437285063,0.04328421354293823,0.03403634230295817,0.029680365296803644,1.0,1.0,False,6
RATemp,numeric,0.35396998660550694,0.06390585899353027,0.041215606530507404,0.02009132420091324,1.0,1.0,False,7
Air Velo,numeric,0.12181591040826834,0.02088339726130168,0.012708191076914468,0.010730593607305931,1.0,1.0,False,8
