Feature,Type,Univariate_Score,Perm_DeltaR2,Perm_DeltaMAE,Perm_DeltaAcc,Combined_Score,Stability_Freq,Selected,Rank
Clothing,categorical,0.39075433617284083,0.0,0.0,0.0,1.0,1.0,True,1
Season,categorical,0.3423220618313034,0.011203129986227633,0.007504515930404088,0.0029680365296803663,1.0,1.0,True,2
Activity,categorical,0.16546141439178608,0.0,0.0,0.0,1.0,1.0,True,3
MRT,numeric,0.33427764517134434,0.07993352439667778,0.05297296805502154,0.018036529680365294,1.0,1.0,False,4
RH,numeric,0.325604547468956,0.042605613947912645,0.02797179324726105,0.00479452054794521,1.0,1.0,False,5
Top,numeric,0.34820425437285063,0.0316624251362642,0.02303936979118206,0.0036529680365296802,1.0,1.0,False,6
RATemp,numeric,0.35396998660550694,0.023924926827486193,0.01787933457063373,0.0034246575342465856,1.0,1.0,False,7
Air Velo,numeric,0.12181591040826834,0.05660074389821625,0.03101072812745178,0.005936073059360737,1.0,1.0,False,8
