Feature,Type,Univariate_Score,Perm_DeltaR2,Perm_DeltaMAE,Perm_DeltaAcc,Combined_Score,Stability_Freq,Selected,Rank
MRT,numeric,0.19961525576076694,0.03867909113566081,0.030325937271118163,0.03596459966737942,1.0,1.0,True,1
RH,numeric,0.005344435399548221,0.00972976287206014,0.005124958356221517,0.015251049338718608,1.0,1.0,True,2
Top,numeric,0.22641087588146216,0.3165510018666585,0.12593286832173667,0.06972360814128455,1.0,1.0,True,3
RATemp,numeric,0.2118439991855703,0.043414421876271564,0.03878494501113892,0.06175853330165517,1.0,1.0,False,4
Air Velo,numeric,0.018771042586310023,0.009480675061543783,0.006424423058827717,0.0134295557139463,1.0,1.0,False,5
