Feature,Type,Univariate_Score,Perm_DeltaR2,Perm_DeltaMAE,Perm_DeltaAcc,Combined_Score,Stability_Freq,Selected,Rank
MRT,numeric,0.19961525576076694,0.014765713801493482,0.008376530271962553,0.01234655896095668,1.0,1.0,True,1
RH,numeric,0.005344435399548221,0.0,0.0,0.0,1.0,1.0,True,2
Top,numeric,0.22641087588146216,0.07454396841668418,0.033691315560161764,0.019963174150629603,1.0,1.0,True,3
RATemp,numeric,0.2118439991855703,0.07130662899966357,0.03209324550727888,0.014898629920012665,1.0,1.0,False,4
Air Velo,numeric,0.018771042586310023,0.0,0.0,0.0,1.0,1.0,False,5
