Feature,Type,Univariate_Score,Perm_DeltaR2,Perm_DeltaMAE,Perm_DeltaAcc,Combined_Score,Stability_Freq,Selected,Rank
MRT,numeric,0.19961525576076694,0.050137544851952695,0.03674141236600413,0.044280114041339996,1.0,1.0,True,1
RH,numeric,0.005344435399548221,0.013348585994984358,0.006326982621765505,0.021430268472321223,1.0,1.0,True,2
Top,numeric,0.22641087588146216,0.20759181625005302,0.09516280782224394,0.08715649006098045,1.0,1.0,True,3
RATemp,numeric,0.2118439991855703,0.06764765325974136,0.04841797428778845,0.07443573295319554,1.0,1.0,False,4
Air Velo,numeric,0.018771042586310023,0.01257835572761461,0.008515022654216473,0.009430189276946225,1.0,1.0,False,5
