Feature,Type,Univariate_Score,Perm_DeltaR2,Perm_DeltaMAE,Perm_DeltaAcc,Combined_Score,Stability_Freq,Selected,Rank
MRT,numeric,0.19961525576076694,0.00613326636053273,0.02499606236738717,0.04794685990338164,1.0,1.0,True,1
RH,numeric,0.005344435399548221,0.0,0.004462215283363324,0.02507325572186584,1.0,1.0,True,2
Top,numeric,0.22641087588146216,0.14442493545028248,0.08590534764557292,0.08821176843272352,1.0,1.0,True,3
RATemp,numeric,0.2118439991855703,0.035097136494592354,0.04456914078652644,0.06795161162588105,1.0,1.0,False,4
Air Velo,numeric,0.018771042586310023,0.0003760068344083193,0.0018018655457174254,0.010544864179931886,1.0,1.0,False,5
