Feature,Type,Univariate_Score,Perm_DeltaR2,Perm_DeltaMAE,Perm_DeltaAcc,Combined_Score,Stability_Freq,Selected,Rank
Clothing,categorical,0.36107642774840565,0.025340494657443223,0.009065886247829943,0.00793650793650793,1.0,1.0,True,1
Season,categorical,0.0,2.960594732333751e-17,2.2204460492503132e-17,0.0,1.0,1.0,True,2
Activity,categorical,0.0,2.2204460492503132e-17,0.0,0.0,1.0,1.0,True,3
MRT,numeric,0.041044797892478044,0.02300214346067151,0.013279296498464488,0.022222222222222213,1.0,1.0,False,4
RH,numeric,0.0027651772560393123,0.016377304095743932,0.013102093934518467,0.014211886304909552,1.0,1.0,False,5
Top,numeric,0.06833100609793122,0.03850954478345814,0.0279870582172022,0.0332595053525286,1.0,1.0,False,6
RATemp,numeric,0.018579672702628686,0.018173426309217783,0.01574745260805069,0.023809523809523798,1.0,1.0,False,7
Air Velo,numeric,0.017172946142886843,0.027744432410540327,0.012023119233011626,0.007862679955703208,1.0,1.0,False,8
