Feature,Type,Univariate_Score,Perm_DeltaR2,Perm_DeltaMAE,Perm_DeltaAcc,Combined_Score,Stability_Freq,Selected,Rank
Clothing,categorical,0.36107642774840565,0.0011265572857234692,0.00027728525078716995,0.003174603174603178,1.0,1.0,True,1
Season,categorical,0.0,0.0,0.0,0.0,1.0,1.0,True,2
Activity,categorical,0.0,0.0,0.0,0.0,1.0,1.0,True,3
MRT,numeric,0.041044797892478044,0.016071151575205795,0.01755890638351827,0.023698781838316738,1.0,1.0,False,4
RH,numeric,0.0027651772560393123,0.01403742945783788,0.009394874676671735,0.026873385012919897,1.0,1.0,False,5
Top,numeric,0.06833100609793122,0.0376372847215236,0.023124938473042096,0.0313030638612034,1.0,1.0,False,6
RATemp,numeric,0.018579672702628686,0.018666634753627863,0.015123778467593111,0.029937246216315983,1.0,1.0,False,7
Air Velo,numeric,0.017172946142886843,0.010258217842003203,0.006265004731607042,0.04414913252122554,1.0,1.0,False,8
