Feature,Type,Univariate_Score,Perm_DeltaR2,Perm_DeltaMAE,Perm_DeltaAcc,Combined_Score,Stability_Freq,Selected,Rank
Clothing,categorical,0.13212140341337114,0.0033822397904887504,0.001849497823686197,0.003950987203983561,1.0,1.0,True,1
Season,categorical,0.024364923877041998,0.017257942782194932,0.013354230092898805,0.007460482890394295,1.0,1.0,True,2
Activity,categorical,0.003723005400763959,0.0031065866790060885,0.0022593168833319635,0.003735307741300453,1.0,1.0,True,3
MRT,numeric,0.14295464481428105,0.02879929833692198,0.019673730803695628,0.01844493659892305,1.0,1.0,False,4
RH,numeric,0.0034558369527280227,0.012577136981164827,0.009085699184567756,0.009657807886051764,1.0,1.0,False,5
Top,numeric,0.2583906156626027,0.10193436920856873,0.07026740107559344,0.04763693474610618,1.0,1.0,False,6
RATemp,numeric,0.25737310816365094,0.10840155018221251,0.0760522108238921,0.059974813270800766,1.0,1.0,False,7
Air Velo,numeric,0.021045774083030204,0.00828735641158444,0.007831892674007229,0.013610966359793869,1.0,1.0,False,8
