Feature,Type,Univariate_Score,Perm_DeltaR2,Perm_DeltaMAE,Perm_DeltaAcc,Combined_Score,Stability_Freq,Selected,Rank
Clothing,categorical,0.13212140341337114,0.005472822984059652,0.005022597312927246,0.004610329453998022,1.0,1.0,True,1
Season,categorical,0.024364923877041998,0.00779726505279541,0.00280830462773641,0.0010986624978287396,1.0,1.0,True,2
Activity,categorical,0.003723005400763959,0.001390953858693441,0.0011146982510884603,0.0006586184934282942,1.0,1.0,True,3
MRT,numeric,0.14295464481428105,0.018552831808725995,0.014111216862996417,0.008567106710671069,1.0,1.0,False,4
RH,numeric,0.0034558369527280227,0.003139777978261312,0.0031921903292338053,0.006589079960627646,1.0,1.0,False,5
Top,numeric,0.2583906156626027,0.15010032256444295,0.09494965871175129,0.051838341728909734,1.0,1.0,False,6
RATemp,numeric,0.25737310816365094,0.09319292704264323,0.059943886597951246,0.025930750969833827,1.0,1.0,False,7
Air Velo,numeric,0.021045774083030204,0.007223955790201823,0.006682999928792318,0.007690637484801107,1.0,1.0,False,8
