Feature,Type,Univariate_Score,Perm_DeltaR2,Perm_DeltaMAE,Perm_DeltaAcc,Combined_Score,Stability_Freq,Selected,Rank
Clothing,categorical,0.13212140341337114,0.021930701990432056,0.014098691423350745,0.01426596607029124,1.0,1.0,True,1
Season,categorical,0.024364923877041998,0.02440941062383923,0.015515610682436157,0.005270395460598691,1.0,1.0,True,2
Activity,categorical,0.003723005400763959,0.0015768676923657576,0.0021521024948697605,0.008556250361878293,1.0,1.0,True,3
MRT,numeric,0.14295464481428105,0.001967014498013768,0.0011735061202110615,0.0057191245440333495,1.0,1.0,False,4
RH,numeric,0.0034558369527280227,0.0032392621561059564,0.00505286653535973,0.004610329453998033,1.0,1.0,False,5
Top,numeric,0.2583906156626027,0.08202072488073119,0.053763035443854246,0.030319610908459256,1.0,1.0,False,6
RATemp,numeric,0.25737310816365094,0.08063706217783727,0.05640492680561219,0.04042325285160094,1.0,1.0,False,7
Air Velo,numeric,0.021045774083030204,0.005952301085790301,0.0038492352225194615,0.0026373690000578986,1.0,1.0,False,8
