Feature,Type,Univariate_Score,Perm_DeltaR2,Perm_DeltaMAE,Perm_DeltaAcc,Combined_Score,Stability_Freq,Selected,Rank
Clothing,categorical,0.36107642774840565,0.0030986388524373376,0.0018219987551371258,0.001587301587301589,1.0,1.0,True,1
Season,categorical,0.0,0.0,0.0,0.0,1.0,1.0,True,2
Activity,categorical,0.0,0.0,0.0,0.0,1.0,1.0,True,3
MRT,numeric,0.041044797892478044,0.02929091056187948,0.019712873299916583,0.017460317460317464,1.0,1.0,False,4
RH,numeric,0.0027651772560393123,0.019923396905263267,0.007302121321360271,0.026873385012919904,1.0,1.0,False,5
Top,numeric,0.06833100609793122,0.03430169423421224,0.022736406326293944,0.028313030638612034,1.0,1.0,False,6
RATemp,numeric,0.018579672702628686,0.016335793336232505,0.007785117626190186,0.007936507936507933,1.0,1.0,False,7
Air Velo,numeric,0.017172946142886843,0.00816361904144287,0.005776198705037434,0.011111111111111113,1.0,1.0,False,8
