Feature,Type,Univariate_Score,Perm_DeltaR2,Perm_DeltaMAE,Perm_DeltaAcc,Combined_Score,Stability_Freq,Selected,Rank
Clothing,categorical,0.39075433617284083,0.0022676837799374535,0.004884317918692742,0.0073059360730593605,1.0,1.0,True,1
Season,categorical,0.3423220618313034,0.3217482775224894,0.18651137761212663,0.07671232876712329,1.0,1.0,True,2
Activity,categorical,0.16546141439178608,0.0017120341226896762,0.0015890965177119075,0.0015981735159817378,1.0,1.0,True,3
MRT,numeric,0.33427764517134434,0.029999852002163863,0.024953167310445834,0.011643835616438359,1.0,1.0,False,4
RH,numeric,0.325604547468956,0.019423653909429194,0.016737929627525967,0.009132420091324204,1.0,1.0,False,5
Top,numeric,0.34820425437285063,0.005189644916427564,0.007400564698576986,0.010502283105022828,1.0,1.0,False,6
RATemp,numeric,0.35396998660550694,0.006294445697614252,0.0070938620915603256,0.008675799086757988,1.0,1.0,False,7
Air Velo,numeric,0.12181591040826834,0.029092972662591123,0.018346737890261117,0.014155251141552517,1.0,1.0,False,8
