Feature,Type,Univariate_Score,Perm_DeltaR2,Perm_DeltaMAE,Perm_DeltaAcc,Combined_Score,Stability_Freq,Selected,Rank
Clothing,categorical,0.39075433617284083,0.0022896567980448404,0.0035259644190470383,0.009817351598173516,1.0,1.0,True,1
Season,categorical,0.3423220618313034,0.03146377404530843,0.023736929893493654,0.01780821917808219,1.0,1.0,True,2
Activity,categorical,0.16546141439178608,0.00063551664352417,0.0004298686981201172,0.0015981735159817413,1.0,1.0,True,3
MRT,numeric,0.33427764517134434,0.2581649541854858,0.1596476912498474,0.0824200913242009,1.0,1.0,False,4
RH,numeric,0.325604547468956,0.04926558335622152,0.035105689366658525,0.02442922374429224,1.0,1.0,False,5
Top,numeric,0.34820425437285063,0.03987280925114949,0.03162001371383667,0.02625570776255708,1.0,1.0,False,6
RATemp,numeric,0.35396998660550694,0.07244976758956909,0.044070478280385336,0.021232876712328767,1.0,1.0,False,7
Air Velo,numeric,0.12181591040826834,0.021655325094858804,0.010955949624379475,0.0075342465753424626,1.0,1.0,False,8
