Feature,Type,Univariate_Score,Perm_DeltaR2,Perm_DeltaMAE,Perm_DeltaAcc,Combined_Score,Stability_Freq,Selected,Rank
Clothing,categorical,0.39075433617284083,0.009447173723882662,0.007401369857253259,0.005707762557077616,1.0,1.0,True,1
Season,categorical,0.3423220618313034,0.06603469966914312,0.044426715252145324,0.02260273972602739,1.0,1.0,True,2
Activity,categorical,0.16546141439178608,0.010441798945787738,0.004855577533851618,0.002968036529680355,1.0,1.0,True,3
MRT,numeric,0.33427764517134434,0.09152723421715206,0.06372688887257105,0.02602739726027396,1.0,1.0,False,4
RH,numeric,0.325604547468956,0.0706360131912564,0.04859128880253652,0.03105022831050226,1.0,1.0,False,5
Top,numeric,0.34820425437285063,0.0896708342033016,0.06387106738585763,0.0372146118721461,1.0,1.0,False,6
RATemp,numeric,0.35396998660550694,0.05673210145270904,0.03794797585060884,0.021917808219178065,1.0,1.0,False,7
Air Velo,numeric,0.12181591040826834,0.05651825891354584,0.03566961407245036,0.009132420091324193,1.0,1.0,False,8
