Feature,Type,Univariate_Score,Perm_DeltaR2,Perm_DeltaMAE,Perm_DeltaAcc,Combined_Score,Stability_Freq,Selected,Rank
Clothing,categorical,0.39075433617284083,0.0,0.0,0.0,1.0,1.0,True,1
Season,categorical,0.3423220618313034,0.012754664359386627,0.00816162382279233,0.0031963470319634757,1.0,1.0,True,2
Activity,categorical,0.16546141439178608,0.0,0.0,0.0,1.0,1.0,True,3
MRT,numeric,0.33427764517134434,0.08613124047885432,0.05431283997683143,0.014611872146118723,1.0,1.0,False,4
RH,numeric,0.325604547468956,0.042038642490447906,0.02881229354894336,0.008904109589041097,1.0,1.0,False,5
Top,numeric,0.34820425437285063,0.03503285031784843,0.024127226805790512,0.008219178082191787,1.0,1.0,False,6
RATemp,numeric,0.35396998660550694,0.02390265999619482,0.01766919759183378,0.005936073059360736,1.0,1.0,False,7
Air Velo,numeric,0.12181591040826834,0.05571006334041735,0.032302586571070324,0.009132420091324204,1.0,1.0,False,8
