Feature,Type,Univariate_Score,Perm_DeltaR2,Perm_DeltaMAE,Perm_DeltaAcc,Combined_Score,Stability_Freq,Selected,Rank
MRT,numeric,0.19961525576076694,0.0024740914279475076,0.02319495399797831,0.04576502732240438,1.0,1.0,True,1
RH,numeric,0.005344435399548221,0.0,0.004379170050340104,0.02289538290963808,1.0,1.0,True,2
Top,numeric,0.22641087588146216,0.13646320278940277,0.07743935333285712,0.05882632454264671,1.0,1.0,True,3
RATemp,numeric,0.2118439991855703,0.038849445348904096,0.04831891159880573,0.06466302367941712,1.0,1.0,False,4
Air Velo,numeric,0.018771042586310023,0.0,0.0007712116901061735,0.007648293339668963,1.0,1.0,False,5
