Feature,Type,Univariate_Score,Perm_DeltaR2,Perm_DeltaMAE,Perm_DeltaAcc,Combined_Score,Stability_Freq,Selected,Rank
MRT,numeric,0.19961525576076694,0.011552913892428414,0.0071452251357468615,0.007986853567751636,1.0,1.0,True,1
RH,numeric,0.005344435399548221,0.0,0.0,0.0,1.0,1.0,True,2
Top,numeric,0.22641087588146216,0.07113934854824946,0.031223766254374154,0.021782687891027157,1.0,1.0,True,3
RATemp,numeric,0.2118439991855703,0.07042100075684045,0.032633431000484894,0.020345291834956838,1.0,1.0,False,4
Air Velo,numeric,0.018771042586310023,0.0,0.0,0.0,1.0,1.0,False,5
