Feature,Type,Univariate_Score,Perm_DeltaR2,Perm_DeltaMAE,Perm_DeltaAcc,Combined_Score,Stability_Freq,Selected,Rank
MRT,numeric,0.19961525576076694,0.048087856633473466,0.03555968225829025,0.04317731844460283,1.0,1.0,True,1
RH,numeric,0.005344435399548221,0.014745835273363424,0.006442538682477172,0.0181496000633563,1.0,1.0,True,2
Top,numeric,0.22641087588146216,0.1975752978198037,0.0912031310927909,0.09440682664132416,1.0,1.0,True,3
RATemp,numeric,0.2118439991855703,0.05828859047086994,0.04547263160824826,0.06830007127583751,1.0,1.0,False,4
Air Velo,numeric,0.018771042586310023,0.01804031088809595,0.00973975715096682,0.011257622554842795,1.0,1.0,False,5
