Feature,Type,Univariate_Score,Perm_DeltaR2,Perm_DeltaMAE,Perm_DeltaAcc,Combined_Score,Stability_Freq,Selected,Rank
MRT,numeric,0.19961525576076694,0.037135660648345954,0.028577860196431475,0.04107072146986615,1.0,1.0,True,1
RH,numeric,0.005344435399548221,0.004306002457936604,0.004211235046386718,0.012336659539082915,1.0,1.0,True,2
Top,numeric,0.22641087588146216,0.3387951016426086,0.1401582598686218,0.09005504078561812,1.0,1.0,True,3
RATemp,numeric,0.2118439991855703,0.0457633376121521,0.039542098840077713,0.06246931179219134,1.0,1.0,False,4
Air Velo,numeric,0.018771042586310023,0.01214832067489624,0.007705533504486084,0.01124178347984477,1.0,1.0,False,5
