Feature,Type,Univariate_Score,Perm_DeltaR2,Perm_DeltaMAE,Perm_DeltaAcc,Combined_Score,Stability_Freq,Selected,Rank
Clothing,categorical,0.13212140341337114,0.006033734480539958,0.004241220156351725,0.0037353077413004496,1.0,1.0,True,1
Season,categorical,0.024364923877041998,0.005131439367930094,0.002443965276082357,0.0008786404956285133,1.0,1.0,True,2
Activity,categorical,0.003723005400763959,0.0013463497161865237,0.0010144631067911783,0.0008793642522146947,1.0,1.0,True,3
MRT,numeric,0.14295464481428105,0.025934946537017823,0.015563015143076578,0.007249869723814487,1.0,1.0,False,4
RH,numeric,0.0034558369527280227,0.006236720085144043,0.004579754670461019,0.0059290139540269775,1.0,1.0,False,5
Top,numeric,0.2583906156626027,0.13423157135645547,0.08495395580927531,0.04063531353135315,1.0,1.0,False,6
RATemp,numeric,0.25737310816365094,0.09005881150563558,0.059556337197621656,0.03427204562561519,1.0,1.0,False,7
Air Velo,numeric,0.021045774083030204,0.0074667692184448246,0.007082835833231609,0.009889409993630941,1.0,1.0,False,8
