Feature,Type,Univariate_Score,Perm_DeltaR2,Perm_DeltaMAE,Perm_DeltaAcc,Combined_Score,Stability_Freq,Selected,Rank
Clothing,categorical,0.36107642774840565,0.002303878466288249,0.0009305675824483236,0.001587301587301589,1.0,1.0,True,1
Season,categorical,0.0,0.0,0.0,0.0,1.0,1.0,True,2
Activity,categorical,0.0,0.0,0.0,0.0,1.0,1.0,True,3
MRT,numeric,0.041044797892478044,0.0417118509610494,0.024102663993835448,0.0253968253968254,1.0,1.0,False,4
RH,numeric,0.0027651772560393123,0.01676748991012573,0.006039853890736897,0.022222222222222227,1.0,1.0,False,5
Top,numeric,0.06833100609793122,0.015279889106750488,0.010986725489298502,0.018826135105204884,1.0,1.0,False,6
RATemp,numeric,0.018579672702628686,0.017946457862854006,0.013313690821329752,0.017460317460317464,1.0,1.0,False,7
Air Velo,numeric,0.017172946142886843,0.016201130549112954,0.013392094771067304,0.014248800295311923,1.0,1.0,False,8
