Feature,Type,Univariate_Score,Perm_DeltaR2,Perm_DeltaMAE,Perm_DeltaAcc,Combined_Score,Stability_Freq,Selected,Rank
Clothing,categorical,0.36107642774840565,0.013389439679658235,0.0026447057035142276,0.011111111111111105,1.0,1.0,True,1
Season,categorical,0.0,1.4802973661668754e-17,7.401486830834377e-18,0.0,1.0,1.0,True,2
Activity,categorical,0.0,7.401486830834377e-18,0.0,0.0,1.0,1.0,True,3
MRT,numeric,0.041044797892478044,0.03086153225975209,0.013735320025540076,0.014174972314507189,1.0,1.0,False,4
RH,numeric,0.0027651772560393123,0.014158799001584699,0.012740628395042041,0.015836101882613505,1.0,1.0,False,5
Top,numeric,0.06833100609793122,0.05296299411399528,0.03278966826972157,0.036286452565522334,1.0,1.0,False,6
RATemp,numeric,0.018579672702628686,0.006734463123852627,0.009337051042067687,0.025322997416020655,1.0,1.0,False,7
Air Velo,numeric,0.017172946142886843,0.016377500312331466,0.008707270157511604,0.012476928755998516,1.0,1.0,False,8
