Feature,Type,Univariate_Score,Perm_DeltaR2,Perm_DeltaMAE,Perm_DeltaAcc,Combined_Score,Stability_Freq,Selected,Rank
Clothing,categorical,0.36107642774840565,0.0018674398093795487,0.0007748085155088921,0.001550387596899224,1.0,1.0,True,1
Season,categorical,0.0,0.0,0.0,0.0,1.0,1.0,True,2
Activity,categorical,0.0,0.0,0.0,0.0,1.0,1.0,True,3
MRT,numeric,0.041044797892478044,0.027292820117458365,0.02357335682191375,0.02827611664820967,1.0,1.0,False,4
RH,numeric,0.0027651772560393123,0.019557722619326822,0.009501945877491758,0.025359911406423036,1.0,1.0,False,5
Top,numeric,0.06833100609793122,0.03286936179264844,0.02035146647959545,0.020561092654115914,1.0,1.0,False,6
RATemp,numeric,0.018579672702628686,0.02711157894219427,0.018305423265712585,0.044186046511627906,1.0,1.0,False,7
Air Velo,numeric,0.017172946142886843,0.008110953613104002,0.005404166815695636,0.02849760059062385,1.0,1.0,False,8
