Feature,Type,Univariate_Score,Perm_DeltaR2,Perm_DeltaMAE,Perm_DeltaAcc,Combined_Score,Stability_Freq,Selected,Rank
Clothing,categorical,0.13212140341337114,0.019351170925226677,0.012331599850876373,0.01734193156157721,1.0,1.0,True,1
Season,categorical,0.024364923877041998,0.028631066705146847,0.017294792931911076,0.006804759423310755,1.0,1.0,True,2
Activity,categorical,0.003723005400763959,0.0027261115068523355,0.003616427608308085,0.010317150136066247,1.0,1.0,True,3
MRT,numeric,0.14295464481428105,0.0028230913347466746,0.0018644469448052387,0.005720572057205716,1.0,1.0,False,4
RH,numeric,0.0034558369527280227,0.0016747186108891031,0.0033258634346916118,0.004169561693011404,1.0,1.0,False,5
Top,numeric,0.2583906156626027,0.07314272173111777,0.050695319360430466,0.03623921602686585,1.0,1.0,False,6
RATemp,numeric,0.25737310816365094,0.08213084733774732,0.05404116551454099,0.0443597649238608,1.0,1.0,False,7
Air Velo,numeric,0.021045774083030204,0.003929427779172238,0.004461713717285291,0.00636905795842742,1.0,1.0,False,8
