Feature,Type,Univariate_Score,Perm_DeltaR2,Perm_DeltaMAE,Perm_DeltaAcc,Combined_Score,Stability_Freq,Selected,Rank
Clothing,categorical,0.13212140341337114,0.004300471653082657,0.0028014876917495787,0.0032923687105552678,1.0,1.0,True,1
Season,categorical,0.024364923877041998,0.017139067431844606,0.013665941493054914,0.008338399629436628,1.0,1.0,True,2
Activity,categorical,0.003723005400763959,0.0031717447030234673,0.0022426664313663176,0.004398992530832043,1.0,1.0,True,3
MRT,numeric,0.14295464481428105,0.026266391704721705,0.017979444297071736,0.019760726072607267,1.0,1.0,False,4
RH,numeric,0.0034558369527280227,0.014334319952960311,0.009868718060669586,0.012732325864165367,1.0,1.0,False,5
Top,numeric,0.2583906156626027,0.10783015719854731,0.07303079069352371,0.04764779109489896,1.0,1.0,False,6
RATemp,numeric,0.25737310816365094,0.10793221636372943,0.07693957912242051,0.05600283712581784,1.0,1.0,False,7
Air Velo,numeric,0.021045774083030204,0.006156756712859572,0.005650522024332715,0.010755746627294307,1.0,1.0,False,8
