Feature,Type,Univariate_Score,Perm_DeltaR2,Perm_DeltaMAE,Perm_DeltaAcc,Combined_Score,Stability_Freq,Selected,Rank
Clothing,categorical,0.39075433617284083,0.00739894208038141,0.006545121425239139,0.0070776255707762385,1.0,1.0,True,1
Season,categorical,0.3423220618313034,0.05747969191844839,0.03748775443527226,0.018493150684931493,1.0,1.0,True,2
Activity,categorical,0.16546141439178608,0.011764167257487737,0.007116654625455077,0.006621004566210035,1.0,1.0,True,3
MRT,numeric,0.33427764517134434,0.09579581374581209,0.06757271643076737,0.035844748858447475,1.0,1.0,False,4
RH,numeric,0.325604547468956,0.07214870028030887,0.04902421594275148,0.031050228310502276,1.0,1.0,False,5
Top,numeric,0.34820425437285063,0.09574370590354558,0.06956963411843173,0.03835616438356162,1.0,1.0,False,6
RATemp,numeric,0.35396998660550694,0.053142541220089615,0.03331221288814202,0.021232876712328746,1.0,1.0,False,7
Air Velo,numeric,0.12181591040826834,0.05491633042572961,0.03556992937588182,0.013926940639269395,1.0,1.0,False,8
