Feature,Type,Univariate_Score,Perm_DeltaR2,Perm_DeltaMAE,Perm_DeltaAcc,Combined_Score,Stability_Freq,Selected,Rank
Clothing,categorical,0.39075433617284083,0.0,0.0,0.0,1.0,1.0,True,1
Season,categorical,0.3423220618313034,0.012939630478694055,0.009042110831781393,0.003424657534246574,1.0,1.0,True,2
Activity,categorical,0.16546141439178608,0.0,0.0,0.0,1.0,1.0,True,3
MRT,numeric,0.33427764517134434,0.08580856599434852,0.054207850657153965,0.012328767123287676,1.0,1.0,False,4
RH,numeric,0.325604547468956,0.04154559010651237,0.028316515361840155,0.008219178082191787,1.0,1.0,False,5
Top,numeric,0.34820425437285063,0.035882597710741815,0.024325739283201184,0.0020547945205479532,1.0,1.0,False,6
RATemp,numeric,0.35396998660550694,0.024772541064853923,0.0181859894295086,0.0036529680365296837,1.0,1.0,False,7
Air Velo,numeric,0.12181591040826834,0.06169901602998771,0.0338173331983483,0.002283105022831048,1.0,1.0,False,8
