Feature,Type,Univariate_Score,Perm_DeltaR2,Perm_DeltaMAE,Perm_DeltaAcc,Combined_Score,Stability_Freq,Selected,Rank
Clothing,categorical,0.39075433617284083,0.004137460390726726,0.0036702235539754235,0.014611872146118723,1.0,1.0,True,1
Season,categorical,0.3423220618313034,0.038977682590484626,0.027589182058970135,0.019863013698630135,1.0,1.0,True,2
Activity,categorical,0.16546141439178608,0.000557112693786621,0.0003691832224527995,0.0018264840182648436,1.0,1.0,True,3
MRT,numeric,0.33427764517134434,0.2610600352287292,0.1603803038597107,0.08926940639269407,1.0,1.0,False,4
RH,numeric,0.325604547468956,0.04864384730656942,0.03498455286026001,0.024657534246575345,1.0,1.0,False,5
Top,numeric,0.34820425437285063,0.038515535990397136,0.03144116401672363,0.022374429223744295,1.0,1.0,False,6
RATemp,numeric,0.35396998660550694,0.06399478912353515,0.043682734171549484,0.02100456621004566,1.0,1.0,False,7
Air Velo,numeric,0.12181591040826834,0.02500707705815633,0.013549474875132242,0.009132420091324204,1.0,1.0,False,8
