Feature,Type,Univariate_Score,Perm_DeltaR2,Perm_DeltaMAE,Perm_DeltaAcc,Combined_Score,Stability_Freq,Selected,Rank
Clothing,categorical,0.39075433617284083,0.004742160128998722,0.006398793407594654,0.013470319634703192,1.0,1.0,True,1
Season,categorical,0.3423220618313034,0.2998996806637298,0.176112189862275,0.07990867579908675,1.0,1.0,True,2
Activity,categorical,0.16546141439178608,0.003937365563055609,0.002309985148167308,0.0009132420091324164,1.0,1.0,True,3
MRT,numeric,0.33427764517134434,0.027906338479518268,0.026363237494535056,0.015525114155251143,1.0,1.0,False,4
RH,numeric,0.325604547468956,0.017632755263695343,0.016137655918620316,0.010730593607305938,1.0,1.0,False,5
Top,numeric,0.34820425437285063,0.012369135454466088,0.012645842142559585,0.010730593607305942,1.0,1.0,False,6
RATemp,numeric,0.35396998660550694,0.0068711230087140866,0.007623843620375936,0.012100456621004568,1.0,1.0,False,7
Air Velo,numeric,0.12181591040826834,0.02602114706661781,0.015738291619145965,0.0091324200913242,1.0,1.0,False,8
