Feature,Type,Univariate_Score,Perm_DeltaR2,Perm_DeltaMAE,Perm_DeltaAcc,Combined_Score,Stability_Freq,Selected,Rank
MRT,numeric,0.19961525576076694,0.013402009918369543,0.0077789439600009615,0.01197236081412845,1.0,1.0,True,1
RH,numeric,0.005344435399548221,0.0,0.0,0.0,1.0,1.0,True,2
Top,numeric,0.22641087588146216,0.07141160454031655,0.030070388146023398,0.01416607270135424,1.0,1.0,True,3
RATemp,numeric,0.2118439991855703,0.06970680721626528,0.03056040230672603,0.020703650906787035,1.0,1.0,False,4
Air Velo,numeric,0.018771042586310023,0.0,0.0,0.0,1.0,1.0,False,5
