Feature,Type,Univariate_Score,Perm_DeltaR2,Perm_DeltaMAE,Perm_DeltaAcc,Combined_Score,Stability_Freq,Selected,Rank
MRT,numeric,0.19961525576076694,0.0068832497735085065,0.026548575239046118,0.053011404133998574,1.0,1.0,True,1
RH,numeric,0.005344435399548221,0.0,0.004425634457567414,0.026158232359230222,1.0,1.0,True,2
Top,numeric,0.22641087588146216,0.14931367409546698,0.0850449345762234,0.08132771046170903,1.0,1.0,True,3
RATemp,numeric,0.2118439991855703,0.027720726348039508,0.04135736302953348,0.06720915498534884,1.0,1.0,False,4
Air Velo,numeric,0.018771042586310023,0.0,0.0003838543324123478,0.00872139067078483,1.0,1.0,False,5
