Feature,Type,Univariate_Score,Perm_DeltaR2,Perm_DeltaMAE,Perm_DeltaAcc,Combined_Score,Stability_Freq,Selected,Rank
MRT,numeric,0.19961525576076694,0.043885060151418055,0.03234370152155558,0.03815237190148094,1.0,1.0,True,1
RH,numeric,0.005344435399548221,0.005108813444773356,0.004831107457478841,0.012712837570285889,1.0,1.0,True,2
Top,numeric,0.22641087588146216,0.3004476229349772,0.12493747870127361,0.09187455452601567,1.0,1.0,True,3
RATemp,numeric,0.2118439991855703,0.04361754258473714,0.038697183132171624,0.058477864892690266,1.0,1.0,False,4
Air Velo,numeric,0.018771042586310023,0.00992679198582967,0.004716233412424723,0.012708877801536383,1.0,1.0,False,5
