Feature,Type,Univariate_Score,Perm_DeltaR2,Perm_DeltaMAE,Perm_DeltaAcc,Combined_Score,Stability_Freq,Selected,Rank
MRT,numeric,0.19961525576076694,0.043802253166506315,0.03506111407766528,0.04501069137562367,1.0,1.0,True,1
RH,numeric,0.005344435399548221,0.015357966778832322,0.0073876236825021575,0.01851785855706027,1.0,1.0,True,2
Top,numeric,0.22641087588146216,0.20409804666170617,0.08855483714062265,0.07188762176288906,1.0,1.0,True,3
RATemp,numeric,0.2118439991855703,0.07427999288221662,0.049903426443991636,0.06245347271719333,1.0,1.0,False,4
Air Velo,numeric,0.018771042586310023,0.010657767877526623,0.007022150239857476,0.008339272986457591,1.0,1.0,False,5
