Feature,Type,Univariate_Score,Perm_DeltaR2,Perm_DeltaMAE,Perm_DeltaAcc,Combined_Score,Stability_Freq,Selected,Rank
Clothing,categorical,0.13212140341337114,0.018132219767326138,0.01602319146536233,0.02568322621735857,1.0,1.0,True,1
Season,categorical,0.024364923877041998,0.021540448957547698,0.012795559084248898,0.0072505934804006755,1.0,1.0,True,2
Activity,categorical,0.003723005400763959,0.0016774259203328422,0.0032667378161168755,0.009437062127265361,1.0,1.0,True,3
MRT,numeric,0.14295464481428105,0.004403537059525172,0.0031608025444143243,0.00681778704186208,1.0,1.0,False,4
RH,numeric,0.0034558369527280227,0.0025358959593905516,0.0036383301356037066,0.003735307741300446,1.0,1.0,False,5
Top,numeric,0.2583906156626027,0.08310780805063019,0.056118113728341815,0.035592177638816516,1.0,1.0,False,6
RATemp,numeric,0.25737310816365094,0.06881092800796809,0.042832721733672224,0.03339051010364194,1.0,1.0,False,7
Air Velo,numeric,0.021045774083030204,0.0013181178213476086,0.002536505539217574,0.002636645243471721,1.0,1.0,False,8
