Feature,Type,Univariate_Score,Perm_DeltaR2,Perm_DeltaMAE,Perm_DeltaAcc,Combined_Score,Stability_Freq,Selected,Rank
Clothing,categorical,0.36107642774840565,0.004132684071858723,0.0013886610666910806,0.0031746031746031746,1.0,1.0,True,1
Season,categorical,0.0,0.0,0.0,0.0,1.0,1.0,True,2
Activity,categorical,0.0,0.0,0.0,0.0,1.0,1.0,True,3
MRT,numeric,0.041044797892478044,0.04638954003651937,0.02737637758255005,0.02694721299372462,1.0,1.0,False,4
RH,numeric,0.0027651772560393123,0.01628706852595011,0.005853033065795899,0.022185308231819863,1.0,1.0,False,5
Top,numeric,0.06833100609793122,0.02579257885615031,0.01781436602274577,0.017349575489110376,1.0,1.0,False,6
RATemp,numeric,0.018579672702628686,0.014365625381469727,0.008992147445678712,0.019047619047619053,1.0,1.0,False,7
Air Velo,numeric,0.017172946142886843,0.023202653725941977,0.012473050753275554,0.01746031746031746,1.0,1.0,False,8
