Feature,Type,Univariate_Score,Perm_DeltaR2,Perm_DeltaMAE,Perm_DeltaAcc,Combined_Score,Stability_Freq,Selected,Rank
Clothing,categorical,0.36107642774840565,0.001455869686713148,0.0004852214466835184,0.004688076781100041,1.0,1.0,True,1
Season,categorical,0.0,0.0,0.0,0.0,1.0,1.0,True,2
Activity,categorical,0.0,0.0,0.0,0.0,1.0,1.0,True,3
MRT,numeric,0.041044797892478044,0.04689608673693899,0.03090055145107696,0.03621262458471761,1.0,1.0,False,4
RH,numeric,0.0027651772560393123,0.01426391286511781,0.009597751481032622,0.025359911406423036,1.0,1.0,False,5
Top,numeric,0.06833100609793122,0.03328682467158351,0.024047525724138256,0.02982650424510889,1.0,1.0,False,6
RATemp,numeric,0.018579672702628686,0.014867832059761646,0.014822034716299028,0.036212624584717606,1.0,1.0,False,7
Air Velo,numeric,0.017172946142886843,0.018552389910642883,0.008346260571285551,0.022148394241417495,1.0,1.0,False,8
