Feature,Type,Univariate_Score,Perm_DeltaR2,Perm_DeltaMAE,Perm_DeltaAcc,Combined_Score,Stability_Freq,Selected,Rank
Clothing,categorical,0.13212140341337114,0.0029165908266064544,0.0016201373606479518,0.003950987203983559,1.0,1.0,True,1
Season,categorical,0.024364923877041998,0.0169951534696543,0.013491094456151376,0.00899484685310636,1.0,1.0,True,2
Activity,categorical,0.003723005400763959,0.0034800163052796985,0.0027823778090464288,0.0048346939957153705,1.0,1.0,True,3
MRT,numeric,0.14295464481428105,0.02561913667029808,0.01642553410906459,0.02063647154189104,1.0,1.0,False,4
RH,numeric,0.0034558369527280227,0.009894886899226091,0.007489979984138392,0.013390220601007474,1.0,1.0,False,5
Top,numeric,0.2583906156626027,0.09967037490524716,0.06671348208922148,0.04281526836894216,1.0,1.0,False,6
RATemp,numeric,0.25737310816365094,0.11890144550873213,0.07187793240091114,0.03756151930982572,1.0,1.0,False,7
Air Velo,numeric,0.021045774083030204,0.008363925532118534,0.008411619953528082,0.012738115916854836,1.0,1.0,False,8
