Feature,Type,Univariate_Score,Perm_DeltaR2,Perm_DeltaMAE,Perm_DeltaAcc,Combined_Score,Stability_Freq,Selected,Rank
Clothing,categorical,0.36107642774840565,0.03862888116585465,0.01535611563835646,0.014285714285714277,1.0,1.0,True,1
Season,categorical,0.0,0.0,0.0,0.0,1.0,1.0,True,2
Activity,categorical,0.0,2.960594732333751e-17,0.0,0.0,1.0,1.0,True,3
MRT,numeric,0.041044797892478044,0.016919049967092224,0.009765976269168673,0.022074566260612764,1.0,1.0,False,4
RH,numeric,0.0027651772560393123,0.014422660147582556,0.012497423183162812,0.012661498708010328,1.0,1.0,False,5
Top,numeric,0.06833100609793122,0.05821524148103206,0.031611879754235496,0.01886304909560723,1.0,1.0,False,6
RATemp,numeric,0.018579672702628686,0.017800086211263562,0.016758197464560896,0.030047988187523068,1.0,1.0,False,7
Air Velo,numeric,0.017172946142886843,0.025460956739055945,0.01000493944326104,0.014211886304909549,1.0,1.0,False,8
