Feature,Type,Univariate_Score,Perm_DeltaR2,Perm_DeltaMAE,Perm_DeltaAcc,Combined_Score,Stability_Freq,Selected,Rank
Clothing,categorical,0.13212140341337114,0.004422263304392497,0.004462571938832601,0.004828903943025875,1.0,1.0,True,1
Season,categorical,0.024364923877041998,0.008444778124491374,0.004004625479380289,0.000878640495628517,1.0,1.0,True,2
Activity,categorical,0.003723005400763959,0.001088261604309082,0.0008917490641276041,0.0010979387412425508,1.0,1.0,True,3
MRT,numeric,0.14295464481428105,0.01942138671875,0.014252261320749918,0.008349979734815587,1.0,1.0,False,4
RH,numeric,0.0034558369527280227,0.004112939039866129,0.0031929651896158854,0.007909935730415148,1.0,1.0,False,5
Top,numeric,0.2583906156626027,0.13937878211339316,0.08780749241511028,0.043943604886804474,1.0,1.0,False,6
RATemp,numeric,0.25737310816365094,0.09065198500951131,0.058333945274353025,0.026575618088124597,1.0,1.0,False,7
Air Velo,numeric,0.021045774083030204,0.005359872182210287,0.00545801321665446,0.0041702854495975885,1.0,1.0,False,8
