Feature,Type,Univariate_Score,Perm_DeltaR2,Perm_DeltaMAE,Perm_DeltaAcc,Combined_Score,Stability_Freq,Selected,Rank
Clothing,categorical,0.39075433617284083,0.0,0.0,0.0,1.0,1.0,True,1
Season,categorical,0.3423220618313034,0.012403399530338657,0.008603666908420873,0.0034246575342465856,1.0,1.0,True,2
Activity,categorical,0.16546141439178608,0.0,0.0,0.0,1.0,1.0,True,3
MRT,numeric,0.33427764517134434,0.07690563806550513,0.04847949157489416,0.014383561643835616,1.0,1.0,False,4
RH,numeric,0.325604547468956,0.04212595341858818,0.02942455498008918,0.008675799086758,1.0,1.0,False,5
Top,numeric,0.34820425437285063,0.03494579102212704,0.025244013747529954,0.0009132420091324236,1.0,1.0,False,6
RATemp,numeric,0.35396998660550694,0.023955312825825983,0.01735825491633088,0.0025114155251141617,1.0,1.0,False,7
Air Velo,numeric,0.12181591040826834,0.05791537787745939,0.03341530273049019,0.006164383561643842,1.0,1.0,False,8
