Feature,Type,Univariate_Score,Perm_DeltaR2,Perm_DeltaMAE,Perm_DeltaAcc,Combined_Score,Stability_Freq,Selected,Rank
Clothing,categorical,0.39075433617284083,0.006064653396606445,0.005849031607309978,0.013242009132420091,1.0,1.0,True,1
Season,categorical,0.3423220618313034,0.03529080152511597,0.022674580415089924,0.013926940639269405,1.0,1.0,True,2
Activity,categorical,0.16546141439178608,0.0005874077479044597,0.0005073984464009603,0.0031963470319634757,1.0,1.0,True,3
MRT,numeric,0.33427764517134434,0.2483712077140808,0.1522791028022766,0.07488584474885845,1.0,1.0,False,4
RH,numeric,0.325604547468956,0.05351743300755819,0.03978513876597086,0.031050228310502283,1.0,1.0,False,5
Top,numeric,0.34820425437285063,0.037162498633066816,0.03012719949086507,0.025570776255707767,1.0,1.0,False,6
RATemp,numeric,0.35396998660550694,0.06290741761525472,0.04117176532745361,0.018949771689497706,1.0,1.0,False,7
Air Velo,numeric,0.12181591040826834,0.024208768208821615,0.012844431400299072,0.007305936073059352,1.0,1.0,False,8
