Feature,Type,Univariate_Score,Perm_DeltaR2,Perm_DeltaMAE,Perm_DeltaAcc,Combined_Score,Stability_Freq,Selected,Rank
Clothing,categorical,0.39075433617284083,0.0026334352084976436,0.005990739773957062,0.008447488584474883,1.0,1.0,True,1
Season,categorical,0.3423220618313034,0.2977489947325057,0.17992854935908112,0.08926940639269407,1.0,1.0,True,2
Activity,categorical,0.16546141439178608,0.00290530483939316,0.001979611289892591,0.0013698630136986319,1.0,1.0,True,3
MRT,numeric,0.33427764517134434,0.030012152991143022,0.02361738821043316,0.008219178082191783,1.0,1.0,False,4
RH,numeric,0.325604547468956,0.022669012496322073,0.01910337798539514,0.013698630136986304,1.0,1.0,False,5
Top,numeric,0.34820425437285063,0.010750693744733237,0.010247055731968477,0.009817351598173518,1.0,1.0,False,6
RATemp,numeric,0.35396998660550694,0.005839332236464786,0.006775929899965613,0.00867579908675799,1.0,1.0,False,7
Air Velo,numeric,0.12181591040826834,0.02716625623045461,0.017139432836018754,0.012100456621004561,1.0,1.0,False,8
