Feature,Type,Univariate_Score,Perm_DeltaR2,Perm_DeltaMAE,Perm_DeltaAcc,Combined_Score,Stability_Freq,Selected,Rank
Clothing,categorical,0.39075433617284083,0.007833841991872158,0.006864983403789731,0.010273972602739703,1.0,1.0,True,1
Season,categorical,0.3423220618313034,0.057237037213217844,0.03862897193287844,0.015981735159817344,1.0,1.0,True,2
Activity,categorical,0.16546141439178608,0.009743147812824777,0.004306356583185796,0.0025114155251141543,1.0,1.0,True,3
MRT,numeric,0.33427764517134434,0.09362140455695907,0.06414500928811814,0.02602739726027396,1.0,1.0,False,4
RH,numeric,0.325604547468956,0.06665302129759362,0.04596412488459996,0.032648401826484,1.0,1.0,False,5
Top,numeric,0.34820425437285063,0.08715484506724362,0.0635379381376964,0.039269406392694044,1.0,1.0,False,6
RATemp,numeric,0.35396998660550694,0.0537295239390065,0.038131544689663704,0.028538812785388112,1.0,1.0,False,7
Air Velo,numeric,0.12181591040826834,0.053682368187834804,0.033926160650562136,0.011872146118721453,1.0,1.0,False,8
