Feature,Type,Univariate_Score,Perm_DeltaR2,Perm_DeltaMAE,Perm_DeltaAcc,Combined_Score,Stability_Freq,Selected,Rank
MRT,numeric,0.19961525576076694,0.04952833664036064,0.03768878455339089,0.04936049734695495,1.0,1.0,True,1
RH,numeric,0.005344435399548221,0.011939255487628848,0.005452660359545962,0.02360814128454899,1.0,1.0,True,2
Top,numeric,0.22641087588146216,0.19805229364174065,0.09463321303561192,0.08715451017660569,1.0,1.0,True,3
RATemp,numeric,0.2118439991855703,0.06010406592499482,0.04496993996419117,0.06136849607982894,1.0,1.0,False,4
Air Velo,numeric,0.018771042586310023,0.018076361827405265,0.010684610573297615,0.008709511364536312,1.0,1.0,False,5
