Feature,Type,Univariate_Score,Perm_DeltaR2,Perm_DeltaMAE,Perm_DeltaAcc,Combined_Score,Stability_Freq,Selected,Rank
MRT,numeric,0.19961525576076694,0.008238275558093866,0.02695747350920135,0.046133285816108344,1.0,1.0,True,1
RH,numeric,0.005344435399548221,0.0,0.006110917325834679,0.026510651777936173,1.0,1.0,True,2
Top,numeric,0.22641087588146216,0.13509614412540244,0.07902822918328176,0.06824661439771917,1.0,1.0,True,3
RATemp,numeric,0.2118439991855703,0.02357401548635245,0.041888465152808446,0.06466302367941713,1.0,1.0,False,4
Air Velo,numeric,0.018771042586310023,0.0,0.0017958565337578448,0.009461867426942265,1.0,1.0,False,5
