Feature,Type,Univariate_Score,Perm_DeltaR2,Perm_DeltaMAE,Perm_DeltaAcc,Combined_Score,Stability_Freq,Selected,Rank
MRT,numeric,0.19961525576076694,0.0435407280921936,0.031972614924112956,0.03451928407381008,1.0,1.0,True,1
RH,numeric,0.005344435399548221,0.011347564061482749,0.006419070561726888,0.015981626673002288,1.0,1.0,True,2
Top,numeric,0.22641087588146216,0.31147220929463704,0.12812390327453616,0.07879741823077532,1.0,1.0,True,3
RATemp,numeric,0.2118439991855703,0.04738289912541708,0.04011099735895792,0.06176843272352894,1.0,1.0,False,4
Air Velo,numeric,0.018771042586310023,0.014541093508402506,0.0075052142143249515,0.00943414904569572,1.0,1.0,False,5
