Feature,Type,Univariate_Score,Perm_DeltaR2,Perm_DeltaMAE,Perm_DeltaAcc,Combined_Score,Stability_Freq,Selected,Rank
MRT,numeric,0.19961525576076694,0.014022610846673556,0.008051589054769541,0.014534331195058203,1.0,1.0,True,1
RH,numeric,0.005344435399548221,0.0,0.0,0.0,1.0,1.0,True,2
Top,numeric,0.22641087588146216,0.07255173994086161,0.03266256559830569,0.019979013225627625,1.0,1.0,True,3
RATemp,numeric,0.2118439991855703,0.07465279389459084,0.03307552344680243,0.022542963490932127,1.0,1.0,False,4
Air Velo,numeric,0.018771042586310023,0.0,0.0,0.0,1.0,1.0,False,5
