Feature,Type,Univariate_Score,Perm_DeltaR2,Perm_DeltaMAE,Perm_DeltaAcc,Combined_Score,Stability_Freq,Selected,Rank
Clothing,categorical,0.36107642774840565,0.021420012422985604,0.00784669104196738,0.006312292358803984,1.0,1.0,True,1
Season,categorical,0.0,3.700743415417188e-17,2.2204460492503132e-17,0.0,1.0,1.0,True,2
Activity,categorical,0.0,4.4408920985006264e-17,1.4802973661668754e-17,0.0,1.0,1.0,True,3
MRT,numeric,0.041044797892478044,0.02304542611057772,0.015717742330490607,0.01738648947951273,1.0,1.0,False,4
RH,numeric,0.0027651772560393123,0.03076762044976892,0.016149654852120283,0.017386489479512723,1.0,1.0,False,5
Top,numeric,0.06833100609793122,0.05751382442570811,0.03811743886224274,0.03492063492063491,1.0,1.0,False,6
RATemp,numeric,0.018579672702628686,0.012347342084716256,0.00963074678779956,0.026799557032115156,1.0,1.0,False,7
Air Velo,numeric,0.017172946142886843,0.03180759958906725,0.012734617781073617,0.01255075673680324,1.0,1.0,False,8
