Feature,Type,Univariate_Score,Perm_DeltaR2,Perm_DeltaMAE,Perm_DeltaAcc,Combined_Score,Stability_Freq,Selected,Rank
Clothing,categorical,0.13212140341337114,0.00498885711034139,0.004456750551859538,0.005488969949626536,1.0,1.0,True,1
Season,categorical,0.024364923877041998,0.007318520545959472,0.0035038987795511884,0.0006578947368421054,1.0,1.0,True,2
Activity,categorical,0.003723005400763959,0.0011069178581237793,0.0008532087008158365,0.00043859649122807154,1.0,1.0,True,3
MRT,numeric,0.14295464481428105,0.019870038827260336,0.01406682332356771,0.006817063285275893,1.0,1.0,False,4
RH,numeric,0.0034558369527280227,0.003915850321451823,0.0025587081909179688,0.00878061490359562,1.0,1.0,False,5
Top,numeric,0.2583906156626027,0.1459562341372172,0.09033110141754151,0.04086112558624283,1.0,1.0,False,6
RATemp,numeric,0.25737310816365094,0.084509805838267,0.05783592859903971,0.032524173469978566,1.0,1.0,False,7
Air Velo,numeric,0.021045774083030204,0.008776382605234782,0.006011215845743816,0.005708991951826758,1.0,1.0,False,8
