Feature,Type,Univariate_Score,Perm_DeltaR2,Perm_DeltaMAE,Perm_DeltaAcc,Combined_Score,Stability_Freq,Selected,Rank
Clothing,categorical,0.13212140341337114,0.003229706056240563,0.0021200316330646897,0.003732412714955702,1.0,1.0,True,1
Season,categorical,0.024364923877041998,0.020971528238770867,0.014479752424699247,0.0074597591338081155,1.0,1.0,True,2
Activity,categorical,0.003723005400763959,0.003500987451409373,0.003261765360039681,0.0046168432632737065,1.0,1.0,True,3
MRT,numeric,0.14295464481428105,0.03020518427939105,0.02073837630230311,0.026132679057379416,1.0,1.0,False,4
RH,numeric,0.0034558369527280227,0.010290463647823852,0.008118959194826709,0.0111979619014533,1.0,1.0,False,5
Top,numeric,0.2583906156626027,0.09445271567384868,0.06579901221226814,0.04522682531411036,1.0,1.0,False,6
RATemp,numeric,0.25737310816365094,0.10893850449232798,0.07362376343956531,0.0584122228012275,1.0,1.0,False,7
Air Velo,numeric,0.021045774083030204,0.00727081124004479,0.006482049708464266,0.011202304440970414,1.0,1.0,False,8
