Feature,Type,Univariate_Score,Perm_DeltaR2,Perm_DeltaMAE,Perm_DeltaAcc,Combined_Score,Stability_Freq,Selected,Rank
Clothing,categorical,0.36107642774840565,0.0010402751914278124,0.000813540599239119,0.00789959394610558,1.0,1.0,True,1
Season,categorical,0.0,0.0,0.0,0.0,1.0,1.0,True,2
Activity,categorical,0.0,0.0,0.0,0.0,1.0,1.0,True,3
MRT,numeric,0.041044797892478044,0.04862378909395511,0.030077798122094622,0.044149132521225556,1.0,1.0,False,4
RH,numeric,0.0027651772560393123,0.011532369877174098,0.005710379422011898,0.017349575489110376,1.0,1.0,False,5
Top,numeric,0.06833100609793122,0.01318805671331642,0.015309957477497855,0.026688815060908096,1.0,1.0,False,6
RATemp,numeric,0.018579672702628686,0.012894328630158774,0.009990732191962264,0.023698781838316724,1.0,1.0,False,7
Air Velo,numeric,0.017172946142886843,0.021473776129747088,0.011735383742927308,0.02694721299372463,1.0,1.0,False,8
