Feature,Type,Univariate_Score,Perm_DeltaR2,Perm_DeltaMAE,Perm_DeltaAcc,Combined_Score,Stability_Freq,Selected,Rank
Clothing,categorical,0.13212140341337114,0.021333155044980415,0.01577543738114221,0.01491807075444386,1.0,1.0,True,1
Season,categorical,0.024364923877041998,0.02419537253549474,0.01465183276534492,0.004829627699612075,1.0,1.0,True,2
Activity,categorical,0.003723005400763959,0.0019271471103566196,0.0030915499342015836,0.006589079960627649,1.0,1.0,True,3
MRT,numeric,0.14295464481428105,0.004087858483771919,0.001513813995662024,0.0061591685484337876,1.0,1.0,False,4
RH,numeric,0.0034558369527280227,0.0022080538820422454,0.002961404735485873,0.00307162295176886,1.0,1.0,False,5
Top,numeric,0.2583906156626027,0.09875224870575006,0.0594278634241075,0.0333782062416768,1.0,1.0,False,6
RATemp,numeric,0.25737310816365094,0.09337301320191596,0.05556534517871461,0.03821869029008164,1.0,1.0,False,7
Air Velo,numeric,0.021045774083030204,0.0019363836852567483,0.0030446488109275712,0.005930461467199352,1.0,1.0,False,8
