Feature,Type,Univariate_Score,Perm_DeltaR2,Perm_DeltaMAE,Perm_DeltaAcc,Combined_Score,Stability_Freq,Selected,Rank
Clothing,categorical,0.36107642774840565,0.00560373862584432,0.001916452248891195,0.0031746031746031746,1.0,1.0,True,1
Season,categorical,0.0,0.0,0.0,0.0,1.0,1.0,True,2
Activity,categorical,0.0,0.0,0.0,0.0,1.0,1.0,True,3
MRT,numeric,0.041044797892478044,0.0543114463488261,0.0269753098487854,0.02857142857142857,1.0,1.0,False,4
RH,numeric,0.0027651772560393123,0.012325672308603921,0.0043091853459676106,0.017386489479512733,1.0,1.0,False,5
Top,numeric,0.06833100609793122,0.028589602311452234,0.019786830743153887,0.023477297895902555,1.0,1.0,False,6
RATemp,numeric,0.018579672702628686,0.018609317143758138,0.01300139824549357,0.019047619047619046,1.0,1.0,False,7
Air Velo,numeric,0.017172946142886843,0.011160250504811606,0.009163252512613932,0.011111111111111112,1.0,1.0,False,8
