Feature,Type,Univariate_Score,Perm_DeltaR2,Perm_DeltaMAE,Perm_DeltaAcc,Combined_Score,Stability_Freq,Selected,Rank
Clothing,categorical,0.39075433617284083,0.008523878366271583,0.006834897922078831,0.006849315068493141,1.0,1.0,True,1
Season,categorical,0.3423220618313034,0.06005002032256608,0.04182496801695983,0.018949771689497713,1.0,1.0,True,2
Activity,categorical,0.16546141439178608,0.013364718773172735,0.007510957424269564,0.004794520547945202,1.0,1.0,True,3
MRT,numeric,0.33427764517134434,0.08650530586379926,0.06131683159942055,0.03401826484018264,1.0,1.0,False,4
RH,numeric,0.325604547468956,0.06861411453942798,0.04611154340812442,0.02671232876712327,1.0,1.0,False,5
Top,numeric,0.34820425437285063,0.09927102046786812,0.07103920786281341,0.04337899543378994,1.0,1.0,False,6
RATemp,numeric,0.35396998660550694,0.062103229520959743,0.04044111393140831,0.028310502283105006,1.0,1.0,False,7
Air Velo,numeric,0.12181591040826834,0.06022842479578124,0.03627225656590245,0.008904109589041084,1.0,1.0,False,8
