Feature,Type,Univariate_Score,Perm_DeltaR2,Perm_DeltaMAE,Perm_DeltaAcc,Combined_Score,Stability_Freq,Selected,Rank
Clothing,categorical,0.39075433617284083,0.0,0.0,0.0,1.0,1.0,True,1
Season,categorical,0.3423220618313034,0.012033428411060485,0.008294892010533957,0.002511415525114158,1.0,1.0,True,2
Activity,categorical,0.16546141439178608,0.0,0.0,0.0,1.0,1.0,True,3
MRT,numeric,0.33427764517134434,0.08236716400635193,0.05239329209023428,0.01849315068493151,1.0,1.0,False,4
RH,numeric,0.325604547468956,0.04311928591005804,0.029848792418746512,0.0059360730593607325,1.0,1.0,False,5
Top,numeric,0.34820425437285063,0.03595121577301689,0.025271743659470818,0.0034246575342465778,1.0,1.0,False,6
RATemp,numeric,0.35396998660550694,0.02445597727759247,0.017807371811950225,0.002511415525114158,1.0,1.0,False,7
Air Velo,numeric,0.12181591040826834,0.054003655157501884,0.03140122151266362,0.008447488584474886,1.0,1.0,False,8
