Feature,Type,Univariate_Score,Perm_DeltaR2,Perm_DeltaMAE,Perm_DeltaAcc,Combined_Score,Stability_Freq,Selected,Rank
Clothing,categorical,0.39075433617284083,0.0044400533040364586,0.006471602121988933,0.010958904109589048,1.0,1.0,True,1
Season,categorical,0.3423220618313034,0.03519840240478516,0.02332449754079183,0.010730593607305935,1.0,1.0,True,2
Activity,categorical,0.16546141439178608,0.0003767093022664388,0.00034935871760050454,0.003652968036529684,1.0,1.0,True,3
MRT,numeric,0.33427764517134434,0.2515524943669637,0.15502503712972007,0.07397260273972603,1.0,1.0,False,4
RH,numeric,0.325604547468956,0.04895593722661336,0.035995133717854816,0.02853881278538813,1.0,1.0,False,5
Top,numeric,0.34820425437285063,0.04640045960744222,0.03626155455907186,0.021232876712328767,1.0,1.0,False,6
RATemp,numeric,0.35396998660550694,0.06555960575739542,0.04464671611785888,0.020319634703196348,1.0,1.0,False,7
Air Velo,numeric,0.12181591040826834,0.023745803038279216,0.013742923736572266,0.006621004566210046,1.0,1.0,False,8
