Feature,Type,Univariate_Score,Perm_DeltaR2,Perm_DeltaMAE,Perm_DeltaAcc,Combined_Score,Stability_Freq,Selected,Rank
Clothing,categorical,0.39075433617284083,0.003705587788165995,0.00834124073107576,0.013013698630136985,1.0,1.0,True,1
Season,categorical,0.3423220618313034,0.3066250151961846,0.18016504916149895,0.08105022831050228,1.0,1.0,True,2
Activity,categorical,0.16546141439178608,0.0027146906667372996,0.0017553159775844263,0.0006849315068493178,1.0,1.0,True,3
MRT,numeric,0.33427764517134434,0.032580822790983725,0.027502538143379884,0.012785388127853884,1.0,1.0,False,4
RH,numeric,0.325604547468956,0.02261182378928529,0.01776824863917374,0.008675799086757991,1.0,1.0,False,5
Top,numeric,0.34820425437285063,0.012615287886412908,0.011333019048868543,0.010958904109589041,1.0,1.0,False,6
RATemp,numeric,0.35396998660550694,0.007995371690701844,0.007057220742224332,0.007534246575342471,1.0,1.0,False,7
Air Velo,numeric,0.12181591040826834,0.021924210911578878,0.014866384988382159,0.008904109589041097,1.0,1.0,False,8
