Feature,Type,Univariate_Score,Perm_DeltaR2,Perm_DeltaMAE,Perm_DeltaAcc,Combined_Score,Stability_Freq,Selected,Rank
MRT,numeric,0.19961525576076694,0.002619180699443831,0.02289050882930627,0.04319513740397561,1.0,1.0,True,1
RH,numeric,0.005344435399548221,0.0,0.006005078452720995,0.027607507721549056,1.0,1.0,True,2
Top,numeric,0.22641087588146216,0.14920235002228122,0.08532044708716283,0.06937712837570285,1.0,1.0,True,3
RATemp,numeric,0.2118439991855703,0.02145160764405593,0.03976027823557204,0.06359388611705077,1.0,1.0,False,4
Air Velo,numeric,0.018771042586310023,0.0,0.0006152564593271181,0.010188484992476439,1.0,1.0,False,5
