Feature,Type,Univariate_Score,Perm_DeltaR2,Perm_DeltaMAE,Perm_DeltaAcc,Combined_Score,Stability_Freq,Selected,Rank
MRT,numeric,0.19961525576076694,0.051608416298077664,0.03776603047591441,0.03736437792032944,1.0,1.0,True,1
RH,numeric,0.005344435399548221,0.011537115113953077,0.006232073507505994,0.01815355983210581,1.0,1.0,True,2
Top,numeric,0.22641087588146216,0.1827804765283334,0.08429546535506478,0.07842124019957235,1.0,1.0,True,3
RATemp,numeric,0.2118439991855703,0.0771573895558835,0.050876966916726316,0.04864377920329453,1.0,1.0,False,4
Air Velo,numeric,0.018771042586310023,0.01672519586965692,0.009996977934352717,0.008351152292706101,1.0,1.0,False,5
