Feature,Type,Univariate_Score,Perm_DeltaR2,Perm_DeltaMAE,Perm_DeltaAcc,Combined_Score,Stability_Freq,Selected,Rank
MRT,numeric,0.19961525576076694,0.013166651344890892,0.00758344768069974,0.01597370713550328,1.0,1.0,True,1
RH,numeric,0.005344435399548221,0.0,0.0,0.0,1.0,1.0,True,2
Top,numeric,0.22641087588146216,0.0739394087454324,0.03324034238616126,0.02651263166231092,1.0,1.0,True,3
RATemp,numeric,0.2118439991855703,0.06877119793651605,0.02958554779357848,0.016003405401124566,1.0,1.0,False,4
Air Velo,numeric,0.018771042586310023,0.0,0.0,0.0,1.0,1.0,False,5
