Feature,Type,Univariate_Score,Perm_DeltaR2,Perm_DeltaMAE,Perm_DeltaAcc,Combined_Score,Stability_Freq,Selected,Rank
MRT,numeric,0.19961525576076694,0.03524685303370158,0.02824096282323202,0.03306208917399223,1.0,1.0,True,1
RH,numeric,0.005344435399548221,0.011140414079030356,0.006771306196848551,0.014530371426308692,1.0,1.0,True,2
Top,numeric,0.22641087588146216,0.3161607543627421,0.13029047648111977,0.08570523481428685,1.0,1.0,True,3
RATemp,numeric,0.2118439991855703,0.05600468317667643,0.04330458243687948,0.05411617961511047,1.0,1.0,False,4
Air Velo,numeric,0.018771042586310023,0.014292216300964356,0.008378752072652183,0.015983606557377045,1.0,1.0,False,5
