Feature,Type,Univariate_Score,Perm_DeltaR2,Perm_DeltaMAE,Perm_DeltaAcc,Combined_Score,Stability_Freq,Selected,Rank
Clothing,categorical,0.13212140341337114,0.003156932507584568,0.0015616237693287867,0.003290197440796716,1.0,1.0,True,1
Season,categorical,0.024364923877041998,0.01525234017648136,0.012706197906390085,0.007902698164553294,1.0,1.0,True,2
Activity,categorical,0.003723005400763959,0.0024725790560774135,0.0031441635498487956,0.006372676741358352,1.0,1.0,True,3
MRT,numeric,0.14295464481428105,0.02799542843696797,0.018462810380007695,0.01756195356377743,1.0,1.0,False,4
RH,numeric,0.0034558369527280227,0.013235108011875612,0.00995935199455813,0.012961756701985997,1.0,1.0,False,5
Top,numeric,0.2583906156626027,0.10153858347068034,0.06973640616034356,0.047193995715361016,1.0,1.0,False,6
RATemp,numeric,0.25737310816365094,0.10705931700997558,0.07327147762083298,0.05425062243066412,1.0,1.0,False,7
Air Velo,numeric,0.021045774083030204,0.008305598413065062,0.008055037664096766,0.014271032366394534,1.0,1.0,False,8
