Feature,Type,Univariate_Score,Perm_DeltaR2,Perm_DeltaMAE,Perm_DeltaAcc,Combined_Score,Stability_Freq,Selected,Rank
Clothing,categorical,0.36107642774840565,0.0012994090716044108,0.001193666458129883,0.001587301587301589,1.0,1.0,True,1
Season,categorical,0.0,0.0,0.0,0.0,1.0,1.0,True,2
Activity,categorical,0.0,0.0,0.0,0.0,1.0,1.0,True,3
MRT,numeric,0.041044797892478044,0.05401275157928467,0.03166213830312094,0.0301218161683278,1.0,1.0,False,4
RH,numeric,0.0027651772560393123,0.007665979862213135,0.0037331978480021157,0.014174972314507206,1.0,1.0,False,5
Top,numeric,0.06833100609793122,0.025447110335032146,0.017649606863657637,0.01572535991140643,1.0,1.0,False,6
RATemp,numeric,0.018579672702628686,0.019602592786153155,0.012137854099273681,0.022185308231819863,1.0,1.0,False,7
Air Velo,numeric,0.017172946142886843,0.01653602917989095,0.012374989191691079,0.025359911406423036,1.0,1.0,False,8
