Feature,Type,Univariate_Score,Perm_DeltaR2,Perm_DeltaMAE,Perm_DeltaAcc,Combined_Score,Stability_Freq,Selected,Rank
Clothing,categorical,0.13212140341337114,0.011442383543573829,0.011667411943290197,0.017339760291818655,1.0,1.0,True,1
Season,categorical,0.024364923877041998,0.020744167830484384,0.013419707936238982,0.005707544438654396,1.0,1.0,True,2
Activity,categorical,0.003723005400763959,0.0012166189858087225,0.003014867102702919,0.010537895894852647,1.0,1.0,True,3
MRT,numeric,0.14295464481428105,0.005686826065020748,0.0030825781573285598,0.006380638063806373,1.0,1.0,False,4
RH,numeric,0.0034558369527280227,0.0028100300235300857,0.004481975920887075,0.0028544959759133812,1.0,1.0,False,5
Top,numeric,0.2583906156626027,0.09236292097963435,0.06264958774889189,0.03843364599617856,1.0,1.0,False,6
RATemp,numeric,0.25737310816365094,0.08270444440552442,0.051818403717258175,0.030095246366741928,1.0,1.0,False,7
Air Velo,numeric,0.021045774083030204,0.0030295631355573933,0.0031055650641168405,0.0028573910022581172,1.0,1.0,False,8
