Feature,Type,Univariate_Score,Perm_DeltaR2,Perm_DeltaMAE,Perm_DeltaAcc,Combined_Score,Stability_Freq,Selected,Rank
Clothing,categorical,0.13212140341337114,0.006085288524627685,0.004635632038116455,0.0032901974407967085,1.0,1.0,True,1
Season,categorical,0.024364923877041998,0.00553652048110962,0.0021934350331624347,0.0013165132302703998,1.0,1.0,True,2
Activity,categorical,0.003723005400763959,0.001076654593149821,0.0009260217348734537,0.0015379827456429888,1.0,1.0,True,3
MRT,numeric,0.14295464481428105,0.022840364774068197,0.01573317845662435,0.011205923223901338,1.0,1.0,False,4
RH,numeric,0.0034558369527280227,0.005502823988596598,0.0038328329722086586,0.005931185223785536,1.0,1.0,False,5
Top,numeric,0.2583906156626027,0.14061036507288616,0.0872613787651062,0.03647298940420357,1.0,1.0,False,6
RATemp,numeric,0.25737310816365094,0.08599685430526732,0.056272498766581226,0.025928579700075276,1.0,1.0,False,7
Air Velo,numeric,0.021045774083030204,0.005768465995788574,0.005631450812021891,0.0052725667303572385,1.0,1.0,False,8
