Feature,Type,Univariate_Score,Perm_DeltaR2,Perm_DeltaMAE,Perm_DeltaAcc,Combined_Score,Stability_Freq,Selected,Rank
Clothing,categorical,0.36107642774840565,0.005640876185111709,0.003148063617399084,0.004761904761904761,1.0,1.0,True,1
Season,categorical,0.0,6.661338147750939e-17,2.960594732333751e-17,0.0,1.0,1.0,True,2
Activity,categorical,0.0,1.4802973661668754e-17,4.4408920985006264e-17,0.0,1.0,1.0,True,3
MRT,numeric,0.041044797892478044,0.02650134073469492,0.01633661395389454,0.01897379106681431,1.0,1.0,False,4
RH,numeric,0.0027651772560393123,0.031076312796887107,0.014566877391682734,0.009486895533407157,1.0,1.0,False,5
Top,numeric,0.06833100609793122,0.05030826016275736,0.024625905675647465,0.023698781838316713,1.0,1.0,False,6
RATemp,numeric,0.018579672702628686,0.013134157672340687,0.010030365661976992,0.01266149870801033,1.0,1.0,False,7
Air Velo,numeric,0.017172946142886843,0.04039174321459317,0.014279116841348144,0.012587670727205602,1.0,1.0,False,8
