Feature,Type,Univariate_Score,Perm_DeltaR2,Perm_DeltaMAE,Perm_DeltaAcc,Combined_Score,Stability_Freq,Selected,Rank
Clothing,categorical,0.36107642774840565,0.0007235782844088323,0.0005282491575581065,0.003174603174603178,1.0,1.0,True,1
Season,categorical,0.0,0.0,0.0,0.0,1.0,1.0,True,2
Activity,categorical,0.0,0.0,0.0,0.0,1.0,1.0,True,3
MRT,numeric,0.041044797892478044,0.02743888095778719,0.02535991737820354,0.03624953857511998,1.0,1.0,False,4
RH,numeric,0.0027651772560393123,0.015442758417649194,0.008850554676339707,0.028460686600221486,1.0,1.0,False,5
Top,numeric,0.06833100609793122,0.027016797763070376,0.020157130117762958,0.028276116648209677,1.0,1.0,False,6
RATemp,numeric,0.018579672702628686,0.014424433245982467,0.012495126176803366,0.03783684016242155,1.0,1.0,False,7
Air Velo,numeric,0.017172946142886843,0.012450117488467433,0.005149501056797035,0.023735695828719088,1.0,1.0,False,8
