Feature,Type,Univariate_Score,Perm_DeltaR2,Perm_DeltaMAE,Perm_DeltaAcc,Combined_Score,Stability_Freq,Selected,Rank
Clothing,categorical,0.39075433617284083,0.004926109107431639,0.004549012709605726,0.008447488584474876,1.0,1.0,True,1
Season,categorical,0.3423220618313034,0.05629533887157939,0.03956413918839666,0.02260273972602738,1.0,1.0,True,2
Activity,categorical,0.16546141439178608,0.01196011710668472,0.006630574323182549,0.004109589041095889,1.0,1.0,True,3
MRT,numeric,0.33427764517134434,0.09603988372331493,0.06707114343343275,0.03493150684931506,1.0,1.0,False,4
RH,numeric,0.325604547468956,0.07158019604012783,0.05006486443250463,0.02853881278538812,1.0,1.0,False,5
Top,numeric,0.34820425437285063,0.09461036490596018,0.06839423303362709,0.04406392694063925,1.0,1.0,False,6
RATemp,numeric,0.35396998660550694,0.05646465864970005,0.03736555615492143,0.022374429223744288,1.0,1.0,False,7
Air Velo,numeric,0.12181591040826834,0.05260819946720476,0.032614945904444984,0.010502283105022821,1.0,1.0,False,8
