Feature,Type,Univariate_Score,Perm_DeltaR2,Perm_DeltaMAE,Perm_DeltaAcc,Combined_Score,Stability_Freq,Selected,Rank
Clothing,categorical,0.39075433617284083,0.0,0.0,0.0,1.0,1.0,True,1
Season,categorical,0.3423220618313034,0.011463046477116757,0.007858579162173696,0.0031963470319634722,1.0,1.0,True,2
Activity,categorical,0.16546141439178608,0.0,0.0,0.0,1.0,1.0,True,3
MRT,numeric,0.33427764517134434,0.08042835870259941,0.05115404025246382,0.0070776255707762584,1.0,1.0,False,4
RH,numeric,0.325604547468956,0.04044506248264988,0.02773469393139454,0.007990867579908674,1.0,1.0,False,5
Top,numeric,0.34820425437285063,0.03371801386371438,0.02382783674957609,0.005022831050228319,1.0,1.0,False,6
RATemp,numeric,0.35396998660550694,0.027199976471355726,0.020274464794973034,0.0027397260273972603,1.0,1.0,False,7
Air Velo,numeric,0.12181591040826834,0.058240114164694844,0.034340998459568645,0.0091324200913242,1.0,1.0,False,8
