Feature,Type,Univariate_Score,Perm_DeltaR2,Perm_DeltaMAE,Perm_DeltaAcc,Combined_Score,Stability_Freq,Selected,Rank
Clothing,categorical,0.39075433617284083,0.003842100689433773,0.004152704167872715,0.009132420091324202,1.0,1.0,True,1
Season,categorical,0.3423220618313034,0.2817207122889559,0.16505899685461356,0.06940639269406393,1.0,1.0,True,2
Activity,categorical,0.16546141439178608,0.004152886793786337,0.0024308421988547954,0.0002283105022831059,1.0,1.0,True,3
MRT,numeric,0.33427764517134434,0.024500761502359292,0.023123771908134572,0.015753424657534244,1.0,1.0,False,4
RH,numeric,0.325604547468956,0.016699164950409247,0.015250729074208,0.009817351598173518,1.0,1.0,False,5
Top,numeric,0.34820425437285063,0.013670974573500336,0.010707197649046743,0.00821917808219178,1.0,1.0,False,6
RATemp,numeric,0.35396998660550694,0.010412416731415627,0.009145020218598763,0.010730593607305935,1.0,1.0,False,7
Air Velo,numeric,0.12181591040826834,0.020006689684705807,0.009947612194463894,0.006164383561643834,1.0,1.0,False,8
