Model,RMSE,MAE,R2,Accuracy,Residual_STD,MBE,Train_Accuracy,Avg_Num_Features
catboost,0.8462714209485906,0.6658885556977014,0.5079721041458402,0.4506849315068493,0.8453367812242976,0.008519177668809119,0.47876712328767124,8.0
extratrees,0.8812416595239239,0.6873480449319698,0.46685200049920067,0.4417808219178082,0.8801124543275197,0.001818419437035039,0.5703767123287672,8.0
elasticnet,0.9944496578683646,0.7787980165507029,0.3211724128608262,0.38904109589041097,0.9928980411254212,-8.155604701773344e-06,0.38715753424657534,8.0
xgboost,0.8533018023633548,0.6716013789176941,0.4999593496322632,0.4547945205479452,0.8520167798208071,0.01015684706579945,0.523458904109589,8.0
