Feature,Type,Univariate_Score,Perm_DeltaR2,Perm_DeltaMAE,Perm_DeltaAcc,Combined_Score,Stability_Freq,Selected,Rank
Clothing,categorical,0.39075433617284083,0.004689149061838786,0.005554354190826416,0.010502283105022832,1.0,1.0,True,1
Season,categorical,0.3423220618313034,0.033176509539286296,0.025417184829711913,0.01872146118721461,1.0,1.0,True,2
Activity,categorical,0.16546141439178608,0.001006134351094564,0.0005089998245239257,0.0027397260273972638,1.0,1.0,True,3
MRT,numeric,0.33427764517134434,0.2571065386136373,0.15689757267634075,0.07488584474885845,1.0,1.0,False,4
RH,numeric,0.325604547468956,0.048692552248636875,0.035133326053619386,0.028538812785388123,1.0,1.0,False,5
Top,numeric,0.34820425437285063,0.04003191788991292,0.03312576611836752,0.020547945205479447,1.0,1.0,False,6
RATemp,numeric,0.35396998660550694,0.062363998095194495,0.0436671257019043,0.026255707762557073,1.0,1.0,False,7
Air Velo,numeric,0.12181591040826834,0.02317016124725342,0.012413132190704345,0.0045662100456621,1.0,1.0,False,8
