Feature,Type,Univariate_Score,Perm_DeltaR2,Perm_DeltaMAE,Perm_DeltaAcc,Combined_Score,Stability_Freq,Selected,Rank
MRT,numeric,0.19961525576076694,0.011471048460567946,0.026088293648226853,0.04828542013146433,1.0,1.0,True,1
RH,numeric,0.005344435399548221,0.0,0.0038011256448072274,0.023620020590797503,1.0,1.0,True,2
Top,numeric,0.22641087588146216,0.17733537364846685,0.09309865977522232,0.07806090124336738,1.0,1.0,True,3
RATemp,numeric,0.2118439991855703,0.035045425146165037,0.04947841241568397,0.08715649006098043,1.0,1.0,False,4
Air Velo,numeric,0.018771042586310023,0.0,0.001566045306393778,0.008366991367704132,1.0,1.0,False,5
