Feature,Type,Univariate_Score,Perm_DeltaR2,Perm_DeltaMAE,Perm_DeltaAcc,Combined_Score,Stability_Freq,Selected,Rank
MRT,numeric,0.19961525576076694,0.01337448267900326,0.007721095038328608,0.01088738417676407,1.0,1.0,True,1
RH,numeric,0.005344435399548221,0.0,0.0,0.0,1.0,1.0,True,2
Top,numeric,0.22641087588146216,0.07464911872990922,0.032226448656437534,0.021442147778569728,1.0,1.0,True,3
RATemp,numeric,0.2118439991855703,0.06434482951563435,0.0266738061244133,0.011633800586045764,1.0,1.0,False,4
Air Velo,numeric,0.018771042586310023,0.0,0.0,0.0,1.0,1.0,False,5
