Feature,Type,Univariate_Score,Perm_DeltaR2,Perm_DeltaMAE,Perm_DeltaAcc,Combined_Score,Stability_Freq,Selected,Rank
MRT,numeric,0.19961525576076694,0.045664878686269124,0.030706195036570228,0.0344895858081888,1.0,1.0,True,1
RH,numeric,0.005344435399548221,0.008640992641448974,0.005551564693450928,0.014884770729389393,1.0,1.0,True,2
Top,numeric,0.22641087588146216,0.3131230155626933,0.1286657810211182,0.08716440959847944,1.0,1.0,True,3
RATemp,numeric,0.2118439991855703,0.041452574729919436,0.03615872859954834,0.06320384889522453,1.0,1.0,False,4
Air Velo,numeric,0.018771042586310023,0.013157025973002116,0.007660969098409018,0.01742694226657162,1.0,1.0,False,5
