Feature,Type,Univariate_Score,Perm_DeltaR2,Perm_DeltaMAE,Perm_DeltaAcc,Combined_Score,Stability_Freq,Selected,Rank
MRT,numeric,0.19961525576076694,0.05470564316997848,0.03981748501525336,0.04936841688445396,1.0,1.0,True,1
RH,numeric,0.005344435399548221,0.01731547657775013,0.00808942756549622,0.01743090203532114,1.0,1.0,True,2
Top,numeric,0.22641087588146216,0.1840326528938428,0.08399834203370536,0.0773263641403342,1.0,1.0,True,3
RATemp,numeric,0.2118439991855703,0.06639078928125505,0.04679618442821075,0.05845806604894275,1.0,1.0,False,4
Air Velo,numeric,0.018771042586310023,0.011992942090406111,0.008405515867100751,0.008345212639581849,1.0,1.0,False,5
