Feature,Type,Univariate_Score,Perm_DeltaR2,Perm_DeltaMAE,Perm_DeltaAcc,Combined_Score,Stability_Freq,Selected,Rank
Clothing,categorical,0.36107642774840565,0.0009451862896656671,0.000557223499284006,0.0,1.0,1.0,True,1
Season,categorical,0.0,0.0,0.0,0.0,1.0,1.0,True,2
Activity,categorical,0.0,0.0,0.0,0.0,1.0,1.0,True,3
MRT,numeric,0.041044797892478044,0.04085897654012455,0.026652599030826785,0.03466223698781839,1.0,1.0,False,4
RH,numeric,0.0027651772560393123,0.018578431368591452,0.012749976569452575,0.040974529346622365,1.0,1.0,False,5
Top,numeric,0.06833100609793122,0.02237648046527248,0.01814037826378832,0.022037652270210418,1.0,1.0,False,6
RATemp,numeric,0.018579672702628686,0.022245257572100836,0.015337285911759254,0.031524547803617575,1.0,1.0,False,7
Air Velo,numeric,0.017172946142886843,0.01986326440730159,0.011071113213554681,0.025249169435215945,1.0,1.0,False,8
