Feature,Type,Univariate_Score,Perm_DeltaR2,Perm_DeltaMAE,Perm_DeltaAcc,Combined_Score,Stability_Freq,Selected,Rank
Clothing,categorical,0.13212140341337114,0.0031864880867667434,0.0015409070590915786,0.004388136182039259,1.0,1.0,True,1
Season,categorical,0.024364923877041998,0.018886537914363268,0.01278658277496032,0.007461206646980485,1.0,1.0,True,2
Activity,categorical,0.003723005400763959,0.0025200582409266557,0.0019669176589817297,0.005056163511087963,1.0,1.0,True,3
MRT,numeric,0.14295464481428105,0.02751912351400479,0.018934540342449346,0.022845376642927444,1.0,1.0,False,4
RH,numeric,0.0034558369527280227,0.013063700206261122,0.009954427316615281,0.009883619940941467,1.0,1.0,False,5
Top,numeric,0.2583906156626027,0.10003845487374567,0.06791536603794715,0.04148645127670662,1.0,1.0,False,6
RATemp,numeric,0.25737310816365094,0.1064585459338027,0.07571580353350868,0.05204823113890337,1.0,1.0,False,7
Air Velo,numeric,0.021045774083030204,0.008509523963497261,0.007457715943357313,0.012075878640495622,1.0,1.0,False,8
