Feature,Type,Univariate_Score,Perm_DeltaR2,Perm_DeltaMAE,Perm_DeltaAcc,Combined_Score,Stability_Freq,Selected,Rank
Clothing,categorical,0.13212140341337114,0.015253481479925602,0.011259223407160686,0.011410746337791669,1.0,1.0,True,1
Season,categorical,0.024364923877041998,0.022603629508656374,0.013821041374508273,0.0065883562040414565,1.0,1.0,True,2
Activity,categorical,0.003723005400763959,0.0019340560527373464,0.0030444782477539348,0.005267500434253962,1.0,1.0,True,3
MRT,numeric,0.14295464481428105,0.0029393319775630126,0.001696525201569717,0.005938422789647383,1.0,1.0,False,4
RH,numeric,0.0034558369527280227,0.0008957856053922741,0.002945971811281482,0.005267500434253947,1.0,1.0,False,5
Top,numeric,0.2583906156626027,0.09147273277648447,0.06387625248363564,0.04107608129233976,1.0,1.0,False,6
RATemp,numeric,0.25737310816365094,0.08771989700535034,0.05935314510854228,0.04040660645011869,1.0,1.0,False,7
Air Velo,numeric,0.021045774083030204,0.0023280270307536395,0.002581241343087785,0.002860286028602854,1.0,1.0,False,8
