Feature,Type,Univariate_Score,Perm_DeltaR2,Perm_DeltaMAE,Perm_DeltaAcc,Combined_Score,Stability_Freq,Selected,Rank
Clothing,categorical,0.13212140341337114,0.006466309229532878,0.00596923828125,0.005271119217184876,1.0,1.0,True,1
Season,categorical,0.024364923877041998,0.006638912359873454,0.002300051848093668,0.0004385964912280678,1.0,1.0,True,2
Activity,categorical,0.003723005400763959,0.0011278072992960612,0.0010307788848876952,0.0019773029934572416,1.0,1.0,True,3
MRT,numeric,0.14295464481428105,0.021387588977813725,0.013455935319264731,0.007252764750159224,1.0,1.0,False,4
RH,numeric,0.0034558369527280227,0.005241187413533528,0.00429467757542928,0.007907764460656589,1.0,1.0,False,5
Top,numeric,0.2583906156626027,0.13076610565185548,0.08186744054158529,0.033396300156331424,1.0,1.0,False,6
RATemp,numeric,0.25737310816365094,0.08931499322255453,0.05997921228408813,0.03251259336459962,1.0,1.0,False,7
Air Velo,numeric,0.021045774083030204,0.008987824122111004,0.008022669951121011,0.010323663945341895,1.0,1.0,False,8
