Feature,Type,Univariate_Score,Perm_DeltaR2,Perm_DeltaMAE,Perm_DeltaAcc,Combined_Score,Stability_Freq,Selected,Rank
Clothing,categorical,0.36107642774840565,0.0044126788775126135,0.0015763203303019208,0.001587301587301589,1.0,1.0,True,1
Season,categorical,0.0,0.0,0.0,0.0,1.0,1.0,True,2
Activity,categorical,0.0,0.0,0.0,0.0,1.0,1.0,True,3
MRT,numeric,0.041044797892478044,0.04357513189315796,0.02003006935119629,0.0126984126984127,1.0,1.0,False,4
RH,numeric,0.0027651772560393123,0.008353090286254883,0.0067069768905639645,0.025286083425618316,1.0,1.0,False,5
Top,numeric,0.06833100609793122,0.03105371793111165,0.017383313179016112,0.02200073827980805,1.0,1.0,False,6
RATemp,numeric,0.018579672702628686,0.028514945507049562,0.017976653575897217,0.020634920634920634,1.0,1.0,False,7
Air Velo,numeric,0.017172946142886843,0.012092459201812743,0.008727924029032389,0.009449981543004797,1.0,1.0,False,8
