Feature,Type,Univariate_Score,Perm_DeltaR2,Perm_DeltaMAE,Perm_DeltaAcc,Combined_Score,Stability_Freq,Selected,Rank
Clothing,categorical,0.36107642774840565,0.022112027829623744,0.012223594097724815,0.011111111111111105,1.0,1.0,True,1
Season,categorical,0.0,3.700743415417188e-17,2.2204460492503132e-17,0.0,1.0,1.0,True,2
Activity,categorical,0.0,4.4408920985006264e-17,2.960594732333751e-17,0.0,1.0,1.0,True,3
MRT,numeric,0.041044797892478044,0.02490017502876609,0.010524089400816986,0.018899963086009587,1.0,1.0,False,4
RH,numeric,0.0027651772560393123,0.016217156832142216,0.011049170592258295,0.012698412698412691,1.0,1.0,False,5
Top,numeric,0.06833100609793122,0.06910810770853473,0.043810163287772416,0.03927648578811368,1.0,1.0,False,6
RATemp,numeric,0.018579672702628686,0.018171494331481165,0.013542218109352322,0.02532299741602066,1.0,1.0,False,7
Air Velo,numeric,0.017172946142886843,0.03662366863656823,0.0138130252716045,0.015762273901808774,1.0,1.0,False,8
