Feature,Type,Univariate_Score,Perm_DeltaR2,Perm_DeltaMAE,Perm_DeltaAcc,Combined_Score,Stability_Freq,Selected,Rank
Clothing,categorical,0.39075433617284083,0.0,0.0,0.0,1.0,1.0,True,1
Season,categorical,0.3423220618313034,0.012667787549329868,0.008231103044206541,0.0043378995433790025,1.0,1.0,True,2
Activity,categorical,0.16546141439178608,0.0,0.0,0.0,1.0,1.0,True,3
MRT,numeric,0.33427764517134434,0.0864007319779331,0.054211812840887975,0.011187214611872148,1.0,1.0,False,4
RH,numeric,0.325604547468956,0.04168459675804266,0.02914194641670237,0.0068493150684931555,1.0,1.0,False,5
Top,numeric,0.34820425437285063,0.03542013434922822,0.02471165437102653,0.007077625570776259,1.0,1.0,False,6
RATemp,numeric,0.35396998660550694,0.02532521378219088,0.01763020488905233,0.0029680365296803697,1.0,1.0,False,7
Air Velo,numeric,0.12181591040826834,0.054622917868790456,0.030037375194633554,0.0036529680365296802,1.0,1.0,False,8
