Feature,Type,Univariate_Score,Perm_DeltaR2,Perm_DeltaMAE,Perm_DeltaAcc,Combined_Score,Stability_Freq,Selected,Rank
Clothing,categorical,0.39075433617284083,0.01078180443726735,0.009262540925705377,0.010958904109589029,1.0,1.0,True,1
Season,categorical,0.3423220618313034,0.06468279032929326,0.04369577367947046,0.024657534246575335,1.0,1.0,True,2
Activity,categorical,0.16546141439178608,0.010362477547026669,0.006149245579966841,0.005022831050228308,1.0,1.0,True,3
MRT,numeric,0.33427764517134434,0.08900074563070635,0.06037933772308016,0.027625570776255697,1.0,1.0,False,4
RH,numeric,0.325604547468956,0.06628945966019709,0.04424784477740134,0.02557077625570775,1.0,1.0,False,5
Top,numeric,0.34820425437285063,0.09626489575881902,0.06793089564431577,0.036757990867579894,1.0,1.0,False,6
RATemp,numeric,0.35396998660550694,0.052731948451537135,0.03679926434200746,0.02420091324200912,1.0,1.0,False,7
Air Velo,numeric,0.12181591040826834,0.06136399560713603,0.038103394792014675,0.01369863013698629,1.0,1.0,False,8
