Feature,Type,Univariate_Score,Perm_DeltaR2,Perm_DeltaMAE,Perm_DeltaAcc,Combined_Score,Stability_Freq,Selected,Rank
Clothing,categorical,0.39075433617284083,0.004452705383300781,0.006301538149515788,0.008904109589041094,1.0,1.0,True,1
Season,categorical,0.3423220618313034,0.03616601626078288,0.024291284879048667,0.011643835616438355,1.0,1.0,True,2
Activity,categorical,0.16546141439178608,0.0003032048543294271,0.00011753241221110027,0.0031963470319634757,1.0,1.0,True,3
MRT,numeric,0.33427764517134434,0.2600968519846598,0.1613241632779439,0.08219178082191782,1.0,1.0,False,4
RH,numeric,0.325604547468956,0.05021368662516277,0.03747218449910482,0.032648401826484014,1.0,1.0,False,5
Top,numeric,0.34820425437285063,0.04033505916595459,0.03398285706837972,0.03356164383561644,1.0,1.0,False,6
RATemp,numeric,0.35396998660550694,0.06866449912389119,0.043548893928527836,0.02100456621004566,1.0,1.0,False,7
Air Velo,numeric,0.12181591040826834,0.02584072748819987,0.013405911127726235,0.005022831050228304,1.0,1.0,False,8
