Feature,Type,Univariate_Score,Perm_DeltaR2,Perm_DeltaMAE,Perm_DeltaAcc,Combined_Score,Stability_Freq,Selected,Rank
Clothing,categorical,0.39075433617284083,0.00603792258389259,0.006454614050629621,0.0093607305936073,1.0,1.0,True,1
Season,categorical,0.3423220618313034,0.3174229215020675,0.1900074911427279,0.09041095890410959,1.0,1.0,True,2
Activity,categorical,0.16546141439178608,0.0038993109771698086,0.003176219620302989,0.0022831050228310523,1.0,1.0,True,3
MRT,numeric,0.33427764517134434,0.02734890718926039,0.02251058773196573,0.010273972602739729,1.0,1.0,False,4
RH,numeric,0.325604547468956,0.021509190909603126,0.014919941929824149,0.0041095890410958996,1.0,1.0,False,5
Top,numeric,0.34820425437285063,0.011685646176571387,0.009893018950781976,0.00981735159817352,1.0,1.0,False,6
RATemp,numeric,0.35396998660550694,0.008069266690804922,0.007551959797957537,0.01004566210045662,1.0,1.0,False,7
Air Velo,numeric,0.12181591040826834,0.029894003775962536,0.01767578010300225,0.01004566210045662,1.0,1.0,False,8
