Feature,Type,Univariate_Score,Perm_DeltaR2,Perm_DeltaMAE,Perm_DeltaAcc,Combined_Score,Stability_Freq,Selected,Rank
MRT,numeric,0.19961525576076694,0.013930451542330382,0.00805817959243223,0.012706897917161633,1.0,1.0,True,1
RH,numeric,0.005344435399548221,0.0,0.0,0.0,1.0,1.0,True,2
Top,numeric,0.22641087588146216,0.07344779004691825,0.032260600087414514,0.023231963253346,1.0,1.0,True,3
RATemp,numeric,0.2118439991855703,0.06580854760369745,0.030066844589747337,0.01779520076027559,1.0,1.0,False,4
Air Velo,numeric,0.018771042586310023,0.0,0.0,0.0,1.0,1.0,False,5
