Feature,Type,Univariate_Score,Perm_DeltaR2,Perm_DeltaMAE,Perm_DeltaAcc,Combined_Score,Stability_Freq,Selected,Rank
MRT,numeric,0.19961525576076694,0.003663680870427981,0.024132120054110806,0.049408014571949,1.0,1.0,True,1
RH,numeric,0.005344435399548221,0.0,0.002916318668290763,0.02360418151579947,1.0,1.0,True,2
Top,numeric,0.22641087588146216,0.1432262275083732,0.08226107029308019,0.0645976874950503,1.0,1.0,True,3
RATemp,numeric,0.2118439991855703,0.03790334742259523,0.04998102311700505,0.07519006889997623,1.0,1.0,False,4
Air Velo,numeric,0.018771042586310023,0.0005420555574699633,0.0033954553701923984,0.012000079195374987,1.0,1.0,False,5
