Feature,Type,Univariate_Score,Perm_DeltaR2,Perm_DeltaMAE,Perm_DeltaAcc,Combined_Score,Stability_Freq,Selected,Rank
MRT,numeric,0.19961525576076694,0.03351955811182658,0.029571147759755455,0.04033024471370872,1.0,1.0,True,1
RH,numeric,0.005344435399548221,0.00601272185643514,0.005821748574574789,0.015241149916844849,1.0,1.0,True,2
Top,numeric,0.22641087588146216,0.3026065905888875,0.1272429903348287,0.08461431852379821,1.0,1.0,True,3
RATemp,numeric,0.2118439991855703,0.045075305302937824,0.03761971394220988,0.05813138512710857,1.0,1.0,False,4
Air Velo,numeric,0.018771042586310023,0.00932768185933431,0.004226171970367431,0.012356458382830438,1.0,1.0,False,5
