Feature,Type,Univariate_Score,Perm_DeltaR2,Perm_DeltaMAE,Perm_DeltaAcc,Combined_Score,Stability_Freq,Selected,Rank
MRT,numeric,0.19961525576076694,0.04885217808663901,0.03491887040366338,0.04244674111031917,1.0,1.0,True,1
RH,numeric,0.005344435399548221,0.009261941216763587,0.004929982770167341,0.0177912409915261,1.0,1.0,True,2
Top,numeric,0.22641087588146216,0.1926390954919595,0.08708454730505603,0.07875584065890551,1.0,1.0,True,3
RATemp,numeric,0.2118439991855703,0.06320881744451286,0.048148494190029985,0.0664528391541934,1.0,1.0,False,4
Air Velo,numeric,0.018771042586310023,0.018599641729819413,0.009938666397670107,0.005436762493070409,1.0,1.0,False,5
