Feature,Type,Univariate_Score,Perm_DeltaR2,Perm_DeltaMAE,Perm_DeltaAcc,Combined_Score,Stability_Freq,Selected,Rank
Clothing,categorical,0.13212140341337114,0.003402141473119532,0.001857475547727764,0.003290921197382897,1.0,1.0,True,1
Season,categorical,0.024364923877041998,0.017745203306175093,0.013166826475884985,0.008560592901395403,1.0,1.0,True,2
Activity,categorical,0.003723005400763959,0.002519018746216717,0.0023783546309799138,0.004178246772045624,1.0,1.0,True,3
MRT,numeric,0.14295464481428105,0.03153518664548016,0.020900190504242726,0.02568901627004806,1.0,1.0,False,4
RH,numeric,0.0034558369527280227,0.012482707236246804,0.009740198367906057,0.009658531642637951,1.0,1.0,False,5
Top,numeric,0.2583906156626027,0.09605224971477119,0.06637141612809447,0.047420531526836895,1.0,1.0,False,6
RATemp,numeric,0.25737310816365094,0.10643884279194278,0.0734008864300387,0.0522812807596549,1.0,1.0,False,7
Air Velo,numeric,0.021045774083030204,0.009570194888789473,0.00738896630263363,0.014052457877366684,1.0,1.0,False,8
