Feature,Type,Univariate_Score,Perm_DeltaR2,Perm_DeltaMAE,Perm_DeltaAcc,Combined_Score,Stability_Freq,Selected,Rank
Clothing,categorical,0.13212140341337114,0.004779493808746338,0.004164838790893554,0.0037295176886109616,1.0,1.0,True,1
Season,categorical,0.024364923877041998,0.007624971866607666,0.0031019767125447595,0.001975855480284879,1.0,1.0,True,2
Activity,categorical,0.003723005400763959,0.0014095743497212726,0.0012720425923665366,0.001317960743442766,1.0,1.0,True,3
MRT,numeric,0.14295464481428105,0.027592146396636964,0.01843313773473104,0.008352151004574145,1.0,1.0,False,4
RH,numeric,0.0034558369527280227,0.005169026056925456,0.0030378540356953937,0.009667940478258351,1.0,1.0,False,5
Top,numeric,0.2583906156626027,0.13912559350331627,0.08802889982859294,0.052066325053557995,1.0,1.0,False,6
RATemp,numeric,0.25737310816365094,0.07706345717112224,0.05461425383885702,0.033829106594870026,1.0,1.0,False,7
Air Velo,numeric,0.021045774083030204,0.007280075550079345,0.00533221165339152,0.008131405245787728,1.0,1.0,False,8
