Feature,Type,Univariate_Score,Perm_DeltaR2,Perm_DeltaMAE,Perm_DeltaAcc,Combined_Score,Stability_Freq,Selected,Rank
Clothing,categorical,0.36107642774840565,0.016640975624071748,0.008542113220236116,0.014285714285714273,1.0,1.0,True,1
Season,categorical,0.0,2.2204460492503132e-17,0.0,0.0,1.0,1.0,True,2
Activity,categorical,0.0,2.2204460492503132e-17,0.0,0.0,1.0,1.0,True,3
MRT,numeric,0.041044797892478044,0.017180924397736226,0.013630322671165995,0.019010705057216675,1.0,1.0,False,4
RH,numeric,0.0027651772560393123,0.025098322952021516,0.01650795516099605,0.018973791066814315,1.0,1.0,False,5
Top,numeric,0.06833100609793122,0.0661578385907339,0.0344804470112056,0.01897379106681431,1.0,1.0,False,6
RATemp,numeric,0.018579672702628686,0.011899991318160507,0.013289036781960709,0.02532299741602066,1.0,1.0,False,7
Air Velo,numeric,0.017172946142886843,0.018373594704110107,0.00882479063051739,0.014285714285714285,1.0,1.0,False,8
