Feature,Type,Univariate_Score,Perm_DeltaR2,Perm_DeltaMAE,Perm_DeltaAcc,Combined_Score,Stability_Freq,Selected,Rank
Clothing,categorical,0.13212140341337114,0.01718114599054641,0.012462863165886597,0.013611690116380058,1.0,1.0,True,1
Season,categorical,0.024364923877041998,0.023237836057005752,0.013231242214794237,0.0052696717040125055,1.0,1.0,True,2
Activity,categorical,0.003723005400763959,0.0017784087791640646,0.0034274843990142875,0.008556974118464481,1.0,1.0,True,3
MRT,numeric,0.14295464481428105,0.0023788886286105317,0.0012192184135726204,0.0072600023160210745,1.0,1.0,False,4
RH,numeric,0.0034558369527280227,0.0013804109348740064,0.0035408632931899367,0.0032959874934861896,1.0,1.0,False,5
Top,numeric,0.2583906156626027,0.09016834664023068,0.05949351619727235,0.035806409588327245,1.0,1.0,False,6
RATemp,numeric,0.25737310816365094,0.07305308868956575,0.04752677094129085,0.027017833362283583,1.0,1.0,False,7
Air Velo,numeric,0.021045774083030204,0.002897378231223313,0.002575948973226068,0.005931185223785536,1.0,1.0,False,8
