Feature,Type,Univariate_Score,Perm_DeltaR2,Perm_DeltaMAE,Perm_DeltaAcc,Combined_Score,Stability_Freq,Selected,Rank
Clothing,categorical,0.36107642774840565,0.0017273804842376024,0.0010496489642500015,0.0031007751937984517,1.0,1.0,True,1
Season,categorical,0.0,0.0,0.0,0.0,1.0,1.0,True,2
Activity,categorical,0.0,0.0,0.0,0.0,1.0,1.0,True,3
MRT,numeric,0.041044797892478044,0.0255478498996366,0.020411046794510362,0.025027685492801776,1.0,1.0,False,4
RH,numeric,0.0027651772560393123,0.02007336846902998,0.010545731556995971,0.023661867847914363,1.0,1.0,False,5
Top,numeric,0.06833100609793122,0.037342159192558004,0.022392186419326533,0.028276116648209677,1.0,1.0,False,6
RATemp,numeric,0.018579672702628686,0.023557647243792796,0.016588826438036327,0.029974160206718347,1.0,1.0,False,7
Air Velo,numeric,0.017172946142886843,0.025252022380133726,0.014536940050149206,0.03639719453672943,1.0,1.0,False,8
