Feature,Type,Univariate_Score,Perm_DeltaR2,Perm_DeltaMAE,Perm_DeltaAcc,Combined_Score,Stability_Freq,Selected,Rank
Clothing,categorical,0.39075433617284083,0.010332743902485671,0.008245424693839251,0.007990867579908667,1.0,1.0,True,1
Season,categorical,0.3423220618313034,0.059605380481750105,0.03921280955382965,0.01940639269406392,1.0,1.0,True,2
Activity,categorical,0.16546141439178608,0.009683402788882883,0.0052889214891760055,0.002968036529680359,1.0,1.0,True,3
MRT,numeric,0.33427764517134434,0.093788417037617,0.06608242790507228,0.034246575342465745,1.0,1.0,False,4
RH,numeric,0.325604547468956,0.06559283452457874,0.04496626452882961,0.024657534246575324,1.0,1.0,False,5
Top,numeric,0.34820425437285063,0.08203254508586284,0.058468654039350955,0.02557077625570775,1.0,1.0,False,6
RATemp,numeric,0.35396998660550694,0.06035609466706456,0.04143724608494903,0.02671232876712327,1.0,1.0,False,7
Air Velo,numeric,0.12181591040826834,0.05969148167371132,0.03532216467273504,0.007990867579908672,1.0,1.0,False,8
