Feature,Type,Univariate_Score,Perm_DeltaR2,Perm_DeltaMAE,Perm_DeltaAcc,Combined_Score,Stability_Freq,Selected,Rank
Clothing,categorical,0.39075433617284083,0.0,0.0,0.0,1.0,1.0,True,1
Season,categorical,0.3423220618313034,0.011981657833298142,0.008398075726737342,0.004337899543379002,1.0,1.0,True,2
Activity,categorical,0.16546141439178608,0.0,0.0,0.0,1.0,1.0,True,3
MRT,numeric,0.33427764517134434,0.07570972115532124,0.048184812969532705,0.011643835616438357,1.0,1.0,False,4
RH,numeric,0.325604547468956,0.04257464674589665,0.029028389128120575,0.007077625570776262,1.0,1.0,False,5
Top,numeric,0.34820425437285063,0.038455182894684255,0.026811626109594377,0.0022831050228310557,1.0,1.0,False,6
RATemp,numeric,0.35396998660550694,0.024903745191175743,0.017473299480891363,0.0031963470319634757,1.0,1.0,False,7
Air Velo,numeric,0.12181591040826834,0.05394207727918413,0.030463075963143304,0.005022831050228316,1.0,1.0,False,8
