Feature,Type,Univariate_Score,Perm_DeltaR2,Perm_DeltaMAE,Perm_DeltaAcc,Combined_Score,Stability_Freq,Selected,Rank
Clothing,categorical,0.39075433617284083,0.003401928525422056,0.004235869205236028,0.00867579908675799,1.0,1.0,True,1
Season,categorical,0.3423220618313034,0.2819175363513728,0.16645311670191223,0.07625570776255708,1.0,1.0,True,2
Activity,categorical,0.16546141439178608,0.0015892648648110797,0.0006550541221668278,0.0002283105022831059,1.0,1.0,True,3
MRT,numeric,0.33427764517134434,0.026609551858590975,0.023324130813836958,0.009589041095890405,1.0,1.0,False,4
RH,numeric,0.325604547468956,0.023640193735403322,0.017684940750335505,0.0077625570776255716,1.0,1.0,False,5
Top,numeric,0.34820425437285063,0.007721590123082096,0.00793641366265665,0.008219178082191785,1.0,1.0,False,6
RATemp,numeric,0.35396998660550694,0.006114778959052332,0.006780536354784062,0.010273972602739727,1.0,1.0,False,7
Air Velo,numeric,0.12181591040826834,0.026418737440193397,0.01837530407799306,0.013242009132420091,1.0,1.0,False,8
