Feature,Type,Univariate_Score,Perm_DeltaR2,Perm_DeltaMAE,Perm_DeltaAcc,Combined_Score,Stability_Freq,Selected,Rank
Clothing,categorical,0.39075433617284083,0.003683058420817057,0.005833669503529866,0.012100456621004566,1.0,1.0,True,1
Season,categorical,0.3423220618313034,0.03636033137639364,0.026270604133605956,0.018949771689497713,1.0,1.0,True,2
Activity,categorical,0.16546141439178608,0.0005338668823242187,0.0003156741460164388,0.0015981735159817378,1.0,1.0,True,3
MRT,numeric,0.33427764517134434,0.2681601921717326,0.1635792056719462,0.07602739726027397,1.0,1.0,False,4
RH,numeric,0.325604547468956,0.047396735350290944,0.03328505754470825,0.024429223744292232,1.0,1.0,False,5
Top,numeric,0.34820425437285063,0.039645051956176756,0.03291925191879272,0.023972602739726026,1.0,1.0,False,6
RATemp,numeric,0.35396998660550694,0.06479135354359944,0.041322946548461914,0.019863013698630135,1.0,1.0,False,7
Air Velo,numeric,0.12181591040826834,0.026457218329111735,0.013731233278910317,0.008675799086757988,1.0,1.0,False,8
