Feature,Type,Univariate_Score,Perm_DeltaR2,Perm_DeltaMAE,Perm_DeltaAcc,Combined_Score,Stability_Freq,Selected,Rank
MRT,numeric,0.19961525576076694,0.037453500429789226,0.03082067966461181,0.03488358279876454,1.0,1.0,True,1
RH,numeric,0.005344435399548221,0.005412149429321289,0.005257006486256917,0.013069216757741342,1.0,1.0,True,2
Top,numeric,0.22641087588146216,0.3428954760233561,0.13937573830286662,0.09481270293814839,1.0,1.0,True,3
RATemp,numeric,0.2118439991855703,0.04578155676523844,0.04036472638448079,0.06464124495129485,1.0,1.0,False,4
Air Velo,numeric,0.018771042586310023,0.013221633434295655,0.006199987729390462,0.011964441276629434,1.0,1.0,False,5
