Feature,Type,Univariate_Score,Perm_DeltaR2,Perm_DeltaMAE,Perm_DeltaAcc,Combined_Score,Stability_Freq,Selected,Rank
MRT,numeric,0.19961525576076694,0.04248445991557429,0.03502776282068049,0.04318523798210185,1.0,1.0,True,1
RH,numeric,0.005344435399548221,0.017056197815710265,0.00920280787394292,0.021432248356695972,1.0,1.0,True,2
Top,numeric,0.22641087588146216,0.20280257794825926,0.09585529893572482,0.09112021857923497,1.0,1.0,True,3
RATemp,numeric,0.2118439991855703,0.06975324205394685,0.047028773767174195,0.05954898233943138,1.0,1.0,False,4
Air Velo,numeric,0.018771042586310023,0.017777773865942422,0.010470790959301753,0.010521105567434859,1.0,1.0,False,5
