Feature,Type,Univariate_Score,Perm_DeltaR2,Perm_DeltaMAE,Perm_DeltaAcc,Combined_Score,Stability_Freq,Selected,Rank
MRT,numeric,0.19961525576076694,0.007280341824724086,0.02932587949342393,0.052302605527837186,1.0,1.0,True,1
RH,numeric,0.005344435399548221,0.0,0.0039006091959040328,0.018886117050764237,1.0,1.0,True,2
Top,numeric,0.22641087588146216,0.1255347388426842,0.07329944627359908,0.06390076819513742,1.0,1.0,True,3
RATemp,numeric,0.2118439991855703,0.04088972770385244,0.048327270256244274,0.06465906391066763,1.0,1.0,False,4
Air Velo,numeric,0.018771042586310023,0.0,0.001394714509935239,0.012714817454660642,1.0,1.0,False,5
