Feature,Type,Univariate_Score,Perm_DeltaR2,Perm_DeltaMAE,Perm_DeltaAcc,Combined_Score,Stability_Freq,Selected,Rank
MRT,numeric,0.19961525576076694,0.013266474035685438,0.00787288387099593,0.012358438267205197,1.0,1.0,True,1
RH,numeric,0.005344435399548221,0.0,0.0,0.0,1.0,1.0,True,2
Top,numeric,0.22641087588146216,0.0724197040918205,0.030152353294588465,0.0083551120614556,1.0,1.0,True,3
RATemp,numeric,0.2118439991855703,0.07299549965486393,0.03277571520364392,0.02434861804070641,1.0,1.0,False,4
Air Velo,numeric,0.018771042586310023,0.0,0.0,0.0,1.0,1.0,False,5
