Feature,Type,Univariate_Score,Perm_DeltaR2,Perm_DeltaMAE,Perm_DeltaAcc,Combined_Score,Stability_Freq,Selected,Rank
Clothing,categorical,0.13212140341337114,0.019247246140050068,0.01469868410536907,0.014927479590064265,1.0,1.0,True,1
Season,categorical,0.024364923877041998,0.023357175379369367,0.014781756033793383,0.006587632447455272,1.0,1.0,True,2
Activity,categorical,0.003723005400763959,0.002341007786033722,0.004023756488622446,0.006583289907938164,1.0,1.0,True,3
MRT,numeric,0.14295464481428105,0.0017126123880402283,0.0011525636025893516,0.0052805280528052745,1.0,1.0,False,4
RH,numeric,0.0034558369527280227,0.0028869084951850107,0.003395953000001506,0.0017587285044293854,1.0,1.0,False,5
Top,numeric,0.2583906156626027,0.08128001466061816,0.054823761736008926,0.03427059811244282,1.0,1.0,False,6
RATemp,numeric,0.25737310816365094,0.07769283696997875,0.05068591426233752,0.0327195877482485,1.0,1.0,False,7
Air Velo,numeric,0.021045774083030204,0.002806269042749062,0.002304278360502946,0.00351673325227259,1.0,1.0,False,8
