Feature,Type,Univariate_Score,Perm_DeltaR2,Perm_DeltaMAE,Perm_DeltaAcc,Combined_Score,Stability_Freq,Selected,Rank
Clothing,categorical,0.36107642774840565,0.022613744537758954,0.010368753949678443,0.006349206349206342,1.0,1.0,True,1
Season,categorical,0.0,7.401486830834377e-18,1.4802973661668754e-17,0.0,1.0,1.0,True,2
Activity,categorical,0.0,7.401486830834377e-18,7.401486830834377e-18,0.0,1.0,1.0,True,3
MRT,numeric,0.041044797892478044,0.016732113763738975,0.009248906723286827,0.009449981543004794,1.0,1.0,False,4
RH,numeric,0.0027651772560393123,0.03650681152262198,0.018828103723614244,0.015873015873015865,1.0,1.0,False,5
Top,numeric,0.06833100609793122,0.05936350539021692,0.02963616066839887,0.015873015873015865,1.0,1.0,False,6
RATemp,numeric,0.018579672702628686,0.019754872485334828,0.014502653572995577,0.01897379106681431,1.0,1.0,False,7
Air Velo,numeric,0.017172946142886843,0.015069683660672132,0.007741742798275478,0.012624584717607973,1.0,1.0,False,8
