Feature,Type,Univariate_Score,Perm_DeltaR2,Perm_DeltaMAE,Perm_DeltaAcc,Combined_Score,Stability_Freq,Selected,Rank
Clothing,categorical,0.36107642774840565,0.0010450170462830144,0.0005476428181873401,0.0,1.0,1.0,True,1
Season,categorical,0.0,0.0,0.0,0.0,1.0,1.0,True,2
Activity,categorical,0.0,0.0,0.0,0.0,1.0,1.0,True,3
MRT,numeric,0.041044797892478044,0.025515299924438444,0.024289288163058753,0.03314876338132152,1.0,1.0,False,4
RH,numeric,0.0027651772560393123,0.01969202777962995,0.00706019181671506,0.01901070505721669,1.0,1.0,False,5
Top,numeric,0.06833100609793122,0.0317603189597115,0.022008514324810553,0.01738648947951274,1.0,1.0,False,6
RATemp,numeric,0.018579672702628686,0.021907151840323928,0.013349422264171995,0.030011074197120707,1.0,1.0,False,7
Air Velo,numeric,0.017172946142886843,0.017082066251975954,0.010058353866103178,0.02698412698412699,1.0,1.0,False,8
