Feature,Type,Univariate_Score,Perm_DeltaR2,Perm_DeltaMAE,Perm_DeltaAcc,Combined_Score,Stability_Freq,Selected,Rank
Clothing,categorical,0.13212140341337114,0.0026403521020394783,0.0021109859573501164,0.005045307162295173,1.0,1.0,True,1
Season,categorical,0.024364923877041998,0.01981027952659062,0.014186350010621785,0.008119101383822592,1.0,1.0,True,2
Activity,categorical,0.003723005400763959,0.0031417770654011525,0.0029444484807863063,0.005714782004516247,1.0,1.0,True,3
MRT,numeric,0.14295464481428105,0.02975416279073072,0.020974162944666763,0.023499652596838633,1.0,1.0,False,4
RH,numeric,0.0034558369527280227,0.012821480649520978,0.009015386461700466,0.013608071333449134,1.0,1.0,False,5
Top,numeric,0.2583906156626027,0.10010024014563179,0.06725707850830656,0.04500246077239303,1.0,1.0,False,6
RATemp,numeric,0.25737310816365094,0.11742449278715388,0.07344055131022949,0.04744586300735336,1.0,1.0,False,7
Air Velo,numeric,0.021045774083030204,0.011046992446098806,0.00956197222707018,0.016026142087893002,1.0,1.0,False,8
