Feature,Type,Univariate_Score,Perm_DeltaR2,Perm_DeltaMAE,Perm_DeltaAcc,Combined_Score,Stability_Freq,Selected,Rank
Clothing,categorical,0.36107642774840565,0.005817631880442301,0.0023864984512329103,0.0031746031746031746,1.0,1.0,True,1
Season,categorical,0.0,0.0,0.0,0.0,1.0,1.0,True,2
Activity,categorical,0.0,0.0,0.0,0.0,1.0,1.0,True,3
MRT,numeric,0.041044797892478044,0.04456134637196859,0.02309672435124715,0.02377260981912145,1.0,1.0,False,4
RH,numeric,0.0027651772560393123,0.01552056074142456,0.0056170423825581866,0.022185308231819866,1.0,1.0,False,5
Top,numeric,0.06833100609793122,0.02703866163889567,0.018047853310902914,0.018789221114802516,1.0,1.0,False,6
RATemp,numeric,0.018579672702628686,0.014301963647206626,0.010566548506418864,0.011111111111111117,1.0,1.0,False,7
Air Velo,numeric,0.017172946142886843,0.021909713745117188,0.013316528002421063,0.015799187892211145,1.0,1.0,False,8
