Feature,Type,Univariate_Score,Perm_DeltaR2,Perm_DeltaMAE,Perm_DeltaAcc,Combined_Score,Stability_Freq,Selected,Rank
Clothing,categorical,0.13212140341337114,0.003198794523874919,0.003398088614145915,0.0024137282149267504,1.0,1.0,True,1
Season,categorical,0.024364923877041998,0.007340935866038005,0.003967599074045817,0.0004385964912280678,1.0,1.0,True,2
Activity,categorical,0.003723005400763959,0.0012132962544759113,0.0010324358940124513,0.0006586184934282942,1.0,1.0,True,3
MRT,numeric,0.14295464481428105,0.018424999713897706,0.014352917671203613,0.011426668982687738,1.0,1.0,False,4
RH,numeric,0.0034558369527280227,0.0067581335703531895,0.0048903028170267735,0.00768339991893926,1.0,1.0,False,5
Top,numeric,0.2583906156626027,0.14201637109120685,0.08746342658996582,0.039099502055468714,1.0,1.0,False,6
RATemp,numeric,0.25737310816365094,0.08295137882232666,0.0557320237159729,0.02878452318916102,1.0,1.0,False,7
Air Velo,numeric,0.021045774083030204,0.009549216429392497,0.005937786897023519,0.0074684442128423335,1.0,1.0,False,8
