Feature,Type,Univariate_Score,Perm_DeltaR2,Perm_DeltaMAE,Perm_DeltaAcc,Combined_Score,Stability_Freq,Selected,Rank
Clothing,categorical,0.39075433617284083,0.0022780656814575194,0.0030678351720174156,0.0075342465753424626,1.0,1.0,True,1
Season,categorical,0.3423220618313034,0.036707091331481936,0.025618962446848553,0.018949771689497717,1.0,1.0,True,2
Activity,categorical,0.16546141439178608,0.0005330125490824382,0.00033164024353027344,0.002054794520547946,1.0,1.0,True,3
MRT,numeric,0.33427764517134434,0.25112456878026324,0.15414697726567586,0.07853881278538813,1.0,1.0,False,4
RH,numeric,0.325604547468956,0.052904097239176426,0.036236830552419025,0.026484018264840183,1.0,1.0,False,5
Top,numeric,0.34820425437285063,0.04061611493428548,0.033281596501668294,0.01894977168949772,1.0,1.0,False,6
RATemp,numeric,0.35396998660550694,0.06563365856806438,0.04454557100931804,0.022831050228310504,1.0,1.0,False,7
Air Velo,numeric,0.12181591040826834,0.024158966541290287,0.01441659927368164,0.008447488584474883,1.0,1.0,False,8
