Feature,Type,Univariate_Score,Perm_DeltaR2,Perm_DeltaMAE,Perm_DeltaAcc,Combined_Score,Stability_Freq,Selected,Rank
Clothing,categorical,0.39075433617284083,0.00267119210878836,0.005435515401626419,0.009589041095890411,1.0,1.0,True,1
Season,categorical,0.3423220618313034,0.30702705536007907,0.18185983416561816,0.0821917808219178,1.0,1.0,True,2
Activity,categorical,0.16546141439178608,0.001924803235038075,0.001693982144614914,0.0006849315068493178,1.0,1.0,True,3
MRT,numeric,0.33427764517134434,0.032895049040249,0.028428946485019424,0.014611872146118721,1.0,1.0,False,4
RH,numeric,0.325604547468956,0.020214415957900328,0.01708361821731712,0.00821917808219178,1.0,1.0,False,5
Top,numeric,0.34820425437285063,0.004308641741818835,0.005182796840622017,0.007990867579908679,1.0,1.0,False,6
RATemp,numeric,0.35396998660550694,0.008500715123760627,0.009691901255313015,0.006849315068493152,1.0,1.0,False,7
Air Velo,numeric,0.12181591040826834,0.01943969416783834,0.013027892735442642,0.010730593607305935,1.0,1.0,False,8
