Feature,Type,Univariate_Score,Perm_DeltaR2,Perm_DeltaMAE,Perm_DeltaAcc,Combined_Score,Stability_Freq,Selected,Rank
Clothing,categorical,0.39075433617284083,0.011117107688600983,0.009363118306401486,0.011415525114155233,1.0,1.0,True,1
Season,categorical,0.3423220618313034,0.060825868076706056,0.03953586137142133,0.021232876712328756,1.0,1.0,True,2
Activity,categorical,0.16546141439178608,0.013412009781277101,0.00795922917751261,0.005936073059360725,1.0,1.0,True,3
MRT,numeric,0.33427764517134434,0.0925630388460434,0.06498740646784261,0.030593607305936056,1.0,1.0,False,4
RH,numeric,0.325604547468956,0.0656616477232871,0.04459443564620785,0.027853881278538793,1.0,1.0,False,5
Top,numeric,0.34820425437285063,0.0886293879864534,0.06308009708742565,0.03630136986301368,1.0,1.0,False,6
RATemp,numeric,0.35396998660550694,0.05857308543264421,0.03908565861444325,0.02168949771689496,1.0,1.0,False,7
Air Velo,numeric,0.12181591040826834,0.053498983794169966,0.028794318383547984,0.00776255707762556,1.0,1.0,False,8
