Feature,Type,Univariate_Score,Perm_DeltaR2,Perm_DeltaMAE,Perm_DeltaAcc,Combined_Score,Stability_Freq,Selected,Rank
Clothing,categorical,0.39075433617284083,0.0,0.0,0.0,1.0,1.0,True,1
Season,categorical,0.3423220618313034,0.012409075484371748,0.008043818783937947,0.0043378995433790025,1.0,1.0,True,2
Activity,categorical,0.16546141439178608,0.0,0.0,0.0,1.0,1.0,True,3
MRT,numeric,0.33427764517134434,0.08069077800992938,0.05154597747335159,0.014840182648401826,1.0,1.0,False,4
RH,numeric,0.325604547468956,0.043210292505938455,0.028889464585288294,0.0063926940639269444,1.0,1.0,False,5
Top,numeric,0.34820425437285063,0.03641622758889511,0.024062057066790515,0.004109589041095885,1.0,1.0,False,6
RATemp,numeric,0.35396998660550694,0.024343141923352695,0.017660420130431773,0.0029680365296803736,1.0,1.0,False,7
Air Velo,numeric,0.12181591040826834,0.05763353927687416,0.032922623182617586,0.006164383561643847,1.0,1.0,False,8
