Feature,Type,Univariate_Score,Perm_DeltaR2,Perm_DeltaMAE,Perm_DeltaAcc,Combined_Score,Stability_Freq,Selected,Rank
MRT,numeric,0.19961525576076694,0.012506759569228056,0.007563004449236928,0.016339985744832496,1.0,1.0,True,1
RH,numeric,0.005344435399548221,0.0,0.0,0.0,1.0,1.0,True,2
Top,numeric,0.22641087588146216,0.07095241198187385,0.02952649861101962,0.010542884295557135,1.0,1.0,True,3
RATemp,numeric,0.2118439991855703,0.07714773398933462,0.032604816774235365,0.012352498614080937,1.0,1.0,False,4
Air Velo,numeric,0.018771042586310023,0.0,0.0,0.0,1.0,1.0,False,5
