Feature,Type,Univariate_Score,Perm_DeltaR2,Perm_DeltaMAE,Perm_DeltaAcc,Combined_Score,Stability_Freq,Selected,Rank
MRT,numeric,0.19961525576076694,0.05206495407893632,0.03891011656936581,0.0508137324780233,1.0,1.0,True,1
RH,numeric,0.005344435399548221,0.0183007431760877,0.008167772059843308,0.016332066207333497,1.0,1.0,True,2
Top,numeric,0.22641087588146216,0.1803509654325679,0.08151727086835259,0.06898313138512711,1.0,1.0,True,3
RATemp,numeric,0.2118439991855703,0.06777935879770408,0.04678755028076699,0.059899421873762584,1.0,1.0,False,4
Air Velo,numeric,0.018771042586310023,0.016023028383471218,0.00947667716409523,0.007990813336501142,1.0,1.0,False,5
