Feature,Type,Univariate_Score,Perm_DeltaR2,Perm_DeltaMAE,Perm_DeltaAcc,Combined_Score,Stability_Freq,Selected,Rank
MRT,numeric,0.19961525576076694,0.04498564799626668,0.032004904747009275,0.03741783479844776,1.0,1.0,True,1
RH,numeric,0.005344435399548221,0.004947078227996826,0.0029995520909627277,0.013437475251445313,1.0,1.0,True,2
Top,numeric,0.22641087588146216,0.30923978885014847,0.1292383829752604,0.08064861012116893,1.0,1.0,True,3
RATemp,numeric,0.2118439991855703,0.047133338451385495,0.03904738426208497,0.060661677358042274,1.0,1.0,False,4
Air Velo,numeric,0.018771042586310023,0.007309218247731526,0.005625693003336588,0.012698978379662617,1.0,1.0,False,5
