Feature,Type,Univariate_Score,Perm_DeltaR2,Perm_DeltaMAE,Perm_DeltaAcc,Combined_Score,Stability_Freq,Selected,Rank
MRT,numeric,0.19961525576076694,0.00848899470458336,0.028117753617522733,0.057384968717826876,1.0,1.0,True,1
RH,numeric,0.005344435399548221,0.00017303806995202137,0.003568441985039287,0.021794567197275676,1.0,1.0,True,2
Top,numeric,0.22641087588146216,0.13841630983123687,0.07822511043522969,0.06282569097964678,1.0,1.0,True,3
RATemp,numeric,0.2118439991855703,0.0280878756856995,0.041381119884572624,0.06754771521343153,1.0,1.0,False,4
Air Velo,numeric,0.018771042586310023,0.0,0.0005253550882310905,0.005452601568068427,1.0,1.0,False,5
