Feature,Type,Univariate_Score,Perm_DeltaR2,Perm_DeltaMAE,Perm_DeltaAcc,Combined_Score,Stability_Freq,Selected,Rank
Clothing,categorical,0.36107642774840565,0.0031234542528788246,0.0012586593627929687,0.006349206349206352,1.0,1.0,True,1
Season,categorical,0.0,0.0,0.0,0.0,1.0,1.0,True,2
Activity,categorical,0.0,0.0,0.0,0.0,1.0,1.0,True,3
MRT,numeric,0.041044797892478044,0.04565446376800537,0.027196530501047766,0.03008490217792543,1.0,1.0,False,4
RH,numeric,0.0027651772560393123,0.020371015866597494,0.010005970795949299,0.030047988187523068,1.0,1.0,False,5
Top,numeric,0.06833100609793122,0.01796342134475708,0.014807724952697754,0.020376522702104105,1.0,1.0,False,6
RATemp,numeric,0.018579672702628686,0.021454270680745444,0.013108154137929281,0.01746031746031746,1.0,1.0,False,7
Air Velo,numeric,0.017172946142886843,0.024314737319946288,0.012162017822265624,0.011074197120708748,1.0,1.0,False,8
