Feature,Type,Univariate_Score,Perm_DeltaR2,Perm_DeltaMAE,Perm_DeltaAcc,Combined_Score,Stability_Freq,Selected,Rank
Clothing,categorical,0.36107642774840565,0.015396644667101621,0.008621443646743148,0.006349206349206342,1.0,1.0,True,1
Season,categorical,0.0,3.700743415417188e-17,2.960594732333751e-17,0.0,1.0,1.0,True,2
Activity,categorical,0.0,2.960594732333751e-17,2.2204460492503132e-17,0.0,1.0,1.0,True,3
MRT,numeric,0.041044797892478044,0.02876470709774041,0.012099541226894139,0.007936507936507927,1.0,1.0,False,4
RH,numeric,0.0027651772560393123,0.010160140597148093,0.00865490955539198,0.007899593946105572,1.0,1.0,False,5
Top,numeric,0.06833100609793122,0.06559456096371494,0.04074229842430713,0.037836840162421545,1.0,1.0,False,6
RATemp,numeric,0.018579672702628686,0.018858255855995973,0.012168754858655213,0.023735695828719074,1.0,1.0,False,7
Air Velo,numeric,0.017172946142886843,0.043759844275837546,0.020124682193896556,0.01875230712440014,1.0,1.0,False,8
