Feature,Type,Univariate_Score,Perm_DeltaR2,Perm_DeltaMAE,Perm_DeltaAcc,Combined_Score,Stability_Freq,Selected,Rank
Clothing,categorical,0.13212140341337114,0.0029421504345259995,0.0017036424794467432,0.0032930924671414454,1.0,1.0,True,1
Season,categorical,0.024364923877041998,0.01922456962980234,0.013921332243302085,0.009214868855306582,1.0,1.0,True,2
Activity,categorical,0.003723005400763959,0.004086506457102912,0.003435210264056139,0.006814168258931159,1.0,1.0,True,3
MRT,numeric,0.14295464481428105,0.030131148026877348,0.020413635707621017,0.0256919112963928,1.0,1.0,False,4
RH,numeric,0.0034558369527280227,0.010783139473662858,0.008684588503305526,0.016687655607666035,1.0,1.0,False,5
Top,numeric,0.2583906156626027,0.09655073652681717,0.06592248353354165,0.03996004863644259,1.0,1.0,False,6
RATemp,numeric,0.25737310816365094,0.1067233832207346,0.07257665269614222,0.05073316542180535,1.0,1.0,False,7
Air Velo,numeric,0.021045774083030204,0.007780685286322475,0.006301355972875814,0.011200133171211858,1.0,1.0,False,8
