Feature,Type,Univariate_Score,Perm_DeltaR2,Perm_DeltaMAE,Perm_DeltaAcc,Combined_Score,Stability_Freq,Selected,Rank
Clothing,categorical,0.13212140341337114,0.020566859078260148,0.014855271379259741,0.014488159342250012,1.0,1.0,True,1
Season,categorical,0.024364923877041998,0.025368832259032314,0.015281777389536228,0.005488969949626542,1.0,1.0,True,2
Activity,categorical,0.003723005400763959,0.000730639763758482,0.002077391353994207,0.006363991662324135,1.0,1.0,True,3
MRT,numeric,0.14295464481428105,0.00379105860800973,0.0030134356462761264,0.006379190550634009,1.0,1.0,False,4
RH,numeric,0.0034558369527280227,0.001330585965560053,0.002175064650870762,0.0028537722193271962,1.0,1.0,False,5
Top,numeric,0.2583906156626027,0.09233260957351837,0.059014897996326754,0.04039864512767065,1.0,1.0,False,6
RATemp,numeric,0.25737310816365094,0.07701165871447668,0.050648368653826284,0.036894215737363206,1.0,1.0,False,7
Air Velo,numeric,0.021045774083030204,0.004611153658108995,0.0032225734298443253,0.008350703491401771,1.0,1.0,False,8
