Feature,Type,Univariate_Score,Perm_DeltaR2,Perm_DeltaMAE,Perm_DeltaAcc,Combined_Score,Stability_Freq,Selected,Rank
Clothing,categorical,0.36107642774840565,0.0017915718982063123,0.0008455722789428189,0.001550387596899224,1.0,1.0,True,1
Season,categorical,0.0,0.0,0.0,0.0,1.0,1.0,True,2
Activity,categorical,0.0,0.0,0.0,0.0,1.0,1.0,True,3
MRT,numeric,0.041044797892478044,0.020782557783774788,0.019611555053989933,0.037726098191214474,1.0,1.0,False,4
RH,numeric,0.0027651772560393123,0.012451590854113204,0.00538700643228005,0.01746031746031746,1.0,1.0,False,5
Top,numeric,0.06833100609793122,0.035481987245764665,0.024131376614844387,0.021926910299003326,1.0,1.0,False,6
RATemp,numeric,0.018579672702628686,0.02645107114820432,0.01717976655985421,0.028386858619416762,1.0,1.0,False,7
Air Velo,numeric,0.017172946142886843,0.012180988231390038,0.004948945420908454,0.025212255444813585,1.0,1.0,False,8
