Feature,Type,Univariate_Score,Perm_DeltaR2,Perm_DeltaMAE,Perm_DeltaAcc,Combined_Score,Stability_Freq,Selected,Rank
Clothing,categorical,0.13212140341337114,0.0063426216443379715,0.004680311679840088,0.007685571188697804,1.0,1.0,True,1
Season,categorical,0.024364923877041998,0.0070805191993713375,0.0020580728848775226,0.0,1.0,1.0,True,2
Activity,categorical,0.003723005400763959,0.0009178320566813151,0.0007252176602681478,0.0010986624978287323,1.0,1.0,True,3
MRT,numeric,0.14295464481428105,0.020934621493021645,0.013512750466664633,0.011864541717329624,1.0,1.0,False,4
RH,numeric,0.0034558369527280227,0.005648008982340495,0.0037687579790751146,0.006152654739158126,1.0,1.0,False,5
Top,numeric,0.2583906156626027,0.1440516750017802,0.08985314766565958,0.04569437206878583,1.0,1.0,False,6
RATemp,numeric,0.25737310816365094,0.08888567686080931,0.0578267494837443,0.028123733425974174,1.0,1.0,False,7
Air Velo,numeric,0.021045774083030204,0.009035714467366536,0.007533188660939535,0.008129233976029175,1.0,1.0,False,8
