Feature,Type,Univariate_Score,Perm_DeltaR2,Perm_DeltaMAE,Perm_DeltaAcc,Combined_Score,Stability_Freq,Selected,Rank
Clothing,categorical,0.39075433617284083,0.0071166905593955596,0.004617393811189907,0.0029680365296803624,1.0,1.0,True,1
Season,categorical,0.3423220618313034,0.05365902158592941,0.03685381912337814,0.020776255707762547,1.0,1.0,True,2
Activity,categorical,0.16546141439178608,0.010343928267905905,0.005929040758361456,0.0034246575342465704,1.0,1.0,True,3
MRT,numeric,0.33427764517134434,0.08856065309369324,0.06281846112338424,0.031506849315068475,1.0,1.0,False,4
RH,numeric,0.325604547468956,0.06673098141941322,0.046378406344237226,0.03630136986301368,1.0,1.0,False,5
Top,numeric,0.34820425437285063,0.09135084017089816,0.06566870498799603,0.039269406392694044,1.0,1.0,False,6
RATemp,numeric,0.35396998660550694,0.05179932503191553,0.03436607136474015,0.022146118721461168,1.0,1.0,False,7
Air Velo,numeric,0.12181591040826834,0.055939873817515084,0.03368580352637362,0.01027397260273972,1.0,1.0,False,8
