Feature,Type,Univariate_Score,Perm_DeltaR2,Perm_DeltaMAE,Perm_DeltaAcc,Combined_Score,Stability_Freq,Selected,Rank
Clothing,categorical,0.39075433617284083,0.0031971487715267847,0.004573679250688574,0.007762557077625567,1.0,1.0,True,1
Season,categorical,0.3423220618313034,0.29984675244077313,0.18272598066213003,0.08789954337899544,1.0,1.0,True,2
Activity,categorical,0.16546141439178608,0.0034919207599149573,0.002856581467483836,0.0011415525114155296,1.0,1.0,True,3
MRT,numeric,0.33427764517134434,0.03126161459328651,0.026976211955065093,0.015753424657534244,1.0,1.0,False,4
RH,numeric,0.325604547468956,0.017844646223460204,0.014680767149975859,0.005022831050228312,1.0,1.0,False,5
Top,numeric,0.34820425437285063,0.009246391076416892,0.009471511654543015,0.008904109589041097,1.0,1.0,False,6
RATemp,numeric,0.35396998660550694,0.005346223875819844,0.00598769686460278,0.005251141552511414,1.0,1.0,False,7
Air Velo,numeric,0.12181591040826834,0.020933073984426127,0.013730471830440117,0.0077625570776255716,1.0,1.0,False,8
