Feature,Type,Univariate_Score,Perm_DeltaR2,Perm_DeltaMAE,Perm_DeltaAcc,Combined_Score,Stability_Freq,Selected,Rank
Clothing,categorical,0.39075433617284083,0.0036026875178019205,0.005487549304962158,0.005936073059360732,1.0,1.0,True,1
Season,categorical,0.3423220618313034,0.03029423952102662,0.020300885041554768,0.016894977168949773,1.0,1.0,True,2
Activity,categorical,0.16546141439178608,0.0005196094512939452,0.00027212699254353844,0.0027397260273972677,1.0,1.0,True,3
MRT,numeric,0.33427764517134434,0.2641642967859904,0.1620395541191101,0.07671232876712328,1.0,1.0,False,4
RH,numeric,0.325604547468956,0.04613087972005209,0.032275378704071045,0.024200913242009126,1.0,1.0,False,5
Top,numeric,0.34820425437285063,0.041603000958760586,0.03343613942464192,0.02876712328767122,1.0,1.0,False,6
RATemp,numeric,0.35396998660550694,0.06351417700449626,0.04352623621622721,0.028767123287671233,1.0,1.0,False,7
Air Velo,numeric,0.12181591040826834,0.02269171873728434,0.011962389945983889,0.0077625570776255716,1.0,1.0,False,8
