Feature,Type,Univariate_Score,Perm_DeltaR2,Perm_DeltaMAE,Perm_DeltaAcc,Combined_Score,Stability_Freq,Selected,Rank
Clothing,categorical,0.39075433617284083,0.0,0.0,0.0,1.0,1.0,True,1
Season,categorical,0.3423220618313034,0.012539953544251237,0.008740243845145823,0.005479452054794531,1.0,1.0,True,2
Activity,categorical,0.16546141439178608,0.0,0.0,0.0,1.0,1.0,True,3
MRT,numeric,0.33427764517134434,0.08625149577908701,0.05343706728753409,0.010502283105022828,1.0,1.0,False,4
RH,numeric,0.325604547468956,0.04093129276544875,0.028607507981103425,0.011643835616438362,1.0,1.0,False,5
Top,numeric,0.34820425437285063,0.03452486899587372,0.023483938262204962,0.003652968036529684,1.0,1.0,False,6
RATemp,numeric,0.35396998660550694,0.02525202857076201,0.018854788119157945,0.0025114155251141617,1.0,1.0,False,7
Air Velo,numeric,0.12181591040826834,0.05498977582627311,0.030376342336319466,0.002283105022831052,1.0,1.0,False,8
