Feature,Type,Univariate_Score,Perm_DeltaR2,Perm_DeltaMAE,Perm_DeltaAcc,Combined_Score,Stability_Freq,Selected,Rank
MRT,numeric,0.19961525576076694,0.012933290532341962,0.0074851573144323865,0.0159816266730023,1.0,1.0,True,1
RH,numeric,0.005344435399548221,0.0,0.0,0.0,1.0,1.0,True,2
Top,numeric,0.22641087588146216,0.06791012764043151,0.029112076926534225,0.009804387423774447,1.0,1.0,True,3
RATemp,numeric,0.2118439991855703,0.07571438495485247,0.03305406597246349,0.025786014096776742,1.0,1.0,False,4
Air Velo,numeric,0.018771042586310023,0.0,0.0,0.0,1.0,1.0,False,5
