Feature,Type,Univariate_Score,Perm_DeltaR2,Perm_DeltaMAE,Perm_DeltaAcc,Combined_Score,Stability_Freq,Selected,Rank
MRT,numeric,0.19961525576076694,0.03413488070170084,0.030007529258728027,0.037435653757820535,1.0,1.0,True,1
RH,numeric,0.005344435399548221,0.01035137176513672,0.006914210319519043,0.014152213510730963,1.0,1.0,True,2
Top,numeric,0.22641087588146216,0.32568204005559287,0.13459670543670654,0.095856102003643,1.0,1.0,True,3
RATemp,numeric,0.2118439991855703,0.049166758855183915,0.04190478722254436,0.07445949156569256,1.0,1.0,False,4
Air Velo,numeric,0.018771042586310023,0.01166278918584188,0.00922333002090454,0.011253662786093284,1.0,1.0,False,5
