Feature,Type,Univariate_Score,Perm_DeltaR2,Perm_DeltaMAE,Perm_DeltaAcc,Combined_Score,Stability_Freq,Selected,Rank
MRT,numeric,0.19961525576076694,0.008693548973916786,0.031480038560700675,0.050106913756236646,1.0,1.0,True,1
RH,numeric,0.005344435399548221,0.0,0.002328641409764357,0.022517224994060347,1.0,1.0,True,2
Top,numeric,0.22641087588146216,0.14989291509786923,0.08608973064780934,0.07658390749980201,1.0,1.0,True,3
RATemp,numeric,0.2118439991855703,0.025963418951414158,0.04446648099022375,0.0744614714500673,1.0,1.0,False,4
Air Velo,numeric,0.018771042586310023,0.0,0.0011302306553861994,0.00836105171457987,1.0,1.0,False,5
