Feature,Type,Univariate_Score,Perm_DeltaR2,Perm_DeltaMAE,Perm_DeltaAcc,Combined_Score,Stability_Freq,Selected,Rank
MRT,numeric,0.19961525576076694,0.0407702595868502,0.033105161019460594,0.047537023837807876,1.0,1.0,True,1
RH,numeric,0.005344435399548221,0.014670337928853944,0.00687856828925711,0.017068583194741433,1.0,1.0,True,2
Top,numeric,0.22641087588146216,0.17649342390105105,0.08229108574584332,0.07338045458145245,1.0,1.0,True,3
RATemp,numeric,0.2118439991855703,0.061756608612382566,0.043419699296624197,0.05885008315514375,1.0,1.0,False,4
Air Velo,numeric,0.018771042586310023,0.01751723297688593,0.010413926294096187,0.009794488001900688,1.0,1.0,False,5
