Feature,Type,Univariate_Score,Perm_DeltaR2,Perm_DeltaMAE,Perm_DeltaAcc,Combined_Score,Stability_Freq,Selected,Rank
Clothing,categorical,0.36107642774840565,0.0036130269368489587,0.0025310715039571128,0.00793650793650793,1.0,1.0,True,1
Season,categorical,0.0,0.0,0.0,0.0,1.0,1.0,True,2
Activity,categorical,0.0,0.0,0.0,0.0,1.0,1.0,True,3
MRT,numeric,0.041044797892478044,0.055260439713795975,0.030214460690816243,0.025396825396825397,1.0,1.0,False,4
RH,numeric,0.0027651772560393123,0.022453784942626953,0.00791265567143758,0.028534514581026217,1.0,1.0,False,5
Top,numeric,0.06833100609793122,0.03489727973937988,0.0211772084236145,0.01572535991140643,1.0,1.0,False,6
RATemp,numeric,0.018579672702628686,0.018332465489705404,0.01173027753829956,0.026984126984126982,1.0,1.0,False,7
Air Velo,numeric,0.017172946142886843,0.014765675862630206,0.00987753470738729,0.014285714285714282,1.0,1.0,False,8
