Feature,Type,Univariate_Score,Perm_DeltaR2,Perm_DeltaMAE,Perm_DeltaAcc,Combined_Score,Stability_Freq,Selected,Rank
Clothing,categorical,0.13212140341337114,0.002732954677424012,0.0016589769272295457,0.003950263447397373,1.0,1.0,True,1
Season,categorical,0.024364923877041998,0.017511460794587038,0.014065231991080961,0.00812416767992589,1.0,1.0,True,2
Activity,categorical,0.003723005400763959,0.0031857944895372857,0.002843919583880624,0.0059348040067164695,1.0,1.0,True,3
MRT,numeric,0.14295464481428105,0.025349902890257507,0.01700138149717673,0.020648775403856172,1.0,1.0,False,4
RH,numeric,0.0034558369527280227,0.012260521027285705,0.008635697116601497,0.015589716866423483,1.0,1.0,False,5
Top,numeric,0.2583906156626027,0.09564217782939592,0.06358414169011113,0.04104423600254762,1.0,1.0,False,6
RATemp,numeric,0.25737310816365094,0.11786613736080702,0.07997060915614233,0.05818351571999305,1.0,1.0,False,7
Air Velo,numeric,0.021045774083030204,0.0073726558176895555,0.0060778276095105966,0.013618203925655728,1.0,1.0,False,8
