Feature,Type,Univariate_Score,Perm_DeltaR2,Perm_DeltaMAE,Perm_DeltaAcc,Combined_Score,Stability_Freq,Selected,Rank
Clothing,categorical,0.36107642774840565,0.006839846995011707,0.003937493124263384,0.015873015873015865,1.0,1.0,True,1
Season,categorical,0.0,7.401486830834377e-18,2.960594732333751e-17,0.0,1.0,1.0,True,2
Activity,categorical,0.0,7.401486830834377e-18,1.4802973661668754e-17,0.0,1.0,1.0,True,3
MRT,numeric,0.041044797892478044,0.01752036447675705,0.008312303153623937,0.020487264673311176,1.0,1.0,False,4
RH,numeric,0.0027651772560393123,0.03089181737353953,0.013934031731257485,0.017423403469915093,1.0,1.0,False,5
Top,numeric,0.06833100609793122,0.05982603736578235,0.03631333034826043,0.03008490217792542,1.0,1.0,False,6
RATemp,numeric,0.018579672702628686,0.01251948381850189,0.010269734401990808,0.01587301587301587,1.0,1.0,False,7
Air Velo,numeric,0.017172946142886843,0.04390994327534233,0.012635345638232171,0.020339608711701734,1.0,1.0,False,8
