Feature,Type,Univariate_Score,Perm_DeltaR2,Perm_DeltaMAE,Perm_DeltaAcc,Combined_Score,Stability_Freq,Selected,Rank
Clothing,categorical,0.13212140341337114,0.008672956625620523,0.006214670340220134,0.005929013954026981,1.0,1.0,True,1
Season,categorical,0.024364923877041998,0.008026142915089924,0.0036086956659952796,0.0008793642522147019,1.0,1.0,True,2
Activity,categorical,0.003723005400763959,0.001123825709025065,0.0010770440101623535,0.0008786404956285093,1.0,1.0,True,3
MRT,numeric,0.14295464481428105,0.026086258888244628,0.016201027234395347,0.012521712697585544,1.0,1.0,False,4
RH,numeric,0.0034558369527280227,0.005041372776031494,0.003915806611378987,0.004170285449597592,1.0,1.0,False,5
Top,numeric,0.2583906156626027,0.1274133563041687,0.08011162678400675,0.04043193793063517,1.0,1.0,False,6
RATemp,numeric,0.25737310816365094,0.08052638371785482,0.05552325248718261,0.0256919112963928,1.0,1.0,False,7
Air Velo,numeric,0.021045774083030204,0.009090904394785564,0.006214781602223714,0.007466996699669963,1.0,1.0,False,8
