Feature,Type,Univariate_Score,Perm_DeltaR2,Perm_DeltaMAE,Perm_DeltaAcc,Combined_Score,Stability_Freq,Selected,Rank
Clothing,categorical,0.36107642774840565,0.0003720980043484386,8.364160743696097e-05,0.003137689184200816,1.0,1.0,True,1
Season,categorical,0.0,0.0,0.0,0.0,1.0,1.0,True,2
Activity,categorical,0.0,0.0,0.0,0.0,1.0,1.0,True,3
MRT,numeric,0.041044797892478044,0.03220453578509356,0.02595435011914069,0.03311184939091915,1.0,1.0,False,4
RH,numeric,0.0027651772560393123,0.016415164239133993,0.006920127701768952,0.02056109265411591,1.0,1.0,False,5
Top,numeric,0.06833100609793122,0.0382303372383756,0.02282166419033931,0.02676264304171281,1.0,1.0,False,6
RATemp,numeric,0.018579672702628686,0.024657838557598535,0.016831741468497773,0.034772978959025466,1.0,1.0,False,7
Air Velo,numeric,0.017172946142886843,0.01187994569730384,0.0062434480762343595,0.02535991140642304,1.0,1.0,False,8
