Feature,Type,Univariate_Score,Perm_DeltaR2,Perm_DeltaMAE,Perm_DeltaAcc,Combined_Score,Stability_Freq,Selected,Rank
Clothing,categorical,0.13212140341337114,0.016680033165410335,0.01587016573065466,0.015586098083492553,1.0,1.0,True,1
Season,categorical,0.024364923877041998,0.020550044540647926,0.01241730142047168,0.004174627989114705,1.0,1.0,True,2
Activity,categorical,0.003723005400763959,0.0015328573063464468,0.003940901672486789,0.009437062127265361,1.0,1.0,True,3
MRT,numeric,0.14295464481428105,0.005614128664303945,0.0023890742561820592,0.0076978750506629615,1.0,1.0,False,4
RH,numeric,0.0034558369527280227,0.0029768561326264003,0.004369081527694803,0.006149035956227204,1.0,1.0,False,5
Top,numeric,0.2583906156626027,0.0836528957726152,0.056994922674932405,0.03602064153783798,1.0,1.0,False,6
RATemp,numeric,0.25737310816365094,0.07590235973615746,0.05109189900197068,0.038428579700075266,1.0,1.0,False,7
Air Velo,numeric,0.021045774083030204,0.0009777272852745434,0.0025670029197483474,0.004617567019859874,1.0,1.0,False,8
