Feature,Type,Univariate_Score,Perm_DeltaR2,Perm_DeltaMAE,Perm_DeltaAcc,Combined_Score,Stability_Freq,Selected,Rank
Clothing,categorical,0.39075433617284083,0.0,0.0,0.0,1.0,1.0,True,1
Season,categorical,0.3423220618313034,0.013322311398597714,0.008863636128712252,0.0029680365296803663,1.0,1.0,True,2
Activity,categorical,0.16546141439178608,0.0,0.0,0.0,1.0,1.0,True,3
MRT,numeric,0.33427764517134434,0.07667835710224621,0.04894267709347132,0.013470319634703196,1.0,1.0,False,4
RH,numeric,0.325604547468956,0.03883616901983804,0.027233190426405346,0.005936073059360732,1.0,1.0,False,5
Top,numeric,0.34820425437285063,0.03532735525608889,0.023859448496327058,0.0054794520547945275,1.0,1.0,False,6
RATemp,numeric,0.35396998660550694,0.023914498098817478,0.017040536860655778,0.0015981735159817378,1.0,1.0,False,7
Air Velo,numeric,0.12181591040826834,0.05636468449285783,0.030589879153017897,0.006392694063926943,1.0,1.0,False,8
