Feature,Type,Univariate_Score,Perm_DeltaR2,Perm_DeltaMAE,Perm_DeltaAcc,Combined_Score,Stability_Freq,Selected,Rank
Clothing,categorical,0.39075433617284083,0.011924097647644499,0.007837164203896789,0.006621004566210042,1.0,1.0,True,1
Season,categorical,0.3423220618313034,0.05367081378368732,0.03787005211147,0.021461187214611856,1.0,1.0,True,2
Activity,categorical,0.16546141439178608,0.013437667929106301,0.0073222854647966296,0.0027397260273972603,1.0,1.0,True,3
MRT,numeric,0.33427764517134434,0.0931907577926889,0.06364731648654673,0.02922374429223743,1.0,1.0,False,4
RH,numeric,0.325604547468956,0.06806831540794166,0.04527940277018865,0.026484018264840165,1.0,1.0,False,5
Top,numeric,0.34820425437285063,0.08584362366985336,0.06113261636163371,0.039041095890410944,1.0,1.0,False,6
RATemp,numeric,0.35396998660550694,0.053105386441654835,0.036636730594692454,0.020319634703196338,1.0,1.0,False,7
Air Velo,numeric,0.12181591040826834,0.05621668038134729,0.03588380333150708,0.010730593607305924,1.0,1.0,False,8
