Feature,Type,Univariate_Score,Perm_DeltaR2,Perm_DeltaMAE,Perm_DeltaAcc,Combined_Score,Stability_Freq,Selected,Rank
Clothing,categorical,0.39075433617284083,0.0008875129517795343,0.00514116320561712,0.013926940639269404,1.0,1.0,True,1
Season,categorical,0.3423220618313034,0.3057306709151556,0.18070019731627335,0.08470319634703197,1.0,1.0,True,2
Activity,categorical,0.16546141439178608,0.0032813420170234434,0.0020312016878357335,0.0009132420091324236,1.0,1.0,True,3
MRT,numeric,0.33427764517134434,0.029849820865119447,0.02665418387608347,0.012328767123287676,1.0,1.0,False,4
RH,numeric,0.325604547468956,0.017854488373425147,0.014776637223212749,0.006621004566210049,1.0,1.0,False,5
Top,numeric,0.34820425437285063,0.006986867482372701,0.006567789890475151,0.009589041095890413,1.0,1.0,False,6
RATemp,numeric,0.35396998660550694,0.006390551556309165,0.0067515680909876405,0.009589041095890417,1.0,1.0,False,7
Air Velo,numeric,0.12181591040826834,0.02240832299842197,0.016135653470037092,0.011187214611872148,1.0,1.0,False,8
