Feature,Type,Univariate_Score,Perm_DeltaR2,Perm_DeltaMAE,Perm_DeltaAcc,Combined_Score,Stability_Freq,Selected,Rank
Clothing,categorical,0.39075433617284083,0.004626325766245524,0.00449526309967041,0.010502283105022827,1.0,1.0,True,1
Season,categorical,0.3423220618313034,0.034214890003204344,0.02379404703776042,0.015753424657534248,1.0,1.0,True,2
Activity,categorical,0.16546141439178608,0.0007774631182352703,0.0005023598670959473,0.002283105022831052,1.0,1.0,True,3
MRT,numeric,0.33427764517134434,0.2576013684272766,0.15832205613454184,0.08013698630136985,1.0,1.0,False,4
RH,numeric,0.325604547468956,0.04649078448613485,0.03541599114735921,0.030593607305936067,1.0,1.0,False,5
Top,numeric,0.34820425437285063,0.04123054345448812,0.03163205782572428,0.02305936073059361,1.0,1.0,False,6
RATemp,numeric,0.35396998660550694,0.07108314037322998,0.04433292945226034,0.01940639269406393,1.0,1.0,False,7
Air Velo,numeric,0.12181591040826834,0.02602999210357666,0.014391712347666421,0.01232876712328767,1.0,1.0,False,8
