Feature,Type,Univariate_Score,Perm_DeltaR2,Perm_DeltaMAE,Perm_DeltaAcc,Combined_Score,Stability_Freq,Selected,Rank
MRT,numeric,0.19961525576076694,0.014859525316708037,0.008302068514576622,0.011621921279797259,1.0,1.0,True,1
RH,numeric,0.005344435399548221,0.0,0.0,0.0,1.0,1.0,True,2
Top,numeric,0.22641087588146216,0.06807816405197013,0.02984958545209036,0.021058050209867736,1.0,1.0,True,3
RATemp,numeric,0.2118439991855703,0.06701340390505026,0.029239796699054188,0.013443414904569568,1.0,1.0,False,4
Air Velo,numeric,0.018771042586310023,0.0,0.0,0.0,1.0,1.0,False,5
