Feature,Type,Univariate_Score,Perm_DeltaR2,Perm_DeltaMAE,Perm_DeltaAcc,Combined_Score,Stability_Freq,Selected,Rank
MRT,numeric,0.19961525576076694,0.01003727555935065,0.027702152959354583,0.05701869010849767,1.0,1.0,True,1
RH,numeric,0.005344435399548221,0.0,0.006454698504933601,0.03125445473984319,1.0,1.0,True,2
Top,numeric,0.22641087588146216,0.14512014721602776,0.08214326802763232,0.07083432327552072,1.0,1.0,True,3
RATemp,numeric,0.2118439991855703,0.034211536818384236,0.04377763912677025,0.06136849607982895,1.0,1.0,False,4
Air Velo,numeric,0.018771042586310023,0.00023424536077497983,0.0015928302046437875,0.012726696760909165,1.0,1.0,False,5
