Feature,Type,Univariate_Score,Perm_DeltaR2,Perm_DeltaMAE,Perm_DeltaAcc,Combined_Score,Stability_Freq,Selected,Rank
MRT,numeric,0.19961525576076694,0.03908727169036865,0.028756916522979736,0.03559040152055119,1.0,1.0,True,1
RH,numeric,0.005344435399548221,0.007657273610432944,0.005145422617594401,0.015629207254296347,1.0,1.0,True,2
Top,numeric,0.22641087588146216,0.3021047870318095,0.12716801166534425,0.08786528866714184,1.0,1.0,True,3
RATemp,numeric,0.2118439991855703,0.04046456813812256,0.03391007582346599,0.0497663736437792,1.0,1.0,False,4
Air Velo,numeric,0.018771042586310023,0.010621249675750732,0.006308762232462566,0.017066603310366673,1.0,1.0,False,5
