Feature,Type,Univariate_Score,Perm_DeltaR2,Perm_DeltaMAE,Perm_DeltaAcc,Combined_Score,Stability_Freq,Selected,Rank
MRT,numeric,0.19961525576076694,0.04091827626969521,0.032188762498176725,0.03846717351706661,1.0,1.0,True,1
RH,numeric,0.005344435399548221,0.013231260056410569,0.007101066573653168,0.01561732794804784,1.0,1.0,True,2
Top,numeric,0.22641087588146216,0.1941983753317885,0.09175185919965502,0.09368020907578997,1.0,1.0,True,3
RATemp,numeric,0.2118439991855703,0.07645096742046234,0.05136321577463408,0.06864655104141917,1.0,1.0,False,4
Air Velo,numeric,0.018771042586310023,0.016505117037573055,0.010361690019663746,0.006888017739763999,1.0,1.0,False,5
