Feature,Type,Univariate_Score,Perm_DeltaR2,Perm_DeltaMAE,Perm_DeltaAcc,Combined_Score,Stability_Freq,Selected,Rank
Clothing,categorical,0.36107642774840565,0.0008343986174958647,0.0004299292130497623,0.0,1.0,1.0,True,1
Season,categorical,0.0,0.0,0.0,0.0,1.0,1.0,True,2
Activity,categorical,0.0,0.0,0.0,0.0,1.0,1.0,True,3
MRT,numeric,0.041044797892478044,0.03140970534898341,0.024306275138270335,0.03636028054632706,1.0,1.0,False,4
RH,numeric,0.0027651772560393123,0.017411997157590946,0.008119618759798585,0.025359911406423036,1.0,1.0,False,5
Top,numeric,0.06833100609793122,0.026132598871271485,0.02026835533365026,0.03447766703580657,1.0,1.0,False,6
RATemp,numeric,0.018579672702628686,0.017944845334367448,0.015289158459293847,0.03145071982281285,1.0,1.0,False,7
Air Velo,numeric,0.017172946142886843,0.023927894077055475,0.011946744363532942,0.048947951273532665,1.0,1.0,False,8
