Feature,Type,Univariate_Score,Perm_DeltaR2,Perm_DeltaMAE,Perm_DeltaAcc,Combined_Score,Stability_Freq,Selected,Rank
Clothing,categorical,0.13212140341337114,0.01868078075582988,0.01626206737592955,0.016674627989114704,1.0,1.0,True,1
Season,categorical,0.024364923877041998,0.02347217735801635,0.01352999426862729,0.004391031208384004,1.0,1.0,True,2
Activity,categorical,0.003723005400763959,0.0018829060056045383,0.002731519458292427,0.009437062127265361,1.0,1.0,True,3
MRT,numeric,0.14295464481428105,0.004728767312522623,0.0031917555959171196,0.005940594059405935,1.0,1.0,False,4
RH,numeric,0.0034558369527280227,0.0022557204449080636,0.004372053590829824,0.003950263447397373,1.0,1.0,False,5
Top,numeric,0.2583906156626027,0.0960921525256169,0.06008448959719224,0.0364520004632042,1.0,1.0,False,6
RATemp,numeric,0.25737310816365094,0.08356068543296573,0.05209128143017997,0.028332175322795427,1.0,1.0,False,7
Air Velo,numeric,0.021045774083030204,0.0014016383095415566,0.0012925068366187009,0.007472062995773259,1.0,1.0,False,8
