Feature,Type,Univariate_Score,Perm_DeltaR2,Perm_DeltaMAE,Perm_DeltaAcc,Combined_Score,Stability_Freq,Selected,Rank
Clothing,categorical,0.36107642774840565,0.0025028983751932783,0.0013347506523132325,0.001587301587301589,1.0,1.0,True,1
Season,categorical,0.0,0.0,0.0,0.0,1.0,1.0,True,2
Activity,categorical,0.0,0.0,0.0,0.0,1.0,1.0,True,3
MRT,numeric,0.041044797892478044,0.0355927586555481,0.022026979923248292,0.03492063492063492,1.0,1.0,False,4
RH,numeric,0.0027651772560393123,0.016427143414815264,0.005696769555409749,0.022148394241417502,1.0,1.0,False,5
Top,numeric,0.06833100609793122,0.026346898078918456,0.019849642117818193,0.021853082318198602,1.0,1.0,False,6
RATemp,numeric,0.018579672702628686,0.019888428846995036,0.010499326388041177,0.015873015873015872,1.0,1.0,False,7
Air Velo,numeric,0.017172946142886843,0.022181133429209392,0.011271568139394124,0.011111111111111117,1.0,1.0,False,8
