Feature,Type,Univariate_Score,Perm_DeltaR2,Perm_DeltaMAE,Perm_DeltaAcc,Combined_Score,Stability_Freq,Selected,Rank
Clothing,categorical,0.13212140341337114,0.00958252747853597,0.006645079453786215,0.005928290197440796,1.0,1.0,True,1
Season,categorical,0.024364923877041998,0.005853601296742757,0.0029309868812561037,0.000659342250014483,1.0,1.0,True,2
Activity,categorical,0.003723005400763959,0.0011495947837829588,0.0008617003758748373,0.00043859649122807154,1.0,1.0,True,3
MRT,numeric,0.14295464481428105,0.023222978909810385,0.016813759009043375,0.011646690984887959,1.0,1.0,False,4
RH,numeric,0.0034558369527280227,0.0055727283159891765,0.004096865653991699,0.006589079960627633,1.0,1.0,False,5
Top,numeric,0.2583906156626027,0.14646387894948323,0.09006741046905517,0.044597157084129466,1.0,1.0,False,6
RATemp,numeric,0.25737310816365094,0.08062666257222494,0.052444370587666836,0.027470181228649176,1.0,1.0,False,7
Air Velo,numeric,0.021045774083030204,0.00793675184249878,0.006344270706176758,0.007253488506745409,1.0,1.0,False,8
