Feature,Type,Univariate_Score,Perm_DeltaR2,Perm_DeltaMAE,Perm_DeltaAcc,Combined_Score,Stability_Freq,Selected,Rank
Clothing,categorical,0.13212140341337114,0.0024341972152207717,0.001257396888853098,0.003952434717155931,1.0,1.0,True,1
Season,categorical,0.024364923877041998,0.017522572733528856,0.012246439784331212,0.008776996120664697,1.0,1.0,True,2
Activity,categorical,0.003723005400763959,0.0033263420505507493,0.0029061189902699048,0.005714782004516246,1.0,1.0,True,3
MRT,numeric,0.14295464481428105,0.026451439630470454,0.01752969364237395,0.025034016559550697,1.0,1.0,False,4
RH,numeric,0.0034558369527280227,0.01297754818179601,0.010802049654912747,0.012073707370737078,1.0,1.0,False,5
Top,numeric,0.2583906156626027,0.09897958740027815,0.06813269866981074,0.04785695674830641,1.0,1.0,False,6
RATemp,numeric,0.25737310816365094,0.10885505824943278,0.07434356364892862,0.05601296971802443,1.0,1.0,False,7
Air Velo,numeric,0.021045774083030204,0.00995209466764575,0.008791543822187579,0.015371142377395638,1.0,1.0,False,8
