Feature,Type,Univariate_Score,Perm_DeltaR2,Perm_DeltaMAE,Perm_DeltaAcc,Combined_Score,Stability_Freq,Selected,Rank
Clothing,categorical,0.36107642774840565,0.0180695918138107,0.006514086246743686,0.006349206349206349,1.0,1.0,True,1
Season,categorical,0.0,5.1810407815840633e-17,1.4802973661668754e-17,0.0,1.0,1.0,True,2
Activity,categorical,0.0,0.0,2.960594732333751e-17,0.0,1.0,1.0,True,3
MRT,numeric,0.041044797892478044,0.00733422683204703,0.00893473381586849,0.011111111111111105,1.0,1.0,False,4
RH,numeric,0.0027651772560393123,0.019506822121060124,0.014095718139361262,0.01269841269841269,1.0,1.0,False,5
Top,numeric,0.06833100609793122,0.06250264245365303,0.03851512421026517,0.037836840162421545,1.0,1.0,False,6
RATemp,numeric,0.018579672702628686,0.013484308692442586,0.01359193759090484,0.01901070505721667,1.0,1.0,False,7
Air Velo,numeric,0.017172946142886843,0.04486135614151296,0.017962141622203016,0.020487264673311172,1.0,1.0,False,8
