Feature,Type,Univariate_Score,Perm_DeltaR2,Perm_DeltaMAE,Perm_DeltaAcc,Combined_Score,Stability_Freq,Selected,Rank
Clothing,categorical,0.39075433617284083,0.0,0.0,0.0,1.0,1.0,True,1
Season,categorical,0.3423220618313034,0.013021141111854356,0.008488907431429745,0.004337899543378998,1.0,1.0,True,2
Activity,categorical,0.16546141439178608,0.0,0.0,0.0,1.0,1.0,True,3
MRT,numeric,0.33427764517134434,0.08181457249973195,0.053100471932099255,0.013013698630136988,1.0,1.0,False,4
RH,numeric,0.325604547468956,0.039490752019275904,0.026453400614298638,0.007077625570776261,1.0,1.0,False,5
Top,numeric,0.34820425437285063,0.03580967386045659,0.025184472889696424,0.0031963470319634757,1.0,1.0,False,6
RATemp,numeric,0.35396998660550694,0.025632066623032763,0.017330673657087736,0.003424657534246574,1.0,1.0,False,7
Air Velo,numeric,0.12181591040826834,0.05742145089743974,0.03152146816921343,0.005251141552511418,1.0,1.0,False,8
