Feature,Type,Univariate_Score,Perm_DeltaR2,Perm_DeltaMAE,Perm_DeltaAcc,Combined_Score,Stability_Freq,Selected,Rank
Clothing,categorical,0.39075433617284083,0.003957776228586832,0.004337596893310547,0.011415525114155247,1.0,1.0,True,1
Season,categorical,0.3423220618313034,0.03720204035441081,0.027472249666849767,0.019406392694063933,1.0,1.0,True,2
Activity,categorical,0.16546141439178608,0.0005824923515319824,0.00031447410583496094,0.0015981735159817378,1.0,1.0,True,3
MRT,numeric,0.33427764517134434,0.2582522988319397,0.1601528485616048,0.08196347031963472,1.0,1.0,False,4
RH,numeric,0.325604547468956,0.050629432996114096,0.037642534573872885,0.028767123287671236,1.0,1.0,False,5
Top,numeric,0.34820425437285063,0.04159874121348063,0.033040698369344076,0.020091324200913252,1.0,1.0,False,6
RATemp,numeric,0.35396998660550694,0.07122605244318644,0.04693528811136881,0.029908675799086758,1.0,1.0,False,7
Air Velo,numeric,0.12181591040826834,0.022266892592112224,0.014093963305155438,0.011415525114155247,1.0,1.0,False,8
