Feature,Type,Univariate_Score,Perm_DeltaR2,Perm_DeltaMAE,Perm_DeltaAcc,Combined_Score,Stability_Freq,Selected,Rank
Clothing,categorical,0.39075433617284083,0.007492533236473135,0.0063410713966376205,0.007305936073059349,1.0,1.0,True,1
Season,categorical,0.3423220618313034,0.06204374034772555,0.04149815658530336,0.01780821917808218,1.0,1.0,True,2
Activity,categorical,0.16546141439178608,0.012372916828668572,0.0060813312738556315,0.0020547945205479385,1.0,1.0,True,3
MRT,numeric,0.33427764517134434,0.09657164606548128,0.06802570706591442,0.033789954337899525,1.0,1.0,False,4
RH,numeric,0.325604547468956,0.06694985371912875,0.04723917916573469,0.027397260273972584,1.0,1.0,False,5
Top,numeric,0.34820425437285063,0.08927922740589295,0.06705147715488015,0.03881278538812783,1.0,1.0,False,6
RATemp,numeric,0.35396998660550694,0.055545550621066045,0.03361702073290106,0.017808219178082178,1.0,1.0,False,7
Air Velo,numeric,0.12181591040826834,0.05551729045640867,0.0329565276696729,0.006849315068493145,1.0,1.0,False,8
