Feature,Type,Univariate_Score,Perm_DeltaR2,Perm_DeltaMAE,Perm_DeltaAcc,Combined_Score,Stability_Freq,Selected,Rank
Clothing,categorical,0.39075433617284083,0.004337340134813801,0.006535676408977289,0.010045662100456616,1.0,1.0,True,1
Season,categorical,0.3423220618313034,0.2951984710746012,0.17473871727326368,0.08173515981735159,1.0,1.0,True,2
Activity,categorical,0.16546141439178608,0.0025976169946165806,0.002223272738831124,0.0013698630136986354,1.0,1.0,True,3
MRT,numeric,0.33427764517134434,0.027771612848965573,0.023810533000071944,0.012100456621004571,1.0,1.0,False,4
RH,numeric,0.325604547468956,0.01997511520525722,0.013981043565021478,0.006392694063926943,1.0,1.0,False,5
Top,numeric,0.34820425437285063,0.0071909626199888246,0.008874676919213325,0.015525114155251141,1.0,1.0,False,6
RATemp,numeric,0.35396998660550694,0.005845064858318328,0.005133086010080616,0.0057077625570776305,1.0,1.0,False,7
Air Velo,numeric,0.12181591040826834,0.022803833372390985,0.01450418236308657,0.009589041095890405,1.0,1.0,False,8
