Feature,Type,Univariate_Score,Perm_DeltaR2,Perm_DeltaMAE,Perm_DeltaAcc,Combined_Score,Stability_Freq,Selected,Rank
MRT,numeric,0.19961525576076694,0.04179805743876158,0.0326044088958179,0.042456640532192925,1.0,1.0,True,1
RH,numeric,0.005344435399548221,0.013597782893903513,0.00703296759548353,0.019975053456878118,1.0,1.0,True,2
Top,numeric,0.22641087588146216,0.1865972040961163,0.08405293041733072,0.0773402233309575,1.0,1.0,True,3
RATemp,numeric,0.2118439991855703,0.0762050099329935,0.04997895812983865,0.06645877880731767,1.0,1.0,False,4
Air Velo,numeric,0.018771042586310023,0.016290549591036103,0.009828975677259355,0.00798091391462739,1.0,1.0,False,5
