Feature,Type,Univariate_Score,Perm_DeltaR2,Perm_DeltaMAE,Perm_DeltaAcc,Combined_Score,Stability_Freq,Selected,Rank
MRT,numeric,0.19961525576076694,0.014921279261329533,0.008671623346353097,0.01271085768591114,1.0,1.0,True,1
RH,numeric,0.005344435399548221,0.0,0.0,0.0,1.0,1.0,True,2
Top,numeric,0.22641087588146216,0.07210782171334733,0.03173602124308304,0.019982972994377124,1.0,1.0,True,3
RATemp,numeric,0.2118439991855703,0.07876689397236548,0.035676520121087366,0.022133127425358362,1.0,1.0,False,4
Air Velo,numeric,0.018771042586310023,0.0,0.0,0.0,1.0,1.0,False,5
