Feature,Type,Univariate_Score,Perm_DeltaR2,Perm_DeltaMAE,Perm_DeltaAcc,Combined_Score,Stability_Freq,Selected,Rank
MRT,numeric,0.19961525576076694,0.03795824448267619,0.027057127157847083,0.03452720361130909,1.0,1.0,True,1
RH,numeric,0.005344435399548221,0.010719537734985352,0.006447458267211914,0.012346558960956678,1.0,1.0,True,2
Top,numeric,0.22641087588146216,0.32084447542826333,0.13333615064620974,0.09115387661360577,1.0,1.0,True,3
RATemp,numeric,0.2118439991855703,0.04520821571350098,0.03668764432271322,0.054516116258810476,1.0,1.0,False,4
Air Velo,numeric,0.018771042586310023,0.01758737961451213,0.00891568660736084,0.013071196642116098,1.0,1.0,False,5
