Feature,Type,Univariate_Score,Perm_DeltaR2,Perm_DeltaMAE,Perm_DeltaAcc,Combined_Score,Stability_Freq,Selected,Rank
MRT,numeric,0.19961525576076694,0.009953348689644769,0.02761531702537181,0.047204403262849456,1.0,1.0,True,1
RH,numeric,0.005344435399548221,0.0,0.004749105324640857,0.021430268472321216,1.0,1.0,True,2
Top,numeric,0.22641087588146216,0.16289384979401342,0.08234781294330518,0.06498376494812703,1.0,1.0,True,3
RATemp,numeric,0.2118439991855703,0.032519261111309296,0.045720105502940825,0.07011562524748555,1.0,1.0,False,4
Air Velo,numeric,0.018771042586310023,0.0004126477098399306,0.0019521747863796863,0.012724716876534415,1.0,1.0,False,5
