Feature,Type,Univariate_Score,Perm_DeltaR2,Perm_DeltaMAE,Perm_DeltaAcc,Combined_Score,Stability_Freq,Selected,Rank
Clothing,categorical,0.36107642774840565,0.007477562259480368,0.004447241370560857,0.003174603174603171,1.0,1.0,True,1
Season,categorical,0.0,2.960594732333751e-17,5.181040781584064e-17,0.0,1.0,1.0,True,2
Activity,categorical,0.0,1.4802973661668754e-17,2.2204460492503132e-17,0.0,1.0,1.0,True,3
MRT,numeric,0.041044797892478044,0.026229374051141202,0.012216314766521867,0.011074197120708743,1.0,1.0,False,4
RH,numeric,0.0027651772560393123,0.010602932003321852,0.00751502974341769,0.009486895533407157,1.0,1.0,False,5
Top,numeric,0.06833100609793122,0.06937294690165491,0.03464269500757548,0.023735695828719077,1.0,1.0,False,6
RATemp,numeric,0.018579672702628686,0.01180280616612343,0.011545863992333141,0.022111480251015125,1.0,1.0,False,7
Air Velo,numeric,0.017172946142886843,0.058011049837024584,0.020655757346508957,0.01579918789221114,1.0,1.0,False,8
