Feature,Type,Univariate_Score,Perm_DeltaR2,Perm_DeltaMAE,Perm_DeltaAcc,Combined_Score,Stability_Freq,Selected,Rank
Clothing,categorical,0.13212140341337114,0.005353367328643799,0.004710849126180013,0.004390307451797807,1.0,1.0,True,1
Season,categorical,0.024364923877041998,0.007258319854736328,0.0032670895258585615,0.0002192982456140339,1.0,1.0,True,2
Activity,categorical,0.003723005400763959,0.0012328664461771647,0.0010788917541503906,0.0010972149846563656,1.0,1.0,True,3
MRT,numeric,0.14295464481428105,0.02415043512980143,0.016541775067647296,0.010987348734873484,1.0,1.0,False,4
RH,numeric,0.0034558369527280227,0.004435292879740397,0.0030444145202636716,0.006148312199641015,1.0,1.0,False,5
Top,numeric,0.2583906156626027,0.1445828676223755,0.0893588900566101,0.04481862659950205,1.0,1.0,False,6
RATemp,numeric,0.25737310816365094,0.08646098772684732,0.05686995983123779,0.026361386138613857,1.0,1.0,False,7
Air Velo,numeric,0.021045774083030204,0.0057071208953857425,0.005406192938486735,0.009003531932140579,1.0,1.0,False,8
