Feature,Type,Univariate_Score,Perm_DeltaR2,Perm_DeltaMAE,Perm_DeltaAcc,Combined_Score,Stability_Freq,Selected,Rank
Clothing,categorical,0.36107642774840565,0.0012212070975727257,0.00036681737119259594,0.003174603174603178,1.0,1.0,True,1
Season,categorical,0.0,0.0,0.0,0.0,1.0,1.0,True,2
Activity,categorical,0.0,0.0,0.0,0.0,1.0,1.0,True,3
MRT,numeric,0.041044797892478044,0.02776631279510653,0.02017706756806465,0.028423772609819126,1.0,1.0,False,4
RH,numeric,0.0027651772560393123,0.01511549412801536,0.010338668850277965,0.02532299741602067,1.0,1.0,False,5
Top,numeric,0.06833100609793122,0.03703579400145583,0.02340940976910611,0.021963824289405694,1.0,1.0,False,6
RATemp,numeric,0.018579672702628686,0.022682232561854865,0.016800829757972577,0.03621262458471761,1.0,1.0,False,7
Air Velo,numeric,0.017172946142886843,0.013518593903487894,0.008595736136433964,0.033222591362126255,1.0,1.0,False,8
