Feature,Type,Univariate_Score,Perm_DeltaR2,Perm_DeltaMAE,Perm_DeltaAcc,Combined_Score,Stability_Freq,Selected,Rank
Clothing,categorical,0.36107642774840565,0.004369501272837321,0.001785886287689209,0.0,1.0,1.0,True,1
Season,categorical,0.0,0.0,0.0,0.0,1.0,1.0,True,2
Activity,categorical,0.0,0.0,0.0,0.0,1.0,1.0,True,3
MRT,numeric,0.041044797892478044,0.04120001395543417,0.020336508750915527,0.020598006644518274,1.0,1.0,False,4
RH,numeric,0.0027651772560393123,0.02017744779586792,0.006246423721313477,0.017423403469915104,1.0,1.0,False,5
Top,numeric,0.06833100609793122,0.023440412680308026,0.01552722454071045,0.026725729051310453,1.0,1.0,False,6
RATemp,numeric,0.018579672702628686,0.017833125591278077,0.013492306073506672,0.020634920634920634,1.0,1.0,False,7
Air Velo,numeric,0.017172946142886843,0.017964661121368408,0.008931887149810792,0.017423403469915104,1.0,1.0,False,8
