Feature,Type,Univariate_Score,Perm_DeltaR2,Perm_DeltaMAE,Perm_DeltaAcc,Combined_Score,Stability_Freq,Selected,Rank
Clothing,categorical,0.13212140341337114,0.021650645689283897,0.017082969445454822,0.01712408082913554,1.0,1.0,True,1
Season,categorical,0.024364923877041998,0.023098518807319036,0.014019126770447542,0.0039546059869144876,1.0,1.0,True,2
Activity,categorical,0.003723005400763959,0.001419819999094359,0.003288638671370044,0.007244079671125019,1.0,1.0,True,3
MRT,numeric,0.14295464481428105,0.005204303004243904,0.0036519888182770777,0.0061591685484337876,1.0,1.0,False,4
RH,numeric,0.0034558369527280227,0.002577960178308765,0.004281850448877426,0.005052544728157019,1.0,1.0,False,5
Top,numeric,0.2583906156626027,0.08888785452820479,0.0604302342698372,0.03821941404666782,1.0,1.0,False,6
RATemp,numeric,0.25737310816365094,0.0864465123903736,0.055056983022411785,0.037334259741763645,1.0,1.0,False,7
Air Velo,numeric,0.021045774083030204,0.005086979374871244,0.0038581645948385945,0.005274738000115802,1.0,1.0,False,8
