Feature,Type,Univariate_Score,Perm_DeltaR2,Perm_DeltaMAE,Perm_DeltaAcc,Combined_Score,Stability_Freq,Selected,Rank
Clothing,categorical,0.13212140341337114,0.0034079683390447384,0.0019378517066999923,0.003950987203983558,1.0,1.0,True,1
Season,categorical,0.024364923877041998,0.01649707914644662,0.011503539145013824,0.00943706212726535,1.0,1.0,True,2
Activity,categorical,0.003723005400763959,0.0037939902635582,0.003321011805757679,0.005936251519888839,1.0,1.0,True,3
MRT,numeric,0.14295464481428105,0.024672062267312653,0.01650933768212714,0.017792831914770428,1.0,1.0,False,4
RH,numeric,0.0034558369527280227,0.009492031766874371,0.007019825984654286,0.01624978287302415,1.0,1.0,False,5
Top,numeric,0.2583906156626027,0.10455671444525247,0.0697005893458838,0.04895127670661804,1.0,1.0,False,6
RATemp,numeric,0.25737310816365094,0.11131494498471561,0.07471715193859299,0.047651409877829884,1.0,1.0,False,7
Air Velo,numeric,0.021045774083030204,0.009132634682885714,0.006837127658322784,0.010319321405824788,1.0,1.0,False,8
