Feature,Type,Univariate_Score,Perm_DeltaR2,Perm_DeltaMAE,Perm_DeltaAcc,Combined_Score,Stability_Freq,Selected,Rank
Clothing,categorical,0.39075433617284083,0.00253999969356243,0.005631419261689981,0.010502283105022828,1.0,1.0,True,1
Season,categorical,0.3423220618313034,0.30017537741971434,0.17593320978044863,0.08013698630136985,1.0,1.0,True,2
Activity,categorical,0.16546141439178608,0.0062074567731044365,0.004479376504881461,0.0013698630136986319,1.0,1.0,True,3
MRT,numeric,0.33427764517134434,0.0312636218295894,0.026488864003032887,0.011415525114155247,1.0,1.0,False,4
RH,numeric,0.325604547468956,0.018560594139355048,0.0160725427263178,0.007077625570776261,1.0,1.0,False,5
Top,numeric,0.34820425437285063,0.011111700084856607,0.01319253531504129,0.014611872146118723,1.0,1.0,False,6
RATemp,numeric,0.35396998660550694,0.0073646912439396875,0.005321987739542644,0.004337899543378998,1.0,1.0,False,7
Air Velo,numeric,0.12181591040826834,0.025103234271686516,0.015576684485113698,0.010502283105022832,1.0,1.0,False,8
