Feature,Type,Univariate_Score,Perm_DeltaR2,Perm_DeltaMAE,Perm_DeltaAcc,Combined_Score,Stability_Freq,Selected,Rank
Clothing,categorical,0.39075433617284083,0.0035451571146647132,0.004657451311747234,0.010730593607305931,1.0,1.0,True,1
Season,categorical,0.3423220618313034,0.03880511124928793,0.02710299094518026,0.016894977168949773,1.0,1.0,True,2
Activity,categorical,0.16546141439178608,0.0005346179008483887,0.00041507879892985027,0.003196347031963468,1.0,1.0,True,3
MRT,numeric,0.33427764517134434,0.2543977657953898,0.15744985342025758,0.08333333333333334,1.0,1.0,False,4
RH,numeric,0.325604547468956,0.05401601791381836,0.038339130083719884,0.03424657534246576,1.0,1.0,False,5
Top,numeric,0.34820425437285063,0.04069313208262126,0.03335738182067871,0.026712328767123282,1.0,1.0,False,6
RATemp,numeric,0.35396998660550694,0.07061095237731933,0.04419720967610677,0.023515981735159813,1.0,1.0,False,7
Air Velo,numeric,0.12181591040826834,0.0252768357594808,0.0147994597752889,0.005707762557077618,1.0,1.0,False,8
