Feature,Type,Univariate_Score,Perm_DeltaR2,Perm_DeltaMAE,Perm_DeltaAcc,Combined_Score,Stability_Freq,Selected,Rank
Clothing,categorical,0.39075433617284083,0.010361040140650158,0.008411549018804951,0.005936073059360725,1.0,1.0,True,1
Season,categorical,0.3423220618313034,0.05986082344530626,0.03964464720828632,0.014840182648401817,1.0,1.0,True,2
Activity,categorical,0.16546141439178608,0.013247062716918348,0.0068673660019103935,0.004566210045662096,1.0,1.0,True,3
MRT,numeric,0.33427764517134434,0.09494138045340314,0.06518320140994338,0.027853881278538793,1.0,1.0,False,4
RH,numeric,0.325604547468956,0.06542257289897871,0.045734006942024265,0.02831050228310501,1.0,1.0,False,5
Top,numeric,0.34820425437285063,0.09066661857703073,0.06399482155003791,0.03926940639269405,1.0,1.0,False,6
RATemp,numeric,0.35396998660550694,0.05823979637121999,0.03895938695798894,0.02488584474885843,1.0,1.0,False,7
Air Velo,numeric,0.12181591040826834,0.054151605080674216,0.03246163689084795,0.0093607305936073,1.0,1.0,False,8
