Feature,Type,Univariate_Score,Perm_DeltaR2,Perm_DeltaMAE,Perm_DeltaAcc,Combined_Score,Stability_Freq,Selected,Rank
MRT,numeric,0.19961525576076694,0.048251747476518975,0.03539117859908704,0.0431951374039756,1.0,1.0,True,1
RH,numeric,0.005344435399548221,0.012249818208321073,0.00636633428130263,0.018517858557060268,1.0,1.0,True,2
Top,numeric,0.22641087588146216,0.1986138198424459,0.09129402760066953,0.08787122832026609,1.0,1.0,True,3
RATemp,numeric,0.2118439991855703,0.06897398830153972,0.04617142553050136,0.053365803437079286,1.0,1.0,False,4
Air Velo,numeric,0.018771042586310023,0.015929221599700873,0.009165685851736573,0.008345212639581847,1.0,1.0,False,5
