Feature,Type,Univariate_Score,Perm_DeltaR2,Perm_DeltaMAE,Perm_DeltaAcc,Combined_Score,Stability_Freq,Selected,Rank
MRT,numeric,0.19961525576076694,0.0435240904490153,0.032475972175598146,0.03666943850479131,1.0,1.0,True,1
RH,numeric,0.005344435399548221,0.006642627716064453,0.004497718811035156,0.01815949948523005,1.0,1.0,True,2
Top,numeric,0.22641087588146216,0.31422471602757773,0.1286823789278666,0.08316504316147937,1.0,1.0,True,3
RATemp,numeric,0.2118439991855703,0.03914852937062581,0.0365948756535848,0.059216361764472945,1.0,1.0,False,4
Air Velo,numeric,0.018771042586310023,0.009183959166208903,0.005431870619455974,0.017422982497822124,1.0,1.0,False,5
