Feature,Type,Univariate_Score,Perm_DeltaR2,Perm_DeltaMAE,Perm_DeltaAcc,Combined_Score,Stability_Freq,Selected,Rank
MRT,numeric,0.19961525576076694,0.012053150315973878,0.007561553713552885,0.008351152292706103,1.0,1.0,True,1
RH,numeric,0.005344435399548221,0.0,0.0,0.0,1.0,1.0,True,2
Top,numeric,0.22641087588146216,0.0670604244758746,0.028762052397127667,0.01272669676090916,1.0,1.0,True,3
RATemp,numeric,0.2118439991855703,0.06623582128270997,0.028213446274146375,0.021075869169240508,1.0,1.0,False,4
Air Velo,numeric,0.018771042586310023,0.0,0.0,0.0,1.0,1.0,False,5
