Feature,Type,Univariate_Score,Perm_DeltaR2,Perm_DeltaMAE,Perm_DeltaAcc,Combined_Score,Stability_Freq,Selected,Rank
MRT,numeric,0.19961525576076694,0.007325097248453501,0.029809368263692747,0.061008157123623986,1.0,1.0,True,1
RH,numeric,0.005344435399548221,0.0,0.005064668777900786,0.02396452047200443,1.0,1.0,True,2
Top,numeric,0.22641087588146216,0.12671858232222374,0.07689911722739737,0.07155698107230538,1.0,1.0,True,3
RATemp,numeric,0.2118439991855703,0.0313610130128673,0.04514479952238036,0.07664726379979409,1.0,1.0,False,4
Air Velo,numeric,0.018771042586310023,0.0,0.0011948014213612134,0.009814286845648224,1.0,1.0,False,5
