Feature,Type,Univariate_Score,Perm_DeltaR2,Perm_DeltaMAE,Perm_DeltaAcc,Combined_Score,Stability_Freq,Selected,Rank
Clothing,categorical,0.13212140341337114,0.003165201180449784,0.0022705475957240633,0.004831798969370623,1.0,1.0,True,1
Season,categorical,0.024364923877041998,0.0195516130799529,0.015729848663062204,0.010757917897052865,1.0,1.0,True,2
Activity,categorical,0.003723005400763959,0.0032775245601083395,0.002849673323573524,0.00395750101325922,1.0,1.0,True,3
MRT,numeric,0.14295464481428105,0.025605431123012844,0.017630193470637174,0.021303775114353544,1.0,1.0,False,4
RH,numeric,0.0034558369527280227,0.013052382506997778,0.009404840366194548,0.013828817092235542,1.0,1.0,False,5
Top,numeric,0.2583906156626027,0.10932019850825905,0.0733173802032208,0.04786636558392682,1.0,1.0,False,6
RATemp,numeric,0.25737310816365094,0.11008385468954471,0.07361197718577797,0.048109547796884956,1.0,1.0,False,7
Air Velo,numeric,0.021045774083030204,0.00720960963532095,0.0070047331098895315,0.015590440623009664,1.0,1.0,False,8
