Feature,Type,Univariate_Score,Perm_DeltaR2,Perm_DeltaMAE,Perm_DeltaAcc,Combined_Score,Stability_Freq,Selected,Rank
Clothing,categorical,0.13212140341337114,0.020527826722867428,0.016770839333483133,0.021080134329222393,1.0,1.0,True,1
Season,categorical,0.024364923877041998,0.02031864736835582,0.01267550689901967,0.0059304614671993475,1.0,1.0,True,2
Activity,categorical,0.003723005400763959,0.004099770589299801,0.00475074161792847,0.009879277401424358,1.0,1.0,True,3
MRT,numeric,0.14295464481428105,0.0048309147964246115,0.003764580306932933,0.007695703780904402,1.0,1.0,False,4
RH,numeric,0.0034558369527280227,0.001807706934946185,0.004535896428051196,0.004390307451797811,1.0,1.0,False,5
Top,numeric,0.2583906156626027,0.07813599312999811,0.05268072666072175,0.03733787852469457,1.0,1.0,False,6
RATemp,numeric,0.25737310816365094,0.08622196452623249,0.0556021442919463,0.032279543743848074,1.0,1.0,False,7
Air Velo,numeric,0.021045774083030204,0.002596021509432197,0.002836804865634416,0.00461539575010133,1.0,1.0,False,8
