Feature,Type,Univariate_Score,Perm_DeltaR2,Perm_DeltaMAE,Perm_DeltaAcc,Combined_Score,Stability_Freq,Selected,Rank
Clothing,categorical,0.13212140341337114,0.007836902141571045,0.005984695752461751,0.006809101962827857,1.0,1.0,True,1
Season,categorical,0.024364923877041998,0.005944212277730307,0.002128104368845622,0.0002192982456140339,1.0,1.0,True,2
Activity,categorical,0.003723005400763959,0.0013267040252685548,0.001042620340983073,0.0010964912280701806,1.0,1.0,True,3
MRT,numeric,0.14295464481428105,0.023127063115437826,0.015298330783843994,0.008135024028718652,1.0,1.0,False,4
RH,numeric,0.0034558369527280227,0.004538190364837646,0.0037685672442118326,0.009887962480458565,1.0,1.0,False,5
Top,numeric,0.2583906156626027,0.1324849804242452,0.08283843199412028,0.03932386659718604,1.0,1.0,False,6
RATemp,numeric,0.25737310816365094,0.08991132179896036,0.061832586924235024,0.03206965433385443,1.0,1.0,False,7
Air Velo,numeric,0.021045774083030204,0.01060487429300944,0.006472980976104737,0.005931908980371714,1.0,1.0,False,8
