Feature,Type,Univariate_Score,Perm_DeltaR2,Perm_DeltaMAE,Perm_DeltaAcc,Combined_Score,Stability_Freq,Selected,Rank
Clothing,categorical,0.36107642774840565,0.0013233503519645953,0.0007601601335170146,0.001550387596899224,1.0,1.0,True,1
Season,categorical,0.0,0.0,0.0,0.0,1.0,1.0,True,2
Activity,categorical,0.0,0.0,0.0,0.0,1.0,1.0,True,3
MRT,numeric,0.041044797892478044,0.036953086627179235,0.026271114062004976,0.025322997416020683,1.0,1.0,False,4
RH,numeric,0.0027651772560393123,0.02177687320269745,0.01268660858912173,0.02849760059062385,1.0,1.0,False,5
Top,numeric,0.06833100609793122,0.03284378752416573,0.02166214169549837,0.01587301587301588,1.0,1.0,False,6
RATemp,numeric,0.018579672702628686,0.019420985732910904,0.014980986198863868,0.03776301218161683,1.0,1.0,False,7
Air Velo,numeric,0.017172946142886843,0.016413061218009294,0.009611828130347668,0.0301218161683278,1.0,1.0,False,8
