Feature,Type,Univariate_Score,Perm_DeltaR2,Perm_DeltaMAE,Perm_DeltaAcc,Combined_Score,Stability_Freq,Selected,Rank
Clothing,categorical,0.36107642774840565,0.026596102814744088,0.011228978177100888,0.01428571428571428,1.0,1.0,True,1
Season,categorical,0.0,2.960594732333751e-17,0.0,0.0,1.0,1.0,True,2
Activity,categorical,0.0,7.401486830834377e-18,1.4802973661668754e-17,0.0,1.0,1.0,True,3
MRT,numeric,0.041044797892478044,0.01542356194833737,0.010816983679850749,0.02052417866371354,1.0,1.0,False,4
RH,numeric,0.0027651772560393123,0.016068122271708004,0.01394199503476655,0.014248800295311916,1.0,1.0,False,5
Top,numeric,0.06833100609793122,0.03199355788895006,0.022249067332925785,0.020561092654115903,1.0,1.0,False,6
RATemp,numeric,0.018579672702628686,0.013580913950663475,0.0096327684323022,0.020524178663713533,1.0,1.0,False,7
Air Velo,numeric,0.017172946142886843,0.031592034029172836,0.01687431412760485,0.020228866740494643,1.0,1.0,False,8
