Feature,Type,Univariate_Score,Perm_DeltaR2,Perm_DeltaMAE,Perm_DeltaAcc,Combined_Score,Stability_Freq,Selected,Rank
Clothing,categorical,0.36107642774840565,0.004735116163889568,0.0017454425493876138,0.001587301587301589,1.0,1.0,True,1
Season,categorical,0.0,0.0,0.0,0.0,1.0,1.0,True,2
Activity,categorical,0.0,0.0,0.0,0.0,1.0,1.0,True,3
MRT,numeric,0.041044797892478044,0.07165454626083376,0.041443157196044925,0.04278331487633814,1.0,1.0,False,4
RH,numeric,0.0027651772560393123,0.00937670071919759,0.006217439969380696,0.022111480251015142,1.0,1.0,False,5
Top,numeric,0.06833100609793122,0.026410333315531415,0.014484949906667075,0.017165005537098568,1.0,1.0,False,6
RATemp,numeric,0.018579672702628686,0.019569027423858642,0.01418237288792928,0.023772609819121455,1.0,1.0,False,7
Air Velo,numeric,0.017172946142886843,0.021521270275115967,0.014127504825592042,0.009486895533407163,1.0,1.0,False,8
