Feature,Type,Univariate_Score,Perm_DeltaR2,Perm_DeltaMAE,Perm_DeltaAcc,Combined_Score,Stability_Freq,Selected,Rank
Clothing,categorical,0.39075433617284083,0.008007761943170351,0.005773198963194984,0.00616438356164383,1.0,1.0,True,1
Season,categorical,0.3423220618313034,0.06161445898311391,0.040868977107405655,0.019634703196347025,1.0,1.0,True,2
Activity,categorical,0.16546141439178608,0.010542845476099863,0.004104268185768116,0.0013698630136986245,1.0,1.0,True,3
MRT,numeric,0.33427764517134434,0.09199233886993166,0.062202607844368804,0.02739726027397259,1.0,1.0,False,4
RH,numeric,0.325604547468956,0.06683839331459031,0.04486228189285678,0.027625570776255694,1.0,1.0,False,5
Top,numeric,0.34820425437285063,0.09584238960063876,0.07022943253765718,0.042922374429223725,1.0,1.0,False,6
RATemp,numeric,0.35396998660550694,0.05832002885683897,0.04043239467716449,0.028767123287671226,1.0,1.0,False,7
Air Velo,numeric,0.12181591040826834,0.053123243983803525,0.0349098129914588,0.013470319634703182,1.0,1.0,False,8
