Feature,Type,Univariate_Score,Perm_DeltaR2,Perm_DeltaMAE,Perm_DeltaAcc,Combined_Score,Stability_Freq,Selected,Rank
Clothing,categorical,0.39075433617284083,0.0,0.0,0.0,1.0,1.0,True,1
Season,categorical,0.3423220618313034,0.01285877812574408,0.008596806028945251,0.004109589041095892,1.0,1.0,True,2
Activity,categorical,0.16546141439178608,0.0,0.0,0.0,1.0,1.0,True,3
MRT,numeric,0.33427764517134434,0.08100786496108049,0.051580213173737344,0.013698630136986304,1.0,1.0,False,4
RH,numeric,0.325604547468956,0.041866297944847364,0.028884106256287956,0.009132420091324209,1.0,1.0,False,5
Top,numeric,0.34820425437285063,0.03424619508477385,0.023804206945258748,0.0054794520547945275,1.0,1.0,False,6
RATemp,numeric,0.35396998660550694,0.025181878178264894,0.01809778472707327,0.0027397260273972638,1.0,1.0,False,7
Air Velo,numeric,0.12181591040826834,0.05263134306985344,0.03074737471955582,0.0073059360730593605,1.0,1.0,False,8
