Feature,Type,Univariate_Score,Perm_DeltaR2,Perm_DeltaMAE,Perm_DeltaAcc,Combined_Score,Stability_Freq,Selected,Rank
Clothing,categorical,0.39075433617284083,0.003911520753480839,0.006370319003802619,0.011643835616438355,1.0,1.0,True,1
Season,categorical,0.3423220618313034,0.30821284302480884,0.18675826267255388,0.08538812785388128,1.0,1.0,True,2
Activity,categorical,0.16546141439178608,0.004433114065316693,0.0033638362975899837,0.0018264840182648473,1.0,1.0,True,3
MRT,numeric,0.33427764517134434,0.032154091075979024,0.026765515912290833,0.014383561643835616,1.0,1.0,False,4
RH,numeric,0.325604547468956,0.021060951103413682,0.016866885368563237,0.009132420091324204,1.0,1.0,False,5
Top,numeric,0.34820425437285063,0.009233483489052802,0.008552491116129605,0.013013698630136988,1.0,1.0,False,6
RATemp,numeric,0.35396998660550694,0.00879147867661591,0.008294258259192559,0.01004566210045662,1.0,1.0,False,7
Air Velo,numeric,0.12181591040826834,0.02163545995806484,0.015842411708967587,0.014840182648401829,1.0,1.0,False,8
