Feature,Type,Univariate_Score,Perm_DeltaR2,Perm_DeltaMAE,Perm_DeltaAcc,Combined_Score,Stability_Freq,Selected,Rank
Clothing,categorical,0.39075433617284083,0.003027971585591634,0.0034776806831359865,0.007990867579908677,1.0,1.0,True,1
Season,categorical,0.3423220618313034,0.03296720584233602,0.02218524614969889,0.015525114155251138,1.0,1.0,True,2
Activity,categorical,0.16546141439178608,0.0007314642270406088,0.00032366116841634114,0.0029680365296803736,1.0,1.0,True,3
MRT,numeric,0.33427764517134434,0.26073057651519777,0.1624411741892497,0.07990867579908674,1.0,1.0,False,4
RH,numeric,0.325604547468956,0.051534175872802734,0.03827152649561564,0.034018264840182645,1.0,1.0,False,5
Top,numeric,0.34820425437285063,0.04424254496892292,0.0339800755182902,0.026940639269406385,1.0,1.0,False,6
RATemp,numeric,0.35396998660550694,0.06605419715245564,0.04424361785252889,0.023515981735159817,1.0,1.0,False,7
Air Velo,numeric,0.12181591040826834,0.027254621187845867,0.014836502075195313,0.0091324200913242,1.0,1.0,False,8
