Feature,Type,Univariate_Score,Perm_DeltaR2,Perm_DeltaMAE,Perm_DeltaAcc,Combined_Score,Stability_Freq,Selected,Rank
MRT,numeric,0.19961525576076694,0.039936757087707525,0.030536401271820068,0.030159578680605047,1.0,1.0,True,1
RH,numeric,0.005344435399548221,0.0060200254122416185,0.005504322052001953,0.019244476122594424,1.0,1.0,True,2
Top,numeric,0.22641087588146216,0.3195271253585815,0.12810111840566,0.0853488556268314,1.0,1.0,True,3
RATemp,numeric,0.2118439991855703,0.0455824891726176,0.03895971775054932,0.054135978458858,1.0,1.0,False,4
Air Velo,numeric,0.018771042586310023,0.006137458483378093,0.0047707796096801754,0.01088936406113882,1.0,1.0,False,5
