Feature,Type,Univariate_Score,Perm_DeltaR2,Perm_DeltaMAE,Perm_DeltaAcc,Combined_Score,Stability_Freq,Selected,Rank
MRT,numeric,0.19961525576076694,0.006331062519726742,0.02695113383651567,0.0613823552704522,1.0,1.0,True,1
RH,numeric,0.005344435399548221,0.0,0.004089172202436512,0.02179456719727568,1.0,1.0,True,2
Top,numeric,0.22641087588146216,0.1174809416098161,0.07323136633659635,0.06572028193553495,1.0,1.0,True,3
RATemp,numeric,0.2118439991855703,0.03564319961029176,0.0452614811218511,0.07482181040627227,1.0,1.0,False,4
Air Velo,numeric,0.018771042586310023,0.0,0.0009044823597498548,0.010172645917478426,1.0,1.0,False,5
