Feature,Type,Univariate_Score,Perm_DeltaR2,Perm_DeltaMAE,Perm_DeltaAcc,Combined_Score,Stability_Freq,Selected,Rank
MRT,numeric,0.19961525576076694,0.04311348070253326,0.03467091199013732,0.049015997465748015,1.0,1.0,True,1
RH,numeric,0.005344435399548221,0.016749562820967186,0.007010660540089512,0.019616694385047918,1.0,1.0,True,2
Top,numeric,0.22641087588146216,0.19048840785692642,0.0857962532351134,0.07915973707135503,1.0,1.0,True,3
RATemp,numeric,0.2118439991855703,0.06309992730976043,0.045197646021213976,0.060289459095588825,1.0,1.0,False,4
Air Velo,numeric,0.018771042586310023,0.014333994361506138,0.009567743515259967,0.010519125683060111,1.0,1.0,False,5
