Feature,Type,Univariate_Score,Perm_DeltaR2,Perm_DeltaMAE,Perm_DeltaAcc,Combined_Score,Stability_Freq,Selected,Rank
MRT,numeric,0.19961525576076694,0.013630069964418984,0.00815723745674859,0.015969747366753776,1.0,1.0,True,1
RH,numeric,0.005344435399548221,0.0,0.0,0.0,1.0,1.0,True,2
Top,numeric,0.22641087588146216,0.07093446967569242,0.029479454818426287,0.017068583194741423,1.0,1.0,True,3
RATemp,numeric,0.2118439991855703,0.07104927350319003,0.03149556425557826,0.021081808822364767,1.0,1.0,False,4
Air Velo,numeric,0.018771042586310023,0.0,0.0,0.0,1.0,1.0,False,5
