Feature,Type,Univariate_Score,Perm_DeltaR2,Perm_DeltaMAE,Perm_DeltaAcc,Combined_Score,Stability_Freq,Selected,Rank
Clothing,categorical,0.36107642774840565,0.001098227209462932,0.0008634754764857236,0.006312292358803991,1.0,1.0,True,1
Season,categorical,0.0,0.0,0.0,0.0,1.0,1.0,True,2
Activity,categorical,0.0,0.0,0.0,0.0,1.0,1.0,True,3
MRT,numeric,0.041044797892478044,0.023622083600257145,0.018996798061082298,0.018826135105204887,1.0,1.0,False,4
RH,numeric,0.0027651772560393123,0.009681783350643203,0.008531258140455064,0.02535991140642304,1.0,1.0,False,5
Top,numeric,0.06833100609793122,0.03639727744329421,0.02247427033626245,0.028202288667404946,1.0,1.0,False,6
RATemp,numeric,0.018579672702628686,0.016897659269082696,0.015324058077598988,0.03935031376891841,1.0,1.0,False,7
Air Velo,numeric,0.017172946142886843,0.006598194782702012,0.003522776049682119,0.023735695828719088,1.0,1.0,False,8
