Feature,Type,Univariate_Score,Perm_DeltaR2,Perm_DeltaMAE,Perm_DeltaAcc,Combined_Score,Stability_Freq,Selected,Rank
Clothing,categorical,0.13212140341337114,0.0029687257350403304,0.0015555958341924988,0.0037353077413004496,1.0,1.0,True,1
Season,categorical,0.024364923877041998,0.014687648297769793,0.011321774372858284,0.008560592901395396,1.0,1.0,True,2
Activity,categorical,0.003723005400763959,0.0024703812500188015,0.002395954025125646,0.004176799258873257,1.0,1.0,True,3
MRT,numeric,0.14295464481428105,0.027878007613559096,0.018852733594662115,0.018666406114295642,1.0,1.0,False,4
RH,numeric,0.0034558369527280227,0.012273602119255914,0.010024765421592325,0.012515922644896071,1.0,1.0,False,5
Top,numeric,0.2583906156626027,0.09940203871690932,0.0668054243931196,0.04303384285797,1.0,1.0,False,6
RATemp,numeric,0.25737310816365094,0.10466615550939047,0.07222096875648334,0.05380985466967749,1.0,1.0,False,7
Air Velo,numeric,0.021045774083030204,0.010130603776961598,0.008063871004371115,0.0149310983729952,1.0,1.0,False,8
