Feature,Type,Univariate_Score,Perm_DeltaR2,Perm_DeltaMAE,Perm_DeltaAcc,Combined_Score,Stability_Freq,Selected,Rank
Clothing,categorical,0.36107642774840565,0.003433469931284587,0.0019755681355794275,0.006349206349206349,1.0,1.0,True,1
Season,categorical,0.0,0.0,0.0,0.0,1.0,1.0,True,2
Activity,categorical,0.0,0.0,0.0,0.0,1.0,1.0,True,3
MRT,numeric,0.041044797892478044,0.05116981665293376,0.026619168122609456,0.019010705057216686,1.0,1.0,False,4
RH,numeric,0.0027651772560393123,0.013531557718912762,0.005651354789733887,0.023772609819121448,1.0,1.0,False,5
Top,numeric,0.06833100609793122,0.022708094120025633,0.019374358654022216,0.03133997785160576,1.0,1.0,False,6
RATemp,numeric,0.018579672702628686,0.020300563176472983,0.012692554791768392,0.020634920634920634,1.0,1.0,False,7
Air Velo,numeric,0.017172946142886843,0.025676103432973225,0.015587480862935385,0.020598006644518267,1.0,1.0,False,8
