Feature,Type,Univariate_Score,Perm_DeltaR2,Perm_DeltaMAE,Perm_DeltaAcc,Combined_Score,Stability_Freq,Selected,Rank
Clothing,categorical,0.13212140341337114,0.004642458756764729,0.004021771748860677,0.0032952637369000003,1.0,1.0,True,1
Season,categorical,0.024364923877041998,0.007733134428660075,0.0041584650675455725,0.0010979387412425508,1.0,1.0,True,2
Activity,categorical,0.003723005400763959,0.0011971473693847656,0.001009527842203776,0.0015372589890568036,1.0,1.0,True,3
MRT,numeric,0.14295464481428105,0.025648279984792077,0.018970235188802084,0.010543685947542118,1.0,1.0,False,4
RH,numeric,0.0034558369527280227,0.0044666806856791174,0.002797869841257731,0.006148312199641022,1.0,1.0,False,5
Top,numeric,0.2583906156626027,0.14079468250274657,0.08877981901168823,0.042626367899947906,1.0,1.0,False,6
RATemp,numeric,0.25737310816365094,0.08447201649347941,0.0577637791633606,0.029658097388686237,1.0,1.0,False,7
Air Velo,numeric,0.021045774083030204,0.007691593964894612,0.007645297050476075,0.010108708239244969,1.0,1.0,False,8
