Feature,Type,Univariate_Score,Perm_DeltaR2,Perm_DeltaMAE,Perm_DeltaAcc,Combined_Score,Stability_Freq,Selected,Rank
Clothing,categorical,0.13212140341337114,0.01687186250905798,0.01311240067451703,0.017339036535232465,1.0,1.0,True,1
Season,categorical,0.024364923877041998,0.027149782524602446,0.01545887713865945,0.0028523247061548298,1.0,1.0,True,2
Activity,categorical,0.003723005400763959,0.0028093061880188307,0.004215157369656852,0.008779891147009432,1.0,1.0,True,3
MRT,numeric,0.14295464481428105,0.0060169187529097124,0.003252362615585258,0.0066006600660065955,1.0,1.0,False,4
RH,numeric,0.0034558369527280227,0.0018834340500204863,0.0036075947954020914,0.0026359214868855287,1.0,1.0,False,5
Top,numeric,0.2583906156626027,0.08731432067244675,0.055213962527533744,0.03997741879451103,1.0,1.0,False,6
RATemp,numeric,0.25737310816365094,0.08062665050747907,0.05185497930631287,0.032494499449944994,1.0,1.0,False,7
Air Velo,numeric,0.021045774083030204,0.0018024596038884511,0.002328287313044338,0.004393202478142555,1.0,1.0,False,8
