Feature,Type,Univariate_Score,Perm_DeltaR2,Perm_DeltaMAE,Perm_DeltaAcc,Combined_Score,Stability_Freq,Selected,Rank
Clothing,categorical,0.36107642774840565,0.002930147552201512,0.0036789018921438744,0.007936507936507933,1.0,1.0,True,1
Season,categorical,0.0,8.881784197001253e-17,2.960594732333751e-17,0.0,1.0,1.0,True,2
Activity,categorical,0.0,3.700743415417188e-17,4.4408920985006264e-17,0.0,1.0,1.0,True,3
MRT,numeric,0.041044797892478044,0.01515294858657626,0.008430477104374648,0.025322997416020666,1.0,1.0,False,4
RH,numeric,0.0027651772560393123,0.025305100262422702,0.015266169819287426,0.011074197120708746,1.0,1.0,False,5
Top,numeric,0.06833100609793122,0.08450099112852578,0.047964398185128425,0.03152454780361756,1.0,1.0,False,6
RATemp,numeric,0.018579672702628686,0.0071377056275292085,0.00949287044127128,0.02846068660022147,1.0,1.0,False,7
Air Velo,numeric,0.017172946142886843,0.01915811271802374,0.006710220767794477,0.017238833517903278,1.0,1.0,False,8
