Feature,Type,Univariate_Score,Perm_DeltaR2,Perm_DeltaMAE,Perm_DeltaAcc,Combined_Score,Stability_Freq,Selected,Rank
Clothing,categorical,0.39075433617284083,0.0,0.0,0.0,1.0,1.0,True,1
Season,categorical,0.3423220618313034,0.011961657880208754,0.008867036835582343,0.0036529680365296802,1.0,1.0,True,2
Activity,categorical,0.16546141439178608,0.0,0.0,0.0,1.0,1.0,True,3
MRT,numeric,0.33427764517134434,0.07584371347377074,0.04883291497769169,0.01689497716894977,1.0,1.0,False,4
RH,numeric,0.325604547468956,0.04026495194527012,0.028029171322170983,0.011187214611872148,1.0,1.0,False,5
Top,numeric,0.34820425437285063,0.03216702777717018,0.022503446418724777,0.003652968036529676,1.0,1.0,False,6
RATemp,numeric,0.35396998660550694,0.02416989987802125,0.01690246490031877,0.003652968036529684,1.0,1.0,False,7
Air Velo,numeric,0.12181591040826834,0.05466416403761817,0.03115563773596682,0.0066210045662100465,1.0,1.0,False,8
