Feature,Type,Univariate_Score,Perm_DeltaR2,Perm_DeltaMAE,Perm_DeltaAcc,Combined_Score,Stability_Freq,Selected,Rank
Clothing,categorical,0.39075433617284083,0.001716101199141407,0.0053143175532116855,0.0073059360730593605,1.0,1.0,True,1
Season,categorical,0.3423220618313034,0.30529809352474835,0.17650704628556807,0.07442922374429224,1.0,1.0,True,2
Activity,categorical,0.16546141439178608,0.0020996881127850623,0.0019114673490642365,0.0015981735159817344,1.0,1.0,True,3
MRT,numeric,0.33427764517134434,0.039201727975582315,0.027580840312311804,0.009589041095890413,1.0,1.0,False,4
RH,numeric,0.325604547468956,0.01892265390946571,0.017185684935904867,0.012557077625570779,1.0,1.0,False,5
Top,numeric,0.34820425437285063,0.015248253782107715,0.015517980193625274,0.015525114155251148,1.0,1.0,False,6
RATemp,numeric,0.35396998660550694,0.007717180943062072,0.008640302313492146,0.010045662100456624,1.0,1.0,False,7
Air Velo,numeric,0.12181591040826834,0.02744193579812073,0.01484503941030039,0.0070776255707762584,1.0,1.0,False,8
