Feature,Type,Univariate_Score,Perm_DeltaR2,Perm_DeltaMAE,Perm_DeltaAcc,Combined_Score,Stability_Freq,Selected,Rank
Clothing,categorical,0.39075433617284083,0.004421464602152507,0.005675582091013591,0.008219178082191785,1.0,1.0,True,1
Season,categorical,0.3423220618313034,0.038726766904195145,0.02714817126592,0.015753424657534244,1.0,1.0,True,2
Activity,categorical,0.16546141439178608,0.000713515281677246,0.0004649043083190918,0.0031963470319634722,1.0,1.0,True,3
MRT,numeric,0.33427764517134434,0.24399950106938678,0.15299086570739745,0.08013698630136985,1.0,1.0,False,4
RH,numeric,0.325604547468956,0.04941011269887289,0.03495120207468669,0.02579908675799087,1.0,1.0,False,5
Top,numeric,0.34820425437285063,0.040792389710744226,0.03192576964696249,0.023059360730593607,1.0,1.0,False,6
RATemp,numeric,0.35396998660550694,0.0658617893854777,0.04451875686645508,0.02557077625570776,1.0,1.0,False,7
Air Velo,numeric,0.12181591040826834,0.024031631151835122,0.015557471911112467,0.009360730593607298,1.0,1.0,False,8
