Feature,Type,Univariate_Score,Perm_DeltaR2,Perm_DeltaMAE,Perm_DeltaAcc,Combined_Score,Stability_Freq,Selected,Rank
Clothing,categorical,0.39075433617284083,0.010562100441757013,0.008699450371774598,0.011415525114155237,1.0,1.0,True,1
Season,categorical,0.3423220618313034,0.061054983005908656,0.043163600912581854,0.025799086757990856,1.0,1.0,True,2
Activity,categorical,0.16546141439178608,0.01245247826787892,0.00647501965855164,0.004566210045662089,1.0,1.0,True,3
MRT,numeric,0.33427764517134434,0.09224482403245428,0.06599771709405645,0.03082191780821917,1.0,1.0,False,4
RH,numeric,0.325604547468956,0.07268036326629743,0.0487901435264121,0.02488584474885843,1.0,1.0,False,5
Top,numeric,0.34820425437285063,0.09690332068187525,0.06991119951264543,0.03881278538812784,1.0,1.0,False,6
RATemp,numeric,0.35396998660550694,0.05073441277726483,0.03319728395837924,0.02237442922374428,1.0,1.0,False,7
Air Velo,numeric,0.12181591040826834,0.05364777468183114,0.0329821122160852,0.010502283105022821,1.0,1.0,False,8
