Feature,Type,Univariate_Score,Perm_DeltaR2,Perm_DeltaMAE,Perm_DeltaAcc,Combined_Score,Stability_Freq,Selected,Rank
MRT,numeric,0.19961525576076694,0.039954829216003414,0.030026280879974367,0.03887898946701512,1.0,1.0,True,1
RH,numeric,0.005344435399548221,0.006021662553151448,0.00449691613515218,0.011606082204799235,1.0,1.0,True,2
Top,numeric,0.22641087588146216,0.32995914220809935,0.13462088902791342,0.08498851667062643,1.0,1.0,True,3
RATemp,numeric,0.2118439991855703,0.051534291108449294,0.04398681322733561,0.0722598400253425,1.0,1.0,False,4
Air Velo,numeric,0.018771042586310023,0.012326037883758545,0.006988223393758139,0.015245109685594352,1.0,1.0,False,5
