Feature,Type,Univariate_Score,Perm_DeltaR2,Perm_DeltaMAE,Perm_DeltaAcc,Combined_Score,Stability_Freq,Selected,Rank
MRT,numeric,0.19961525576076694,0.043561938196129274,0.03419913153141135,0.04537301021620339,1.0,1.0,True,1
RH,numeric,0.005344435399548221,0.01965625466997067,0.009194534139768857,0.019610754731923658,1.0,1.0,True,2
Top,numeric,0.22641087588146216,0.18476666570161027,0.08575448893479196,0.08316702304585413,1.0,1.0,True,3
RATemp,numeric,0.2118439991855703,0.07399113023349978,0.05110437120700291,0.06751999683218501,1.0,1.0,False,4
Air Velo,numeric,0.018771042586310023,0.01807167390003855,0.010840702244085457,0.010529025104933872,1.0,1.0,False,5
