Feature,Type,Univariate_Score,Perm_DeltaR2,Perm_DeltaMAE,Perm_DeltaAcc,Combined_Score,Stability_Freq,Selected,Rank
MRT,numeric,0.19961525576076694,0.012865245743588983,0.00763679402325026,0.009446028351944238,1.0,1.0,True,1
RH,numeric,0.005344435399548221,0.0,0.0,0.0,1.0,1.0,True,2
Top,numeric,0.22641087588146216,0.07463619845853713,0.033187702869609356,0.027955967371505498,1.0,1.0,True,3
RATemp,numeric,0.2118439991855703,0.06414746095752434,0.02837192044400342,0.015266888413716642,1.0,1.0,False,4
Air Velo,numeric,0.018771042586310023,0.0,0.0,0.0,1.0,1.0,False,5
