Feature,Type,Univariate_Score,Perm_DeltaR2,Perm_DeltaMAE,Perm_DeltaAcc,Combined_Score,Stability_Freq,Selected,Rank
MRT,numeric,0.19961525576076694,0.003957938085742326,0.024356156440157078,0.04685000395976876,1.0,1.0,True,1
RH,numeric,0.005344435399548221,0.0,0.005278758110431614,0.022869644412766295,1.0,1.0,True,2
Top,numeric,0.22641087588146216,0.1651672948126897,0.08937417973777968,0.07552268947493465,1.0,1.0,True,3
RATemp,numeric,0.2118439991855703,0.024162646662437247,0.03943013201870728,0.06390868773263642,1.0,1.0,False,4
Air Velo,numeric,0.018771042586310023,0.0014905439099514918,0.002503746341284785,0.011631820701671033,1.0,1.0,False,5
