Feature,Type,Univariate_Score,Perm_DeltaR2,Perm_DeltaMAE,Perm_DeltaAcc,Combined_Score,Stability_Freq,Selected,Rank
Clothing,categorical,0.36107642774840565,0.016353170289684017,0.006462231420147154,0.015873015873015865,1.0,1.0,True,1
Season,categorical,0.0,1.4802973661668754e-17,2.2204460492503132e-17,0.0,1.0,1.0,True,2
Activity,categorical,0.0,2.2204460492503132e-17,1.4802973661668754e-17,0.0,1.0,1.0,True,3
MRT,numeric,0.041044797892478044,0.025020687617382787,0.015345639013293133,0.02369878183831671,1.0,1.0,False,4
RH,numeric,0.0027651772560393123,0.015145860488615725,0.01059762726284205,0.014285714285714273,1.0,1.0,False,5
Top,numeric,0.06833100609793122,0.064139691677169,0.03588047806734286,0.03480989294942782,1.0,1.0,False,6
RATemp,numeric,0.018579672702628686,0.016967356310726198,0.015146772739305234,0.02524916943521594,1.0,1.0,False,7
Air Velo,numeric,0.017172946142886843,0.04749324665267639,0.01912601655351743,0.017312661498708,1.0,1.0,False,8
