Feature,Type,Univariate_Score,Perm_DeltaR2,Perm_DeltaMAE,Perm_DeltaAcc,Combined_Score,Stability_Freq,Selected,Rank
Clothing,categorical,0.36107642774840565,0.0007667761292963723,0.00018657544382110202,0.003174603174603178,1.0,1.0,True,1
Season,categorical,0.0,0.0,0.0,0.0,1.0,1.0,True,2
Activity,categorical,0.0,0.0,0.0,0.0,1.0,1.0,True,3
MRT,numeric,0.041044797892478044,0.02185951776103731,0.021568249312256975,0.050313768918420085,1.0,1.0,False,4
RH,numeric,0.0027651772560393123,0.019100641407627066,0.010695440030247116,0.023735695828719088,1.0,1.0,False,5
Top,numeric,0.06833100609793122,0.028808877167046026,0.020599035002388726,0.02517534145441122,1.0,1.0,False,6
RATemp,numeric,0.018579672702628686,0.019608673412119033,0.016359663824254193,0.036286452565522334,1.0,1.0,False,7
Air Velo,numeric,0.017172946142886843,0.007721837770324713,0.0068448552205564225,0.036360280546327055,1.0,1.0,False,8
