Feature,Type,Univariate_Score,Perm_DeltaR2,Perm_DeltaMAE,Perm_DeltaAcc,Combined_Score,Stability_Freq,Selected,Rank
Clothing,categorical,0.36107642774840565,0.0025720437367757164,0.0010654528935750325,0.001587301587301589,1.0,1.0,True,1
Season,categorical,0.0,0.0,0.0,0.0,1.0,1.0,True,2
Activity,categorical,0.0,0.0,0.0,0.0,1.0,1.0,True,3
MRT,numeric,0.041044797892478044,0.05833510557810466,0.030950021743774415,0.02694721299372462,1.0,1.0,False,4
RH,numeric,0.0027651772560393123,0.02184321482976278,0.006978710492451985,0.030011074197120707,1.0,1.0,False,5
Top,numeric,0.06833100609793122,0.027440190315246582,0.019249773025512694,0.017275747508305656,1.0,1.0,False,6
RATemp,numeric,0.018579672702628686,0.017499518394470216,0.00956318775812785,0.017460317460317464,1.0,1.0,False,7
Air Velo,numeric,0.017172946142886843,0.013163399696350098,0.007124082247416177,0.007862679955703208,1.0,1.0,False,8
