Feature,Type,Univariate_Score,Perm_DeltaR2,Perm_DeltaMAE,Perm_DeltaAcc,Combined_Score,Stability_Freq,Selected,Rank
Clothing,categorical,0.13212140341337114,0.003802349416214616,0.0022543802704775226,0.003949539690811191,1.0,1.0,True,1
Season,categorical,0.024364923877041998,0.01714189773622282,0.012705925669743495,0.008557697875050656,1.0,1.0,True,2
Activity,categorical,0.003723005400763959,0.0039700074149781415,0.0033529801105846692,0.003077413004458348,1.0,1.0,True,3
MRT,numeric,0.14295464481428105,0.028424782499587492,0.01852518273282052,0.021526692142898502,1.0,1.0,False,4
RH,numeric,0.0034558369527280227,0.013616602609467288,0.00976240924741474,0.012073707370737067,1.0,1.0,False,5
Top,numeric,0.2583906156626027,0.09832218911150067,0.06836783814764091,0.04326110242603207,1.0,1.0,False,6
RATemp,numeric,0.25737310816365094,0.1166871120879672,0.08128871917289111,0.05754299114121939,1.0,1.0,False,7
Air Velo,numeric,0.021045774083030204,0.01027405047185553,0.007557029902704682,0.016245440333507038,1.0,1.0,False,8
