Feature,Type,Univariate_Score,Perm_DeltaR2,Perm_DeltaMAE,Perm_DeltaAcc,Combined_Score,Stability_Freq,Selected,Rank
Clothing,categorical,0.13212140341337114,0.0209836860429236,0.013603578053400437,0.016237479011059004,1.0,1.0,True,1
Season,categorical,0.024364923877041998,0.02753127554726047,0.015136987840768784,0.002415175728099128,1.0,1.0,True,2
Activity,categorical,0.003723005400763959,0.0022003223969817654,0.002947833797896086,0.00988000115801054,1.0,1.0,True,3
MRT,numeric,0.14295464481428105,0.0029585355721666986,0.0024739959259322854,0.0068206820682068185,1.0,1.0,False,4
RH,numeric,0.0034558369527280227,0.0019853263579546754,0.0038851889956874686,0.003295263736900004,1.0,1.0,False,5
Top,numeric,0.2583906156626027,0.0836068523226952,0.05747053156899486,0.04107318626599502,1.0,1.0,False,6
RATemp,numeric,0.25737310816365094,0.08059911006395307,0.05400795872994975,0.031405245787736666,1.0,1.0,False,7
Air Velo,numeric,0.021045774083030204,0.0005496467652614503,0.002670276303735871,0.0019736842105263163,1.0,1.0,False,8
