Feature,Type,Univariate_Score,Perm_DeltaR2,Perm_DeltaMAE,Perm_DeltaAcc,Combined_Score,Stability_Freq,Selected,Rank
Clothing,categorical,0.13212140341337114,0.005605340003967285,0.004794792334238688,0.0050489259452260946,1.0,1.0,True,1
Season,categorical,0.024364923877041998,0.007147165139516194,0.0029489636421203614,0.0006586184934282942,1.0,1.0,True,2
Activity,categorical,0.003723005400763959,0.0012067755063374839,0.0010193149248758952,0.0008786404956285133,1.0,1.0,True,3
MRT,numeric,0.14295464481428105,0.021333495775858562,0.014762421449025473,0.006154826008916673,1.0,1.0,False,4
RH,numeric,0.0034558369527280227,0.004496133327484131,0.002842581272125244,0.0057082681952405736,1.0,1.0,False,5
Top,numeric,0.2583906156626027,0.13862580458323162,0.08821934064229328,0.04548086387586127,1.0,1.0,False,6
RATemp,numeric,0.25737310816365094,0.07224542697270711,0.04835229714711507,0.02417419373516299,1.0,1.0,False,7
Air Velo,numeric,0.021045774083030204,0.00859605073928833,0.006964210669199625,0.009444299693127201,1.0,1.0,False,8
