Feature,Type,Univariate_Score,Perm_DeltaR2,Perm_DeltaMAE,Perm_DeltaAcc,Combined_Score,Stability_Freq,Selected,Rank
Clothing,categorical,0.39075433617284083,0.008027592410289755,0.006136789268923863,0.007077625570776247,1.0,1.0,True,1
Season,categorical,0.3423220618313034,0.05670881333991991,0.03795633955381879,0.01735159817351598,1.0,1.0,True,2
Activity,categorical,0.16546141439178608,0.010177922488759965,0.004903336486625021,0.0036529680365296802,1.0,1.0,True,3
MRT,numeric,0.33427764517134434,0.10410933187238405,0.07432513905561171,0.036986301369863,1.0,1.0,False,4
RH,numeric,0.325604547468956,0.06650012285599559,0.04533871149583028,0.030365296803652946,1.0,1.0,False,5
Top,numeric,0.34820425437285063,0.09480452014628118,0.0664317876051882,0.031735159817351574,1.0,1.0,False,6
RATemp,numeric,0.35396998660550694,0.05846469063107342,0.03867561343938312,0.0278538812785388,1.0,1.0,False,7
Air Velo,numeric,0.12181591040826834,0.05505144196909654,0.031972284389835834,0.006164383561643827,1.0,1.0,False,8
