Feature,Type,Univariate_Score,Perm_DeltaR2,Perm_DeltaMAE,Perm_DeltaAcc,Combined_Score,Stability_Freq,Selected,Rank
Clothing,categorical,0.39075433617284083,0.004111071427663168,0.004144974549611409,0.008219178082191777,1.0,1.0,True,1
Season,categorical,0.3423220618313034,0.02999529441197713,0.023276929060618085,0.018949771689497717,1.0,1.0,True,2
Activity,categorical,0.16546141439178608,0.0007320880889892578,0.0005009134610493977,0.0027397260273972638,1.0,1.0,True,3
MRT,numeric,0.33427764517134434,0.22773180405298868,0.14278624852498373,0.07694063926940639,1.0,1.0,False,4
RH,numeric,0.325604547468956,0.049427688121795654,0.03563967943191529,0.03356164383561644,1.0,1.0,False,5
Top,numeric,0.34820425437285063,0.04204769929250081,0.03366337617238362,0.02237442922374429,1.0,1.0,False,6
RATemp,numeric,0.35396998660550694,0.06648115317026773,0.046073977152506516,0.03242009132420091,1.0,1.0,False,7
Air Velo,numeric,0.12181591040826834,0.02219521601994832,0.011002111434936523,0.004337899543378994,1.0,1.0,False,8
