Feature,Type,Univariate_Score,Perm_DeltaR2,Perm_DeltaMAE,Perm_DeltaAcc,Combined_Score,Stability_Freq,Selected,Rank
Clothing,categorical,0.39075433617284083,0.0,0.0,0.0,1.0,1.0,True,1
Season,categorical,0.3423220618313034,0.013517315366128584,0.009027152216060593,0.0038812785388127858,1.0,1.0,True,2
Activity,categorical,0.16546141439178608,0.0,0.0,0.0,1.0,1.0,True,3
MRT,numeric,0.33427764517134434,0.08451095015875094,0.05243988648669724,0.015525114155251141,1.0,1.0,False,4
RH,numeric,0.325604547468956,0.045493766785025695,0.03198456439415234,0.008447488584474886,1.0,1.0,False,5
Top,numeric,0.34820425437285063,0.03527433355102288,0.024467103079039813,0.006392694063926949,1.0,1.0,False,6
RATemp,numeric,0.35396998660550694,0.02576712632507443,0.018332957512547696,0.0034246575342465847,1.0,1.0,False,7
Air Velo,numeric,0.12181591040826834,0.05499837542073216,0.029840737274463312,0.00570776255707763,1.0,1.0,False,8
