Feature,Type,Univariate_Score,Perm_DeltaR2,Perm_DeltaMAE,Perm_DeltaAcc,Combined_Score,Stability_Freq,Selected,Rank
Clothing,categorical,0.39075433617284083,0.0033602414767977583,0.00488556138242382,0.008904109589041096,1.0,1.0,True,1
Season,categorical,0.3423220618313034,0.3002380681919131,0.17362934545867845,0.0730593607305936,1.0,1.0,True,2
Activity,categorical,0.16546141439178608,0.0017598997214938925,0.001220393962836952,0.0009132420091324236,1.0,1.0,True,3
MRT,numeric,0.33427764517134434,0.03250430139460082,0.028415606034200975,0.02009132420091324,1.0,1.0,False,4
RH,numeric,0.325604547468956,0.023097823636916696,0.01978389495788895,0.008219178082191785,1.0,1.0,False,5
Top,numeric,0.34820425437285063,0.014151821511633782,0.012332318367719752,0.010730593607305935,1.0,1.0,False,6
RATemp,numeric,0.35396998660550694,0.012139607716690825,0.009580113667121734,0.010045662100456617,1.0,1.0,False,7
Air Velo,numeric,0.12181591040826834,0.02367683633632448,0.015809536109159895,0.011872146118721462,1.0,1.0,False,8
