Feature,Type,Univariate_Score,Perm_DeltaR2,Perm_DeltaMAE,Perm_DeltaAcc,Combined_Score,Stability_Freq,Selected,Rank
MRT,numeric,0.19961525576076694,0.043362584904449136,0.03330682504278453,0.04356735566642909,1.0,1.0,True,1
RH,numeric,0.005344435399548221,0.012091908534666528,0.006369591691410381,0.01706066365724242,1.0,1.0,True,2
Top,numeric,0.22641087588146216,0.1937346420552638,0.08870917665973076,0.08095747208363033,1.0,1.0,True,3
RATemp,numeric,0.2118439991855703,0.07145674312119481,0.048077466238882566,0.05373406193078325,1.0,1.0,False,4
Air Velo,numeric,0.018771042586310023,0.014324786340406468,0.008333650419326818,0.00943216916132098,1.0,1.0,False,5
