Feature,Type,Univariate_Score,Perm_DeltaR2,Perm_DeltaMAE,Perm_DeltaAcc,Combined_Score,Stability_Freq,Selected,Rank
MRT,numeric,0.19961525576076694,0.03741321166356405,0.030850060780843104,0.04469588976003801,1.0,1.0,True,1
RH,numeric,0.005344435399548221,0.012496256828308105,0.006820944945017497,0.016704284469786952,1.0,1.0,True,2
Top,numeric,0.22641087588146216,0.3192718187967936,0.1285923719406128,0.08135938861170508,1.0,1.0,True,3
RATemp,numeric,0.2118439991855703,0.04735265970230103,0.03866649071375529,0.05993901956125762,1.0,1.0,False,4
Air Velo,numeric,0.018771042586310023,0.004923788706461589,0.004162414868672689,0.011249703017343784,1.0,1.0,False,5
