Feature,Type,Univariate_Score,Perm_DeltaR2,Perm_DeltaMAE,Perm_DeltaAcc,Combined_Score,Stability_Freq,Selected,Rank
MRT,numeric,0.19961525576076694,0.01424083362642028,0.008115669109173933,0.015623267601172086,1.0,1.0,True,1
RH,numeric,0.005344435399548221,0.0,0.0,0.0,1.0,1.0,True,2
Top,numeric,0.22641087588146216,0.0695938742032431,0.029340011376507685,0.018167419022729066,1.0,1.0,True,3
RATemp,numeric,0.2118439991855703,0.07352954069623233,0.031046729247966913,0.01925635542884295,1.0,1.0,False,4
Air Velo,numeric,0.018771042586310023,0.0,0.0,0.0,1.0,1.0,False,5
