Feature,Type,Univariate_Score,Perm_DeltaR2,Perm_DeltaMAE,Perm_DeltaAcc,Combined_Score,Stability_Freq,Selected,Rank
MRT,numeric,0.19961525576076694,0.005194964704136318,0.023592340070104297,0.04867743723766533,1.0,1.0,True,1
RH,numeric,0.005344435399548221,0.0,0.0020732563885934585,0.020347271719331598,1.0,1.0,True,2
Top,numeric,0.22641087588146216,0.14085186554199952,0.0793542221897774,0.06575196008553101,1.0,1.0,True,3
RATemp,numeric,0.2118439991855703,0.03954229655530828,0.04716425936231265,0.07337649481270295,1.0,1.0,False,4
Air Velo,numeric,0.018771042586310023,0.00023004824778172228,0.001571476982059809,0.011273461629840815,1.0,1.0,False,5
