Feature,Type,Univariate_Score,Perm_DeltaR2,Perm_DeltaMAE,Perm_DeltaAcc,Combined_Score,Stability_Freq,Selected,Rank
Clothing,categorical,0.13212140341337114,0.005137149492899578,0.004768109321594239,0.005928290197440793,1.0,1.0,True,1
Season,categorical,0.024364923877041998,0.007343689600626628,0.00378192663192749,0.0,1.0,1.0,True,2
Activity,categorical,0.003723005400763959,0.001255158583323161,0.0010769009590148927,0.0004385964912280753,1.0,1.0,True,3
MRT,numeric,0.14295464481428105,0.024629517396291094,0.01624280214309692,0.008570001737015805,1.0,1.0,False,4
RH,numeric,0.0034558369527280227,0.004318734010060629,0.003720406691233317,0.008566382954084888,1.0,1.0,False,5
Top,numeric,0.2583906156626027,0.1350172241528829,0.0840741197268168,0.037793121417404894,1.0,1.0,False,6
RATemp,numeric,0.25737310816365094,0.08107576767603555,0.057202816009521484,0.03448844884488449,1.0,1.0,False,7
Air Velo,numeric,0.021045774083030204,0.006493016084035239,0.005613895257314046,0.006372676741358341,1.0,1.0,False,8
