Feature,Type,Univariate_Score,Perm_DeltaR2,Perm_DeltaMAE,Perm_DeltaAcc,Combined_Score,Stability_Freq,Selected,Rank
Clothing,categorical,0.36107642774840565,0.005148669083913167,0.0023271679878234864,0.0031746031746031746,1.0,1.0,True,1
Season,categorical,0.0,0.0,0.0,0.0,1.0,1.0,True,2
Activity,categorical,0.0,0.0,0.0,0.0,1.0,1.0,True,3
MRT,numeric,0.041044797892478044,0.04873218536376953,0.02751783529917399,0.01901070505721669,1.0,1.0,False,4
RH,numeric,0.0027651772560393123,0.010626610120137533,0.005421825249989827,0.01428571428571429,1.0,1.0,False,5
Top,numeric,0.06833100609793122,0.03157763878504435,0.017837198575337727,0.012624584717607978,1.0,1.0,False,6
RATemp,numeric,0.018579672702628686,0.010330267747243247,0.008450174331665039,0.017460317460317464,1.0,1.0,False,7
Air Velo,numeric,0.017172946142886843,0.014429219563802085,0.011510121822357177,0.014248800295311923,1.0,1.0,False,8
