Feature,Type,Univariate_Score,Perm_DeltaR2,Perm_DeltaMAE,Perm_DeltaAcc,Combined_Score,Stability_Freq,Selected,Rank
Clothing,categorical,0.36107642774840565,0.0007719269160471794,0.0003217641879113294,0.003137689184200816,1.0,1.0,True,1
Season,categorical,0.0,0.0,0.0,0.0,1.0,1.0,True,2
Activity,categorical,0.0,0.0,0.0,0.0,1.0,1.0,True,3
MRT,numeric,0.041044797892478044,0.02045966663139258,0.018659814300843815,0.0315983757844223,1.0,1.0,False,4
RH,numeric,0.0027651772560393123,0.015772654762196154,0.007454365168458299,0.025249169435215952,1.0,1.0,False,5
Top,numeric,0.06833100609793122,0.03905552448618796,0.021710071583533073,0.02045035068290883,1.0,1.0,False,6
RATemp,numeric,0.018579672702628686,0.02026964464311399,0.016600569144201292,0.03791066814322629,1.0,1.0,False,7
Air Velo,numeric,0.017172946142886843,0.015238893575068375,0.008876833738348675,0.033222591362126255,1.0,1.0,False,8
