Feature,Type,Univariate_Score,Perm_DeltaR2,Perm_DeltaMAE,Perm_DeltaAcc,Combined_Score,Stability_Freq,Selected,Rank
Clothing,categorical,0.36107642774840565,0.018567389395602422,0.00920444654629531,0.011111111111111105,1.0,1.0,True,1
Season,categorical,0.0,7.401486830834377e-18,2.960594732333751e-17,0.0,1.0,1.0,True,2
Activity,categorical,0.0,2.960594732333751e-17,0.0,0.0,1.0,1.0,True,3
MRT,numeric,0.041044797892478044,0.04505196570767887,0.019267162211888962,0.018973791066814315,1.0,1.0,False,4
RH,numeric,0.0027651772560393123,0.020131773695637338,0.014296725369739577,0.020524178663713536,1.0,1.0,False,5
Top,numeric,0.06833100609793122,0.05902274767253335,0.03214541286975923,0.020561092654115896,1.0,1.0,False,6
RATemp,numeric,0.018579672702628686,0.013530914243698242,0.011644674987611807,0.029937246216315973,1.0,1.0,False,7
Air Velo,numeric,0.017172946142886843,0.03390719243115618,0.012441895105208012,0.009449981543004794,1.0,1.0,False,8
