Feature,Type,Univariate_Score,Perm_DeltaR2,Perm_DeltaMAE,Perm_DeltaAcc,Combined_Score,Stability_Freq,Selected,Rank
Clothing,categorical,0.13212140341337114,0.0035524878652040638,0.0021396374569562374,0.0026366452434717137,1.0,1.0,True,1
Season,categorical,0.024364923877041998,0.015905781675368026,0.01261860042227185,0.007242632157952633,1.0,1.0,True,2
Activity,categorical,0.003723005400763959,0.004383698355857346,0.0030988087731616135,0.003956053500086853,1.0,1.0,True,3
MRT,numeric,0.14295464481428105,0.02674072170744578,0.018147690440546583,0.016908401366452438,1.0,1.0,False,4
RH,numeric,0.0034558369527280227,0.01130857106350635,0.00839823039033596,0.010315702622893868,1.0,1.0,False,5
Top,numeric,0.2583906156626027,0.09250348463014765,0.06490240814062538,0.046541167274622194,1.0,1.0,False,6
RATemp,numeric,0.25737310816365094,0.11703930513268838,0.07614361831163433,0.05204461235597244,1.0,1.0,False,7
Air Velo,numeric,0.021045774083030204,0.009817645220938058,0.008350591499536542,0.015373313647154194,1.0,1.0,False,8
