Feature,Type,Univariate_Score,Perm_DeltaR2,Perm_DeltaMAE,Perm_DeltaAcc,Combined_Score,Stability_Freq,Selected,Rank
Clothing,categorical,0.13212140341337114,0.01594772853887738,0.011864647942271935,0.01294945284002084,1.0,1.0,True,1
Season,categorical,0.024364923877041998,0.026692769607112858,0.01803305884449479,0.010105813212900239,1.0,1.0,True,2
Activity,categorical,0.003723005400763959,0.0021727479787620203,0.0037352786001181677,0.010539343408025014,1.0,1.0,True,3
MRT,numeric,0.14295464481428105,0.0018038006047333226,0.001006238002313986,0.004400440044004394,1.0,1.0,False,4
RH,numeric,0.0034558369527280227,0.004167394641333162,0.004921101017873618,0.0024144519715129393,1.0,1.0,False,5
Top,numeric,0.2583906156626027,0.09205939047920472,0.05985785513682471,0.033619217184876385,1.0,1.0,False,6
RATemp,numeric,0.25737310816365094,0.07785579374077779,0.052790166517983725,0.041497307625499386,1.0,1.0,False,7
Air Velo,numeric,0.021045774083030204,0.0016650564576183263,0.002499780677661256,0.0013186845000289513,1.0,1.0,False,8
