Feature,Type,Univariate_Score,Perm_DeltaR2,Perm_DeltaMAE,Perm_DeltaAcc,Combined_Score,Stability_Freq,Selected,Rank
Clothing,categorical,0.39075433617284083,0.0,0.0,0.0,1.0,1.0,True,1
Season,categorical,0.3423220618313034,0.012227910269246484,0.008430644369685488,0.0025114155251141613,1.0,1.0,True,2
Activity,categorical,0.16546141439178608,0.0,0.0,0.0,1.0,1.0,True,3
MRT,numeric,0.33427764517134434,0.07955936320675051,0.05052352575581074,0.010730593607305928,1.0,1.0,False,4
RH,numeric,0.325604547468956,0.03972811447070449,0.027620459900241888,0.007305936073059365,1.0,1.0,False,5
Top,numeric,0.34820425437285063,0.03481121002713062,0.024567191298315843,0.0018264840182648362,1.0,1.0,False,6
RATemp,numeric,0.35396998660550694,0.023303227290575806,0.016695494471229342,0.004109589041095893,1.0,1.0,False,7
Air Velo,numeric,0.12181591040826834,0.057599386112053806,0.03208178626965117,0.006164383561643831,1.0,1.0,False,8
