Feature,Type,Univariate_Score,Perm_DeltaR2,Perm_DeltaMAE,Perm_DeltaAcc,Combined_Score,Stability_Freq,Selected,Rank
Clothing,categorical,0.39075433617284083,0.008794328250087458,0.006427523036797618,0.0070776255707762446,1.0,1.0,True,1
Season,categorical,0.3423220618313034,0.05668233702732447,0.03913044253991291,0.023744292237442906,1.0,1.0,True,2
Activity,categorical,0.16546141439178608,0.011629804210555492,0.005508641881228378,0.004109589041095885,1.0,1.0,True,3
MRT,numeric,0.33427764517134434,0.10300296928803132,0.07276993721689361,0.0415525114155251,1.0,1.0,False,4
RH,numeric,0.325604547468956,0.07249859600520739,0.04942135401648593,0.02945205479452053,1.0,1.0,False,5
Top,numeric,0.34820425437285063,0.08943192248569162,0.06591036340621995,0.03835616438356163,1.0,1.0,False,6
RATemp,numeric,0.35396998660550694,0.04887114659825886,0.03424993784916984,0.03150684931506849,1.0,1.0,False,7
Air Velo,numeric,0.12181591040826834,0.05520640272069556,0.033560817104645105,0.010502283105022823,1.0,1.0,False,8
