Feature,Type,Univariate_Score,Perm_DeltaR2,Perm_DeltaMAE,Perm_DeltaAcc,Combined_Score,Stability_Freq,Selected,Rank
Clothing,categorical,0.39075433617284083,0.0022261857986450194,0.003365584214528402,0.00958904109589041,1.0,1.0,True,1
Season,categorical,0.3423220618313034,0.034384651978810625,0.024641017119089764,0.013242009132420088,1.0,1.0,True,2
Activity,categorical,0.16546141439178608,0.0004952152570088705,0.00025846560796101886,0.002968036529680366,1.0,1.0,True,3
MRT,numeric,0.33427764517134434,0.2547992428143819,0.15469741821289062,0.07831050228310503,1.0,1.0,False,4
RH,numeric,0.325604547468956,0.05312465826670328,0.03776855071385701,0.030365296803652964,1.0,1.0,False,5
Top,numeric,0.34820425437285063,0.03737586339314779,0.03139383792877197,0.02305936073059361,1.0,1.0,False,6
RATemp,numeric,0.35396998660550694,0.0611589789390564,0.042759537696838386,0.023287671232876707,1.0,1.0,False,7
Air Velo,numeric,0.12181591040826834,0.023339907328287765,0.012194903691609698,0.00662100456621004,1.0,1.0,False,8
