Feature,Type,Univariate_Score,Perm_DeltaR2,Perm_DeltaMAE,Perm_DeltaAcc,Combined_Score,Stability_Freq,Selected,Rank
Clothing,categorical,0.39075433617284083,0.00441750407538634,0.007044868271971973,0.009589041095890408,1.0,1.0,True,1
Season,categorical,0.3423220618313034,0.30831413455957835,0.18337507058322514,0.08333333333333334,1.0,1.0,True,2
Activity,categorical,0.16546141439178608,0.001833740904464872,0.0019594029718946826,0.0013698630136986319,1.0,1.0,True,3
MRT,numeric,0.33427764517134434,0.0256262452689839,0.022708887095887642,0.011187214611872148,1.0,1.0,False,4
RH,numeric,0.325604547468956,0.021982665227287652,0.01616254100741851,0.009817351598173518,1.0,1.0,False,5
Top,numeric,0.34820425437285063,0.00844191870463488,0.011121962485374604,0.012557077625570779,1.0,1.0,False,6
RATemp,numeric,0.35396998660550694,0.007915546093217969,0.007106061137130406,0.007762557077625573,1.0,1.0,False,7
Air Velo,numeric,0.12181591040826834,0.02273939171926411,0.014420379758010343,0.010730593607305935,1.0,1.0,False,8
