Feature,Type,Univariate_Score,Perm_DeltaR2,Perm_DeltaMAE,Perm_DeltaAcc,Combined_Score,Stability_Freq,Selected,Rank
MRT,numeric,0.19961525576076694,0.04835530264818601,0.036790659053945345,0.04281301971964839,1.0,1.0,True,1
RH,numeric,0.005344435399548221,0.012022586052253282,0.005843577421856335,0.017785301338401834,1.0,1.0,True,2
Top,numeric,0.22641087588146216,0.18532268482168962,0.08337213458310412,0.08025263324621842,1.0,1.0,True,3
RATemp,numeric,0.2118439991855703,0.06824253155772711,0.04765615635467741,0.06099825770175023,1.0,1.0,False,4
Air Velo,numeric,0.018771042586310023,0.017853067115157675,0.010369572503289768,0.013797814207650272,1.0,1.0,False,5
