Feature,Type,Univariate_Score,Perm_DeltaR2,Perm_DeltaMAE,Perm_DeltaAcc,Combined_Score,Stability_Freq,Selected,Rank
MRT,numeric,0.19961525576076694,0.008562624598629338,0.02898337203254846,0.05156014888730498,1.0,1.0,True,1
RH,numeric,0.005344435399548221,0.0,0.004715085559992227,0.030135820068108016,1.0,1.0,True,2
Top,numeric,0.22641087588146216,0.1468916641228827,0.08763986366678768,0.08206026768036748,1.0,1.0,True,3
RATemp,numeric,0.2118439991855703,0.03889617660616271,0.04918874048835023,0.0777104617090362,1.0,1.0,False,4
Air Velo,numeric,0.018771042586310023,5.794359564505284e-05,0.0014081267776514378,0.007262215886592234,1.0,1.0,False,5
