Feature,Type,Univariate_Score,Perm_DeltaR2,Perm_DeltaMAE,Perm_DeltaAcc,Combined_Score,Stability_Freq,Selected,Rank
MRT,numeric,0.19961525576076694,0.014606073926550004,0.008447667224326869,0.016338005860457742,1.0,1.0,True,1
RH,numeric,0.005344435399548221,0.0,0.0,0.0,1.0,1.0,True,2
Top,numeric,0.22641087588146216,0.07217570343827026,0.030487502668364874,0.017820939257147377,1.0,1.0,True,3
RATemp,numeric,0.2118439991855703,0.06780753171897876,0.030354811830373703,0.017795200760275597,1.0,1.0,False,4
Air Velo,numeric,0.018771042586310023,0.0,0.0,0.0,1.0,1.0,False,5
