Feature,Type,Univariate_Score,Perm_DeltaR2,Perm_DeltaMAE,Perm_DeltaAcc,Combined_Score,Stability_Freq,Selected,Rank
MRT,numeric,0.19961525576076694,0.03982940912246704,0.02984753052393595,0.028353924130830755,1.0,1.0,True,1
RH,numeric,0.005344435399548221,0.004442230860392252,0.004544560114542644,0.016343945513582002,1.0,1.0,True,2
Top,numeric,0.22641087588146216,0.32449338833491004,0.1307745854059855,0.07848657638393916,1.0,1.0,True,3
RATemp,numeric,0.2118439991855703,0.04083595673243205,0.03498071432113647,0.05195414587788072,1.0,1.0,False,4
Air Velo,numeric,0.018771042586310023,0.0057855765024820965,0.004558102289835613,0.015615348063673078,1.0,1.0,False,5
