Feature,Type,Univariate_Score,Perm_DeltaR2,Perm_DeltaMAE,Perm_DeltaAcc,Combined_Score,Stability_Freq,Selected,Rank
Clothing,categorical,0.36107642774840565,0.0029798547426859536,0.001439956823984782,0.001587301587301589,1.0,1.0,True,1
Season,categorical,0.0,0.0,0.0,0.0,1.0,1.0,True,2
Activity,categorical,0.0,0.0,0.0,0.0,1.0,1.0,True,3
MRT,numeric,0.041044797892478044,0.05715838670730591,0.029798996448516846,0.025359911406423036,1.0,1.0,False,4
RH,numeric,0.0027651772560393123,0.007146135965983072,0.003212924798329671,0.01583610188261352,1.0,1.0,False,5
Top,numeric,0.06833100609793122,0.031026236216227215,0.014996818701426187,0.015725359911406427,1.0,1.0,False,6
RATemp,numeric,0.018579672702628686,0.023187744617462158,0.014671003818511963,0.0126984126984127,1.0,1.0,False,7
Air Velo,numeric,0.017172946142886843,0.016728619734446205,0.007661926746368408,0.014248800295311928,1.0,1.0,False,8
