Feature,Type,Univariate_Score,Perm_DeltaR2,Perm_DeltaMAE,Perm_DeltaAcc,Combined_Score,Stability_Freq,Selected,Rank
Clothing,categorical,0.13212140341337114,0.0043079976736149096,0.0019016327476647128,0.0043888599386254406,1.0,1.0,True,1
Season,categorical,0.024364923877041998,0.01703208831510026,0.01301235334421628,0.008556974118464481,1.0,1.0,True,2
Activity,categorical,0.003723005400763959,0.002816949915704899,0.002497541410243298,0.005496207515488401,1.0,1.0,True,3
MRT,numeric,0.14295464481428105,0.02507092889749913,0.01832081603044129,0.02239954258583753,1.0,1.0,False,4
RH,numeric,0.0034558369527280227,0.010208459552483203,0.00795049448932834,0.014271032366394534,1.0,1.0,False,5
Top,numeric,0.2583906156626027,0.10630253073064114,0.07068400743655096,0.04809000636905796,1.0,1.0,False,6
RATemp,numeric,0.25737310816365094,0.10689737940717223,0.07121370797360956,0.043921892189218915,1.0,1.0,False,7
Air Velo,numeric,0.021045774083030204,0.012104099844024791,0.009318176211079606,0.01690984887962481,1.0,1.0,False,8
