Feature,Type,Univariate_Score,Perm_DeltaR2,Perm_DeltaMAE,Perm_DeltaAcc,Combined_Score,Stability_Freq,Selected,Rank
Clothing,categorical,0.13212140341337114,0.022073783515238556,0.014720112191947628,0.016458948526431594,1.0,1.0,True,1
Season,categorical,0.024364923877041998,0.024291849114374004,0.015285274184417075,0.005489693706212728,1.0,1.0,True,2
Activity,categorical,0.003723005400763959,0.0031731766605179366,0.0036274989415549415,0.008336228359678077,1.0,1.0,True,3
MRT,numeric,0.14295464481428105,0.0037652435465795296,0.0025334387341002947,0.006819958311620633,1.0,1.0,False,4
RH,numeric,0.0034558369527280227,0.0019058968748949003,0.0038082958122105754,0.003953882230328299,1.0,1.0,False,5
Top,numeric,0.2583906156626027,0.0944424892879926,0.06543442332777603,0.04567483064095883,1.0,1.0,False,6
RATemp,numeric,0.25737310816365094,0.07135172263676916,0.0463324585493125,0.028110705807422844,1.0,1.0,False,7
Air Velo,numeric,0.021045774083030204,0.0026616716107528433,0.003734909335937586,0.005716229517688605,1.0,1.0,False,8
