Feature,Type,Univariate_Score,Perm_DeltaR2,Perm_DeltaMAE,Perm_DeltaAcc,Combined_Score,Stability_Freq,Selected,Rank
Clothing,categorical,0.13212140341337114,0.00623473326365153,0.0052671750386555985,0.004171009206183777,1.0,1.0,True,1
Season,categorical,0.024364923877041998,0.008713531494140624,0.004321861267089844,0.0010964912280701732,1.0,1.0,True,2
Activity,categorical,0.003723005400763959,0.000915352503458659,0.0006785194079081218,0.00043859649122807154,1.0,1.0,True,3
MRT,numeric,0.14295464481428105,0.01651330788930257,0.013192645708719888,0.00900859822824387,1.0,1.0,False,4
RH,numeric,0.0034558369527280227,0.0060078978538513185,0.004318710168202718,0.00593046146719934,1.0,1.0,False,5
Top,numeric,0.2583906156626027,0.12660744984944663,0.07947626908620199,0.03317410688437265,1.0,1.0,False,6
RATemp,numeric,0.25737310816365094,0.08971094290415446,0.062319604555765795,0.03185397487117132,1.0,1.0,False,7
Air Velo,numeric,0.021045774083030204,0.0061934471130371095,0.006044983863830566,0.007250593480400665,1.0,1.0,False,8
