Feature,Type,Univariate_Score,Perm_DeltaR2,Perm_DeltaMAE,Perm_DeltaAcc,Combined_Score,Stability_Freq,Selected,Rank
Clothing,categorical,0.36107642774840565,0.0012603144426845958,0.0003236195506475248,0.001587301587301589,1.0,1.0,True,1
Season,categorical,0.0,0.0,0.0,0.0,1.0,1.0,True,2
Activity,categorical,0.0,0.0,0.0,0.0,1.0,1.0,True,3
MRT,numeric,0.041044797892478044,0.02804489182843293,0.024430518081967396,0.029863418235511262,1.0,1.0,False,4
RH,numeric,0.0027651772560393123,0.02139381941675223,0.011228760502150699,0.036212624584717606,1.0,1.0,False,5
Top,numeric,0.06833100609793122,0.03206922453819584,0.021190136956708572,0.012661498708010343,1.0,1.0,False,6
RATemp,numeric,0.018579672702628686,0.016382071399435778,0.013998566201750145,0.03462532299741601,1.0,1.0,False,7
Air Velo,numeric,0.017172946142886843,0.010703330566499783,0.007374394959006247,0.02842377260981912,1.0,1.0,False,8
