Feature,Type,Univariate_Score,Perm_DeltaR2,Perm_DeltaMAE,Perm_DeltaAcc,Combined_Score,Stability_Freq,Selected,Rank
Clothing,categorical,0.36107642774840565,0.01738828371425779,0.0036831685378113945,0.0,1.0,1.0,True,1
Season,categorical,0.0,1.4802973661668754e-17,0.0,0.0,1.0,1.0,True,2
Activity,categorical,0.0,2.960594732333751e-17,7.401486830834377e-18,0.0,1.0,1.0,True,3
MRT,numeric,0.041044797892478044,0.02659316748051082,0.013745297917097657,0.02048726467331118,1.0,1.0,False,4
RH,numeric,0.0027651772560393123,0.017118767932231268,0.009254616795779205,0.006349206349206345,1.0,1.0,False,5
Top,numeric,0.06833100609793122,0.04972429507338194,0.027063032105207264,0.02524916943521594,1.0,1.0,False,6
RATemp,numeric,0.018579672702628686,0.019714653314832936,0.01530303463296813,0.028497600590623832,1.0,1.0,False,7
Air Velo,numeric,0.017172946142886843,0.04467566373929479,0.02165223922238859,0.02048726467331118,1.0,1.0,False,8
