Feature,Type,Univariate_Score,Perm_DeltaR2,Perm_DeltaMAE,Perm_DeltaAcc,Combined_Score,Stability_Freq,Selected,Rank
Clothing,categorical,0.39075433617284083,0.0038576920827229815,0.005089513460795085,0.01232876712328767,1.0,1.0,True,1
Season,categorical,0.3423220618313034,0.038770965735117596,0.026939654350280763,0.02237442922374429,1.0,1.0,True,2
Activity,categorical,0.16546141439178608,0.0004190683364868164,0.0003321409225463867,0.00296803652968037,1.0,1.0,True,3
MRT,numeric,0.33427764517134434,0.2416409134864807,0.14307396014531454,0.06643835616438355,1.0,1.0,False,4
RH,numeric,0.325604547468956,0.04955129226048788,0.038260527451833094,0.031278538812785396,1.0,1.0,False,5
Top,numeric,0.34820425437285063,0.04313997427622477,0.03423580328623454,0.022374429223744295,1.0,1.0,False,6
RATemp,numeric,0.35396998660550694,0.06856417655944824,0.04677630265553792,0.024885844748858445,1.0,1.0,False,7
Air Velo,numeric,0.12181591040826834,0.024411284923553468,0.01515357494354248,0.0073059360730593536,1.0,1.0,False,8
