Feature,Type,Univariate_Score,Perm_DeltaR2,Perm_DeltaMAE,Perm_DeltaAcc,Combined_Score,Stability_Freq,Selected,Rank
Clothing,categorical,0.39075433617284083,0.008771342967266034,0.00679099052413025,0.008219178082191764,1.0,1.0,True,1
Season,categorical,0.3423220618313034,0.05911732524940592,0.03878995274887993,0.023972602739726012,1.0,1.0,True,2
Activity,categorical,0.16546141439178608,0.010905604659440054,0.006730132463025458,0.005251141552511414,1.0,1.0,True,3
MRT,numeric,0.33427764517134434,0.0955189245262989,0.06654835928320157,0.030365296803652946,1.0,1.0,False,4
RH,numeric,0.325604547468956,0.07018990862164012,0.048672107709358106,0.032648401826484,1.0,1.0,False,5
Top,numeric,0.34820425437285063,0.09568881256437604,0.0704450169344292,0.040182648401826476,1.0,1.0,False,6
RATemp,numeric,0.35396998660550694,0.056274294659016746,0.03760379396847589,0.02739726027397259,1.0,1.0,False,7
Air Velo,numeric,0.12181591040826834,0.055874372659264426,0.03365791602768783,0.010045662100456612,1.0,1.0,False,8
