Feature,Type,Univariate_Score,Perm_DeltaR2,Perm_DeltaMAE,Perm_DeltaAcc,Combined_Score,Stability_Freq,Selected,Rank
Clothing,categorical,0.39075433617284083,0.0,0.0,0.0,1.0,1.0,True,1
Season,categorical,0.3423220618313034,0.01283776306610195,0.008415384357908465,0.0031963470319634757,1.0,1.0,True,2
Activity,categorical,0.16546141439178608,0.0,0.0,0.0,1.0,1.0,True,3
MRT,numeric,0.33427764517134434,0.07521500396376186,0.05088160785784694,0.01689497716894977,1.0,1.0,False,4
RH,numeric,0.325604547468956,0.03910010922067735,0.027642660257635905,0.009132420091324204,1.0,1.0,False,5
Top,numeric,0.34820425437285063,0.034035623385686005,0.024986480941608574,0.0036529680365296837,1.0,1.0,False,6
RATemp,numeric,0.35396998660550694,0.029460264674400393,0.020256214506564896,0.0031963470319634757,1.0,1.0,False,7
Air Velo,numeric,0.12181591040826834,0.058641206288805516,0.034452859198161406,0.005707762557077626,1.0,1.0,False,8
