Feature,Type,Univariate_Score,Perm_DeltaR2,Perm_DeltaMAE,Perm_DeltaAcc,Combined_Score,Stability_Freq,Selected,Rank
Clothing,categorical,0.39075433617284083,0.0020107010822446444,0.0032252241484314785,0.008675799086757991,1.0,1.0,True,1
Season,categorical,0.3423220618313034,0.29339384082738845,0.17542762677309104,0.08036529680365297,1.0,1.0,True,2
Activity,categorical,0.16546141439178608,0.0026421108503166778,0.0020225457104444088,0.0009132420091324201,1.0,1.0,True,3
MRT,numeric,0.33427764517134434,0.03370155535513582,0.02889547700475769,0.013470319634703201,1.0,1.0,False,4
RH,numeric,0.325604547468956,0.02144177731785534,0.016220932990273475,0.008904109589041103,1.0,1.0,False,5
Top,numeric,0.34820425437285063,0.010310832385230843,0.008623828948844059,0.007534246575342467,1.0,1.0,False,6
RATemp,numeric,0.35396998660550694,0.006125628286195835,0.008122989023897898,0.007534246575342467,1.0,1.0,False,7
Air Velo,numeric,0.12181591040826834,0.021468312898392735,0.012517273504483723,0.007762557077625569,1.0,1.0,False,8
