Feature,Type,Univariate_Score,Perm_DeltaR2,Perm_DeltaMAE,Perm_DeltaAcc,Combined_Score,Stability_Freq,Selected,Rank
MRT,numeric,0.19961525576076694,0.04956475497209349,0.03567562070798146,0.04389007681951375,1.0,1.0,True,1
RH,numeric,0.005344435399548221,0.013032702024872856,0.005998435259713649,0.01634394551358201,1.0,1.0,True,2
Top,numeric,0.22641087588146216,0.20390262936066988,0.09086785528576977,0.07696998495287877,1.0,1.0,True,3
RATemp,numeric,0.2118439991855703,0.0643785222343983,0.045201565692464835,0.05916686465510416,1.0,1.0,False,4
Air Velo,numeric,0.018771042586310023,0.01575065559594778,0.010158530043604704,0.009438108814445234,1.0,1.0,False,5
