Feature,Type,Univariate_Score,Perm_DeltaR2,Perm_DeltaMAE,Perm_DeltaAcc,Combined_Score,Stability_Freq,Selected,Rank
MRT,numeric,0.19961525576076694,0.038520979881286624,0.029119662443796795,0.03815237190148094,1.0,1.0,True,1
RH,numeric,0.005344435399548221,0.006093966960906983,0.0043972174326578775,0.014175972123227997,1.0,1.0,True,2
Top,numeric,0.22641087588146216,0.3303634762763977,0.13729290167490643,0.09370792745703652,1.0,1.0,True,3
RATemp,numeric,0.2118439991855703,0.03558878898620606,0.034835656483968094,0.066136057654233,1.0,1.0,False,4
Air Velo,numeric,0.018771042586310023,0.013740201791127523,0.00753628412882487,0.011976320582877953,1.0,1.0,False,5
