Feature,Type,Univariate_Score,Perm_DeltaR2,Perm_DeltaMAE,Perm_DeltaAcc,Combined_Score,Stability_Freq,Selected,Rank
MRT,numeric,0.19961525576076694,0.014328595181589016,0.008670571649166906,0.011265542092341806,1.0,1.0,True,1
RH,numeric,0.005344435399548221,0.0,0.0,0.0,1.0,1.0,True,2
Top,numeric,0.22641087588146216,0.07520490671356352,0.03224711825491553,0.020339352181832575,1.0,1.0,True,3
RATemp,numeric,0.2118439991855703,0.0713884445568208,0.032142788595879886,0.026134473746733184,1.0,1.0,False,4
Air Velo,numeric,0.018771042586310023,0.0,0.0,0.0,1.0,1.0,False,5
