Feature,Type,Univariate_Score,Perm_DeltaR2,Perm_DeltaMAE,Perm_DeltaAcc,Combined_Score,Stability_Freq,Selected,Rank
MRT,numeric,0.19961525576076694,0.009881032216069278,0.027998057886114674,0.05481705868377286,1.0,1.0,True,1
RH,numeric,0.005344435399548221,0.0,0.0030152028785879635,0.023604181515799478,1.0,1.0,True,2
Top,numeric,0.22641087588146216,0.15839289778877882,0.08695815665611104,0.07662944484042132,1.0,1.0,True,3
RATemp,numeric,0.2118439991855703,0.02748312962788398,0.04032071361692788,0.06356022808267998,1.0,1.0,False,4
Air Velo,numeric,0.018771042586310023,0.00013089264098099888,0.0008806849258573557,0.009812306961273469,1.0,1.0,False,5
