Feature,Type,Univariate_Score,Perm_DeltaR2,Perm_DeltaMAE,Perm_DeltaAcc,Combined_Score,Stability_Freq,Selected,Rank
Clothing,categorical,0.13212140341337114,0.006151032447814941,0.005170683066050212,0.005051097214984649,1.0,1.0,True,1
Season,categorical,0.024364923877041998,0.006722664833068848,0.002756345272064209,0.0010964912280701808,1.0,1.0,True,2
Activity,categorical,0.003723005400763959,0.0011114796002705892,0.0010097662607828778,0.0006586184934282942,1.0,1.0,True,3
MRT,numeric,0.14295464481428105,0.021655213832855225,0.016736586888631184,0.011868884256846731,1.0,1.0,False,4
RH,numeric,0.0034558369527280227,0.0053402304649353026,0.0045860489209493,0.007467720456256148,1.0,1.0,False,5
Top,numeric,0.2583906156626027,0.1428813417752584,0.08899616400400798,0.044587748248509064,1.0,1.0,False,6
RATemp,numeric,0.25737310816365094,0.07729098002115885,0.05254691441853841,0.025273579989577903,1.0,1.0,False,7
Air Velo,numeric,0.021045774083030204,0.006389149030049643,0.005424928665161133,0.010327282728272817,1.0,1.0,False,8
