Feature,Type,Univariate_Score,Perm_DeltaR2,Perm_DeltaMAE,Perm_DeltaAcc,Combined_Score,Stability_Freq,Selected,Rank
Clothing,categorical,0.13212140341337114,0.01769492739117675,0.016226718287366076,0.018227085866481384,1.0,1.0,True,1
Season,categorical,0.024364923877041998,0.026657785863410822,0.016388147129061063,0.004173180475942328,1.0,1.0,True,2
Activity,categorical,0.003723005400763959,0.001458620024136052,0.0031957736378349123,0.007678333622835978,1.0,1.0,True,3
MRT,numeric,0.14295464481428105,0.002338042611709527,0.0016005508868599451,0.006597765039661858,1.0,1.0,False,4
RH,numeric,0.0034558369527280227,0.0018589909106801806,0.0029913183373180274,0.0030766892478721517,1.0,1.0,False,5
Top,numeric,0.2583906156626027,0.09297008164848206,0.06395760591351742,0.040866915638932313,1.0,1.0,False,6
RATemp,numeric,0.25737310816365094,0.091381514343309,0.058035252543181336,0.039970181228649176,1.0,1.0,False,7
Air Velo,numeric,0.021045774083030204,0.0027431913728348445,0.002673191396313257,0.0017594522610155743,1.0,1.0,False,8
