Feature,Type,Univariate_Score,Perm_DeltaR2,Perm_DeltaMAE,Perm_DeltaAcc,Combined_Score,Stability_Freq,Selected,Rank
Clothing,categorical,0.36107642774840565,0.018856500066099395,0.00950559389451576,0.012698412698412691,1.0,1.0,True,1
Season,categorical,0.0,6.661338147750939e-17,3.700743415417188e-17,0.0,1.0,1.0,True,2
Activity,categorical,0.0,2.960594732333751e-17,3.700743415417188e-17,0.0,1.0,1.0,True,3
MRT,numeric,0.041044797892478044,0.011031564415222328,0.00993238538146608,0.022074566260612764,1.0,1.0,False,4
RH,numeric,0.0027651772560393123,0.03108389302245067,0.016688936193043326,0.017386489479512733,1.0,1.0,False,5
Top,numeric,0.06833100609793122,0.058893839688849856,0.03046470817193009,0.01904761904761904,1.0,1.0,False,6
RATemp,numeric,0.018579672702628686,0.012156589084573852,0.009033217489992789,0.015873015873015865,1.0,1.0,False,7
Air Velo,numeric,0.017172946142886843,0.026141812516399854,0.017147514016992306,0.025138427464008843,1.0,1.0,False,8
