Feature,Type,Univariate_Score,Perm_DeltaR2,Perm_DeltaMAE,Perm_DeltaAcc,Combined_Score,Stability_Freq,Selected,Rank
Clothing,categorical,0.36107642774840565,0.001325760263142402,0.0005492236912260603,0.001587301587301589,1.0,1.0,True,1
Season,categorical,0.0,0.0,0.0,0.0,1.0,1.0,True,2
Activity,categorical,0.0,0.0,0.0,0.0,1.0,1.0,True,3
MRT,numeric,0.041044797892478044,0.03191488213856995,0.023509658832181868,0.031524547803617575,1.0,1.0,False,4
RH,numeric,0.0027651772560393123,0.017214510766361858,0.0091222058099923,0.023735695828719088,1.0,1.0,False,5
Top,numeric,0.06833100609793122,0.03103222600156747,0.018577112046854635,0.023477297895902548,1.0,1.0,False,6
RATemp,numeric,0.018579672702628686,0.015316177781979199,0.011960271326903842,0.0315983757844223,1.0,1.0,False,7
Air Velo,numeric,0.017172946142886843,0.015985982799498647,0.00793536793650765,0.03636028054632706,1.0,1.0,False,8
