Feature,Type,Univariate_Score,Perm_DeltaR2,Perm_DeltaMAE,Perm_DeltaAcc,Combined_Score,Stability_Freq,Selected,Rank
Clothing,categorical,0.13212140341337114,0.0027316770488312234,0.0012430539765205804,0.0028530484627410147,1.0,1.0,True,1
Season,categorical,0.024364923877041998,0.017990959201665758,0.014302322947813209,0.010319321405824804,1.0,1.0,True,2
Activity,categorical,0.003723005400763959,0.0028520638333122167,0.0025065048757903015,0.005497655028660764,1.0,1.0,True,3
MRT,numeric,0.14295464481428105,0.026194650960328365,0.018434399893771033,0.02393752533148051,1.0,1.0,False,4
RH,numeric,0.0034558369527280227,0.013046581532908257,0.00965610550898212,0.010321492675583355,1.0,1.0,False,5
Top,numeric,0.2583906156626027,0.10431920953391913,0.07130964782613688,0.048299172022465406,1.0,1.0,False,6
RATemp,numeric,0.25737310816365094,0.10093317450283287,0.07030679521631973,0.047215708412946554,1.0,1.0,False,7
Air Velo,numeric,0.021045774083030204,0.010314360327523125,0.009499726605813457,0.016686931851079844,1.0,1.0,False,8
