Feature,Type,Univariate_Score,Perm_DeltaR2,Perm_DeltaMAE,Perm_DeltaAcc,Combined_Score,Stability_Freq,Selected,Rank
Clothing,categorical,0.36107642774840565,0.0027698477109273276,0.0007231831550598145,0.003174603174603178,1.0,1.0,True,1
Season,categorical,0.0,0.0,0.0,0.0,1.0,1.0,True,2
Activity,categorical,0.0,0.0,0.0,0.0,1.0,1.0,True,3
MRT,numeric,0.041044797892478044,0.04495939811070761,0.022898149490356446,0.02222222222222222,1.0,1.0,False,4
RH,numeric,0.0027651772560393123,0.029578030109405518,0.009583361943562827,0.014248800295311925,1.0,1.0,False,5
Top,numeric,0.06833100609793122,0.02552110354105631,0.018489551544189454,0.02203765227021041,1.0,1.0,False,6
RATemp,numeric,0.018579672702628686,0.014777469635009768,0.011639070510864259,0.026984126984126982,1.0,1.0,False,7
Air Velo,numeric,0.017172946142886843,0.017246158917744954,0.009274748961130777,0.012661498708010333,1.0,1.0,False,8
