Feature,Type,Univariate_Score,Perm_DeltaR2,Perm_DeltaMAE,Perm_DeltaAcc,Combined_Score,Stability_Freq,Selected,Rank
Clothing,categorical,0.39075433617284083,0.004803212483723959,0.004411955674489339,0.008447488584474883,1.0,1.0,True,1
Season,categorical,0.3423220618313034,0.03609190781911214,0.025948635737101232,0.019178082191780816,1.0,1.0,True,2
Activity,categorical,0.16546141439178608,0.000508423646291097,0.00020145575205485024,0.0018264840182648438,1.0,1.0,True,3
MRT,numeric,0.33427764517134434,0.2412880976994832,0.14902276992797853,0.07009132420091323,1.0,1.0,False,4
RH,numeric,0.325604547468956,0.0476967453956604,0.03467044035593668,0.02671232876712328,1.0,1.0,False,5
Top,numeric,0.34820425437285063,0.039349722862243655,0.0322437604268392,0.02694063926940638,1.0,1.0,False,6
RATemp,numeric,0.35396998660550694,0.06645538409550986,0.04505433241526286,0.027853881278538817,1.0,1.0,False,7
Air Velo,numeric,0.12181591040826834,0.025089895725250243,0.015176792939503986,0.00707762557077625,1.0,1.0,False,8
