Feature,Type,Univariate_Score,Perm_DeltaR2,Perm_DeltaMAE,Perm_DeltaAcc,Combined_Score,Stability_Freq,Selected,Rank
Clothing,categorical,0.39075433617284083,0.01115275417117833,0.008768506971123058,0.007990867579908667,1.0,1.0,True,1
Season,categorical,0.3423220618313034,0.06167114617941636,0.043737326249446984,0.021689497716894962,1.0,1.0,True,2
Activity,categorical,0.16546141439178608,0.009595696134442815,0.005428039807427743,0.0025114155251141504,1.0,1.0,True,3
MRT,numeric,0.33427764517134434,0.09684146589665747,0.0673216433827493,0.029223744292237425,1.0,1.0,False,4
RH,numeric,0.325604547468956,0.06953938465985046,0.04774591928003955,0.028082191780821907,1.0,1.0,False,5
Top,numeric,0.34820425437285063,0.090449119719168,0.06674276510489757,0.045205479452054775,1.0,1.0,False,6
RATemp,numeric,0.35396998660550694,0.05493397766676876,0.036368509104107064,0.0187214611872146,1.0,1.0,False,7
Air Velo,numeric,0.12181591040826834,0.052807252681121596,0.031065761817310328,0.009360730593607302,1.0,1.0,False,8
