Feature,Type,Univariate_Score,Perm_DeltaR2,Perm_DeltaMAE,Perm_DeltaAcc,Combined_Score,Stability_Freq,Selected,Rank
Clothing,categorical,0.39075433617284083,0.0028884276966745152,0.00555826406357495,0.010045662100456617,1.0,1.0,True,1
Season,categorical,0.3423220618313034,0.30106128841761476,0.18404496734839104,0.09315068493150684,1.0,1.0,True,2
Activity,categorical,0.16546141439178608,0.0022322590679881406,0.002046032477815763,0.0006849315068493178,1.0,1.0,True,3
MRT,numeric,0.33427764517134434,0.024052917973154578,0.023115298559170848,0.01689497716894977,1.0,1.0,False,4
RH,numeric,0.325604547468956,0.022270281569581676,0.01993352725072298,0.010502283105022834,1.0,1.0,False,5
Top,numeric,0.34820425437285063,0.011981976379603075,0.010351047972238145,0.013242009132420093,1.0,1.0,False,6
RATemp,numeric,0.35396998660550694,0.006896864678138162,0.007068652015868748,0.00821917808219178,1.0,1.0,False,7
Air Velo,numeric,0.12181591040826834,0.023402448238098263,0.013496705288382534,0.0077625570776255716,1.0,1.0,False,8
