Feature,Type,Univariate_Score,Perm_DeltaR2,Perm_DeltaMAE,Perm_DeltaAcc,Combined_Score,Stability_Freq,Selected,Rank
Clothing,categorical,0.39075433617284083,0.0,0.0,0.0,1.0,1.0,True,1
Season,categorical,0.3423220618313034,0.011322390341052386,0.008147478654274417,0.004337899543378998,1.0,1.0,True,2
Activity,categorical,0.16546141439178608,0.0,0.0,0.0,1.0,1.0,True,3
MRT,numeric,0.33427764517134434,0.08368042953164961,0.053289126764502405,0.015525114155251141,1.0,1.0,False,4
RH,numeric,0.325604547468956,0.04194545778781621,0.027994603171558136,0.006849315068493159,1.0,1.0,False,5
Top,numeric,0.34820425437285063,0.03411863715041679,0.02384654788636002,0.005707762557077633,1.0,1.0,False,6
RATemp,numeric,0.35396998660550694,0.0245160332060387,0.018696518027261636,0.004794520547945209,1.0,1.0,False,7
Air Velo,numeric,0.12181591040826834,0.05823113435781411,0.031698177385177176,0.0068493150684931555,1.0,1.0,False,8
