Feature,Type,Univariate_Score,Perm_DeltaR2,Perm_DeltaMAE,Perm_DeltaAcc,Combined_Score,Stability_Freq,Selected,Rank
MRT,numeric,0.19961525576076694,0.04414252440134685,0.03135726451873779,0.03671299596103587,1.0,1.0,True,1
RH,numeric,0.005344435399548221,0.005754788716634115,0.005187968413035075,0.020695731369288026,1.0,1.0,True,2
Top,numeric,0.22641087588146216,0.3114221016565959,0.12878697315851845,0.08318286212085214,1.0,1.0,True,3
RATemp,numeric,0.2118439991855703,0.03745580514272054,0.036609510580698654,0.07157677991605291,1.0,1.0,False,4
Air Velo,numeric,0.018771042586310023,0.005704315503438314,0.003777805964152018,0.013789894670151251,1.0,1.0,False,5
