Feature,Type,Univariate_Score,Perm_DeltaR2,Perm_DeltaMAE,Perm_DeltaAcc,Combined_Score,Stability_Freq,Selected,Rank
MRT,numeric,0.19961525576076694,0.004571792247425647,0.02191027046247721,0.03886711016076661,1.0,1.0,True,1
RH,numeric,0.005344435399548221,0.0,0.004422272232597487,0.02178862754415142,1.0,1.0,True,2
Top,numeric,0.22641087588146216,0.1720472279754892,0.0969795960031845,0.08858200681080225,1.0,1.0,True,3
RATemp,numeric,0.2118439991855703,0.0251662901440995,0.04199674617819089,0.07409717272511286,1.0,1.0,False,4
Air Velo,numeric,0.018771042586310023,0.0,0.0017450010370200664,0.010178585570602678,1.0,1.0,False,5
