Feature,Type,Univariate_Score,Perm_DeltaR2,Perm_DeltaMAE,Perm_DeltaAcc,Combined_Score,Stability_Freq,Selected,Rank
MRT,numeric,0.19961525576076694,0.013527709599090377,0.00827440707197212,0.01161004197354874,1.0,1.0,True,1
RH,numeric,0.005344435399548221,0.0,0.0,0.0,1.0,1.0,True,2
Top,numeric,0.22641087588146216,0.07038339963145528,0.030365853155985213,0.014884770729389396,1.0,1.0,True,3
RATemp,numeric,0.2118439991855703,0.061836646279009956,0.027149969650825473,0.01704680446661915,1.0,1.0,False,4
Air Velo,numeric,0.018771042586310023,0.0,0.0,0.0,1.0,1.0,False,5
