Feature,Type,Univariate_Score,Perm_DeltaR2,Perm_DeltaMAE,Perm_DeltaAcc,Combined_Score,Stability_Freq,Selected,Rank
MRT,numeric,0.19961525576076694,0.05047560042901409,0.0369161376129589,0.047564742219054414,1.0,1.0,True,1
RH,numeric,0.005344435399548221,0.011470947970742424,0.005793083920745971,0.023239882790845014,1.0,1.0,True,2
Top,numeric,0.22641087588146216,0.1947820570169375,0.09133242315998427,0.0838976003801378,1.0,1.0,True,3
RATemp,numeric,0.2118439991855703,0.0737066222145288,0.04987417554581454,0.06138433515482696,1.0,1.0,False,4
Air Velo,numeric,0.018771042586310023,0.01956655907947858,0.011478386404721423,0.009444048467569492,1.0,1.0,False,5
