Feature,Type,Univariate_Score,Perm_DeltaR2,Perm_DeltaMAE,Perm_DeltaAcc,Combined_Score,Stability_Freq,Selected,Rank
Clothing,categorical,0.36107642774840565,0.0,0.0,0.0,1.0,1.0,True,1
Season,categorical,0.0,0.0,0.0,0.0,1.0,1.0,True,2
Activity,categorical,0.0,0.0,0.0,0.0,1.0,1.0,True,3
MRT,numeric,0.041044797892478044,0.003202007770230453,0.0012405728117658387,0.0,1.0,1.0,False,4
RH,numeric,0.0027651772560393123,0.0,0.0,0.0,1.0,1.0,False,5
Top,numeric,0.06833100609793122,0.013579991926246135,0.006292488846823407,0.0,1.0,1.0,False,6
RATemp,numeric,0.018579672702628686,0.0,0.0,0.0,1.0,1.0,False,7
Air Velo,numeric,0.017172946142886843,0.0,0.0,0.0,1.0,1.0,False,8
