Feature,Type,Univariate_Score,Perm_DeltaR2,Perm_DeltaMAE,Perm_DeltaAcc,Combined_Score,Stability_Freq,Selected,Rank
Clothing,categorical,0.13212140341337114,0.0030831732955442616,0.0018251173869192761,0.0037302414451971535,1.0,1.0,True,1
Season,categorical,0.024364923877041998,0.01610743637750416,0.012084934003612229,0.009436338370679165,1.0,1.0,True,2
Activity,categorical,0.003723005400763959,0.0034868826984635047,0.003063171020349254,0.006595593769903307,1.0,1.0,True,3
MRT,numeric,0.14295464481428105,0.02247151684591647,0.016352890296691094,0.01801140640379827,1.0,1.0,False,4
RH,numeric,0.0034558369527280227,0.009911160794578388,0.008543651327814723,0.01360951884662151,1.0,1.0,False,5
Top,numeric,0.2583906156626027,0.10393351525960881,0.0717669106743756,0.04171226333159631,1.0,1.0,False,6
RATemp,numeric,0.25737310816365094,0.1184459662629886,0.08003853218198,0.05642985351166696,1.0,1.0,False,7
Air Velo,numeric,0.021045774083030204,0.00879018103761564,0.007980242522460781,0.015373313647154191,1.0,1.0,False,8
