Feature,Type,Univariate_Score,Perm_DeltaR2,Perm_DeltaMAE,Perm_DeltaAcc,Combined_Score,Stability_Freq,Selected,Rank
Clothing,categorical,0.36107642774840565,0.007283278564698392,0.005569850003146774,0.00793650793650793,1.0,1.0,True,1
Season,categorical,0.0,1.4802973661668754e-17,1.4802973661668754e-17,0.0,1.0,1.0,True,2
Activity,categorical,0.0,1.4802973661668754e-17,1.4802973661668754e-17,0.0,1.0,1.0,True,3
MRT,numeric,0.041044797892478044,0.036730340448403155,0.015828704215543783,0.015762273901808777,1.0,1.0,False,4
RH,numeric,0.0027651772560393123,0.017190997050775352,0.014225247934999996,0.0158361018826135,1.0,1.0,False,5
Top,numeric,0.06833100609793122,0.06878660976179912,0.03700178439035115,0.03318567737172388,1.0,1.0,False,6
RATemp,numeric,0.018579672702628686,0.013593396338336278,0.009550476246724279,0.018973791066814315,1.0,1.0,False,7
Air Velo,numeric,0.017172946142886843,0.03264713213408278,0.012178807075751556,0.020376522702104084,1.0,1.0,False,8
