Feature,Type,Univariate_Score,Perm_DeltaR2,Perm_DeltaMAE,Perm_DeltaAcc,Combined_Score,Stability_Freq,Selected,Rank
Clothing,categorical,0.13212140341337114,0.019531077646452004,0.015223164637932135,0.018003445081350232,1.0,1.0,True,1
Season,categorical,0.024364923877041998,0.023647807931343023,0.014116437398481918,0.00439682126107348,1.0,1.0,True,2
Activity,categorical,0.003723005400763959,0.002457400231606854,0.004346670343786914,0.009441404666782467,1.0,1.0,True,3
MRT,numeric,0.14295464481428105,0.004264021088300684,0.0020978530811592176,0.0066006600660065955,1.0,1.0,False,4
RH,numeric,0.0034558369527280227,0.001348457681040993,0.003081886908080289,0.0024144519715129393,1.0,1.0,False,5
Top,numeric,0.2583906156626027,0.08930530108709028,0.058872946555448356,0.03799649701812287,1.0,1.0,False,6
RATemp,numeric,0.25737310816365094,0.09539087574792814,0.060712668099506276,0.04129537953795379,1.0,1.0,False,7
Air Velo,numeric,0.021045774083030204,0.001347113953038622,0.003493862582611869,0.006589079960627638,1.0,1.0,False,8
