Feature,Type,Univariate_Score,Perm_DeltaR2,Perm_DeltaMAE,Perm_DeltaAcc,Combined_Score,Stability_Freq,Selected,Rank
Clothing,categorical,0.13212140341337114,0.005412681897481282,0.00492855707804362,0.005706820682068204,1.0,1.0,True,1
Season,categorical,0.024364923877041998,0.008869345982869467,0.003963275750478109,0.00021929824561403764,1.0,1.0,True,2
Activity,categorical,0.003723005400763959,0.0010150591532389322,0.0008583744366963703,0.0010993862544149136,1.0,1.0,True,3
MRT,numeric,0.14295464481428105,0.021321284770965575,0.014502453804016113,0.012746077239302878,1.0,1.0,False,4
RH,numeric,0.0034558369527280227,0.0041093508402506515,0.0036086996396382646,0.005929737710613174,1.0,1.0,False,5
Top,numeric,0.2583906156626027,0.14085277716318767,0.09189023971557617,0.045917289097330796,1.0,1.0,False,6
RATemp,numeric,0.25737310816365094,0.08987267017364502,0.058293139934539794,0.030106102715534704,1.0,1.0,False,7
Air Velo,numeric,0.021045774083030204,0.007071276505788167,0.006086993217468263,0.009010045741416244,1.0,1.0,False,8
