Feature,Type,Univariate_Score,Perm_DeltaR2,Perm_DeltaMAE,Perm_DeltaAcc,Combined_Score,Stability_Freq,Selected,Rank
Clothing,categorical,0.36107642774840565,0.0014228491309528227,0.00042381841841244354,0.003174603174603178,1.0,1.0,True,1
Season,categorical,0.0,0.0,0.0,0.0,1.0,1.0,True,2
Activity,categorical,0.0,0.0,0.0,0.0,1.0,1.0,True,3
MRT,numeric,0.041044797892478044,0.025704111018316038,0.024639124758486536,0.041011443337024736,1.0,1.0,False,4
RH,numeric,0.0027651772560393123,0.021541291790509055,0.011290510904740165,0.028423772609819126,1.0,1.0,False,5
Top,numeric,0.06833100609793122,0.030806741084370336,0.021848851128771277,0.02521225544481359,1.0,1.0,False,6
RATemp,numeric,0.018579672702628686,0.019098240198121688,0.014812552467390896,0.03624953857511997,1.0,1.0,False,7
Air Velo,numeric,0.017172946142886843,0.006240238795023763,0.005530841990699953,0.02694721299372462,1.0,1.0,False,8
