Feature,Type,Univariate_Score,Perm_DeltaR2,Perm_DeltaMAE,Perm_DeltaAcc,Combined_Score,Stability_Freq,Selected,Rank
Clothing,categorical,0.36107642774840565,0.005787781874338786,0.0024680376052856447,0.004761904761904764,1.0,1.0,True,1
Season,categorical,0.0,0.0,0.0,0.0,1.0,1.0,True,2
Activity,categorical,0.0,0.0,0.0,0.0,1.0,1.0,True,3
MRT,numeric,0.041044797892478044,0.03170573711395264,0.02050189971923828,0.02694721299372463,1.0,1.0,False,4
RH,numeric,0.0027651772560393123,0.015317082405090332,0.0070207476615905765,0.015873015873015872,1.0,1.0,False,5
Top,numeric,0.06833100609793122,0.017866293589274086,0.014990405241648356,0.03137689184200812,1.0,1.0,False,6
RATemp,numeric,0.018579672702628686,0.018463555971781415,0.012358693281809488,0.025359911406423036,1.0,1.0,False,7
Air Velo,numeric,0.017172946142886843,0.009889896710713705,0.006251104672749837,0.014285714285714282,1.0,1.0,False,8
