Feature,Type,Univariate_Score,Perm_DeltaR2,Perm_DeltaMAE,Perm_DeltaAcc,Combined_Score,Stability_Freq,Selected,Rank
Clothing,categorical,0.39075433617284083,0.0,0.0,0.0,1.0,1.0,True,1
Season,categorical,0.3423220618313034,0.012862414476112574,0.008305965420759402,0.004109589041095896,1.0,1.0,True,2
Activity,categorical,0.16546141439178608,0.0,0.0,0.0,1.0,1.0,True,3
MRT,numeric,0.33427764517134434,0.08495580690592505,0.05291305473030844,0.011643835616438359,1.0,1.0,False,4
RH,numeric,0.325604547468956,0.04004290887386701,0.02800667965221252,0.010502283105022835,1.0,1.0,False,5
Top,numeric,0.34820425437285063,0.03726642873157415,0.02526475345058607,0.0059360730593607325,1.0,1.0,False,6
RATemp,numeric,0.35396998660550694,0.027381618420535925,0.019024150647408016,0.0025114155251141582,1.0,1.0,False,7
Air Velo,numeric,0.12181591040826834,0.056872514648498615,0.03249681240426249,0.0050228310502283165,1.0,1.0,False,8
