Feature,Type,Univariate_Score,Perm_DeltaR2,Perm_DeltaMAE,Perm_DeltaAcc,Combined_Score,Stability_Freq,Selected,Rank
Clothing,categorical,0.39075433617284083,0.0031148076057434084,0.003988218307495117,0.010045662100456628,1.0,1.0,True,1
Season,categorical,0.3423220618313034,0.035316463311513266,0.023952480157216387,0.023059360730593607,1.0,1.0,True,2
Activity,categorical,0.16546141439178608,0.0005955139795939127,0.0003808101018269856,0.002283105022831059,1.0,1.0,True,3
MRT,numeric,0.33427764517134434,0.2631852944691976,0.16209940512975057,0.0853881278538813,1.0,1.0,False,4
RH,numeric,0.325604547468956,0.05031435092290243,0.037148388226826985,0.033105022831050226,1.0,1.0,False,5
Top,numeric,0.34820425437285063,0.04125556548436483,0.03302851915359496,0.026027397260273977,1.0,1.0,False,6
RATemp,numeric,0.35396998660550694,0.06602147022883097,0.04540534416834513,0.02328767123287671,1.0,1.0,False,7
Air Velo,numeric,0.12181591040826834,0.02321931521097819,0.014292816321055094,0.006849315068493152,1.0,1.0,False,8
