Feature,Type,Univariate_Score,Perm_DeltaR2,Perm_DeltaMAE,Perm_DeltaAcc,Combined_Score,Stability_Freq,Selected,Rank
Clothing,categorical,0.39075433617284083,0.0025852130277944567,0.004880162031591805,0.012328767123287667,1.0,1.0,True,1
Season,categorical,0.3423220618313034,0.30747362179148,0.18448214213443392,0.08675799086757992,1.0,1.0,True,2
Activity,categorical,0.16546141439178608,0.002529079873821464,0.0016002568641437713,0.0004566210045662118,1.0,1.0,True,3
MRT,numeric,0.33427764517134434,0.03050931577272991,0.02826382974394918,0.01666666666666667,1.0,1.0,False,4
RH,numeric,0.325604547468956,0.020560055389022443,0.014208901996339476,0.005936073059360728,1.0,1.0,False,5
Top,numeric,0.34820425437285063,0.00867918836891722,0.010106684829266296,0.011643835616438355,1.0,1.0,False,6
RATemp,numeric,0.35396998660550694,0.006223436645231794,0.007445290677089693,0.0077625570776255716,1.0,1.0,False,7
Air Velo,numeric,0.12181591040826834,0.02868408048181636,0.017286945807574696,0.006621004566210049,1.0,1.0,False,8
