Feature,Type,Univariate_Score,Perm_DeltaR2,Perm_DeltaMAE,Perm_DeltaAcc,Combined_Score,Stability_Freq,Selected,Rank
Clothing,categorical,0.39075433617284083,0.009863875242877492,0.007366968987548154,0.007990867579908655,1.0,1.0,True,1
Season,categorical,0.3423220618313034,0.05969375851716563,0.03896567624197324,0.01940639269406392,1.0,1.0,True,2
Activity,categorical,0.16546141439178608,0.013856890504950639,0.006732892672516319,0.005479452054794516,1.0,1.0,True,3
MRT,numeric,0.33427764517134434,0.09166103289343562,0.06483015432826614,0.032420091324200914,1.0,1.0,False,4
RH,numeric,0.325604547468956,0.06893864430370915,0.050291177898438635,0.03287671232876711,1.0,1.0,False,5
Top,numeric,0.34820425437285063,0.09130292826665015,0.06638139699556578,0.03789954337899542,1.0,1.0,False,6
RATemp,numeric,0.35396998660550694,0.05688206344515293,0.03775432218288742,0.02899543378995433,1.0,1.0,False,7
Air Velo,numeric,0.12181591040826834,0.052759713808582465,0.03339392049663405,0.010045662100456616,1.0,1.0,False,8
