Feature,Type,Univariate_Score,Perm_DeltaR2,Perm_DeltaMAE,Perm_DeltaAcc,Combined_Score,Stability_Freq,Selected,Rank
MRT,numeric,0.19961525576076694,0.009156812060044626,0.024810698580281544,0.04539676882870041,1.0,1.0,True,1
RH,numeric,0.005344435399548221,0.0,0.003129120180907015,0.02796784667775402,1.0,1.0,True,2
Top,numeric,0.22641087588146216,0.1600183963453476,0.08791974611756241,0.0762592064623426,1.0,1.0,True,3
RATemp,numeric,0.2118439991855703,0.031325204950550876,0.0409044822578596,0.05994495921438188,1.0,1.0,False,4
Air Velo,numeric,0.018771042586310023,1.5322981150508082e-05,0.0008824799513227416,0.01526292864496713,1.0,1.0,False,5
