Feature,Type,Univariate_Score,Perm_DeltaR2,Perm_DeltaMAE,Perm_DeltaAcc,Combined_Score,Stability_Freq,Selected,Rank
MRT,numeric,0.19961525576076694,0.04704686403274536,0.03491134246190389,0.03959966737942504,1.0,1.0,True,1
RH,numeric,0.005344435399548221,0.004666388034820557,0.0039842446645100916,0.015983606557377045,1.0,1.0,True,2
Top,numeric,0.22641087588146216,0.31945366462071734,0.13012096087137856,0.077367941712204,1.0,1.0,True,3
RATemp,numeric,0.2118439991855703,0.050398409366607666,0.04159603118896485,0.06866832976954146,1.0,1.0,False,4
Air Velo,numeric,0.018771042586310023,0.016909098625183104,0.007412449518839517,0.013067236873366589,1.0,1.0,False,5
