Feature,Type,Univariate_Score,Perm_DeltaR2,Perm_DeltaMAE,Perm_DeltaAcc,Combined_Score,Stability_Freq,Selected,Rank
MRT,numeric,0.19961525576076694,0.013968146950375144,0.008147531335576604,0.014530371426308693,1.0,1.0,True,1
RH,numeric,0.005344435399548221,0.0,0.0,0.0,1.0,1.0,True,2
Top,numeric,0.22641087588146216,0.07084166565238989,0.03040859951350695,0.018505979250811745,1.0,1.0,True,3
RATemp,numeric,0.2118439991855703,0.06893752152838847,0.030266891006734537,0.016718143660410228,1.0,1.0,False,4
Air Velo,numeric,0.018771042586310023,0.0,0.0,0.0,1.0,1.0,False,5
