Feature,Type,Univariate_Score,Perm_DeltaR2,Perm_DeltaMAE,Perm_DeltaAcc,Combined_Score,Stability_Freq,Selected,Rank
MRT,numeric,0.19961525576076694,0.04981537761871009,0.037018779706052475,0.039203690504474545,1.0,1.0,True,1
RH,numeric,0.005344435399548221,0.01169271357849524,0.006940397874080006,0.019616694385047918,1.0,1.0,True,2
Top,numeric,0.22641087588146216,0.19122857153650202,0.08866718852654003,0.08641403342044825,1.0,1.0,True,3
RATemp,numeric,0.2118439991855703,0.0714129262356624,0.04926069876366102,0.056284153005464486,1.0,1.0,False,4
Air Velo,numeric,0.018771042586310023,0.01373268501102455,0.00774902734337799,0.00906589055199177,1.0,1.0,False,5
