Feature,Type,Univariate_Score,Perm_DeltaR2,Perm_DeltaMAE,Perm_DeltaAcc,Combined_Score,Stability_Freq,Selected,Rank
Clothing,categorical,0.36107642774840565,0.003647274217892638,0.005702983204196636,0.01269841269841269,1.0,1.0,True,1
Season,categorical,0.0,7.401486830834377e-17,7.401486830834377e-18,0.0,1.0,1.0,True,2
Activity,categorical,0.0,1.1102230246251565e-16,1.4802973661668754e-17,0.0,1.0,1.0,True,3
MRT,numeric,0.041044797892478044,0.014784168361704772,0.009069347061421706,0.011111111111111105,1.0,1.0,False,4
RH,numeric,0.0027651772560393123,0.026997594051134693,0.017868247965332314,0.01269841269841269,1.0,1.0,False,5
Top,numeric,0.06833100609793122,0.04729350449660261,0.027818522257070665,0.026762643041712796,1.0,1.0,False,6
RATemp,numeric,0.018579672702628686,0.017718028608121203,0.013420933241948018,0.017423403469915087,1.0,1.0,False,7
Air Velo,numeric,0.017172946142886843,0.029643829951401236,0.012098813124185068,0.0220376522702104,1.0,1.0,False,8
