Feature,Type,Univariate_Score,Perm_DeltaR2,Perm_DeltaMAE,Perm_DeltaAcc,Combined_Score,Stability_Freq,Selected,Rank
Clothing,categorical,0.36107642774840565,0.0019160270690917968,0.0009432117144266764,0.004761904761904763,1.0,1.0,True,1
Season,categorical,0.0,0.0,0.0,0.0,1.0,1.0,True,2
Activity,categorical,0.0,0.0,0.0,0.0,1.0,1.0,True,3
MRT,numeric,0.041044797892478044,0.045580212275187174,0.024503556887308757,0.014248800295311923,1.0,1.0,False,4
RH,numeric,0.0027651772560393123,0.00827791690826416,0.005065707365671793,0.017460317460317464,1.0,1.0,False,5
Top,numeric,0.06833100609793122,0.024028714497884116,0.016290179888407388,0.020487264673311197,1.0,1.0,False,6
RATemp,numeric,0.018579672702628686,0.015554801623026531,0.009475350379943846,0.019047619047619053,1.0,1.0,False,7
Air Velo,numeric,0.017172946142886843,0.01871349811553955,0.009844021002451579,0.017386489479512733,1.0,1.0,False,8
