Feature,Type,Univariate_Score,Perm_DeltaR2,Perm_DeltaMAE,Perm_DeltaAcc,Combined_Score,Stability_Freq,Selected,Rank
Clothing,categorical,0.36107642774840565,0.0011268250574577809,0.000608431879111689,0.0,1.0,1.0,True,1
Season,categorical,0.0,0.0,0.0,0.0,1.0,1.0,True,2
Activity,categorical,0.0,0.0,0.0,0.0,1.0,1.0,True,3
MRT,numeric,0.041044797892478044,0.027902725265007717,0.023307184286688078,0.02816537467700258,1.0,1.0,False,4
RH,numeric,0.0027651772560393123,0.009688064063520489,0.006913439658501508,0.023735695828719088,1.0,1.0,False,5
Top,numeric,0.06833100609793122,0.038338104506349766,0.02193260340782209,0.023514211886304915,1.0,1.0,False,6
RATemp,numeric,0.018579672702628686,0.024997324614018282,0.01779915944333587,0.030011074197120714,1.0,1.0,False,7
Air Velo,numeric,0.017172946142886843,0.013099293104884507,0.00580440182997517,0.02846068660022148,1.0,1.0,False,8
