Feature,Type,Univariate_Score,Perm_DeltaR2,Perm_DeltaMAE,Perm_DeltaAcc,Combined_Score,Stability_Freq,Selected,Rank
Clothing,categorical,0.13212140341337114,0.010238826274871826,0.0067605892817179354,0.005707544438654384,1.0,1.0,True,1
Season,categorical,0.024364923877041998,0.007833766937255859,0.003236993153889974,0.0013179607434427735,1.0,1.0,True,2
Activity,categorical,0.003723005400763959,0.0010395844777425132,0.000713809331258138,0.0008793642522146909,1.0,1.0,True,3
MRT,numeric,0.14295464481428105,0.02390065590540568,0.016705830891927086,0.008789299982629842,1.0,1.0,False,4
RH,numeric,0.0034558369527280227,0.0052074869473775235,0.0036936720212300623,0.004832522725956808,1.0,1.0,False,5
Top,numeric,0.2583906156626027,0.13897159894307454,0.08674521446228027,0.040433385443807535,1.0,1.0,False,6
RATemp,numeric,0.25737310816365094,0.08454199234644573,0.054615652561187736,0.02306539864512768,1.0,1.0,False,7
Air Velo,numeric,0.021045774083030204,0.007197101910909017,0.004884986082712809,0.007907040704070398,1.0,1.0,False,8
