Feature,Type,Univariate_Score,Perm_DeltaR2,Perm_DeltaMAE,Perm_DeltaAcc,Combined_Score,Stability_Freq,Selected,Rank
Clothing,categorical,0.13212140341337114,0.0036418186625881777,0.0018838938710362611,0.0035123907127554907,1.0,1.0,True,1
Season,categorical,0.024364923877041998,0.01782000626271385,0.013450911481748856,0.007679057379422145,1.0,1.0,True,2
Activity,categorical,0.003723005400763959,0.0034024681670458802,0.0029792039212165997,0.005715505761102431,1.0,1.0,True,3
MRT,numeric,0.14295464481428105,0.029263985899416117,0.020026350626287735,0.021742371605581613,1.0,1.0,False,4
RH,numeric,0.0034558369527280227,0.007524706489310371,0.0063059356445740984,0.01163872966243993,1.0,1.0,False,5
Top,numeric,0.2583906156626027,0.10398332949750369,0.07115660043068328,0.05204461235597244,1.0,1.0,False,6
RATemp,numeric,0.25737310816365094,0.11374742604240906,0.07721383754893044,0.061272508829830354,1.0,1.0,False,7
Air Velo,numeric,0.021045774083030204,0.00977042482009302,0.007737420986645138,0.011855856638295406,1.0,1.0,False,8
