Feature,Type,Univariate_Score,Perm_DeltaR2,Perm_DeltaMAE,Perm_DeltaAcc,Combined_Score,Stability_Freq,Selected,Rank
Clothing,categorical,0.13212140341337114,0.024441792672651848,0.01942131388763501,0.017554715997915575,1.0,1.0,True,1
Season,categorical,0.024364923877041998,0.03107214326651501,0.0177887833112651,0.008562040414567769,1.0,1.0,True,2
Activity,categorical,0.003723005400763959,0.0029663566127652603,0.0037451929341788467,0.00900136066238203,1.0,1.0,True,3
MRT,numeric,0.14295464481428105,0.0026444514819333447,0.001726984161516894,0.007039980313820855,1.0,1.0,False,4
RH,numeric,0.0034558369527280227,0.0020194809375032375,0.00439514907650825,0.004173180475942328,1.0,1.0,False,5
Top,numeric,0.2583906156626027,0.08342089321229665,0.056564901422221744,0.04305410804238319,1.0,1.0,False,6
RATemp,numeric,0.25737310816365094,0.07285705987653465,0.0490988969108052,0.03798346939957153,1.0,1.0,False,7
Air Velo,numeric,0.021045774083030204,0.0028367134073824076,0.002347179122659678,0.003737479011059005,1.0,1.0,False,8
