Feature,Type,Univariate_Score,Perm_DeltaR2,Perm_DeltaMAE,Perm_DeltaAcc,Combined_Score,Stability_Freq,Selected,Rank
Clothing,categorical,0.39075433617284083,0.0,0.0,0.0,1.0,1.0,True,1
Season,categorical,0.3423220618313034,0.01264798365252752,0.008336455614513336,0.0029680365296803736,1.0,1.0,True,2
Activity,categorical,0.16546141439178608,0.0,0.0,0.0,1.0,1.0,True,3
MRT,numeric,0.33427764517134434,0.08347721689463208,0.0515582510739239,0.0093607305936073,1.0,1.0,False,4
RH,numeric,0.325604547468956,0.04036816027012785,0.02751906282866512,0.008904109589041096,1.0,1.0,False,5
Top,numeric,0.34820425437285063,0.035706599413206794,0.024896382696620423,0.0038812785388127866,1.0,1.0,False,6
RATemp,numeric,0.35396998660550694,0.021769505002365155,0.01597620251118493,0.0006849315068493178,1.0,1.0,False,7
Air Velo,numeric,0.12181591040826834,0.06090497516706617,0.035421467354462104,0.014383561643835618,1.0,1.0,False,8
