Feature,Type,Univariate_Score,Perm_DeltaR2,Perm_DeltaMAE,Perm_DeltaAcc,Combined_Score,Stability_Freq,Selected,Rank
Clothing,categorical,0.39075433617284083,0.006822538375854492,0.0057093779246012374,0.010502283105022828,1.0,1.0,True,1
Season,categorical,0.3423220618313034,0.03577639261881511,0.02569691340128581,0.015753424657534255,1.0,1.0,True,2
Activity,categorical,0.16546141439178608,0.0003069798151652018,9.572903315226238e-05,0.002968036529680366,1.0,1.0,True,3
MRT,numeric,0.33427764517134434,0.2532607873280843,0.15627420743306478,0.07694063926940639,1.0,1.0,False,4
RH,numeric,0.325604547468956,0.050673162937164305,0.03743800719579061,0.031506849315068496,1.0,1.0,False,5
Top,numeric,0.34820425437285063,0.04031764666239421,0.03153637250264486,0.024200913242009126,1.0,1.0,False,6
RATemp,numeric,0.35396998660550694,0.06472297112147013,0.04259607394536336,0.023287671232876717,1.0,1.0,False,7
Air Velo,numeric,0.12181591040826834,0.026415884494781494,0.015346284707387286,0.010045662100456617,1.0,1.0,False,8
