Feature,Type,Univariate_Score,Perm_DeltaR2,Perm_DeltaMAE,Perm_DeltaAcc,Combined_Score,Stability_Freq,Selected,Rank
Clothing,categorical,0.39075433617284083,0.0042909055513734515,0.004738403282407325,0.010502283105022828,1.0,1.0,True,1
Season,categorical,0.3423220618313034,0.3045855956914975,0.18091435297034805,0.08607305936073058,1.0,1.0,True,2
Activity,categorical,0.16546141439178608,0.0021765684728421255,0.001677450694180201,0.0002283105022831059,1.0,1.0,True,3
MRT,numeric,0.33427764517134434,0.024121572897153058,0.021221834811995584,0.010958904109589041,1.0,1.0,False,4
RH,numeric,0.325604547468956,0.018229713903624895,0.013945136023091123,0.009132420091324209,1.0,1.0,False,5
Top,numeric,0.34820425437285063,0.00987771041330344,0.008854446565070506,0.011187214611872146,1.0,1.0,False,6
RATemp,numeric,0.35396998660550694,0.007085261145109248,0.0069731163425853435,0.007990867579908674,1.0,1.0,False,7
Air Velo,numeric,0.12181591040826834,0.022465862638124095,0.012943284648306533,0.006849315068493149,1.0,1.0,False,8
