Feature,Type,Univariate_Score,Perm_DeltaR2,Perm_DeltaMAE,Perm_DeltaAcc,Combined_Score,Stability_Freq,Selected,Rank
Clothing,categorical,0.39075433617284083,0.008627444365860203,0.0069622298899969445,0.007534246575342454,1.0,1.0,True,1
Season,categorical,0.3423220618313034,0.06098003648691477,0.041289566837600475,0.019863013698630125,1.0,1.0,True,2
Activity,categorical,0.16546141439178608,0.012633370668631443,0.005283244295404499,0.002739726027397257,1.0,1.0,True,3
MRT,numeric,0.33427764517134434,0.09235752962384301,0.06583590981820489,0.03858447488584473,1.0,1.0,False,4
RH,numeric,0.325604547468956,0.0653217897426116,0.047216615479310164,0.028082191780821896,1.0,1.0,False,5
Top,numeric,0.34820425437285063,0.08904926298658558,0.06498311321286829,0.04041095890410958,1.0,1.0,False,6
RATemp,numeric,0.35396998660550694,0.05414559835337328,0.03606892083920614,0.023287671232876693,1.0,1.0,False,7
Air Velo,numeric,0.12181591040826834,0.051146864479045616,0.030741632472099677,0.00776255707762556,1.0,1.0,False,8
