Feature,Type,Univariate_Score,Perm_DeltaR2,Perm_DeltaMAE,Perm_DeltaAcc,Combined_Score,Stability_Freq,Selected,Rank
MRT,numeric,0.19961525576076694,0.039072754914396934,0.033032103810081884,0.03883741189514533,1.0,1.0,True,1
RH,numeric,0.005344435399548221,0.015580401950580611,0.00839070137849671,0.018517858557060264,1.0,1.0,True,2
Top,numeric,0.22641087588146216,0.19936873966407784,0.08983326282993954,0.08096539162112934,1.0,1.0,True,3
RATemp,numeric,0.2118439991855703,0.06492491100611625,0.044140230063402605,0.053740001583907494,1.0,1.0,False,4
Air Velo,numeric,0.018771042586310023,0.02168856892068806,0.011288252849224507,0.005438742377445161,1.0,1.0,False,5
