Feature,Type,Univariate_Score,Perm_DeltaR2,Perm_DeltaMAE,Perm_DeltaAcc,Combined_Score,Stability_Freq,Selected,Rank
MRT,numeric,0.19961525576076694,0.0449695626894633,0.03279696702957153,0.029070642274491167,1.0,1.0,True,1
RH,numeric,0.005344435399548221,0.007928204536437989,0.005217965443929036,0.015262928644967122,1.0,1.0,True,2
Top,numeric,0.22641087588146216,0.30204256772995,0.12326644659042359,0.08172368733665954,1.0,1.0,True,3
RATemp,numeric,0.2118439991855703,0.053298425674438474,0.04136706193288167,0.06392056703888492,1.0,1.0,False,4
Air Velo,numeric,0.018771042586310023,0.01324089765548706,0.0068263848622639985,0.01598162667300229,1.0,1.0,False,5
