Feature,Type,Univariate_Score,Perm_DeltaR2,Perm_DeltaMAE,Perm_DeltaAcc,Combined_Score,Stability_Freq,Selected,Rank
MRT,numeric,0.19961525576076694,0.005058022656932308,0.024650982553280614,0.05628811277421399,1.0,1.0,True,1
RH,numeric,0.005344435399548221,0.0,0.004787780362923578,0.024710936881286137,1.0,1.0,True,2
Top,numeric,0.22641087588146216,0.1525531494240519,0.0838997992593756,0.06754177556030727,1.0,1.0,True,3
RATemp,numeric,0.2118439991855703,0.03154008717468236,0.04555155361009931,0.07630870357171142,1.0,1.0,False,4
Air Velo,numeric,0.018771042586310023,0.0,0.00018838666590259567,0.006185158786726855,1.0,1.0,False,5
