Feature,Type,Univariate_Score,Perm_DeltaR2,Perm_DeltaMAE,Perm_DeltaAcc,Combined_Score,Stability_Freq,Selected,Rank
MRT,numeric,0.19961525576076694,0.01288014134400214,0.0077554103906932945,0.007626514611546675,1.0,1.0,True,1
RH,numeric,0.005344435399548221,0.0,0.0,0.0,1.0,1.0,True,2
Top,numeric,0.22641087588146216,0.07210805693792205,0.030448195986061515,0.018525778094559284,1.0,1.0,True,3
RATemp,numeric,0.2118439991855703,0.06890920103365843,0.030654585587749993,0.02034133206620733,1.0,1.0,False,4
Air Velo,numeric,0.018771042586310023,0.0,0.0,0.0,1.0,1.0,False,5
