Feature,Type,Univariate_Score,Perm_DeltaR2,Perm_DeltaMAE,Perm_DeltaAcc,Combined_Score,Stability_Freq,Selected,Rank
Clothing,categorical,0.36107642774840565,0.015390689375437616,0.00724737896024188,0.004761904761904761,1.0,1.0,True,1
Season,categorical,0.0,2.2204460492503132e-17,7.401486830834377e-18,0.0,1.0,1.0,True,2
Activity,categorical,0.0,2.2204460492503132e-17,0.0,0.0,1.0,1.0,True,3
MRT,numeric,0.041044797892478044,0.01611674959057106,0.010481989794761813,0.023551125876707265,1.0,1.0,False,4
RH,numeric,0.0027651772560393123,0.022439954418875814,0.01597405259254702,0.015873015873015865,1.0,1.0,False,5
Top,numeric,0.06833100609793122,0.05508678353444753,0.036206109032265545,0.029974160206718337,1.0,1.0,False,6
RATemp,numeric,0.018579672702628686,0.013250961045164544,0.010809733027976935,0.028386858619416755,1.0,1.0,False,7
Air Velo,numeric,0.017172946142886843,0.02640689713876382,0.012493630725691268,0.011074197120708739,1.0,1.0,False,8
