Feature,Type,Univariate_Score,Perm_DeltaR2,Perm_DeltaMAE,Perm_DeltaAcc,Combined_Score,Stability_Freq,Selected,Rank
Clothing,categorical,0.13212140341337114,0.002758761002968331,0.0014685002760422617,0.0021958774824850868,1.0,1.0,True,1
Season,categorical,0.024364923877041998,0.01834638832209179,0.012221455831653705,0.007024781425510976,1.0,1.0,True,2
Activity,categorical,0.003723005400763959,0.001933979027360988,0.0011797589083835768,0.004174627989114706,1.0,1.0,True,3
MRT,numeric,0.14295464481428105,0.02703249371118514,0.019205164193741683,0.019547941636268884,1.0,1.0,False,4
RH,numeric,0.0034558369527280227,0.014620400062284164,0.009895614980327308,0.008999189392623475,1.0,1.0,False,5
Top,numeric,0.2583906156626027,0.10289479199702187,0.07205867309287929,0.05379103699843668,1.0,1.0,False,6
RATemp,numeric,0.25737310816365094,0.11174133610093781,0.07526448281505185,0.04963088414104569,1.0,1.0,False,7
Air Velo,numeric,0.021045774083030204,0.010654674088809964,0.009121311263225188,0.013393115627352214,1.0,1.0,False,8
