Feature,Type,Univariate_Score,Perm_DeltaR2,Perm_DeltaMAE,Perm_DeltaAcc,Combined_Score,Stability_Freq,Selected,Rank
Clothing,categorical,0.13212140341337114,0.011228601871232587,0.009903539068475948,0.017128423368652647,1.0,1.0,True,1
Season,categorical,0.024364923877041998,0.0297021558612189,0.01762420818944326,0.006150483469399575,1.0,1.0,True,2
Activity,categorical,0.003723005400763959,0.0015998167828465454,0.003933848710147762,0.008338399629436633,1.0,1.0,True,3
MRT,numeric,0.14295464481428105,0.0035469893408398637,0.0015355356429524643,0.005278356783046723,1.0,1.0,False,4
RH,numeric,0.0034558369527280227,0.002674033140522251,0.004749568538302047,0.004169561693011407,1.0,1.0,False,5
Top,numeric,0.2583906156626027,0.08432132268471791,0.05649693973169195,0.039320971570841294,1.0,1.0,False,6
RATemp,numeric,0.25737310816365094,0.07825316342398644,0.05080310084624427,0.03360763707949742,1.0,1.0,False,7
Air Velo,numeric,0.021045774083030204,0.002003351823011523,0.002072020255050059,0.0015372589890568,1.0,1.0,False,8
