Feature,Type,Univariate_Score,Perm_DeltaR2,Perm_DeltaMAE,Perm_DeltaAcc,Combined_Score,Stability_Freq,Selected,Rank
Clothing,categorical,0.13212140341337114,0.006977053483327231,0.005612699190775554,0.005928290197440793,1.0,1.0,True,1
Season,categorical,0.024364923877041998,0.0060856620470682785,0.0030825018882751467,0.0004385964912280678,1.0,1.0,True,2
Activity,categorical,0.003723005400763959,0.0009956995646158856,0.0009760260581970215,0.0015372589890568001,1.0,1.0,True,3
MRT,numeric,0.14295464481428105,0.01944979031880697,0.012777221202850342,0.0076920849979734696,1.0,1.0,False,4
RH,numeric,0.0034558369527280227,0.004117000102996826,0.0031525293986002603,0.006810549476000224,1.0,1.0,False,5
Top,numeric,0.2583906156626027,0.13692816495895385,0.08569350639979044,0.038668143130102486,1.0,1.0,False,6
RATemp,numeric,0.25737310816365094,0.08225598732630411,0.05640019575754801,0.03097316310578426,1.0,1.0,False,7
Air Velo,numeric,0.021045774083030204,0.0075106183687845855,0.00705936352411906,0.005931185223785529,1.0,1.0,False,8
