Feature,Type,Univariate_Score,Perm_DeltaR2,Perm_DeltaMAE,Perm_DeltaAcc,Combined_Score,Stability_Freq,Selected,Rank
Clothing,categorical,0.36107642774840565,0.000986246784591057,0.00033906210060582846,0.004724990771502402,1.0,1.0,True,1
Season,categorical,0.0,0.0,0.0,0.0,1.0,1.0,True,2
Activity,categorical,0.0,0.0,0.0,0.0,1.0,1.0,True,3
MRT,numeric,0.041044797892478044,0.03282259790018344,0.026785535610395438,0.03617571059431525,1.0,1.0,False,4
RH,numeric,0.0027651772560393123,0.009425676817760653,0.005845199111091241,0.022148394241417502,1.0,1.0,False,5
Top,numeric,0.06833100609793122,0.01802298445971268,0.015073308941481667,0.02377260981912145,1.0,1.0,False,6
RATemp,numeric,0.018579672702628686,0.017398563083279073,0.015320528248686533,0.02532299741602067,1.0,1.0,False,7
Air Velo,numeric,0.017172946142886843,0.015377841650095831,0.010049953786491348,0.031672203765227024,1.0,1.0,False,8
