Feature,Type,Univariate_Score,Perm_DeltaR2,Perm_DeltaMAE,Perm_DeltaAcc,Combined_Score,Stability_Freq,Selected,Rank
Clothing,categorical,0.36107642774840565,0.003735081354777018,0.0014635443687438965,0.003174603174603178,1.0,1.0,True,1
Season,categorical,0.0,0.0,0.0,0.0,1.0,1.0,True,2
Activity,categorical,0.0,0.0,0.0,0.0,1.0,1.0,True,3
MRT,numeric,0.041044797892478044,0.0653542160987854,0.031127965450286864,0.02698412698412699,1.0,1.0,False,4
RH,numeric,0.0027651772560393123,0.017866484324137368,0.0025761246681213377,0.018973791066814332,1.0,1.0,False,5
Top,numeric,0.06833100609793122,0.01713063319524129,0.012386782964070638,0.01723883351790329,1.0,1.0,False,6
RATemp,numeric,0.018579672702628686,0.020463864008585613,0.008146870136260986,0.0126984126984127,1.0,1.0,False,7
Air Velo,numeric,0.017172946142886843,0.020835292339324952,0.009717456499735513,0.007936507936507938,1.0,1.0,False,8
