Feature,Type,Univariate_Score,Perm_DeltaR2,Perm_DeltaMAE,Perm_DeltaAcc,Combined_Score,Stability_Freq,Selected,Rank
Clothing,categorical,0.39075433617284083,0.0,0.0,0.0,1.0,1.0,True,1
Season,categorical,0.3423220618313034,0.01272675883114854,0.008478164408921351,0.0031963470319634757,1.0,1.0,True,2
Activity,categorical,0.16546141439178608,0.0,0.0,0.0,1.0,1.0,True,3
MRT,numeric,0.33427764517134434,0.0823656060039698,0.053768164350435785,0.017808219178082188,1.0,1.0,False,4
RH,numeric,0.325604547468956,0.04302922923856389,0.029976821445138663,0.008675799086757993,1.0,1.0,False,5
Top,numeric,0.34820425437285063,0.037498554177472165,0.027730561502483632,0.007762557077625574,1.0,1.0,False,6
RATemp,numeric,0.35396998660550694,0.024959729475125897,0.018131212170578254,0.003652968036529684,1.0,1.0,False,7
Air Velo,numeric,0.12181591040826834,0.061342791924339043,0.0339022732346286,0.007534246575342465,1.0,1.0,False,8
