Feature,Type,Univariate_Score,Perm_DeltaR2,Perm_DeltaMAE,Perm_DeltaAcc,Combined_Score,Stability_Freq,Selected,Rank
Clothing,categorical,0.39075433617284083,0.0045139034589131675,0.005451436837514241,0.010502283105022832,1.0,1.0,True,1
Season,categorical,0.3423220618313034,0.032652346293131504,0.02614879608154297,0.01735159817351598,1.0,1.0,True,2
Activity,categorical,0.16546141439178608,0.0007692138353983561,0.0006132046381632487,0.002511415525114158,1.0,1.0,True,3
MRT,numeric,0.33427764517134434,0.25504326820373535,0.15848021904627482,0.07922374429223746,1.0,1.0,False,4
RH,numeric,0.325604547468956,0.05057534376780193,0.03540727297465006,0.02602739726027397,1.0,1.0,False,5
Top,numeric,0.34820425437285063,0.042509547869364415,0.03571220239003499,0.024200913242009136,1.0,1.0,False,6
RATemp,numeric,0.35396998660550694,0.0662524382273356,0.04520808060963948,0.02899543378995434,1.0,1.0,False,7
Air Velo,numeric,0.12181591040826834,0.02627158562342326,0.014231590429941812,0.006392694063926936,1.0,1.0,False,8
