Feature,Type,Univariate_Score,Perm_DeltaR2,Perm_DeltaMAE,Perm_DeltaAcc,Combined_Score,Stability_Freq,Selected,Rank
Clothing,categorical,0.39075433617284083,0.007395821694446613,0.006296693948286809,0.007077625570776247,1.0,1.0,True,1
Season,categorical,0.3423220618313034,0.058036598459440245,0.03930285858453979,0.02009132420091323,1.0,1.0,True,2
Activity,categorical,0.16546141439178608,0.011284478335028065,0.004838645816173488,0.0029680365296803624,1.0,1.0,True,3
MRT,numeric,0.33427764517134434,0.09219778696859646,0.06552377206920493,0.032191780821917794,1.0,1.0,False,4
RH,numeric,0.325604547468956,0.06861285823165317,0.046287977080938944,0.02648401826484017,1.0,1.0,False,5
Top,numeric,0.34820425437285063,0.09404109711379427,0.07043648240997638,0.03835616438356163,1.0,1.0,False,6
RATemp,numeric,0.35396998660550694,0.057670082825491985,0.03715471499894329,0.02283105022831048,1.0,1.0,False,7
Air Velo,numeric,0.12181591040826834,0.05522228109525544,0.03304832243724572,0.008675799086757977,1.0,1.0,False,8
