Feature,Type,Univariate_Score,Perm_DeltaR2,Perm_DeltaMAE,Perm_DeltaAcc,Combined_Score,Stability_Freq,Selected,Rank
Clothing,categorical,0.39075433617284083,0.004564644563454534,0.008793820168400262,0.012557077625570779,1.0,1.0,True,1
Season,categorical,0.3423220618313034,0.29417989772001224,0.1737155191135003,0.0776255707762557,1.0,1.0,True,2
Activity,categorical,0.16546141439178608,0.0033257736933109293,0.0030334880943491426,0.0018264840182648438,1.0,1.0,True,3
MRT,numeric,0.33427764517134434,0.026413894050352153,0.022442802801447302,0.013242009132420091,1.0,1.0,False,4
RH,numeric,0.325604547468956,0.021639333347110812,0.017451409749102198,0.009589041095890413,1.0,1.0,False,5
Top,numeric,0.34820425437285063,0.013971229792292669,0.01164264426653047,0.010958904109589041,1.0,1.0,False,6
RATemp,numeric,0.35396998660550694,0.009887653818684958,0.008192253768467949,0.009817351598173514,1.0,1.0,False,7
Air Velo,numeric,0.12181591040826834,0.020533806583386216,0.014754080439165058,0.010958904109589036,1.0,1.0,False,8
