Feature,Type,Univariate_Score,Perm_DeltaR2,Perm_DeltaMAE,Perm_DeltaAcc,Combined_Score,Stability_Freq,Selected,Rank
MRT,numeric,0.19961525576076694,0.04677698689294714,0.035608814936888875,0.04426823473509148,1.0,1.0,True,1
RH,numeric,0.005344435399548221,0.01838535740375425,0.008119059830004079,0.024699057575037618,1.0,1.0,True,2
Top,numeric,0.22641087588146216,0.20932618941425957,0.09504602854357594,0.08751088936406114,1.0,1.0,True,3
RATemp,numeric,0.2118439991855703,0.06740304214279066,0.0493282886475151,0.054807159261899094,1.0,1.0,False,4
Air Velo,numeric,0.018771042586310023,0.02205047804968212,0.01145957504449226,0.006897917161637765,1.0,1.0,False,5
