Feature,Type,Univariate_Score,Perm_DeltaR2,Perm_DeltaMAE,Perm_DeltaAcc,Combined_Score,Stability_Freq,Selected,Rank
MRT,numeric,0.19961525576076694,0.008807203709626798,0.02997884834997421,0.05267878355904014,1.0,1.0,True,1
RH,numeric,0.005344435399548221,0.0,0.003336008196884806,0.02688287004038964,1.0,1.0,True,2
Top,numeric,0.22641087588146216,0.14326864259186162,0.08186598220067812,0.06969390987566326,1.0,1.0,True,3
RATemp,numeric,0.2118439991855703,0.03670263990058249,0.042813748231657234,0.06940286687257466,1.0,1.0,False,4
Air Velo,numeric,0.018771042586310023,0.0,0.0014497829264101816,0.009081729626989787,1.0,1.0,False,5
