Feature,Type,Univariate_Score,Perm_DeltaR2,Perm_DeltaMAE,Perm_DeltaAcc,Combined_Score,Stability_Freq,Selected,Rank
MRT,numeric,0.19961525576076694,0.013313840588257247,0.008072111703679764,0.0079967529896254,1.0,1.0,True,1
RH,numeric,0.005344435399548221,0.0,0.0,0.0,1.0,1.0,True,2
Top,numeric,0.22641087588146216,0.06987983880956608,0.030323108808894127,0.017809059950898865,1.0,1.0,True,3
RATemp,numeric,0.2118439991855703,0.07141481036069483,0.03190446681851068,0.01562326760117209,1.0,1.0,False,4
Air Velo,numeric,0.018771042586310023,0.0,0.0,0.0,1.0,1.0,False,5
