Feature,Type,Univariate_Score,Perm_DeltaR2,Perm_DeltaMAE,Perm_DeltaAcc,Combined_Score,Stability_Freq,Selected,Rank
MRT,numeric,0.19961525576076694,0.03636445999145508,0.02895571788152059,0.03379464639265066,1.0,1.0,True,1
RH,numeric,0.005344435399548221,0.007896109422047933,0.0046722650527954105,0.017791240991526083,1.0,1.0,True,2
Top,numeric,0.22641087588146216,0.29873562256495156,0.12492470343907673,0.08061495208679814,1.0,1.0,True,3
RATemp,numeric,0.2118439991855703,0.047679448127746576,0.039779496192932126,0.057032549299120924,1.0,1.0,False,4
Air Velo,numeric,0.018771042586310023,0.011721551418304443,0.006366666158040364,0.010166706264354156,1.0,1.0,False,5
