Feature,Type,Univariate_Score,Perm_DeltaR2,Perm_DeltaMAE,Perm_DeltaAcc,Combined_Score,Stability_Freq,Selected,Rank
Clothing,categorical,0.13212140341337114,0.015211297380835518,0.012392651578082971,0.014042325285160093,1.0,1.0,True,1
Season,categorical,0.024364923877041998,0.02829550119631675,0.016826643434174192,0.006810549476000227,1.0,1.0,True,2
Activity,categorical,0.003723005400763959,0.003176213040642876,0.0038484591987637392,0.008339123386022818,1.0,1.0,True,3
MRT,numeric,0.14295464481428105,0.0019889374183443757,0.0013447519472848872,0.005718400787447164,1.0,1.0,False,4
RH,numeric,0.0034558369527280227,0.0016797291079090858,0.0030914050621235166,0.0048296276996120675,1.0,1.0,False,5
Top,numeric,0.2583906156626027,0.08475856537647944,0.05584393349499476,0.03516371373979503,1.0,1.0,False,6
RATemp,numeric,0.25737310816365094,0.08134807732532186,0.05111440261193112,0.03338544380753864,1.0,1.0,False,7
Air Velo,numeric,0.021045774083030204,0.0033032599852433385,0.0038135367173382172,0.0030745179781136076,1.0,1.0,False,8
