Feature,Type,Univariate_Score,Perm_DeltaR2,Perm_DeltaMAE,Perm_DeltaAcc,Combined_Score,Stability_Freq,Selected,Rank
Clothing,categorical,0.13212140341337114,0.006348411242167155,0.005583544572194418,0.005048202188639906,1.0,1.0,True,1
Season,categorical,0.024364923877041998,0.00736388365427653,0.003252100944519043,0.0004400440044004454,1.0,1.0,True,2
Activity,categorical,0.003723005400763959,0.0012231230735778808,0.001022771994272868,0.0006578947368421128,1.0,1.0,True,3
MRT,numeric,0.14295464481428105,0.02256393829981486,0.016185104846954346,0.01033017775461756,1.0,1.0,False,4
RH,numeric,0.0034558369527280227,0.005059214433034261,0.003954211870829264,0.0076870187018701856,1.0,1.0,False,5
Top,numeric,0.2583906156626027,0.13500399192174278,0.08502926429112752,0.04349921834288692,1.0,1.0,False,6
RATemp,numeric,0.25737310816365094,0.0876347541809082,0.06024247407913208,0.030539632910659482,1.0,1.0,False,7
Air Velo,numeric,0.021045774083030204,0.008073012034098308,0.006900163491566977,0.008344913438712291,1.0,1.0,False,8
