Feature,Type,Univariate_Score,Perm_DeltaR2,Perm_DeltaMAE,Perm_DeltaAcc,Combined_Score,Stability_Freq,Selected,Rank
Clothing,categorical,0.36107642774840565,0.013657252346759557,0.0054908793328410175,0.014285714285714273,1.0,1.0,True,1
Season,categorical,0.0,1.4802973661668754e-17,1.4802973661668754e-17,0.0,1.0,1.0,True,2
Activity,categorical,0.0,2.2204460492503132e-17,4.4408920985006264e-17,0.0,1.0,1.0,True,3
MRT,numeric,0.041044797892478044,0.026289755954857514,0.012462581205391957,0.01889996308600959,1.0,1.0,False,4
RH,numeric,0.0027651772560393123,0.021483088298459758,0.016242115946737856,0.01424880029531192,1.0,1.0,False,5
Top,numeric,0.06833100609793122,0.05086630998454679,0.02665592022938414,0.017423403469915093,1.0,1.0,False,6
RATemp,numeric,0.018579672702628686,0.01797436712289651,0.013853115947483109,0.033222591362126234,1.0,1.0,False,7
Air Velo,numeric,0.017172946142886843,0.03455434315852248,0.011204529946883264,0.012587670727205607,1.0,1.0,False,8
