Feature,Type,Univariate_Score,Perm_DeltaR2,Perm_DeltaMAE,Perm_DeltaAcc,Combined_Score,Stability_Freq,Selected,Rank
Clothing,categorical,0.36107642774840565,0.001098966598510742,0.0009336551030476889,0.004761904761904763,1.0,1.0,True,1
Season,categorical,0.0,0.0,0.0,0.0,1.0,1.0,True,2
Activity,categorical,0.0,0.0,0.0,0.0,1.0,1.0,True,3
MRT,numeric,0.041044797892478044,0.05455822149912517,0.028807739416758217,0.03333333333333334,1.0,1.0,False,4
RH,numeric,0.0027651772560393123,0.021102138360341388,0.009151728947957358,0.033259505352528605,1.0,1.0,False,5
Top,numeric,0.06833100609793122,0.025445810953776044,0.017445119222005208,0.017275747508305656,1.0,1.0,False,6
RATemp,numeric,0.018579672702628686,0.01572001377741496,0.010833458105723063,0.023809523809523815,1.0,1.0,False,7
Air Velo,numeric,0.017172946142886843,0.01616230010986328,0.011491870880126955,0.015836101882613512,1.0,1.0,False,8
