Feature,Type,Univariate_Score,Perm_DeltaR2,Perm_DeltaMAE,Perm_DeltaAcc,Combined_Score,Stability_Freq,Selected,Rank
Clothing,categorical,0.13212140341337114,0.002843310127430865,0.0018045012314589141,0.0048281801864396975,1.0,1.0,True,1
Season,categorical,0.024364923877041998,0.017304631561260705,0.013683031764309992,0.007677609866249782,1.0,1.0,True,2
Activity,categorical,0.003723005400763959,0.002472585990266022,0.0023879530084649197,0.005930461467199351,1.0,1.0,True,3
MRT,numeric,0.14295464481428105,0.025979405951386085,0.016770707659022215,0.02415754733368074,1.0,1.0,False,4
RH,numeric,0.0034558369527280227,0.015575987734482214,0.010100038779892923,0.014271756122980716,1.0,1.0,False,5
Top,numeric,0.2583906156626027,0.1030338294960087,0.06719183277696461,0.04479040009264085,1.0,1.0,False,6
RATemp,numeric,0.25737310816365094,0.11560158502839055,0.07751878086162388,0.054239766081871345,1.0,1.0,False,7
Air Velo,numeric,0.021045774083030204,0.009421493542351873,0.008399260860692603,0.012296624399282034,1.0,1.0,False,8
