Feature,Type,Univariate_Score,Perm_DeltaR2,Perm_DeltaMAE,Perm_DeltaAcc,Combined_Score,Stability_Freq,Selected,Rank
Clothing,categorical,0.36107642774840565,0.001235926891989192,0.0005227665060053566,0.001587301587301589,1.0,1.0,True,1
Season,categorical,0.0,0.0,0.0,0.0,1.0,1.0,True,2
Activity,categorical,0.0,0.0,0.0,0.0,1.0,1.0,True,3
MRT,numeric,0.041044797892478044,0.019764915192202887,0.019814058661998733,0.02990033222591363,1.0,1.0,False,4
RH,numeric,0.0027651772560393123,0.017123604085606363,0.010842472176995476,0.026873385012919897,1.0,1.0,False,5
Top,numeric,0.06833100609793122,0.02188611916423442,0.017189888775867586,0.015651531930601703,1.0,1.0,False,6
RATemp,numeric,0.018579672702628686,0.031192858635582833,0.018032186332526283,0.02842377260981912,1.0,1.0,False,7
Air Velo,numeric,0.017172946142886843,0.011284188921659544,0.006108130308111126,0.029974160206718354,1.0,1.0,False,8
