Feature,Type,Univariate_Score,Perm_DeltaR2,Perm_DeltaMAE,Perm_DeltaAcc,Combined_Score,Stability_Freq,Selected,Rank
Clothing,categorical,0.39075433617284083,0.004238478953435476,0.0053240471599834615,0.010958904109589041,1.0,1.0,True,1
Season,categorical,0.3423220618313034,0.2847513915706729,0.17143901093447358,0.08333333333333331,1.0,1.0,True,2
Activity,categorical,0.16546141439178608,0.002572913147582279,0.0026446148217583363,0.0025114155251141574,1.0,1.0,True,3
MRT,numeric,0.33427764517134434,0.027756100843195814,0.024372791601980203,0.007990867579908674,1.0,1.0,False,4
RH,numeric,0.325604547468956,0.02384401017139044,0.018721372511901098,0.007762557077625576,1.0,1.0,False,5
Top,numeric,0.34820425437285063,0.007197742935716437,0.009986275274698041,0.011415525114155256,1.0,1.0,False,6
RATemp,numeric,0.35396998660550694,0.00751217085594739,0.006843504944692806,0.011187214611872151,1.0,1.0,False,7
Air Velo,numeric,0.12181591040826834,0.025738002411263387,0.015663512673523193,0.010730593607305935,1.0,1.0,False,8
