Feature,Type,Univariate_Score,Perm_DeltaR2,Perm_DeltaMAE,Perm_DeltaAcc,Combined_Score,Stability_Freq,Selected,Rank
Clothing,categorical,0.39075433617284083,0.0049691438674926754,0.005381572246551513,0.008904109589041097,1.0,1.0,True,1
Season,categorical,0.3423220618313034,0.036888678868611656,0.026307555039723714,0.015525114155251138,1.0,1.0,True,2
Activity,categorical,0.16546141439178608,0.00025699536005655926,0.00020825465520222982,0.0011415525114155296,1.0,1.0,True,3
MRT,numeric,0.33427764517134434,0.2554177761077881,0.16050297816594444,0.0865296803652968,1.0,1.0,False,4
RH,numeric,0.325604547468956,0.052371160189310706,0.03779259920120239,0.028767123287671236,1.0,1.0,False,5
Top,numeric,0.34820425437285063,0.03129974206288656,0.027187144756317137,0.022602739726027395,1.0,1.0,False,6
RATemp,numeric,0.35396998660550694,0.06825751860936483,0.04453403155008952,0.018493150684931507,1.0,1.0,False,7
Air Velo,numeric,0.12181591040826834,0.022094666957855225,0.014004723230997721,0.009360730593607303,1.0,1.0,False,8
