Feature,Type,Univariate_Score,Perm_DeltaR2,Perm_DeltaMAE,Perm_DeltaAcc,Combined_Score,Stability_Freq,Selected,Rank
Clothing,categorical,0.39075433617284083,0.0,0.0,0.0,1.0,1.0,True,1
Season,categorical,0.3423220618313034,0.013417668869999008,0.008426369453445815,0.0029680365296803736,1.0,1.0,True,2
Activity,categorical,0.16546141439178608,0.0,0.0,0.0,1.0,1.0,True,3
MRT,numeric,0.33427764517134434,0.08046518976198327,0.05189758369942893,0.013470319634703198,1.0,1.0,False,4
RH,numeric,0.325604547468956,0.03949551135618901,0.02641053999574654,0.004109589041095896,1.0,1.0,False,5
Top,numeric,0.34820425437285063,0.03644272480865716,0.024248219166240315,0.0034246575342465778,1.0,1.0,False,6
RATemp,numeric,0.35396998660550694,0.02325192241743526,0.017832352471770882,0.0027397260273972638,1.0,1.0,False,7
Air Velo,numeric,0.12181591040826834,0.057367208672245054,0.032143735260351115,0.010730593607305942,1.0,1.0,False,8
