Feature,Type,Univariate_Score,Perm_DeltaR2,Perm_DeltaMAE,Perm_DeltaAcc,Combined_Score,Stability_Freq,Selected,Rank
Clothing,categorical,0.39075433617284083,0.011177945787917708,0.00842747245530427,0.006164383561643819,1.0,1.0,True,1
Season,categorical,0.3423220618313034,0.05760546201012264,0.038088875505886355,0.021232876712328756,1.0,1.0,True,2
Activity,categorical,0.16546141439178608,0.011438389994312112,0.006369528194772167,0.004794520547945198,1.0,1.0,True,3
MRT,numeric,0.33427764517134434,0.09500224627297961,0.06575545937848137,0.03333333333333331,1.0,1.0,False,4
RH,numeric,0.325604547468956,0.0709256063671044,0.0471298665332469,0.03242009132420089,1.0,1.0,False,5
Top,numeric,0.34820425437285063,0.0862328912205083,0.061139699296716796,0.03287671232876711,1.0,1.0,False,6
RATemp,numeric,0.35396998660550694,0.059569121581824126,0.03903050167096152,0.023059360730593594,1.0,1.0,False,7
Air Velo,numeric,0.12181591040826834,0.047874957960079394,0.028448478310655712,0.009360730593607298,1.0,1.0,False,8
