Feature,Type,Univariate_Score,Perm_DeltaR2,Perm_DeltaMAE,Perm_DeltaAcc,Combined_Score,Stability_Freq,Selected,Rank
MRT,numeric,0.19961525576076694,0.0011065706611709841,0.02155779703080361,0.04754692325968164,1.0,1.0,True,1
RH,numeric,0.005344435399548221,0.0,0.004152248309358402,0.01743684168844539,1.0,1.0,True,2
Top,numeric,0.22641087588146216,0.14148487605535412,0.08391618118028565,0.07519006889997626,1.0,1.0,True,3
RATemp,numeric,0.2118439991855703,0.027150828779137097,0.04277795580574648,0.07303199493149601,1.0,1.0,False,4
Air Velo,numeric,0.018771042586310023,0.0,0.001859080770211441,0.011267521976716564,1.0,1.0,False,5
