Feature,Type,Univariate_Score,Perm_DeltaR2,Perm_DeltaMAE,Perm_DeltaAcc,Combined_Score,Stability_Freq,Selected,Rank
MRT,numeric,0.19961525576076694,0.031842796007792155,0.027403851350148518,0.040332224598083465,1.0,1.0,True,1
RH,numeric,0.005344435399548221,0.00461206833521525,0.004074068864186605,0.015615348063673071,1.0,1.0,True,2
Top,numeric,0.22641087588146216,0.3258671800295512,0.1341123938560486,0.08315514373960561,1.0,1.0,True,3
RATemp,numeric,0.2118439991855703,0.03854261636734009,0.03587020635604858,0.05922428130197197,1.0,1.0,False,4
Air Velo,numeric,0.018771042586310023,0.010417330265045165,0.006240459283192952,0.01343153559832105,1.0,1.0,False,5
