Feature,Type,Univariate_Score,Perm_DeltaR2,Perm_DeltaMAE,Perm_DeltaAcc,Combined_Score,Stability_Freq,Selected,Rank
MRT,numeric,0.19961525576076694,0.05046884457784613,0.03713204192373371,0.04317929832897759,1.0,1.0,True,1
RH,numeric,0.005344435399548221,0.015378088186649408,0.008523235119846784,0.019246456006969195,1.0,1.0,True,2
Top,numeric,0.22641087588146216,0.20438773307926378,0.09626182173515899,0.09258929278530134,1.0,1.0,True,3
RATemp,numeric,0.2118439991855703,0.06645075796711468,0.04544328469450251,0.055933713471133295,1.0,1.0,False,4
Air Velo,numeric,0.018771042586310023,0.016447354128323294,0.009302720493701304,0.008715451017660567,1.0,1.0,False,5
