Feature,Type,Univariate_Score,Perm_DeltaR2,Perm_DeltaMAE,Perm_DeltaAcc,Combined_Score,Stability_Freq,Selected,Rank
MRT,numeric,0.19961525576076694,0.013404968488125913,0.007626478897397797,0.01017264591747841,1.0,1.0,True,1
RH,numeric,0.005344435399548221,0.0,0.0,0.0,1.0,1.0,True,2
Top,numeric,0.22641087588146216,0.07029507861693142,0.030831296129083953,0.01816345925397957,1.0,1.0,True,3
RATemp,numeric,0.2118439991855703,0.06856575681442413,0.02992935665029776,0.01888611705076423,1.0,1.0,False,4
Air Velo,numeric,0.018771042586310023,0.0,0.0,0.0,1.0,1.0,False,5
