Feature,Type,Univariate_Score,Perm_DeltaR2,Perm_DeltaMAE,Perm_DeltaAcc,Combined_Score,Stability_Freq,Selected,Rank
Clothing,categorical,0.13212140341337114,0.011758535925447275,0.011103957068280986,0.017561229807191246,1.0,1.0,True,1
Season,categorical,0.024364923877041998,0.02105321028022494,0.012147280707616993,0.0035131144693416718,1.0,1.0,True,2
Activity,categorical,0.003723005400763959,0.002510992553730056,0.0027614840004506723,0.003951710960569751,1.0,1.0,True,3
MRT,numeric,0.14295464481428105,0.005079754315405876,0.002369402546560062,0.005497655028660757,1.0,1.0,False,4
RH,numeric,0.0034558369527280227,0.0009024260577079907,0.003293763071520065,0.0017558334780846524,1.0,1.0,False,5
Top,numeric,0.2583906156626027,0.09116985275563791,0.06009870253437009,0.04260972149846563,1.0,1.0,False,6
RATemp,numeric,0.25737310816365094,0.08470697987507887,0.050311904816080236,0.030978229401887557,1.0,1.0,False,7
Air Velo,numeric,0.021045774083030204,0.0024915574362505727,0.003240357052703454,0.006371229228185981,1.0,1.0,False,8
