Feature,Type,Univariate_Score,Perm_DeltaR2,Perm_DeltaMAE,Perm_DeltaAcc,Combined_Score,Stability_Freq,Selected,Rank
Clothing,categorical,0.36107642774840565,0.003995939095815023,0.0021075963973999023,0.0015873015873015856,1.0,1.0,True,1
Season,categorical,0.0,0.0,0.0,0.0,1.0,1.0,True,2
Activity,categorical,0.0,0.0,0.0,0.0,1.0,1.0,True,3
MRT,numeric,0.041044797892478044,0.0565262238184611,0.0313191294670105,0.015836101882613515,1.0,1.0,False,4
RH,numeric,0.0027651772560393123,0.023927001158396403,0.008414300282796225,0.03167220376522703,1.0,1.0,False,5
Top,numeric,0.06833100609793122,0.01979740063349406,0.013298630714416504,0.025101513473606507,1.0,1.0,False,6
RATemp,numeric,0.018579672702628686,0.018630210558573407,0.010301419099171958,0.022222222222222223,1.0,1.0,False,7
Air Velo,numeric,0.017172946142886843,0.020801122983296713,0.012103132406870522,0.020634920634920638,1.0,1.0,False,8
