Feature,Type,Univariate_Score,Perm_DeltaR2,Perm_DeltaMAE,Perm_DeltaAcc,Combined_Score,Stability_Freq,Selected,Rank
Clothing,categorical,0.36107642774840565,0.012302600231970415,0.005438975869221166,0.00793650793650793,1.0,1.0,True,1
Season,categorical,0.0,3.700743415417188e-17,1.4802973661668754e-17,0.0,1.0,1.0,True,2
Activity,categorical,0.0,2.2204460492503132e-17,0.0,0.0,1.0,1.0,True,3
MRT,numeric,0.041044797892478044,0.020643533279062386,0.009084257088528966,0.012661498708010328,1.0,1.0,False,4
RH,numeric,0.0027651772560393123,0.019101849233818007,0.014985626057780546,0.01746031746031745,1.0,1.0,False,5
Top,numeric,0.06833100609793122,0.08220930747742448,0.04417663720317312,0.02041343669250645,1.0,1.0,False,6
RATemp,numeric,0.018579672702628686,0.01774357281303421,0.011586193456322332,0.015873015873015865,1.0,1.0,False,7
Air Velo,numeric,0.017172946142886843,0.017315406771054143,0.008850792043473357,0.012550756736803243,1.0,1.0,False,8
