Feature,Type,Univariate_Score,Perm_DeltaR2,Perm_DeltaMAE,Perm_DeltaAcc,Combined_Score,Stability_Freq,Selected,Rank
Clothing,categorical,0.13212140341337114,0.0033382163299350955,0.0021069644954173623,0.004171009206183781,1.0,1.0,True,1
Season,categorical,0.024364923877041998,0.019976864132532458,0.014440611901095652,0.007243355914538822,1.0,1.0,True,2
Activity,categorical,0.003723005400763959,0.0032476542241617044,0.00229531426948831,0.004396821261073472,1.0,1.0,True,3
MRT,numeric,0.14295464481428105,0.025735968686813465,0.017955594342792754,0.01999160442360025,1.0,1.0,False,4
RH,numeric,0.0034558369527280227,0.007572730693758441,0.007365305033678317,0.010537895894852645,1.0,1.0,False,5
Top,numeric,0.2583906156626027,0.10457182058482783,0.06750670991345425,0.043901627004805745,1.0,1.0,False,6
RATemp,numeric,0.25737310816365094,0.10597131652611122,0.06935561743630506,0.04282395344797638,1.0,1.0,False,7
Air Velo,numeric,0.021045774083030204,0.00996352795241644,0.007752654034598875,0.011420878929998265,1.0,1.0,False,8
