Feature,Type,Univariate_Score,Perm_DeltaR2,Perm_DeltaMAE,Perm_DeltaAcc,Combined_Score,Stability_Freq,Selected,Rank
Clothing,categorical,0.13212140341337114,0.007568037509918213,0.005685349305470785,0.00460888194082566,1.0,1.0,True,1
Season,categorical,0.024364923877041998,0.007115375995635986,0.0035728176434834794,0.0004393202478142566,1.0,1.0,True,2
Activity,categorical,0.003723005400763959,0.0015057762463887533,0.0011723875999450684,0.0006586184934282904,1.0,1.0,True,3
MRT,numeric,0.14295464481428105,0.02149833838144938,0.016041648387908936,0.009666492965085979,1.0,1.0,False,4
RH,numeric,0.0034558369527280227,0.004361192385355632,0.002395311991373698,0.00417245671935614,1.0,1.0,False,5
Top,numeric,0.2583906156626027,0.13281986316045127,0.08615882396697998,0.04285290371142377,1.0,1.0,False,6
RATemp,numeric,0.25737310816365094,0.08568007151285807,0.05537177324295044,0.027027242197904,1.0,1.0,False,7
Air Velo,numeric,0.021045774083030204,0.006136755148569742,0.004773648579915364,0.004611776967170396,1.0,1.0,False,8
