Feature,Type,Univariate_Score,Perm_DeltaR2,Perm_DeltaMAE,Perm_DeltaAcc,Combined_Score,Stability_Freq,Selected,Rank
Clothing,categorical,0.36107642774840565,0.0015494292391023364,0.0007464553265595844,0.0,1.0,1.0,True,1
Season,categorical,0.0,0.0,0.0,0.0,1.0,1.0,True,2
Activity,categorical,0.0,0.0,0.0,0.0,1.0,1.0,True,3
MRT,numeric,0.041044797892478044,0.026307552804515244,0.0247838849975644,0.03624953857511997,1.0,1.0,False,4
RH,numeric,0.0027651772560393123,0.024965028941612143,0.011680364930525489,0.022111480251015135,1.0,1.0,False,5
Top,numeric,0.06833100609793122,0.02877123390245717,0.02145420837435801,0.031376891842008134,1.0,1.0,False,6
RATemp,numeric,0.018579672702628686,0.021596332850361104,0.013138173317280377,0.025175341454411228,1.0,1.0,False,7
Air Velo,numeric,0.017172946142886843,0.021075525444700875,0.01250418460157184,0.03163528977482466,1.0,1.0,False,8
