Feature,Type,Univariate_Score,Perm_DeltaR2,Perm_DeltaMAE,Perm_DeltaAcc,Combined_Score,Stability_Freq,Selected,Rank
Clothing,categorical,0.39075433617284083,0.0,0.0,0.0,1.0,1.0,True,1
Season,categorical,0.3423220618313034,0.013271804553221776,0.008591678399468231,0.0050228310502283225,1.0,1.0,True,2
Activity,categorical,0.16546141439178608,0.0,0.0,0.0,1.0,1.0,True,3
MRT,numeric,0.33427764517134434,0.086449148079396,0.05495574804737258,0.01392694063926941,1.0,1.0,False,4
RH,numeric,0.325604547468956,0.04250340599170682,0.02934932666906962,0.0089041095890411,1.0,1.0,False,5
Top,numeric,0.34820425437285063,0.03315677530928321,0.02251527350095969,0.006164383561643831,1.0,1.0,False,6
RATemp,numeric,0.35396998660550694,0.02556374573227869,0.01829135252603476,0.006849315068493153,1.0,1.0,False,7
Air Velo,numeric,0.12181591040826834,0.05370748352231043,0.031398874384003087,0.007077625570776261,1.0,1.0,False,8
