Feature,Type,Univariate_Score,Perm_DeltaR2,Perm_DeltaMAE,Perm_DeltaAcc,Combined_Score,Stability_Freq,Selected,Rank
Clothing,categorical,0.39075433617284083,0.0040160423227159,0.0059233772423208375,0.004109589041095893,1.0,1.0,True,1
Season,categorical,0.3423220618313034,0.29983521624644544,0.18191016576337327,0.086986301369863,1.0,1.0,True,2
Activity,categorical,0.16546141439178608,0.003942831021426666,0.002688008051449627,0.002283105022831052,1.0,1.0,True,3
MRT,numeric,0.33427764517134434,0.026907819188891773,0.022777553846533384,0.008675799086757991,1.0,1.0,False,4
RH,numeric,0.325604547468956,0.014071306941395986,0.014100229511487409,0.012328767123287676,1.0,1.0,False,5
Top,numeric,0.34820425437285063,0.008718856793198311,0.008456268670607728,0.014611872146118721,1.0,1.0,False,6
RATemp,numeric,0.35396998660550694,0.010280273570618092,0.0073899321427551845,0.008675799086757996,1.0,1.0,False,7
Air Velo,numeric,0.12181591040826834,0.02427365396185923,0.015999399150411753,0.016666666666666666,1.0,1.0,False,8
