Feature,Type,Univariate_Score,Perm_DeltaR2,Perm_DeltaMAE,Perm_DeltaAcc,Combined_Score,Stability_Freq,Selected,Rank
Clothing,categorical,0.39075433617284083,0.0063875391331163975,0.005186511486430812,0.006164383561643826,1.0,1.0,True,1
Season,categorical,0.3423220618313034,0.06566551334074025,0.04625006068617497,0.02671232876712328,1.0,1.0,True,2
Activity,categorical,0.16546141439178608,0.010440428534143339,0.0053735438466675795,0.0022831050228310445,1.0,1.0,True,3
MRT,numeric,0.33427764517134434,0.09191671740296817,0.06493429551094113,0.03196347031963469,1.0,1.0,False,4
RH,numeric,0.325604547468956,0.0705321001154891,0.047135333790667325,0.028082191780821903,1.0,1.0,False,5
Top,numeric,0.34820425437285063,0.0941124815628101,0.06720601332133201,0.03652968036529679,1.0,1.0,False,6
RATemp,numeric,0.35396998660550694,0.053760409166289505,0.034780686064183594,0.019406392694063915,1.0,1.0,False,7
Air Velo,numeric,0.12181591040826834,0.053657056651289434,0.032511994308953684,0.00753424657534246,1.0,1.0,False,8
