Feature,Type,Univariate_Score,Perm_DeltaR2,Perm_DeltaMAE,Perm_DeltaAcc,Combined_Score,Stability_Freq,Selected,Rank
Clothing,categorical,0.39075433617284083,0.0033062616984049476,0.004301722844441732,0.009589041095890417,1.0,1.0,True,1
Season,categorical,0.3423220618313034,0.03032965262730916,0.02143789529800415,0.01187214611872146,1.0,1.0,True,2
Activity,categorical,0.16546141439178608,0.00043309926986694335,0.00026553869247436523,0.0020547945205479463,1.0,1.0,True,3
MRT,numeric,0.33427764517134434,0.24168985287348432,0.14885708888371788,0.07009132420091324,1.0,1.0,False,4
RH,numeric,0.325604547468956,0.04717416763305664,0.033901870250701904,0.02945205479452055,1.0,1.0,False,5
Top,numeric,0.34820425437285063,0.039986566702524824,0.032426106929779056,0.021232876712328763,1.0,1.0,False,6
RATemp,numeric,0.35396998660550694,0.07078438599904378,0.04681790669759115,0.033333333333333326,1.0,1.0,False,7
Air Velo,numeric,0.12181591040826834,0.020655250549316405,0.01045634349187215,0.007762557077625565,1.0,1.0,False,8
