Feature,Type,Univariate_Score,Perm_DeltaR2,Perm_DeltaMAE,Perm_DeltaAcc,Combined_Score,Stability_Freq,Selected,Rank
MRT,numeric,0.19961525576076694,0.04921990944243618,0.034102658525277704,0.03557258256117844,1.0,1.0,True,1
RH,numeric,0.005344435399548221,0.01127165795180014,0.005934361027069102,0.016698344816662707,1.0,1.0,True,2
Top,numeric,0.22641087588146216,0.19369469882556942,0.09028103109456419,0.08316306327710463,1.0,1.0,True,3
RATemp,numeric,0.2118439991855703,0.06728340643213691,0.04700882655508092,0.0530351627464956,1.0,1.0,False,4
Air Velo,numeric,0.018771042586310023,0.015467325516600683,0.008043441229791237,0.008345212639581849,1.0,1.0,False,5
