Feature,Type,Univariate_Score,Perm_DeltaR2,Perm_DeltaMAE,Perm_DeltaAcc,Combined_Score,Stability_Freq,Selected,Rank
MRT,numeric,0.19961525576076694,0.0036160510583595007,0.022683032638685867,0.045056228716242985,1.0,1.0,True,1
RH,numeric,0.005344435399548221,0.0,0.003962686606242993,0.025075235606240594,1.0,1.0,True,2
Top,numeric,0.22641087588146216,0.14526717338779008,0.08324353040995161,0.0795161162588105,1.0,1.0,True,3
RATemp,numeric,0.2118439991855703,0.03030221383327249,0.042491103689130436,0.06719727567910033,1.0,1.0,False,4
Air Velo,numeric,0.018771042586310023,0.000760215744001876,0.001979560755807756,0.008363031598954625,1.0,1.0,False,5
