Feature,Type,Univariate_Score,Perm_DeltaR2,Perm_DeltaMAE,Perm_DeltaAcc,Combined_Score,Stability_Freq,Selected,Rank
MRT,numeric,0.19961525576076694,0.038433798154195155,0.0281064510345459,0.031242575433594672,1.0,1.0,True,1
RH,numeric,0.005344435399548221,0.008560474713643391,0.004532142480214436,0.012334679654708162,1.0,1.0,True,2
Top,numeric,0.22641087588146216,0.3344825903574626,0.13831104437510172,0.091136057654233,1.0,1.0,True,3
RATemp,numeric,0.2118439991855703,0.050076075394948315,0.04046656688054402,0.06322760750772154,1.0,1.0,False,4
Air Velo,numeric,0.018771042586310023,0.014453478654225669,0.007667414347330728,0.01234259919220717,1.0,1.0,False,5
