Feature,Type,Univariate_Score,Perm_DeltaR2,Perm_DeltaMAE,Perm_DeltaAcc,Combined_Score,Stability_Freq,Selected,Rank
MRT,numeric,0.19961525576076694,0.013197538711170664,0.007807153430235798,0.010893323829888333,1.0,1.0,True,1
RH,numeric,0.005344435399548221,0.0,0.0,0.0,1.0,1.0,True,2
Top,numeric,0.22641087588146216,0.07476932948887768,0.031392461138363116,0.017068583194741423,1.0,1.0,True,3
RATemp,numeric,0.2118439991855703,0.06784244225712702,0.02867369792760452,0.011992159657875975,1.0,1.0,False,4
Air Velo,numeric,0.018771042586310023,0.0,0.0,0.0,1.0,1.0,False,5
