Feature,Type,Univariate_Score,Perm_DeltaR2,Perm_DeltaMAE,Perm_DeltaAcc,Combined_Score,Stability_Freq,Selected,Rank
Clothing,categorical,0.36107642774840565,0.02230925814412041,0.013811456839583297,0.006349206349206346,1.0,1.0,True,1
Season,categorical,0.0,2.960594732333751e-17,1.4802973661668754e-17,0.0,1.0,1.0,True,2
Activity,categorical,0.0,7.401486830834377e-18,1.4802973661668754e-17,0.0,1.0,1.0,True,3
MRT,numeric,0.041044797892478044,0.039536606551690404,0.018394080893881882,0.014211886304909554,1.0,1.0,False,4
RH,numeric,0.0027651772560393123,0.030975417418208223,0.01683276485934946,0.012698412698412691,1.0,1.0,False,5
Top,numeric,0.06833100609793122,0.06265873317169383,0.031236054220475568,0.030047988187523068,1.0,1.0,False,6
RATemp,numeric,0.018579672702628686,0.020663267174294658,0.014681960267297779,0.022185308231819845,1.0,1.0,False,7
Air Velo,numeric,0.017172946142886843,0.03374134882169523,0.016909391030140268,0.029863418235511252,1.0,1.0,False,8
