Feature,Type,Univariate_Score,Perm_DeltaR2,Perm_DeltaMAE,Perm_DeltaAcc,Combined_Score,Stability_Freq,Selected,Rank
Clothing,categorical,0.36107642774840565,0.002194650967915853,0.0017507751782735188,0.006349206349206349,1.0,1.0,True,1
Season,categorical,0.0,0.0,0.0,0.0,1.0,1.0,True,2
Activity,categorical,0.0,0.0,0.0,0.0,1.0,1.0,True,3
MRT,numeric,0.041044797892478044,0.042349386215209964,0.026303652922312414,0.01904761904761905,1.0,1.0,False,4
RH,numeric,0.0027651772560393123,0.0027690251668294275,0.001828014850616455,0.015836101882613512,1.0,1.0,False,5
Top,numeric,0.06833100609793122,0.023898243904113766,0.014055824279785157,0.015762273901808795,1.0,1.0,False,6
RATemp,numeric,0.018579672702628686,0.01766962210337321,0.01460894743601481,0.03492063492063493,1.0,1.0,False,7
Air Velo,numeric,0.017172946142886843,0.018188520272572832,0.012103851636250813,0.017423403469915093,1.0,1.0,False,8
