RMSE,MAE,R2,Accuracy,Residual_STD,MBE
0.9297495652482773,0.7622431262038529,0.04645756147303193,0.39622641509433965,0.9296889958515465,-0.01061249602610491
