Feature,Type,Univariate_Score,Perm_DeltaR2,Perm_DeltaMAE,Perm_DeltaAcc,Combined_Score,Stability_Freq,Selected,Rank
Clothing,categorical,0.13212140341337114,0.00309235518975907,0.0021334562414158614,0.0030730704649412337,1.0,1.0,True,1
Season,categorical,0.024364923877041998,0.017210007464754182,0.013592637940764641,0.008559145388223029,1.0,1.0,True,2
Activity,categorical,0.003723005400763959,0.0031352734272898975,0.00251795108142876,0.004835417752301547,1.0,1.0,True,3
MRT,numeric,0.14295464481428105,0.024466352422687257,0.01892053442828924,0.023501100110011004,1.0,1.0,False,4
RH,numeric,0.0034558369527280227,0.01356448026427178,0.009556023193694158,0.014277546175670197,1.0,1.0,False,5
Top,numeric,0.2583906156626027,0.09837698505200114,0.06739658803570889,0.03974002663424237,1.0,1.0,False,6
RATemp,numeric,0.25737310816365094,0.10841359984408108,0.07085542117534568,0.04896285681199698,1.0,1.0,False,7
Air Velo,numeric,0.021045774083030204,0.007939904064308816,0.006999258459776241,0.01668041804180417,1.0,1.0,False,8
