Feature,Type,Univariate_Score,Perm_DeltaR2,Perm_DeltaMAE,Perm_DeltaAcc,Combined_Score,Stability_Freq,Selected,Rank
Clothing,categorical,0.13212140341337114,0.021213160405654064,0.015219489233097868,0.01404594406809102,1.0,1.0,True,1
Season,categorical,0.024364923877041998,0.02150803619640172,0.013630934471197054,0.004832522725956808,1.0,1.0,True,2
Activity,categorical,0.003723005400763959,0.002199937058214744,0.0028629461205907846,0.00702043888599387,1.0,1.0,True,3
MRT,numeric,0.14295464481428105,0.0011879028352644724,0.0011944493425993944,0.0033003300330032995,1.0,1.0,False,4
RH,numeric,0.0034558369527280227,0.0013258342488802718,0.002652741918647676,0.0035152857391002232,1.0,1.0,False,5
Top,numeric,0.2583906156626027,0.09700365002934427,0.06144495485117614,0.03909805454229633,1.0,1.0,False,6
RATemp,numeric,0.25737310816365094,0.08412029130296853,0.05748139757045704,0.03644910543685947,1.0,1.0,False,7
Air Velo,numeric,0.021045774083030204,0.00332606279254218,0.00321737904588435,0.006811996989172601,1.0,1.0,False,8
