Feature,Type,Univariate_Score,Perm_DeltaR2,Perm_DeltaMAE,Perm_DeltaAcc,Combined_Score,Stability_Freq,Selected,Rank
Clothing,categorical,0.36107642774840565,0.001186501394735277,0.0007147919742270581,0.003174603174603178,1.0,1.0,True,1
Season,categorical,0.0,0.0,0.0,0.0,1.0,1.0,True,2
Activity,categorical,0.0,0.0,0.0,0.0,1.0,1.0,True,3
MRT,numeric,0.041044797892478044,0.022542402496385484,0.017961907362666334,0.02052417866371355,1.0,1.0,False,4
RH,numeric,0.0027651772560393123,0.006095319445986713,0.004747839996788546,0.011111111111111112,1.0,1.0,False,5
Top,numeric,0.06833100609793122,0.037052431228875984,0.02100030889576443,0.02495385751199705,1.0,1.0,False,6
RATemp,numeric,0.018579672702628686,0.015224490851996415,0.01221261740819542,0.029900332225913616,1.0,1.0,False,7
Air Velo,numeric,0.017172946142886843,0.007686376116049993,0.004545472012008308,0.03156146179401993,1.0,1.0,False,8
