Feature,Type,Univariate_Score,Perm_DeltaR2,Perm_DeltaMAE,Perm_DeltaAcc,Combined_Score,Stability_Freq,Selected,Rank
Clothing,categorical,0.13212140341337114,0.007015820344289145,0.005317775408426919,0.005266776677667761,1.0,1.0,True,1
Season,categorical,0.024364923877041998,0.01011109749476115,0.0046990791956583655,0.0013165132302704033,1.0,1.0,True,2
Activity,categorical,0.003723005400763959,0.001133128007253011,0.0010499318440755207,0.0008786404956285133,1.0,1.0,True,3
MRT,numeric,0.14295464481428105,0.019594148794809977,0.014425496260325113,0.006160616061606153,1.0,1.0,False,4
RH,numeric,0.0034558369527280227,0.005545032024383545,0.004521214962005616,0.004834693995715355,1.0,1.0,False,5
Top,numeric,0.2583906156626027,0.12716244061787924,0.08167891502380371,0.03932097157084129,1.0,1.0,False,6
RATemp,numeric,0.25737310816365094,0.08372988700866699,0.05779358148574829,0.030972439349198085,1.0,1.0,False,7
Air Velo,numeric,0.021045774083030204,0.006364552179972331,0.0051569302876790365,0.006154826008916677,1.0,1.0,False,8
