Feature,Type,Univariate_Score,Perm_DeltaR2,Perm_DeltaMAE,Perm_DeltaAcc,Combined_Score,Stability_Freq,Selected,Rank
Clothing,categorical,0.39075433617284083,0.004646623134613037,0.004945500691731771,0.009360730593607307,1.0,1.0,True,1
Season,categorical,0.3423220618313034,0.03276108900705973,0.020201524098714195,0.010045662100456623,1.0,1.0,True,2
Activity,categorical,0.16546141439178608,0.00047116676966349285,0.0003126184145609538,0.002283105022831052,1.0,1.0,True,3
MRT,numeric,0.33427764517134434,0.24702565670013427,0.1474653363227844,0.06689497716894978,1.0,1.0,False,4
RH,numeric,0.325604547468956,0.048330871264139805,0.03517605066299438,0.0273972602739726,1.0,1.0,False,5
Top,numeric,0.34820425437285063,0.03504769007364909,0.028975367546081543,0.027625570776255708,1.0,1.0,False,6
RATemp,numeric,0.35396998660550694,0.07248722712198893,0.04749487241109213,0.02579908675799087,1.0,1.0,False,7
Air Velo,numeric,0.12181591040826834,0.025673333803812665,0.012967367966969807,0.008219178082191777,1.0,1.0,False,8
