Feature,Type,Univariate_Score,Perm_DeltaR2,Perm_DeltaMAE,Perm_DeltaAcc,Combined_Score,Stability_Freq,Selected,Rank
Clothing,categorical,0.39075433617284083,0.0,0.0,0.0,1.0,1.0,True,1
Season,categorical,0.3423220618313034,0.012826384972618557,0.00902789117671566,0.004794520547945207,1.0,1.0,True,2
Activity,categorical,0.16546141439178608,0.0,0.0,0.0,1.0,1.0,True,3
MRT,numeric,0.33427764517134434,0.08166156325272621,0.051809560038831526,0.014155251141552517,1.0,1.0,False,4
RH,numeric,0.325604547468956,0.03916610069317851,0.026483170051620274,0.008447488584474892,1.0,1.0,False,5
Top,numeric,0.34820425437285063,0.034087091058108886,0.02397772977511794,0.0027397260273972638,1.0,1.0,False,6
RATemp,numeric,0.35396998660550694,0.02597800006422002,0.018433960583213803,0.004794520547945207,1.0,1.0,False,7
Air Velo,numeric,0.12181591040826834,0.05966883557944928,0.03390092641128302,0.007077625570776262,1.0,1.0,False,8
