Feature,Type,Univariate_Score,Perm_DeltaR2,Perm_DeltaMAE,Perm_DeltaAcc,Combined_Score,Stability_Freq,Selected,Rank
Clothing,categorical,0.39075433617284083,0.009466923624903926,0.007677872871212139,0.010730593607305921,1.0,1.0,True,1
Season,categorical,0.3423220618313034,0.057372623272333924,0.040532841984903534,0.02442922374429223,1.0,1.0,True,2
Activity,categorical,0.16546141439178608,0.01282627791466918,0.00651033181984652,0.002968036529680359,1.0,1.0,True,3
MRT,numeric,0.33427764517134434,0.09885729193689072,0.0712000140558228,0.04337899543378994,1.0,1.0,False,4
RH,numeric,0.325604547468956,0.07179354042083044,0.05018065226642646,0.031050228310502283,1.0,1.0,False,5
Top,numeric,0.34820425437285063,0.09866407546321893,0.06829462066153066,0.0331050228310502,1.0,1.0,False,6
RATemp,numeric,0.35396998660550694,0.05248104203129297,0.03546043444122949,0.02442922374429223,1.0,1.0,False,7
Air Velo,numeric,0.12181591040826834,0.05634690937560353,0.0372467250203891,0.014383561643835602,1.0,1.0,False,8
