Feature,Type,Univariate_Score,Perm_DeltaR2,Perm_DeltaMAE,Perm_DeltaAcc,Combined_Score,Stability_Freq,Selected,Rank
Clothing,categorical,0.39075433617284083,0.002901953223169973,0.002971000706037012,0.003652968036529676,1.0,1.0,True,1
Season,categorical,0.3423220618313034,0.2929123974998991,0.17634892801551286,0.08972602739726027,1.0,1.0,True,2
Activity,categorical,0.16546141439178608,0.004594943518038064,0.003395477110142897,0.002054794520547946,1.0,1.0,True,3
MRT,numeric,0.33427764517134434,0.02807553674349288,0.023865528672059756,0.011643835616438362,1.0,1.0,False,4
RH,numeric,0.325604547468956,0.017627263403291838,0.015446999206146578,0.0070776255707762584,1.0,1.0,False,5
Top,numeric,0.34820425437285063,0.010210586875352205,0.011591868421859938,0.012557077625570779,1.0,1.0,False,6
RATemp,numeric,0.35396998660550694,0.006868581328222221,0.006633412893539944,0.005251141552511411,1.0,1.0,False,7
Air Velo,numeric,0.12181591040826834,0.022892161948883247,0.015326448244148704,0.013926940639269404,1.0,1.0,False,8
