Feature,Type,Univariate_Score,Perm_DeltaR2,Perm_DeltaMAE,Perm_DeltaAcc,Combined_Score,Stability_Freq,Selected,Rank
MRT,numeric,0.19961525576076694,0.007536126579652991,0.029468994630728117,0.05485071671814366,1.0,1.0,True,1
RH,numeric,0.005344435399548221,0.0,0.005691491930714121,0.022885483487764317,1.0,1.0,True,2
Top,numeric,0.22641087588146216,0.13966677019560622,0.07704620189474316,0.06502336263562208,1.0,1.0,True,3
RATemp,numeric,0.2118439991855703,0.020455711822154124,0.038401477269392435,0.06064781816741903,1.0,1.0,False,4
Air Velo,numeric,0.018771042586310023,0.0009061948376525742,0.00234954005367658,0.010909162904886357,1.0,1.0,False,5
