Feature,Type,Univariate_Score,Perm_DeltaR2,Perm_DeltaMAE,Perm_DeltaAcc,Combined_Score,Stability_Freq,Selected,Rank
MRT,numeric,0.19961525576076694,0.012808102157114809,0.007659923385419061,0.0058070008711491265,1.0,1.0,True,1
RH,numeric,0.005344435399548221,0.0,0.0,0.0,1.0,1.0,True,2
Top,numeric,0.22641087588146216,0.07403709981770398,0.031950004343898095,0.025417755603072772,1.0,1.0,True,3
RATemp,numeric,0.2118439991855703,0.08334971433512141,0.03572406071546051,0.020697711253662775,1.0,1.0,False,4
Air Velo,numeric,0.018771042586310023,0.0,0.0,0.0,1.0,1.0,False,5
