Feature,Type,Univariate_Score,Perm_DeltaR2,Perm_DeltaMAE,Perm_DeltaAcc,Combined_Score,Stability_Freq,Selected,Rank
MRT,numeric,0.19961525576076694,0.03934120337168376,0.030809191862742107,0.038142472479607184,1.0,1.0,True,1
RH,numeric,0.005344435399548221,0.008336957295735676,0.006603618462880452,0.014880810960639895,1.0,1.0,True,2
Top,numeric,0.22641087588146216,0.2745158712069194,0.11491550604502361,0.08172764710540904,1.0,1.0,True,3
RATemp,numeric,0.2118439991855703,0.03835687239964803,0.03616385062535604,0.06029539874871307,1.0,1.0,False,4
Air Velo,numeric,0.018771042586310023,0.015556712945302326,0.007171547412872315,0.010513186029935843,1.0,1.0,False,5
