Feature,Type,Univariate_Score,Perm_DeltaR2,Perm_DeltaMAE,Perm_DeltaAcc,Combined_Score,Stability_Freq,Selected,Rank
MRT,numeric,0.19961525576076694,0.05296522130643416,0.039014347230865644,0.04538686940682665,1.0,1.0,True,1
RH,numeric,0.005344435399548221,0.010079561640718118,0.006030614752977051,0.020695731369288033,1.0,1.0,True,2
Top,numeric,0.22641087588146216,0.1990119597812327,0.09387124929837899,0.09731923655658511,1.0,1.0,True,3
RATemp,numeric,0.2118439991855703,0.06610789166711417,0.04501844933442133,0.06170903619228638,1.0,1.0,False,4
Air Velo,numeric,0.018771042586310023,0.016361382414040393,0.008797052382049057,0.006888017739764001,1.0,1.0,False,5
