Feature,Type,Univariate_Score,Perm_DeltaR2,Perm_DeltaMAE,Perm_DeltaAcc,Combined_Score,Stability_Freq,Selected,Rank
Clothing,categorical,0.13212140341337114,0.006953088442484538,0.005818057060241699,0.0076862949452839915,1.0,1.0,True,1
Season,categorical,0.024364923877041998,0.007158172130584717,0.003238030274709066,0.0008771929824561394,1.0,1.0,True,2
Activity,categorical,0.003723005400763959,0.00132141908009847,0.001228777567545573,0.0013179607434427698,1.0,1.0,True,3
MRT,numeric,0.14295464481428105,0.018374292055765788,0.012988543510437012,0.009235134039719758,1.0,1.0,False,4
RH,numeric,0.0034558369527280227,0.005288926760355631,0.003857159614562989,0.0057111632215853135,1.0,1.0,False,5
Top,numeric,0.2583906156626027,0.14655487537384032,0.09257238705952961,0.04436627873313646,1.0,1.0,False,6
RATemp,numeric,0.25737310816365094,0.07948718468348184,0.05279930432637532,0.024392044467604655,1.0,1.0,False,7
Air Velo,numeric,0.021045774083030204,0.005824327468872071,0.005736319224039713,0.006808378206241668,1.0,1.0,False,8
