Feature,Type,Univariate_Score,Perm_DeltaR2,Perm_DeltaMAE,Perm_DeltaAcc,Combined_Score,Stability_Freq,Selected,Rank
Clothing,categorical,0.13212140341337114,0.002949095466387182,0.00195812876145125,0.0035123907127554933,1.0,1.0,True,1
Season,categorical,0.024364923877041998,0.01590857329471999,0.01237365215109407,0.007899079381622369,1.0,1.0,True,2
Activity,categorical,0.003723005400763959,0.0035818074983744825,0.0026764817925542046,0.0054969312720745825,1.0,1.0,True,3
MRT,numeric,0.14295464481428105,0.02844529615320725,0.01939314767901238,0.017349892884025237,1.0,1.0,False,4
RH,numeric,0.0034558369527280227,0.012237486874494425,0.009449363151619653,0.010759365410225239,1.0,1.0,False,5
Top,numeric,0.2583906156626027,0.09389258188573306,0.06451631237929864,0.04105436859475421,1.0,1.0,False,6
RATemp,numeric,0.25737310816365094,0.11110715714955291,0.07425817212518535,0.054903450871402935,1.0,1.0,False,7
Air Velo,numeric,0.021045774083030204,0.008406946358449253,0.006352858480670058,0.010321492675583355,1.0,1.0,False,8
