Feature,Type,Univariate_Score,Perm_DeltaR2,Perm_DeltaMAE,Perm_DeltaAcc,Combined_Score,Stability_Freq,Selected,Rank
Clothing,categorical,0.13212140341337114,0.020065080082308426,0.014464317029817075,0.017559782294018864,1.0,1.0,True,1
Season,categorical,0.024364923877041998,0.024356067303980027,0.015042506270748999,0.005050373458398464,1.0,1.0,True,2
Activity,categorical,0.003723005400763959,0.0032591399803387254,0.0044979241813333385,0.009654189103120847,1.0,1.0,True,3
MRT,numeric,0.14295464481428105,0.004223928681753504,0.003482594065108262,0.00747857680504892,1.0,1.0,False,4
RH,numeric,0.0034558369527280227,0.0014897569634963136,0.0024121216400547615,0.0017558334780846524,1.0,1.0,False,5
Top,numeric,0.2583906156626027,0.08346788781354127,0.055430992840835934,0.03338254878119391,1.0,1.0,False,6
RATemp,numeric,0.25737310816365094,0.09141854393619639,0.058930400783877956,0.04261768282091367,1.0,1.0,False,7
Air Velo,numeric,0.021045774083030204,0.0017819460559499011,0.002161481258870309,0.004399716287418214,1.0,1.0,False,8
