Feature,Type,Univariate_Score,Perm_DeltaR2,Perm_DeltaMAE,Perm_DeltaAcc,Combined_Score,Stability_Freq,Selected,Rank
Clothing,categorical,0.36107642774840565,0.002227701364618887,0.0010200159828714027,0.006275378368401629,1.0,1.0,True,1
Season,categorical,0.0,0.0,0.0,0.0,1.0,1.0,True,2
Activity,categorical,0.0,0.0,0.0,0.0,1.0,1.0,True,3
MRT,numeric,0.041044797892478044,0.0160608485704187,0.013858432242674829,0.026762643041712813,1.0,1.0,False,4
RH,numeric,0.0027651772560393123,0.01869412990057682,0.010874377721207983,0.02846068660022149,1.0,1.0,False,5
Top,numeric,0.06833100609793122,0.03156748303827146,0.024889460165401743,0.0314138058324105,1.0,1.0,False,6
RATemp,numeric,0.018579672702628686,0.015737703411959236,0.01439986059445186,0.03783684016242156,1.0,1.0,False,7
Air Velo,numeric,0.017172946142886843,0.012926889651220649,0.007926825194472307,0.028386858619416765,1.0,1.0,False,8
