Feature,Type,Univariate_Score,Perm_DeltaR2,Perm_DeltaMAE,Perm_DeltaAcc,Combined_Score,Stability_Freq,Selected,Rank
Clothing,categorical,0.36107642774840565,0.005481477578481038,0.0019657135009765623,0.004761904761904763,1.0,1.0,True,1
Season,categorical,0.0,0.0,0.0,0.0,1.0,1.0,True,2
Activity,categorical,0.0,0.0,0.0,0.0,1.0,1.0,True,3
MRT,numeric,0.041044797892478044,0.057911264896392825,0.033601407210032144,0.022185308231819856,1.0,1.0,False,4
RH,numeric,0.0027651772560393123,0.01763871908187866,0.007658807436625163,0.020561092654115914,1.0,1.0,False,5
Top,numeric,0.06833100609793122,0.02827468713124593,0.017965086301167804,0.011000369139904032,1.0,1.0,False,6
RATemp,numeric,0.018579672702628686,0.01760770877202352,0.011398851871490479,0.022185308231819863,1.0,1.0,False,7
Air Velo,numeric,0.017172946142886843,0.02273926337560018,0.01326690912246704,0.019047619047619053,1.0,1.0,False,8
