Feature,Type,Univariate_Score,Perm_DeltaR2,Perm_DeltaMAE,Perm_DeltaAcc,Combined_Score,Stability_Freq,Selected,Rank
Clothing,categorical,0.36107642774840565,0.009735479005964684,0.002092651044503557,0.0015873015873015856,1.0,1.0,True,1
Season,categorical,0.0,5.921189464667501e-17,2.2204460492503132e-17,0.0,1.0,1.0,True,2
Activity,categorical,0.0,5.921189464667501e-17,2.2204460492503132e-17,0.0,1.0,1.0,True,3
MRT,numeric,0.041044797892478044,0.019235891508682976,0.009507385439654556,0.022148394241417492,1.0,1.0,False,4
RH,numeric,0.0027651772560393123,0.01510172975194184,0.008846822620993462,0.007899593946105565,1.0,1.0,False,5
Top,numeric,0.06833100609793122,0.0555679926588241,0.029135437512177086,0.028460686600221476,1.0,1.0,False,6
RATemp,numeric,0.018579672702628686,0.006568108976375875,0.007163961344596825,0.023661867847914346,1.0,1.0,False,7
Air Velo,numeric,0.017172946142886843,0.055194626222965525,0.020753264715047764,0.023698781838316713,1.0,1.0,False,8
