Feature,Type,Univariate_Score,Perm_DeltaR2,Perm_DeltaMAE,Perm_DeltaAcc,Combined_Score,Stability_Freq,Selected,Rank
Clothing,categorical,0.39075433617284083,0.0,0.0,0.0,1.0,1.0,True,1
Season,categorical,0.3423220618313034,0.01326069620592106,0.00866610636092707,0.0036529680365296876,1.0,1.0,True,2
Activity,categorical,0.16546141439178608,0.0,0.0,0.0,1.0,1.0,True,3
MRT,numeric,0.33427764517134434,0.08538065997679348,0.05370237396286829,0.013698630136986297,1.0,1.0,False,4
RH,numeric,0.325604547468956,0.04312434920518689,0.029827797103249804,0.008904109589041101,1.0,1.0,False,5
Top,numeric,0.34820425437285063,0.03447143465144622,0.024103985747738248,0.0061643835616438415,1.0,1.0,False,6
RATemp,numeric,0.35396998660550694,0.028397366075070773,0.02041249927844392,0.0034246575342465778,1.0,1.0,False,7
Air Velo,numeric,0.12181591040826834,0.05462397949369653,0.03321916817283942,0.0068493150684931555,1.0,1.0,False,8
