Feature,Type,Univariate_Score,Perm_DeltaR2,Perm_DeltaMAE,Perm_DeltaAcc,Combined_Score,Stability_Freq,Selected,Rank
Clothing,categorical,0.39075433617284083,0.010201732255704792,0.007830798643180533,0.01073059360730593,1.0,1.0,True,1
Season,categorical,0.3423220618313034,0.05965506704275447,0.03988453143735689,0.019634703196347025,1.0,1.0,True,2
Activity,categorical,0.16546141439178608,0.011165795073468954,0.005680610019169389,0.003196347031963468,1.0,1.0,True,3
MRT,numeric,0.33427764517134434,0.08922733503227241,0.06237873169747812,0.029908675799086737,1.0,1.0,False,4
RH,numeric,0.325604547468956,0.06724388759183433,0.04648892683526339,0.029680365296803634,1.0,1.0,False,5
Top,numeric,0.34820425437285063,0.0874239426675397,0.06302976720137467,0.030365296803652946,1.0,1.0,False,6
RATemp,numeric,0.35396998660550694,0.05869112759755235,0.03923502306924967,0.023744292237442916,1.0,1.0,False,7
Air Velo,numeric,0.12181591040826834,0.05446890336654582,0.03444084606800912,0.010958904109589034,1.0,1.0,False,8
