Feature,Type,Univariate_Score,Perm_DeltaR2,Perm_DeltaMAE,Perm_DeltaAcc,Combined_Score,Stability_Freq,Selected,Rank
Clothing,categorical,0.39075433617284083,0.0034359064577995867,0.0037846626117892983,0.007305936073059356,1.0,1.0,True,1
Season,categorical,0.3423220618313034,0.2969599525043057,0.17217883755183525,0.0773972602739726,1.0,1.0,True,2
Activity,categorical,0.16546141439178608,0.0024552144204449326,0.0018362995369952818,0.0004566210045662118,1.0,1.0,True,3
MRT,numeric,0.33427764517134434,0.03519044499176434,0.028503152679056887,0.014611872146118721,1.0,1.0,False,4
RH,numeric,0.325604547468956,0.02118848019331098,0.01989139593320406,0.011415525114155252,1.0,1.0,False,5
Top,numeric,0.34820425437285063,0.008028355849660685,0.00898226845397469,0.010958904109589043,1.0,1.0,False,6
RATemp,numeric,0.35396998660550694,0.007663091053092019,0.008250174091107834,0.008219178082191783,1.0,1.0,False,7
Air Velo,numeric,0.12181591040826834,0.020767856651573723,0.01320738652712082,0.0073059360730593605,1.0,1.0,False,8
