Feature,Type,Univariate_Score,Perm_DeltaR2,Perm_DeltaMAE,Perm_DeltaAcc,Combined_Score,Stability_Freq,Selected,Rank
Clothing,categorical,0.39075433617284083,0.003778425852457682,0.0045735756556193035,0.008447488584474892,1.0,1.0,True,1
Season,categorical,0.3423220618313034,0.03472025394439697,0.02440754175186157,0.01712328767123288,1.0,1.0,True,2
Activity,categorical,0.16546141439178608,0.0006976008415222168,0.0004449248313903809,0.002511415525114158,1.0,1.0,True,3
MRT,numeric,0.33427764517134434,0.2646995504697164,0.16514248450597127,0.08333333333333334,1.0,1.0,False,4
RH,numeric,0.325604547468956,0.04971381425857544,0.03538344303766887,0.031050228310502293,1.0,1.0,False,5
Top,numeric,0.34820425437285063,0.041600330670674646,0.03353736400604248,0.022602739726027395,1.0,1.0,False,6
RATemp,numeric,0.35396998660550694,0.06423023144404093,0.04307791789372762,0.024657534246575335,1.0,1.0,False,7
Air Velo,numeric,0.12181591040826834,0.023484702905019125,0.014488871892293295,0.010730593607305935,1.0,1.0,False,8
