Feature,Type,Univariate_Score,Perm_DeltaR2,Perm_DeltaMAE,Perm_DeltaAcc,Combined_Score,Stability_Freq,Selected,Rank
MRT,numeric,0.19961525576076694,0.012594883115772787,0.00783751678290044,0.010901243367387337,1.0,1.0,True,1
RH,numeric,0.005344435399548221,0.0,0.0,0.0,1.0,1.0,True,2
Top,numeric,0.22641087588146216,0.07811005083464025,0.032800041793849384,0.02034529183495684,1.0,1.0,True,3
RATemp,numeric,0.2118439991855703,0.07933986355860137,0.03544597152437005,0.031585095430426854,1.0,1.0,False,4
Air Velo,numeric,0.018771042586310023,0.0,0.0,0.0,1.0,1.0,False,5
