Feature,Type,Univariate_Score,Perm_DeltaR2,Perm_DeltaMAE,Perm_DeltaAcc,Combined_Score,Stability_Freq,Selected,Rank
MRT,numeric,0.19961525576076694,0.008786258585174529,0.025949215167293028,0.04686386315039202,1.0,1.0,True,1
RH,numeric,0.005344435399548221,0.0,0.004073233667464053,0.01854359705393205,1.0,1.0,True,2
Top,numeric,0.22641087588146216,0.145898838620295,0.0839392291774578,0.07189554130038807,1.0,1.0,True,3
RATemp,numeric,0.2118439991855703,0.0401619749737668,0.049322477432328884,0.07119862200047519,1.0,1.0,False,4
Air Velo,numeric,0.018771042586310023,0.0008657644743653639,0.0027703754919955253,0.007996752989625416,1.0,1.0,False,5
