Feature,Type,Univariate_Score,Perm_DeltaR2,Perm_DeltaMAE,Perm_DeltaAcc,Combined_Score,Stability_Freq,Selected,Rank
MRT,numeric,0.19961525576076694,0.03846938610076904,0.02712996403376261,0.03195929357725508,1.0,1.0,True,1
RH,numeric,0.005344435399548221,0.006607381502787273,0.0037558674812316895,0.016345925397956748,1.0,1.0,True,2
Top,numeric,0.22641087588146216,0.2978839635848999,0.12025090853373208,0.07116298408172964,1.0,1.0,True,3
RATemp,numeric,0.2118439991855703,0.04114999373753865,0.03643119732538859,0.050867189356141596,1.0,1.0,False,4
Air Velo,numeric,0.018771042586310023,0.01135477622350057,0.005622955163319905,0.014520472004434942,1.0,1.0,False,5
