Feature,Type,Univariate_Score,Perm_DeltaR2,Perm_DeltaMAE,Perm_DeltaAcc,Combined_Score,Stability_Freq,Selected,Rank
MRT,numeric,0.19961525576076694,0.051181113906553666,0.036284337219413224,0.04646986615981627,1.0,1.0,True,1
RH,numeric,0.005344435399548221,0.012924965234203273,0.006566779443663047,0.01851389878831076,1.0,1.0,True,2
Top,numeric,0.22641087588146216,0.19628446312167153,0.08873851255890833,0.0744297933000713,1.0,1.0,True,3
RATemp,numeric,0.2118439991855703,0.07420998827037018,0.048495854173963106,0.05810762651461156,1.0,1.0,False,4
Air Velo,numeric,0.018771042586310023,0.010047206694722692,0.007456697278865665,0.01089134394551358,1.0,1.0,False,5
