Feature,Type,Univariate_Score,Perm_DeltaR2,Perm_DeltaMAE,Perm_DeltaAcc,Combined_Score,Stability_Freq,Selected,Rank
Clothing,categorical,0.36107642774840565,0.001990501085917155,0.0006556232770284018,0.0,1.0,1.0,True,1
Season,categorical,0.0,0.0,0.0,0.0,1.0,1.0,True,2
Activity,categorical,0.0,0.0,0.0,0.0,1.0,1.0,True,3
MRT,numeric,0.041044797892478044,0.03320984840393067,0.01492066780726115,0.020634920634920634,1.0,1.0,False,4
RH,numeric,0.0027651772560393123,0.026593152681986486,0.005932629108428955,0.019047619047619053,1.0,1.0,False,5
Top,numeric,0.06833100609793122,0.022513663768768313,0.017407564322153728,0.011000369139904034,1.0,1.0,False,6
RATemp,numeric,0.018579672702628686,0.01782171328862508,0.011033737659454345,0.015873015873015876,1.0,1.0,False,7
Air Velo,numeric,0.017172946142886843,0.021252405643463135,0.013399108250935873,0.012698412698412698,1.0,1.0,False,8
