Feature,Type,Univariate_Score,Perm_DeltaR2,Perm_DeltaMAE,Perm_DeltaAcc,Combined_Score,Stability_Freq,Selected,Rank
Clothing,categorical,0.36107642774840565,0.0006612976079583813,0.0004332514163976805,0.003174603174603178,1.0,1.0,True,1
Season,categorical,0.0,0.0,0.0,0.0,1.0,1.0,True,2
Activity,categorical,0.0,0.0,0.0,0.0,1.0,1.0,True,3
MRT,numeric,0.041044797892478044,0.021863549556454087,0.019591670801035306,0.026836471022517544,1.0,1.0,False,4
RH,numeric,0.0027651772560393123,0.020355873686666505,0.010605323547802836,0.025322997416020676,1.0,1.0,False,5
Top,numeric,0.06833100609793122,0.03217105855582547,0.02139120998756763,0.00944998154300481,1.0,1.0,False,6
RATemp,numeric,0.018579672702628686,0.01784054612973026,0.015094053705872943,0.0330749354005168,1.0,1.0,False,7
Air Velo,numeric,0.017172946142886843,0.0118448368095509,0.006386390257087471,0.020598006644518274,1.0,1.0,False,8
