Feature,Type,Univariate_Score,Perm_DeltaR2,Perm_DeltaMAE,Perm_DeltaAcc,Combined_Score,Stability_Freq,Selected,Rank
Clothing,categorical,0.36107642774840565,0.02682614081122674,0.00997898743239151,0.011111111111111105,1.0,1.0,True,1
Season,categorical,0.0,3.700743415417189e-17,1.4802973661668754e-17,0.0,1.0,1.0,True,2
Activity,categorical,0.0,3.700743415417189e-17,0.0,0.0,1.0,1.0,True,3
MRT,numeric,0.041044797892478044,0.03035358937436734,0.014092931442524539,0.009523809523809513,1.0,1.0,False,4
RH,numeric,0.0027651772560393123,0.010881275431994509,0.011179268388059249,0.009523809523809514,1.0,1.0,False,5
Top,numeric,0.06833100609793122,0.059963441805603666,0.03601788845756253,0.02849760059062384,1.0,1.0,False,6
RATemp,numeric,0.018579672702628686,0.017272481243497242,0.011249969877614603,0.015873015873015865,1.0,1.0,False,7
Air Velo,numeric,0.017172946142886843,0.0355063993012034,0.01378062436668261,0.012587670727205605,1.0,1.0,False,8
