Feature,Type,Univariate_Score,Perm_DeltaR2,Perm_DeltaMAE,Perm_DeltaAcc,Combined_Score,Stability_Freq,Selected,Rank
Clothing,categorical,0.13212140341337114,0.007233866055806479,0.005519636472066243,0.005267500434253942,1.0,1.0,True,1
Season,categorical,0.024364923877041998,0.0071495771408081055,0.0035408377647399903,0.000659342250014483,1.0,1.0,True,2
Activity,categorical,0.003723005400763959,0.0010199228922526042,0.000922826925913493,0.0013186845000289474,1.0,1.0,True,3
MRT,numeric,0.14295464481428105,0.0211141308148702,0.01418290138244629,0.008790747495802212,1.0,1.0,False,4
RH,numeric,0.0034558369527280227,0.004238816102345785,0.0029665271441141764,0.00373675525447282,1.0,1.0,False,5
Top,numeric,0.2583906156626027,0.143741238117218,0.08838563362757365,0.03712943662787331,1.0,1.0,False,6
RATemp,numeric,0.25737310816365094,0.08528403838475544,0.05613989432652792,0.029228909733078567,1.0,1.0,False,7
Air Velo,numeric,0.021045774083030204,0.01017303466796875,0.00792773962020874,0.009007150715071504,1.0,1.0,False,8
