Feature,Type,Univariate_Score,Perm_DeltaR2,Perm_DeltaMAE,Perm_DeltaAcc,Combined_Score,Stability_Freq,Selected,Rank
Clothing,categorical,0.13212140341337114,0.01732353488679774,0.014135130262844946,0.015376932430085111,1.0,1.0,True,1
Season,categorical,0.024364923877041998,0.02532971582425298,0.015154379552861105,0.006151930982571937,1.0,1.0,True,2
Activity,categorical,0.003723005400763959,0.0011246331294040143,0.0023317755206878916,0.006581842394765796,1.0,1.0,True,3
MRT,numeric,0.14295464481428105,0.0032084325579180804,0.0027392081209765295,0.0070378090440623015,1.0,1.0,False,4
RH,numeric,0.0034558369527280227,0.000495461097013683,0.002908873542064283,0.007461930403566674,1.0,1.0,False,5
Top,numeric,0.2583906156626027,0.08212675788803322,0.05334172254196943,0.035372879393202473,1.0,1.0,False,6
RATemp,numeric,0.25737310816365094,0.08320337278732085,0.05515664462524918,0.03578903943025881,1.0,1.0,False,7
Air Velo,numeric,0.021045774083030204,0.0020167723473481537,0.0028215614320974787,0.010548752243645418,1.0,1.0,False,8
