Feature,Type,Univariate_Score,Perm_DeltaR2,Perm_DeltaMAE,Perm_DeltaAcc,Combined_Score,Stability_Freq,Selected,Rank
Clothing,categorical,0.13212140341337114,0.00343810068281439,0.002130448198209918,0.0048296276996120675,1.0,1.0,True,1
Season,categorical,0.024364923877041998,0.017674179727204642,0.012904059763016553,0.006363267905737942,1.0,1.0,True,2
Activity,categorical,0.003723005400763959,0.004431677465403939,0.0032761742856419313,0.004176799258873265,1.0,1.0,True,3
MRT,numeric,0.14295464481428105,0.024783945179629736,0.016314067043803795,0.017133489664755953,1.0,1.0,False,4
RH,numeric,0.0034558369527280227,0.0143343117460071,0.010398434184480838,0.01361169011638006,1.0,1.0,False,5
Top,numeric,0.2583906156626027,0.10891842978377844,0.07445155744681868,0.04676118927682242,1.0,1.0,False,6
RATemp,numeric,0.25737310816365094,0.10491448622766357,0.07291434940313649,0.04898167448323779,1.0,1.0,False,7
Air Velo,numeric,0.021045774083030204,0.008335031588931695,0.007008215463029713,0.010099299403624576,1.0,1.0,False,8
