Feature,Type,Univariate_Score,Perm_DeltaR2,Perm_DeltaMAE,Perm_DeltaAcc,Combined_Score,Stability_Freq,Selected,Rank
Clothing,categorical,0.39075433617284083,0.0,0.0,0.0,1.0,1.0,True,1
Season,categorical,0.3423220618313034,0.012463211896230394,0.007919315583142131,0.0045662100456621045,1.0,1.0,True,2
Activity,categorical,0.16546141439178608,0.0,0.0,0.0,1.0,1.0,True,3
MRT,numeric,0.33427764517134434,0.07927499953786629,0.04879554968428525,0.01141552511415525,1.0,1.0,False,4
RH,numeric,0.325604547468956,0.041861593156534135,0.0289138564662834,0.007305936073059365,1.0,1.0,False,5
Top,numeric,0.34820425437285063,0.03445856676686475,0.025116337850180952,0.0052511415525114185,1.0,1.0,False,6
RATemp,numeric,0.35396998660550694,0.02703835544493871,0.019033620084891505,0.004109589041095896,1.0,1.0,False,7
Air Velo,numeric,0.12181591040826834,0.054276652857968,0.031756734148179644,0.008904109589041101,1.0,1.0,False,8
