Feature,Type,Univariate_Score,Perm_DeltaR2,Perm_DeltaMAE,Perm_DeltaAcc,Combined_Score,Stability_Freq,Selected,Rank
Clothing,categorical,0.39075433617284083,0.0037660121917724608,0.0031463305155436196,0.005936073059360728,1.0,1.0,True,1
Season,categorical,0.3423220618313034,0.03706576029459635,0.025691946347554524,0.025342465753424647,1.0,1.0,True,2
Activity,categorical,0.16546141439178608,0.0005526145299275717,0.0004102468490600586,0.0038812785388127858,1.0,1.0,True,3
MRT,numeric,0.33427764517134434,0.2547669450441996,0.15767615636189777,0.08173515981735159,1.0,1.0,False,4
RH,numeric,0.325604547468956,0.0475209911664327,0.03541346788406372,0.034703196347031964,1.0,1.0,False,5
Top,numeric,0.34820425437285063,0.04460738897323609,0.03703586260477702,0.021689497716894986,1.0,1.0,False,6
RATemp,numeric,0.35396998660550694,0.07386453946431479,0.04833374420801799,0.026484018264840183,1.0,1.0,False,7
Air Velo,numeric,0.12181591040826834,0.021834139029184976,0.011553823947906492,0.010273972602739722,1.0,1.0,False,8
