Feature,Type,Univariate_Score,Perm_DeltaR2,Perm_DeltaMAE,Perm_DeltaAcc,Combined_Score,Stability_Freq,Selected,Rank
Clothing,categorical,0.39075433617284083,0.0015387097883802364,0.004625803989772733,0.0073059360730593605,1.0,1.0,True,1
Season,categorical,0.3423220618313034,0.3113446131820078,0.18741390222094179,0.08995433789954337,1.0,1.0,True,2
Activity,categorical,0.16546141439178608,0.002965592816742328,0.002279708601294087,0.0009132420091324201,1.0,1.0,True,3
MRT,numeric,0.33427764517134434,0.030982830743189905,0.02619206659943451,0.012785388127853878,1.0,1.0,False,4
RH,numeric,0.325604547468956,0.023896405746562932,0.01743338596337986,0.008219178082191785,1.0,1.0,False,5
Top,numeric,0.34820425437285063,0.006956775136153943,0.008161344575100302,0.010730593607305935,1.0,1.0,False,6
RATemp,numeric,0.35396998660550694,0.009344042706825881,0.007852837821480616,0.006164383561643834,1.0,1.0,False,7
Air Velo,numeric,0.12181591040826834,0.023293218927734956,0.014907962742735942,0.011415525114155254,1.0,1.0,False,8
