Feature,Type,Univariate_Score,Perm_DeltaR2,Perm_DeltaMAE,Perm_DeltaAcc,Combined_Score,Stability_Freq,Selected,Rank
Clothing,categorical,0.39075433617284083,0.009617558141973213,0.008461041120730437,0.007305936073059345,1.0,1.0,True,1
Season,categorical,0.3423220618313034,0.06221953450946971,0.04119216891199088,0.023059360730593594,1.0,1.0,True,2
Activity,categorical,0.16546141439178608,0.01164149775561798,0.005526815418274799,0.003652968036529676,1.0,1.0,True,3
MRT,numeric,0.33427764517134434,0.09405214346025265,0.0659905421894736,0.030365296803652943,1.0,1.0,False,4
RH,numeric,0.325604547468956,0.07065751818394435,0.050169829614121794,0.02876712328767122,1.0,1.0,False,5
Top,numeric,0.34820425437285063,0.08576657260274802,0.06218462036420398,0.03767123287671231,1.0,1.0,False,6
RATemp,numeric,0.35396998660550694,0.054888922649840355,0.03591618358895428,0.023515981735159803,1.0,1.0,False,7
Air Velo,numeric,0.12181591040826834,0.055170478065888616,0.03403571010236187,0.011643835616438346,1.0,1.0,False,8
