Feature,Type,Univariate_Score,Perm_DeltaR2,Perm_DeltaMAE,Perm_DeltaAcc,Combined_Score,Stability_Freq,Selected,Rank
MRT,numeric,0.19961525576076694,0.04628964880520796,0.03504181913324438,0.04608576859111428,1.0,1.0,True,1
RH,numeric,0.005344435399548221,0.012320367058433061,0.0070455161917574085,0.017432881919695886,1.0,1.0,True,2
Top,numeric,0.22641087588146216,0.20988576835820116,0.09626979657997536,0.0827670864021541,1.0,1.0,True,3
RATemp,numeric,0.2118439991855703,0.06372270787273678,0.04553116973246208,0.056996911380375395,1.0,1.0,False,4
Air Velo,numeric,0.018771042586310023,0.022337343123837217,0.01232593320462556,0.011255642670468044,1.0,1.0,False,5
