Feature,Type,Univariate_Score,Perm_DeltaR2,Perm_DeltaMAE,Perm_DeltaAcc,Combined_Score,Stability_Freq,Selected,Rank
MRT,numeric,0.19961525576076694,0.011809706130585889,0.007726626033629806,0.00762057495842243,1.0,1.0,True,1
RH,numeric,0.005344435399548221,0.0,0.0,0.0,1.0,1.0,True,2
Top,numeric,0.22641087588146216,0.07600588426482871,0.03359377497527437,0.019624613922546916,1.0,1.0,True,3
RATemp,numeric,0.2118439991855703,0.06556122629233857,0.029153346729678436,0.01670428446978696,1.0,1.0,False,4
Air Velo,numeric,0.018771042586310023,0.0,0.0,0.0,1.0,1.0,False,5
