Feature,Type,Univariate_Score,Perm_DeltaR2,Perm_DeltaMAE,Perm_DeltaAcc,Combined_Score,Stability_Freq,Selected,Rank
MRT,numeric,0.19961525576076694,0.043424475193023684,0.03029274145762126,0.03523798210184524,1.0,1.0,True,1
RH,numeric,0.005344435399548221,0.0032435576121012367,0.003476369380950928,0.01197236081412845,1.0,1.0,True,2
Top,numeric,0.22641087588146216,0.30707966486612953,0.12644285360972088,0.07952997544943376,1.0,1.0,True,3
RATemp,numeric,0.2118439991855703,0.04142264127731323,0.03851524988810221,0.05847588500831552,1.0,1.0,False,4
Air Velo,numeric,0.018771042586310023,0.017199699083964032,0.010251947244008384,0.012340619307832416,1.0,1.0,False,5
