Feature,Type,Univariate_Score,Perm_DeltaR2,Perm_DeltaMAE,Perm_DeltaAcc,Combined_Score,Stability_Freq,Selected,Rank
MRT,numeric,0.19961525576076694,0.0068514045403723035,0.02302761926442634,0.04647580581294052,1.0,1.0,True,1
RH,numeric,0.005344435399548221,0.0,0.005367415866377242,0.03051793775243526,1.0,1.0,True,2
Top,numeric,0.22641087588146216,0.16234522264586967,0.09268872007286773,0.0903896412449513,1.0,1.0,True,3
RATemp,numeric,0.2118439991855703,0.043323524273674086,0.048222560049702566,0.07301219608774848,1.0,1.0,False,4
Air Velo,numeric,0.018771042586310023,0.0014005881045392392,0.0017815334334979466,0.008355112061455616,1.0,1.0,False,5
