Feature,Type,Univariate_Score,Perm_DeltaR2,Perm_DeltaMAE,Perm_DeltaAcc,Combined_Score,Stability_Freq,Selected,Rank
Clothing,categorical,0.36107642774840565,0.037947258469247236,0.01952559380123712,0.02539682539682539,1.0,1.0,True,1
Season,categorical,0.0,7.401486830834377e-18,1.4802973661668754e-17,0.0,1.0,1.0,True,2
Activity,categorical,0.0,4.4408920985006264e-17,7.401486830834377e-18,0.0,1.0,1.0,True,3
MRT,numeric,0.041044797892478044,0.02135086447628489,0.009074246383353206,0.015762273901808777,1.0,1.0,False,4
RH,numeric,0.0027651772560393123,0.013282752615476335,0.015487059228695555,0.01269841269841269,1.0,1.0,False,5
Top,numeric,0.06833100609793122,0.04935583857222029,0.03060464466823535,0.02358803986710963,1.0,1.0,False,6
RATemp,numeric,0.018579672702628686,0.010881092849190189,0.008333957073979622,0.017349575489110362,1.0,1.0,False,7
Air Velo,numeric,0.017172946142886843,0.02665132773489943,0.007958748091754652,0.006312292358803981,1.0,1.0,False,8
