Feature,Type,Univariate_Score,Perm_DeltaR2,Perm_DeltaMAE,Perm_DeltaAcc,Combined_Score,Stability_Freq,Selected,Rank
Clothing,categorical,0.13212140341337114,0.0030134586532458486,0.0015481174122089789,0.004168114179839033,1.0,1.0,True,1
Season,categorical,0.024364923877041998,0.016310280094511884,0.011823095919179858,0.00965925539922413,1.0,1.0,True,2
Activity,categorical,0.003723005400763959,0.0032639229959839323,0.0026644783029532585,0.004837589022060111,1.0,1.0,True,3
MRT,numeric,0.14295464481428105,0.031746554793146614,0.021799943506884002,0.021083029355567145,1.0,1.0,False,4
RH,numeric,0.0034558369527280227,0.012921812705730057,0.010377784067704014,0.014049562851021954,1.0,1.0,False,5
Top,numeric,0.2583906156626027,0.09208120902812138,0.06748321013362671,0.049615685252735804,1.0,1.0,False,6
RATemp,numeric,0.25737310816365094,0.10211976387807498,0.06839738242812313,0.047440796711250066,1.0,1.0,False,7
Air Velo,numeric,0.021045774083030204,0.010482122830114907,0.009206741011391805,0.012954519136124137,1.0,1.0,False,8
