Feature,Type,Univariate_Score,Perm_DeltaR2,Perm_DeltaMAE,Perm_DeltaAcc,Combined_Score,Stability_Freq,Selected,Rank
Clothing,categorical,0.36107642774840565,0.0014466468233395996,0.0008573248091102639,0.001587301587301589,1.0,1.0,True,1
Season,categorical,0.0,0.0,0.0,0.0,1.0,1.0,True,2
Activity,categorical,0.0,0.0,0.0,0.0,1.0,1.0,True,3
MRT,numeric,0.041044797892478044,0.03236601939070073,0.01963451522210848,0.02037652270210411,1.0,1.0,False,4
RH,numeric,0.0027651772560393123,0.009230956874532925,0.005336144219716435,0.022148394241417502,1.0,1.0,False,5
Top,numeric,0.06833100609793122,0.03596552910457364,0.020525650182206673,0.009376153562200073,1.0,1.0,False,6
RATemp,numeric,0.018579672702628686,0.01970068201466558,0.014282974568417598,0.03942414174972314,1.0,1.0,False,7
Air Velo,numeric,0.017172946142886843,0.006822667791333048,0.0051862679621199614,0.019047619047619056,1.0,1.0,False,8
