Feature,Type,Univariate_Score,Perm_DeltaR2,Perm_DeltaMAE,Perm_DeltaAcc,Combined_Score,Stability_Freq,Selected,Rank
Clothing,categorical,0.13212140341337114,0.01989998873176561,0.014501643078622539,0.012518093914654624,1.0,1.0,True,1
Season,categorical,0.024364923877041998,0.023877089361053972,0.01629323579541086,0.0072433559145388265,1.0,1.0,True,2
Activity,categorical,0.003723005400763959,0.0017235225651242546,0.002633878525684471,0.008121996410167335,1.0,1.0,True,3
MRT,numeric,0.14295464481428105,0.0032529933338139097,0.0027366693754854233,0.004179694285217998,1.0,1.0,False,4
RH,numeric,0.0034558369527280227,0.00031200167524613555,0.0025377970287548657,0.004391031208383996,1.0,1.0,False,5
Top,numeric,0.2583906156626027,0.0864909721459261,0.05490795882656788,0.036902177059811234,1.0,1.0,False,6
RATemp,numeric,0.25737310816365094,0.07247227296723247,0.04915546725246555,0.034693271958774814,1.0,1.0,False,7
Air Velo,numeric,0.021045774083030204,0.0012758237744612266,0.002032724248359415,0.0032967112500723776,1.0,1.0,False,8
