Feature,Type,Univariate_Score,Perm_DeltaR2,Perm_DeltaMAE,Perm_DeltaAcc,Combined_Score,Stability_Freq,Selected,Rank
Clothing,categorical,0.13212140341337114,0.007500600814819336,0.00572588841120402,0.004829627699612064,1.0,1.0,True,1
Season,categorical,0.024364923877041998,0.008550139268239339,0.004675602912902832,0.0013172369868565848,1.0,1.0,True,2
Activity,categorical,0.003723005400763959,0.0012412110964457193,0.001046609878540039,0.0017572809912570226,1.0,1.0,True,3
MRT,numeric,0.14295464481428105,0.023526446024576823,0.015967126687367755,0.009674454287534015,1.0,1.0,False,4
RH,numeric,0.0034558369527280227,0.005621759096781412,0.004257265726725261,0.005711163221585313,1.0,1.0,False,5
Top,numeric,0.2583906156626027,0.1328977902730306,0.08442232211430867,0.04262274911701697,1.0,1.0,False,6
RATemp,numeric,0.25737310816365094,0.08871287504831951,0.0598902702331543,0.029230357246250938,1.0,1.0,False,7
Air Velo,numeric,0.021045774083030204,0.006103833516438803,0.005155364672342936,0.009450813502402863,1.0,1.0,False,8
