Feature,Type,Univariate_Score,Perm_DeltaR2,Perm_DeltaMAE,Perm_DeltaAcc,Combined_Score,Stability_Freq,Selected,Rank
Clothing,categorical,0.36107642774840565,0.004743750890096028,0.002241881688435873,0.0,1.0,1.0,True,1
Season,categorical,0.0,0.0,0.0,0.0,1.0,1.0,True,2
Activity,categorical,0.0,0.0,0.0,0.0,1.0,1.0,True,3
MRT,numeric,0.041044797892478044,0.029629854361216224,0.01703188419342041,0.02218530823181986,1.0,1.0,False,4
RH,numeric,0.0027651772560393123,0.011131505171457926,0.004198424021402995,0.02535991140642303,1.0,1.0,False,5
Top,numeric,0.06833100609793122,0.022630830605824787,0.014998761812845868,0.014174972314507202,1.0,1.0,False,6
RATemp,numeric,0.018579672702628686,0.025404695669809973,0.01727430025736491,0.023809523809523815,1.0,1.0,False,7
Air Velo,numeric,0.017172946142886843,0.018330148855845132,0.009942611058553059,0.0126984126984127,1.0,1.0,False,8
