Feature,Type,Univariate_Score,Perm_DeltaR2,Perm_DeltaMAE,Perm_DeltaAcc,Combined_Score,Stability_Freq,Selected,Rank
Clothing,categorical,0.39075433617284083,0.009622640324800699,0.006972101749998782,0.005251141552511403,1.0,1.0,True,1
Season,categorical,0.3423220618313034,0.06326866856485609,0.04285234411105039,0.01986301369863012,1.0,1.0,True,2
Activity,categorical,0.16546141439178608,0.012658042000675765,0.006731282259625946,0.003881278538812779,1.0,1.0,True,3
MRT,numeric,0.33427764517134434,0.09945975347075434,0.06715952155643548,0.029680365296803634,1.0,1.0,False,4
RH,numeric,0.325604547468956,0.07095811570191028,0.04797282772661347,0.02648401826484017,1.0,1.0,False,5
Top,numeric,0.34820425437285063,0.09354631669025745,0.06598184297293383,0.04018264840182647,1.0,1.0,False,6
RATemp,numeric,0.35396998660550694,0.056651732933140006,0.03836644449255564,0.02077625570776254,1.0,1.0,False,7
Air Velo,numeric,0.12181591040826834,0.054970019931368866,0.034834396723404784,0.010958904109589034,1.0,1.0,False,8
