Feature,Type,Univariate_Score,Perm_DeltaR2,Perm_DeltaMAE,Perm_DeltaAcc,Combined_Score,Stability_Freq,Selected,Rank
Clothing,categorical,0.39075433617284083,0.0015535990397135416,0.0029367446899414063,0.005936073059360728,1.0,1.0,True,1
Season,categorical,0.3423220618313034,0.03412424723307291,0.02396932045618693,0.021917808219178093,1.0,1.0,True,2
Activity,categorical,0.16546141439178608,0.0005173126856486003,0.00043099323908487956,0.0022831050228310557,1.0,1.0,True,3
MRT,numeric,0.33427764517134434,0.24686736265818277,0.1502013882001241,0.0732876712328767,1.0,1.0,False,4
RH,numeric,0.325604547468956,0.052578981717427566,0.03733429908752441,0.028310502283105016,1.0,1.0,False,5
Top,numeric,0.34820425437285063,0.04262367486953736,0.03260989189147949,0.020776255707762557,1.0,1.0,False,6
RATemp,numeric,0.35396998660550694,0.06649388074874878,0.04320443868637085,0.02237442922374428,1.0,1.0,False,7
Air Velo,numeric,0.12181591040826834,0.02728351354598999,0.014487020174662274,0.010958904109589036,1.0,1.0,False,8
