Feature,Type,Univariate_Score,Perm_DeltaR2,Perm_DeltaMAE,Perm_DeltaAcc,Combined_Score,Stability_Freq,Selected,Rank
Clothing,categorical,0.39075433617284083,0.005002189519226115,0.006663608876483584,0.01187214611872146,1.0,1.0,True,1
Season,categorical,0.3423220618313034,0.30597974363842817,0.1816929176001049,0.0824200913242009,1.0,1.0,True,2
Activity,categorical,0.16546141439178608,0.002997987354928807,0.0022438395179532095,0.0006849315068493178,1.0,1.0,True,3
MRT,numeric,0.33427764517134434,0.028255389445711813,0.02386138161104061,0.010958904109589036,1.0,1.0,False,4
RH,numeric,0.325604547468956,0.018825318951030907,0.015417767228440118,0.008904109589041103,1.0,1.0,False,5
Top,numeric,0.34820425437285063,0.00938940187325948,0.010528812745170622,0.01689497716894977,1.0,1.0,False,6
RATemp,numeric,0.35396998660550694,0.00848595505823877,0.008929730336525762,0.01643835616438356,1.0,1.0,False,7
Air Velo,numeric,0.12181591040826834,0.025419643694932593,0.014725611342361994,0.012557077625570779,1.0,1.0,False,8
