Feature,Type,Univariate_Score,Perm_DeltaR2,Perm_DeltaMAE,Perm_DeltaAcc,Combined_Score,Stability_Freq,Selected,Rank
Clothing,categorical,0.39075433617284083,0.0,0.0,0.0,1.0,1.0,True,1
Season,categorical,0.3423220618313034,0.012733333376871733,0.008547926546401057,0.004566210045662104,1.0,1.0,True,2
Activity,categorical,0.16546141439178608,0.0,0.0,0.0,1.0,1.0,True,3
MRT,numeric,0.33427764517134434,0.08531754577666524,0.05328986691856532,0.014383561643835622,1.0,1.0,False,4
RH,numeric,0.325604547468956,0.041785422589242664,0.02837726292112952,0.010730593607305937,1.0,1.0,False,5
Top,numeric,0.34820425437285063,0.0342772385618031,0.02318749903175695,0.004794520547945206,1.0,1.0,False,6
RATemp,numeric,0.35396998660550694,0.025657572976087527,0.01778121228797421,0.0013698630136986319,1.0,1.0,False,7
Air Velo,numeric,0.12181591040826834,0.05858540322845969,0.03234740002624505,0.005251141552511418,1.0,1.0,False,8
