Feature,Type,Univariate_Score,Perm_DeltaR2,Perm_DeltaMAE,Perm_DeltaAcc,Combined_Score,Stability_Freq,Selected,Rank
MRT,numeric,0.19961525576076694,0.04284188778129452,0.0342838395184187,0.037370317573453715,1.0,1.0,True,1
RH,numeric,0.005344435399548221,0.012736360344024575,0.00681842889726266,0.017793220875900847,1.0,1.0,True,2
Top,numeric,0.22641087588146216,0.20214408919875354,0.09006667653011768,0.08494891898313138,1.0,1.0,True,3
RATemp,numeric,0.2118439991855703,0.06822316798133565,0.048868603865941614,0.05518531717747684,1.0,1.0,False,4
Air Velo,numeric,0.018771042586310023,0.01774969161470371,0.010479132951120382,0.011606082204799244,1.0,1.0,False,5
