Feature,Type,Univariate_Score,Perm_DeltaR2,Perm_DeltaMAE,Perm_DeltaAcc,Combined_Score,Stability_Freq,Selected,Rank
MRT,numeric,0.19961525576076694,0.013492723299115767,0.008053641074457097,0.01525698899184287,1.0,1.0,True,1
RH,numeric,0.005344435399548221,0.0,0.0,0.0,1.0,1.0,True,2
Top,numeric,0.22641087588146216,0.0749139504865329,0.03300360682680788,0.019590955888176123,1.0,1.0,True,3
RATemp,numeric,0.2118439991855703,0.06870862555719463,0.030408918834427,0.01780510018214936,1.0,1.0,False,4
Air Velo,numeric,0.018771042586310023,0.0,0.0,0.0,1.0,1.0,False,5
