Feature,Type,Univariate_Score,Perm_DeltaR2,Perm_DeltaMAE,Perm_DeltaAcc,Combined_Score,Stability_Freq,Selected,Rank
MRT,numeric,0.19961525576076694,0.013192556752303575,0.027887490708022544,0.054832897758770885,1.0,1.0,True,1
RH,numeric,0.005344435399548221,0.0,0.005657377728577003,0.02180446661914944,1.0,1.0,True,2
Top,numeric,0.22641087588146216,0.14076924925320317,0.07954779213233659,0.06825453393521819,1.0,1.0,True,3
RATemp,numeric,0.2118439991855703,0.03605752357048804,0.04597596021998533,0.07299041735962619,1.0,1.0,False,4
Air Velo,numeric,0.018771042586310023,0.0,0.00019662724843244974,0.00872931020828384,1.0,1.0,False,5
