Feature,Type,Univariate_Score,Perm_DeltaR2,Perm_DeltaMAE,Perm_DeltaAcc,Combined_Score,Stability_Freq,Selected,Rank
MRT,numeric,0.19961525576076694,0.04146970907847087,0.03144444624582926,0.04177358042290329,1.0,1.0,True,1
RH,numeric,0.005344435399548221,0.010156083106994628,0.006817825635274251,0.018886117050764227,1.0,1.0,True,2
Top,numeric,0.22641087588146216,0.3451206962267558,0.14019912083943684,0.09332185000395976,1.0,1.0,True,3
RATemp,numeric,0.2118439991855703,0.04055136442184449,0.036599413553873694,0.06575987962303001,1.0,1.0,False,4
Air Velo,numeric,0.018771042586310023,0.007614684104919433,0.005549871921539306,0.013795834323275514,1.0,1.0,False,5
