Feature,Type,Univariate_Score,Perm_DeltaR2,Perm_DeltaMAE,Perm_DeltaAcc,Combined_Score,Stability_Freq,Selected,Rank
Clothing,categorical,0.13212140341337114,0.017057069305234984,0.013209395775708432,0.015579584274216896,1.0,1.0,True,1
Season,categorical,0.024364923877041998,0.026242496619517237,0.01707277996861877,0.007684847432111633,1.0,1.0,True,2
Activity,categorical,0.003723005400763959,0.0012546289480881284,0.003114607764297091,0.008121996410167332,1.0,1.0,True,3
MRT,numeric,0.14295464481428105,0.003710740117353203,0.002784905254968943,0.007036361530889923,1.0,1.0,False,4
RH,numeric,0.0034558369527280227,0.0008349359410057655,0.002547753709335939,0.0030737942215274114,1.0,1.0,False,5
Top,numeric,0.2583906156626027,0.09514728637926562,0.06037635719323414,0.038662353077413,1.0,1.0,False,6
RATemp,numeric,0.25737310816365094,0.07617291634362931,0.05097691600497818,0.03228678130970991,1.0,1.0,False,7
Air Velo,numeric,0.021045774083030204,0.0026250395174890846,0.003968806274586578,0.004173180475942324,1.0,1.0,False,8
