Feature,Type,Univariate_Score,Perm_DeltaR2,Perm_DeltaMAE,Perm_DeltaAcc,Combined_Score,Stability_Freq,Selected,Rank
Clothing,categorical,0.36107642774840565,0.0007140788922761562,0.00021631366493946779,0.0031376891842008125,1.0,1.0,True,1
Season,categorical,0.0,0.0,0.0,0.0,1.0,1.0,True,2
Activity,categorical,0.0,0.0,0.0,0.0,1.0,1.0,True,3
MRT,numeric,0.041044797892478044,0.03363799012172976,0.0237054732370104,0.03152454780361759,1.0,1.0,False,4
RH,numeric,0.0027651772560393123,0.021362568417140487,0.009611145431017657,0.023735695828719088,1.0,1.0,False,5
Top,numeric,0.06833100609793122,0.03453758387643216,0.023438409851431582,0.03300110741971207,1.0,1.0,False,6
RATemp,numeric,0.018579672702628686,0.018745524733339073,0.015454752914469258,0.03303802141011443,1.0,1.0,False,7
Air Velo,numeric,0.017172946142886843,0.0069592574817800195,0.005419363391226869,0.017386489479512744,1.0,1.0,False,8
