Feature,Type,Univariate_Score,Perm_DeltaR2,Perm_DeltaMAE,Perm_DeltaAcc,Combined_Score,Stability_Freq,Selected,Rank
Clothing,categorical,0.13212140341337114,0.005327785015106201,0.00433816909790039,0.006584013664524342,1.0,1.0,True,1
Season,categorical,0.024364923877041998,0.00582503080368042,0.001929040749867757,0.0006593422500144793,1.0,1.0,True,2
Activity,categorical,0.003723005400763959,0.0010650038719177246,0.0009453177452087404,0.0013172369868565848,1.0,1.0,True,3
MRT,numeric,0.14295464481428105,0.022839490572611493,0.016222278277079262,0.00988579121070001,1.0,1.0,False,4
RH,numeric,0.0034558369527280227,0.003975987434387206,0.003206507364908854,0.004834693995715363,1.0,1.0,False,5
Top,numeric,0.2583906156626027,0.13567479054133097,0.08477874199549357,0.04217474379016849,1.0,1.0,False,6
RATemp,numeric,0.25737310816365094,0.09097720384597778,0.05868387222290039,0.027026518441317822,1.0,1.0,False,7
Air Velo,numeric,0.021045774083030204,0.008543817202250163,0.006720709800720215,0.0072491459672282986,1.0,1.0,False,8
