Feature,Type,Univariate_Score,Perm_DeltaR2,Perm_DeltaMAE,Perm_DeltaAcc,Combined_Score,Stability_Freq,Selected,Rank
Clothing,categorical,0.13212140341337114,0.003540453358412813,0.0020363441848919956,0.0032930924671414528,1.0,1.0,True,1
Season,categorical,0.024364923877041998,0.01783610305455082,0.01430044540712808,0.011852237855364482,1.0,1.0,True,2
Activity,categorical,0.003723005400763959,0.003597930159225027,0.0033744623270066517,0.005274014243529623,1.0,1.0,True,3
MRT,numeric,0.14295464481428105,0.026980353007557932,0.020015361516807974,0.02217879682705113,1.0,1.0,False,4
RH,numeric,0.0034558369527280227,0.01398755810651194,0.010818365460673095,0.013170198598807253,1.0,1.0,False,5
Top,numeric,0.2583906156626027,0.09664165701978132,0.06535102686383178,0.04697759249609172,1.0,1.0,False,6
RATemp,numeric,0.25737310816365094,0.11369744214196076,0.07432730482250592,0.05205402119159284,1.0,1.0,False,7
Air Velo,numeric,0.021045774083030204,0.008311800527438422,0.008197465701945017,0.01558754559666493,1.0,1.0,False,8
