Feature,Type,Univariate_Score,Perm_DeltaR2,Perm_DeltaMAE,Perm_DeltaAcc,Combined_Score,Stability_Freq,Selected,Rank
Clothing,categorical,0.36107642774840565,0.0,0.0,0.0,1.0,1.0,True,1
Season,categorical,0.0,0.0,0.0,0.0,1.0,1.0,True,2
Activity,categorical,0.0,0.0,0.0,0.0,1.0,1.0,True,3
MRT,numeric,0.041044797892478044,0.005139998476127072,0.002261483819320816,0.0,1.0,1.0,False,4
RH,numeric,0.0027651772560393123,0.0,0.0,0.0,1.0,1.0,False,5
Top,numeric,0.06833100609793122,0.01225942074161755,0.0054729507801770435,0.0,1.0,1.0,False,6
RATemp,numeric,0.018579672702628686,0.0,0.0,0.0,1.0,1.0,False,7
Air Velo,numeric,0.017172946142886843,0.0,0.0,0.0,1.0,1.0,False,8
