Feature,Type,Univariate_Score,Perm_DeltaR2,Perm_DeltaMAE,Perm_DeltaAcc,Combined_Score,Stability_Freq,Selected,Rank
Clothing,categorical,0.36107642774840565,0.018610207652957823,0.007182794623249199,0.012698412698412695,1.0,1.0,True,1
Season,categorical,0.0,6.661338147750939e-17,0.0,0.0,1.0,1.0,True,2
Activity,categorical,0.0,3.700743415417188e-17,0.0,0.0,1.0,1.0,True,3
MRT,numeric,0.041044797892478044,0.018767959461619643,0.010578071074676973,0.01889996308600959,1.0,1.0,False,4
RH,numeric,0.0027651772560393123,0.013801447981159471,0.013813337335514802,0.019047619047619042,1.0,1.0,False,5
Top,numeric,0.06833100609793122,0.04227164048254026,0.03044696064405098,0.028460686600221476,1.0,1.0,False,6
RATemp,numeric,0.018579672702628686,0.011398581907535421,0.012514922547405818,0.02222222222222221,1.0,1.0,False,7
Air Velo,numeric,0.017172946142886843,0.02734496829153956,0.011632184934828213,0.025138427464008857,1.0,1.0,False,8
