Feature,Type,Univariate_Score,Perm_DeltaR2,Perm_DeltaMAE,Perm_DeltaAcc,Combined_Score,Stability_Freq,Selected,Rank
Clothing,categorical,0.36107642774840565,0.005597837766011556,0.0032432397206624353,0.00793650793650794,1.0,1.0,True,1
Season,categorical,0.0,0.0,0.0,0.0,1.0,1.0,True,2
Activity,categorical,0.0,0.0,0.0,0.0,1.0,1.0,True,3
MRT,numeric,0.041044797892478044,0.03047018051147461,0.02401030460993449,0.034883720930232565,1.0,1.0,False,4
RH,numeric,0.0027651772560393123,0.0133428692817688,0.00479438304901123,0.01746031746031746,1.0,1.0,False,5
Top,numeric,0.06833100609793122,0.022768346468607585,0.01769442160924276,0.02672572905131046,1.0,1.0,False,6
RATemp,numeric,0.018579672702628686,0.017263285319010415,0.011698953310648599,0.01587301587301588,1.0,1.0,False,7
Air Velo,numeric,0.017172946142886843,0.009629964828491213,0.006113994121551514,0.022148394241417492,1.0,1.0,False,8
