Feature,Type,Univariate_Score,Perm_DeltaR2,Perm_DeltaMAE,Perm_DeltaAcc,Combined_Score,Stability_Freq,Selected,Rank
Clothing,categorical,0.39075433617284083,0.0,0.0,0.0,1.0,1.0,True,1
Season,categorical,0.3423220618313034,0.012427282680294804,0.008200521506858816,0.00479452054794521,1.0,1.0,True,2
Activity,categorical,0.16546141439178608,0.0,0.0,0.0,1.0,1.0,True,3
MRT,numeric,0.33427764517134434,0.07862727891876528,0.0503791918119972,0.0136986301369863,1.0,1.0,False,4
RH,numeric,0.325604547468956,0.04215010112375096,0.02769985141706438,0.005022831050228312,1.0,1.0,False,5
Top,numeric,0.34820425437285063,0.03636805700122931,0.025194210782287313,0.0073059360730593605,1.0,1.0,False,6
RATemp,numeric,0.35396998660550694,0.026730215433759523,0.01870644275466083,0.0018264840182648438,1.0,1.0,False,7
Air Velo,numeric,0.12181591040826834,0.06382308506661202,0.037285649825917824,0.010730593607305938,1.0,1.0,False,8
