Feature,Type,Univariate_Score,Perm_DeltaR2,Perm_DeltaMAE,Perm_DeltaAcc,Combined_Score,Stability_Freq,Selected,Rank
Clothing,categorical,0.39075433617284083,0.005409180858992668,0.004895599375267904,0.006392694063926926,1.0,1.0,True,1
Season,categorical,0.3423220618313034,0.06368155530310611,0.04192403222793627,0.011643835616438346,1.0,1.0,True,2
Activity,categorical,0.16546141439178608,0.012279020963159557,0.006466873239629696,0.004109589041095889,1.0,1.0,True,3
MRT,numeric,0.33427764517134434,0.09511866989455989,0.06631519841107934,0.03310502283105022,1.0,1.0,False,4
RH,numeric,0.325604547468956,0.0692652620980416,0.04953237574826329,0.02671232876712327,1.0,1.0,False,5
Top,numeric,0.34820425437285063,0.09424551146654131,0.06622282784624824,0.031050228310502276,1.0,1.0,False,6
RATemp,numeric,0.35396998660550694,0.059700574697944264,0.039721743679356034,0.026255707762557062,1.0,1.0,False,7
Air Velo,numeric,0.12181591040826834,0.056018465579338685,0.032244392436973614,0.010730593607305928,1.0,1.0,False,8
