Feature,Type,Univariate_Score,Perm_DeltaR2,Perm_DeltaMAE,Perm_DeltaAcc,Combined_Score,Stability_Freq,Selected,Rank
Clothing,categorical,0.39075433617284083,0.0027636478701163368,0.005154999200720193,0.006621004566210046,1.0,1.0,True,1
Season,categorical,0.3423220618313034,0.31822885043489235,0.1899466179622824,0.08949771689497717,1.0,1.0,True,2
Activity,categorical,0.16546141439178608,0.002659345354887551,0.001953470258071488,0.0009132420091324236,1.0,1.0,True,3
MRT,numeric,0.33427764517134434,0.039644086830544364,0.029961670271977936,0.01757990867579909,1.0,1.0,False,4
RH,numeric,0.325604547468956,0.01701996163140642,0.014052947982162908,0.00639269406392694,1.0,1.0,False,5
Top,numeric,0.34820425437285063,0.005602371945756686,0.0072883228024337885,0.00821917808219178,1.0,1.0,False,6
RATemp,numeric,0.35396998660550694,0.006621845656959986,0.007233306167246542,0.009360730593607307,1.0,1.0,False,7
Air Velo,numeric,0.12181591040826834,0.02256286704660175,0.013581925178381202,0.011872146118721456,1.0,1.0,False,8
