Feature,Type,Univariate_Score,Perm_DeltaR2,Perm_DeltaMAE,Perm_DeltaAcc,Combined_Score,Stability_Freq,Selected,Rank
Clothing,categorical,0.39075433617284083,0.005479268232981364,0.004913882414499919,0.008675799086757991,1.0,1.0,True,1
Season,categorical,0.3423220618313034,0.03605742851893107,0.025379510720570885,0.014611872146118726,1.0,1.0,True,2
Activity,categorical,0.16546141439178608,0.0008189519246419271,0.0003776947657267252,0.0022831050228310557,1.0,1.0,True,3
MRT,numeric,0.33427764517134434,0.24043205976486207,0.14693617820739746,0.07031963470319633,1.0,1.0,False,4
RH,numeric,0.325604547468956,0.05169037977854411,0.03682344357172648,0.033333333333333326,1.0,1.0,False,5
Top,numeric,0.34820425437285063,0.03868935108184814,0.031069163481394452,0.024657534246575342,1.0,1.0,False,6
RATemp,numeric,0.35396998660550694,0.05469647645950317,0.036858320236206055,0.01689497716894977,1.0,1.0,False,7
Air Velo,numeric,0.12181591040826834,0.022811277707417806,0.013104693094889323,0.009589041095890408,1.0,1.0,False,8
