Feature,Type,Univariate_Score,Perm_DeltaR2,Perm_DeltaMAE,Perm_DeltaAcc,Combined_Score,Stability_Freq,Selected,Rank
MRT,numeric,0.19961525576076694,0.00843424842851322,0.02891766367987216,0.05300546448087432,1.0,1.0,True,1
RH,numeric,0.005344435399548221,0.0,0.0026359117153081407,0.01997703334125288,1.0,1.0,True,2
Top,numeric,0.22641087588146216,0.14946172204001656,0.08670343693088542,0.0805872337055516,1.0,1.0,True,3
RATemp,numeric,0.2118439991855703,0.024360666985358083,0.046610877352221636,0.07303793458462027,1.0,1.0,False,4
Air Velo,numeric,0.018771042586310023,0.0,0.0010421704351552283,0.006181199017977356,1.0,1.0,False,5
