Feature,Type,Univariate_Score,Perm_DeltaR2,Perm_DeltaMAE,Perm_DeltaAcc,Combined_Score,Stability_Freq,Selected,Rank
MRT,numeric,0.19961525576076694,0.011785294749400769,0.0070375934277353185,0.008707531480161549,1.0,1.0,True,1
RH,numeric,0.005344435399548221,0.0,0.0,0.0,1.0,1.0,True,2
Top,numeric,0.22641087588146216,0.07995887099120172,0.03274776002863218,0.020717510097410307,1.0,1.0,True,3
RATemp,numeric,0.2118439991855703,0.07134597137314334,0.03132649261170758,0.015613368179298318,1.0,1.0,False,4
Air Velo,numeric,0.018771042586310023,0.0,0.0,0.0,1.0,1.0,False,5
