Feature,Type,Univariate_Score,Perm_DeltaR2,Perm_DeltaMAE,Perm_DeltaAcc,Combined_Score,Stability_Freq,Selected,Rank
MRT,numeric,0.19961525576076694,0.0450319740969746,0.03461396249856512,0.043171378791478594,1.0,1.0,True,1
RH,numeric,0.005344435399548221,0.01605067985327624,0.008093270123892595,0.02069969113803754,1.0,1.0,True,2
Top,numeric,0.22641087588146216,0.19415198883088147,0.0863177512220029,0.08094955254613131,1.0,1.0,True,3
RATemp,numeric,0.2118439991855703,0.07451600542959691,0.04628531209372684,0.05372218262453473,1.0,1.0,False,4
Air Velo,numeric,0.018771042586310023,0.0160756441665054,0.0100924189426229,0.011253662786093296,1.0,1.0,False,5
