Feature,Type,Univariate_Score,Perm_DeltaR2,Perm_DeltaMAE,Perm_DeltaAcc,Combined_Score,Stability_Freq,Selected,Rank
MRT,numeric,0.19961525576076694,0.032783750693003336,0.026916356881459554,0.036701116654787355,1.0,1.0,True,1
RH,numeric,0.005344435399548221,0.0059453845024108895,0.005396203200022379,0.01852775797893402,1.0,1.0,True,2
Top,numeric,0.22641087588146216,0.31079109509785974,0.12497130235036213,0.07774015997465747,1.0,1.0,True,3
RATemp,numeric,0.2118439991855703,0.03984245061874389,0.03690638144810994,0.06137443573295319,1.0,1.0,False,4
Air Velo,numeric,0.018771042586310023,0.009433174133300781,0.005312788486480713,0.010156806842480388,1.0,1.0,False,5
