Feature,Type,Univariate_Score,Perm_DeltaR2,Perm_DeltaMAE,Perm_DeltaAcc,Combined_Score,Stability_Freq,Selected,Rank
Clothing,categorical,0.13212140341337114,0.005609591801961263,0.005323859055836996,0.0057082681952405736,1.0,1.0,True,1
Season,categorical,0.024364923877041998,0.008263429005940754,0.0035517732302347825,0.0004385964912280678,1.0,1.0,True,2
Activity,categorical,0.003723005400763959,0.0010623455047607422,0.000955498218536377,0.001317960743442766,1.0,1.0,True,3
MRT,numeric,0.14295464481428105,0.01920597950617472,0.014232802391052245,0.010765879219500904,1.0,1.0,False,4
RH,numeric,0.0034558369527280227,0.005549685160319011,0.0045225262641906735,0.008567830467257254,1.0,1.0,False,5
Top,numeric,0.2583906156626027,0.13223710854848225,0.08651427030563355,0.04899035956227201,1.0,1.0,False,6
RATemp,numeric,0.25737310816365094,0.07889139254887899,0.055235489209493005,0.03317627815413121,1.0,1.0,False,7
Air Velo,numeric,0.021045774083030204,0.005104486147562663,0.004912575085957845,0.006151930982571936,1.0,1.0,False,8
