Feature,Type,Univariate_Score,Perm_DeltaR2,Perm_DeltaMAE,Perm_DeltaAcc,Combined_Score,Stability_Freq,Selected,Rank
Clothing,categorical,0.36107642774840565,0.001234694956988114,0.0005384185328194994,0.001587301587301589,1.0,1.0,True,1
Season,categorical,0.0,0.0,0.0,0.0,1.0,1.0,True,2
Activity,categorical,0.0,0.0,0.0,0.0,1.0,1.0,True,3
MRT,numeric,0.041044797892478044,0.03613637641935607,0.02874483508847584,0.03296419342930971,1.0,1.0,False,4
RH,numeric,0.0027651772560393123,0.019714952267101647,0.01210710320345428,0.020561092654115914,1.0,1.0,False,5
Top,numeric,0.06833100609793122,0.028521776992238318,0.020547917577502257,0.028313030638612034,1.0,1.0,False,6
RATemp,numeric,0.018579672702628686,0.027696158326885684,0.018458391297656564,0.026873385012919897,1.0,1.0,False,7
Air Velo,numeric,0.017172946142886843,0.02655328350863225,0.012633252247822163,0.033222591362126255,1.0,1.0,False,8
