Feature,Type,Univariate_Score,Perm_DeltaR2,Perm_DeltaMAE,Perm_DeltaAcc,Combined_Score,Stability_Freq,Selected,Rank
Clothing,categorical,0.13212140341337114,0.016617840768216895,0.01324152669380448,0.014705286318105498,1.0,1.0,True,1
Season,categorical,0.024364923877041998,0.02495875535569981,0.014823540144672404,0.004173180475942332,1.0,1.0,True,2
Activity,categorical,0.003723005400763959,0.0013624870435881677,0.003986810459739298,0.008338399629436636,1.0,1.0,True,3
MRT,numeric,0.14295464481428105,0.005102009101077514,0.0024048204653143094,0.006818510798448259,1.0,1.0,False,4
RH,numeric,0.0034558369527280227,0.003256104400374108,0.003671225142434624,0.004830351456198253,1.0,1.0,False,5
Top,numeric,0.2583906156626027,0.0756307617349613,0.05346311181100207,0.03623414973076254,1.0,1.0,False,6
RATemp,numeric,0.25737310816365094,0.0787594962921023,0.05405324304069745,0.039098054542296326,1.0,1.0,False,7
Air Velo,numeric,0.021045774083030204,0.002092566211772873,0.0031092171107192906,0.005492588732557468,1.0,1.0,False,8
