Feature,Type,Univariate_Score,Perm_DeltaR2,Perm_DeltaMAE,Perm_DeltaAcc,Combined_Score,Stability_Freq,Selected,Rank
Clothing,categorical,0.36107642774840565,0.021974541780697313,0.0064044188964056765,0.006312292358803981,1.0,1.0,True,1
Season,categorical,0.0,8.141635513917814e-17,0.0,0.0,1.0,1.0,True,2
Activity,categorical,0.0,5.921189464667501e-17,0.0,0.0,1.0,1.0,True,3
MRT,numeric,0.041044797892478044,0.026285761898240258,0.01565588850039778,0.01572535991140641,1.0,1.0,False,4
RH,numeric,0.0027651772560393123,0.02782218730117956,0.01530667782259155,0.01897379106681431,1.0,1.0,False,5
Top,numeric,0.06833100609793122,0.043873471007591584,0.024012639397468324,0.02849760059062384,1.0,1.0,False,6
RATemp,numeric,0.018579672702628686,0.01497322774842651,0.011213676647472252,0.015873015873015865,1.0,1.0,False,7
Air Velo,numeric,0.017172946142886843,0.03495755502984323,0.012881672068359964,0.004688076781100033,1.0,1.0,False,8
