Feature,Type,Univariate_Score,Perm_DeltaR2,Perm_DeltaMAE,Perm_DeltaAcc,Combined_Score,Stability_Freq,Selected,Rank
Clothing,categorical,0.13212140341337114,0.0035024910123442853,0.0017923246822473336,0.0037302414451971535,1.0,1.0,True,1
Season,categorical,0.024364923877041998,0.01351385130185099,0.010078356060267139,0.008779167390423255,1.0,1.0,True,2
Activity,categorical,0.003723005400763959,0.0034860886168658644,0.0027775267020802756,0.0054976550286607705,1.0,1.0,True,3
MRT,numeric,0.14295464481428105,0.022721768058148042,0.015612522046305971,0.020642261594580512,1.0,1.0,False,4
RH,numeric,0.0034558369527280227,0.010668998875989592,0.007830844955282011,0.010539343408025018,1.0,1.0,False,5
Top,numeric,0.2583906156626027,0.09625866354104756,0.06730102933440599,0.05116380059058538,1.0,1.0,False,6
RATemp,numeric,0.25737310816365094,0.10986796411760058,0.07491991546612399,0.05314472236697354,1.0,1.0,False,7
Air Velo,numeric,0.021045774083030204,0.00378507994874903,0.0044787061442113155,0.009440680910196286,1.0,1.0,False,8
