Feature,Type,Univariate_Score,Perm_DeltaR2,Perm_DeltaMAE,Perm_DeltaAcc,Combined_Score,Stability_Freq,Selected,Rank
Clothing,categorical,0.36107642774840565,0.000677327315012614,0.000750104586283366,0.0047619047619047675,1.0,1.0,True,1
Season,categorical,0.0,0.0,0.0,0.0,1.0,1.0,True,2
Activity,categorical,0.0,0.0,0.0,0.0,1.0,1.0,True,3
MRT,numeric,0.041044797892478044,0.04254727363586426,0.024726800123850503,0.02698412698412699,1.0,1.0,False,4
RH,numeric,0.0027651772560393123,0.02052492300669352,0.008048741022745769,0.02052417866371355,1.0,1.0,False,5
Top,numeric,0.06833100609793122,0.030978556474049884,0.020158056418100992,0.02513842746400886,1.0,1.0,False,6
RATemp,numeric,0.018579672702628686,0.022791063785552977,0.011298143863677978,0.011111111111111112,1.0,1.0,False,7
Air Velo,numeric,0.017172946142886843,0.013774601618448892,0.008584284782409668,0.011074197120708743,1.0,1.0,False,8
