Feature,Type,Univariate_Score,Perm_DeltaR2,Perm_DeltaMAE,Perm_DeltaAcc,Combined_Score,Stability_Freq,Selected,Rank
Clothing,categorical,0.39075433617284083,0.011582856803553318,0.009840814181679154,0.006164383561643819,1.0,1.0,True,1
Season,categorical,0.3423220618313034,0.05730324587804977,0.03723018632542275,0.016438356164383557,1.0,1.0,True,2
Activity,categorical,0.16546141439178608,0.012817654228634007,0.006727624355200637,0.0036529680365296802,1.0,1.0,True,3
MRT,numeric,0.33427764517134434,0.09105828476528056,0.06154140027449523,0.026940639269406375,1.0,1.0,False,4
RH,numeric,0.325604547468956,0.07037094302613535,0.04838939058706648,0.03127853881278537,1.0,1.0,False,5
Top,numeric,0.34820425437285063,0.09032645586884283,0.06499394589576356,0.031278538812785375,1.0,1.0,False,6
RATemp,numeric,0.35396998660550694,0.05781602673664669,0.03696946072385931,0.023515981735159803,1.0,1.0,False,7
Air Velo,numeric,0.12181591040826834,0.052354070802477295,0.03053066821193054,0.0070776255707762515,1.0,1.0,False,8
