Feature,Type,Univariate_Score,Perm_DeltaR2,Perm_DeltaMAE,Perm_DeltaAcc,Combined_Score,Stability_Freq,Selected,Rank
Clothing,categorical,0.39075433617284083,0.005481193268606936,0.006499400938282237,0.006621004566210049,1.0,1.0,True,1
Season,categorical,0.3423220618313034,0.30009088836440523,0.176372843331593,0.0769406392694064,1.0,1.0,True,2
Activity,categorical,0.16546141439178608,0.0014242936554345498,0.0009096307614794147,0.0004566210045662118,1.0,1.0,True,3
MRT,numeric,0.33427764517134434,0.03050946040179638,0.02574815829132951,0.013013698630136985,1.0,1.0,False,4
RH,numeric,0.325604547468956,0.020837897659692163,0.015733476021394736,0.005936073059360737,1.0,1.0,False,5
Top,numeric,0.34820425437285063,0.008859719679325891,0.0083033303394904,0.005936073059360732,1.0,1.0,False,6
RATemp,numeric,0.35396998660550694,0.005939144457688135,0.005746188464621175,0.009589041095890411,1.0,1.0,False,7
Air Velo,numeric,0.12181591040826834,0.02342391099729444,0.01395174167062938,0.01004566210045662,1.0,1.0,False,8
