Feature,Type,Univariate_Score,Perm_DeltaR2,Perm_DeltaMAE,Perm_DeltaAcc,Combined_Score,Stability_Freq,Selected,Rank
Clothing,categorical,0.39075433617284083,0.0,0.0,0.0,1.0,1.0,True,1
Season,categorical,0.3423220618313034,0.01224342956529283,0.008641623610970109,0.0036529680365296876,1.0,1.0,True,2
Activity,categorical,0.16546141439178608,0.0,0.0,0.0,1.0,1.0,True,3
MRT,numeric,0.33427764517134434,0.0767130394963803,0.04952282237249707,0.011643835616438352,1.0,1.0,False,4
RH,numeric,0.325604547468956,0.04530822768982572,0.03134170098091704,0.00639269406392694,1.0,1.0,False,5
Top,numeric,0.34820425437285063,0.03381139243768078,0.02385798041401533,0.005707762557077623,1.0,1.0,False,6
RATemp,numeric,0.35396998660550694,0.025819868670442957,0.01896814388846309,0.005022831050228316,1.0,1.0,False,7
Air Velo,numeric,0.12181591040826834,0.052304492655498344,0.03118238297920988,0.0036529680365296876,1.0,1.0,False,8
