Feature,Type,Univariate_Score,Perm_DeltaR2,Perm_DeltaMAE,Perm_DeltaAcc,Combined_Score,Stability_Freq,Selected,Rank
Clothing,categorical,0.39075433617284083,0.005177799860636393,0.00624838670094808,0.010730593607305938,1.0,1.0,True,1
Season,categorical,0.3423220618313034,0.03550480206807454,0.02430102030436198,0.02100456621004566,1.0,1.0,True,2
Activity,categorical,0.16546141439178608,0.0005598664283752441,0.00041550397872924805,0.002968036529680366,1.0,1.0,True,3
MRT,numeric,0.33427764517134434,0.2576704740524292,0.15485694408416747,0.0771689497716895,1.0,1.0,False,4
RH,numeric,0.325604547468956,0.050080565611521397,0.03628383874893189,0.02671232876712329,1.0,1.0,False,5
Top,numeric,0.34820425437285063,0.03969830274581909,0.03129995266596476,0.02831050228310502,1.0,1.0,False,6
RATemp,numeric,0.35396998660550694,0.07267740170160929,0.047727549076080324,0.02397260273972603,1.0,1.0,False,7
Air Velo,numeric,0.12181591040826834,0.02225774526596069,0.013502391179402667,0.0075342465753424626,1.0,1.0,False,8
